Date,Time,Temperature,Humidity,LW,DateTime
3/20/2023,13:00:46,26.9,22,5,2023-03-20 13:00:46
3/20/2023,13:00:50,26.9,22,5,2023-03-20 13:00:50
3/20/2023,13:00:53,26.9,22,6,2023-03-20 13:00:53
3/20/2023,13:00:57,26.9,22,5,2023-03-20 13:00:57
3/20/2023,13:01:00,26.9,22,5,2023-03-20 13:01:00
3/20/2023,13:01:03,26.9,22,7,2023-03-20 13:01:03
3/20/2023,13:01:06,26.9,22,6,2023-03-20 13:01:06
3/20/2023,13:01:09,26.9,22,5,2023-03-20 13:01:09
3/20/2023,13:01:13,26.9,22,4,2023-03-20 13:01:13
3/20/2023,13:01:16,26.9,22,5,2023-03-20 13:01:16
3/20/2023,13:01:19,26.9,22,5,2023-03-20 13:01:19
3/20/2023,13:01:23,26.9,23,4,2023-03-20 13:01:23
3/20/2023,13:01:25,26.9,22,6,2023-03-20 13:01:25
3/20/2023,13:01:29,26.9,22,12,2023-03-20 13:01:29
3/20/2023,13:01:32,26.9,22,5,2023-03-20 13:01:32
3/20/2023,13:01:36,26.9,22,5,2023-03-20 13:01:36
3/20/2023,13:01:40,26.9,23,5,2023-03-20 13:01:40
3/20/2023,13:01:44,26.9,23,6,2023-03-20 13:01:44
3/20/2023,13:01:47,26.9,23,4,2023-03-20 13:01:47
3/20/2023,13:01:50,26.9,23,5,2023-03-20 13:01:50
3/20/2023,13:01:53,27.0,23,22,2023-03-20 13:01:53
3/20/2023,13:01:57,27.0,23,8,2023-03-20 13:01:57
3/20/2023,13:02:00,27.0,23,6,2023-03-20 13:02:00
3/20/2023,13:02:03,27.0,23,5,2023-03-20 13:02:03
3/20/2023,13:02:07,27.0,23,6,2023-03-20 13:02:07
3/20/2023,13:02:11,27.0,23,4,2023-03-20 13:02:11
3/20/2023,13:02:14,27.0,23,5,2023-03-20 13:02:14
3/20/2023,13:02:18,27.0,23,6,2023-03-20 13:02:18
3/20/2023,13:02:22,27.0,23,5,2023-03-20 13:02:22
3/20/2023,13:02:25,27.0,23,6,2023-03-20 13:02:25
3/20/2023,13:02:29,27.0,23,5,2023-03-20 13:02:29
3/20/2023,13:02:32,27.0,23,5,2023-03-20 13:02:32
3/20/2023,13:02:35,27.0,23,4,2023-03-20 13:02:35
3/20/2023,13:02:39,27.0,23,6,2023-03-20 13:02:39
3/20/2023,13:02:42,27.0,23,6,2023-03-20 13:02:42
3/20/2023,13:02:46,27.1,23,5,2023-03-20 13:02:46
3/20/2023,13:02:50,27.0,23,6,2023-03-20 13:02:50
3/20/2023,13:02:53,27.0,23,7,2023-03-20 13:02:53
3/20/2023,13:02:56,27.1,23,5,2023-03-20 13:02:56
3/20/2023,13:02:59,27.1,23,5,2023-03-20 13:02:59
3/20/2023,13:03:02,27.1,23,3,2023-03-20 13:03:02
3/20/2023,13:03:05,27.1,23,4,2023-03-20 13:03:05
3/20/2023,13:03:08,27.1,23,4,2023-03-20 13:03:08
3/20/2023,13:03:12,27.1,23,4,2023-03-20 13:03:12
3/20/2023,13:03:15,27.1,23,5,2023-03-20 13:03:15
3/20/2023,13:03:18,27.1,23,4,2023-03-20 13:03:18
3/20/2023,13:03:21,27.1,23,5,2023-03-20 13:03:21
3/20/2023,13:03:25,27.1,23,5,2023-03-20 13:03:25
3/20/2023,13:03:28,27.1,23,3,2023-03-20 13:03:28
3/20/2023,13:03:32,27.1,23,4,2023-03-20 13:03:32
3/20/2023,13:03:35,27.1,23,7,2023-03-20 13:03:35
3/20/2023,13:03:39,27.1,22,5,2023-03-20 13:03:39
3/20/2023,13:03:43,27.1,22,5,2023-03-20 13:03:43
3/20/2023,13:03:46,27.1,22,3,2023-03-20 13:03:46
3/20/2023,13:03:49,27.1,22,4,2023-03-20 13:03:49
3/20/2023,13:03:52,27.1,22,5,2023-03-20 13:03:52
3/20/2023,13:03:55,27.1,22,5,2023-03-20 13:03:55
3/20/2023,13:03:59,27.1,22,7,2023-03-20 13:03:59
3/20/2023,13:04:03,27.1,22,6,2023-03-20 13:04:03
3/20/2023,13:04:06,27.1,22,6,2023-03-20 13:04:06
3/20/2023,13:04:09,27.1,22,4,2023-03-20 13:04:09
3/20/2023,13:04:13,27.1,22,5,2023-03-20 13:04:13
3/20/2023,13:04:16,27.1,22,5,2023-03-20 13:04:16
3/20/2023,1:04:53,27.1,22,5,2023-03-20 01:04:53
3/20/2023,1:04:57,27.1,22,5,2023-03-20 01:04:57
3/20/2023,1:05:00,27.1,22,5,2023-03-20 01:05:00
3/20/2023,1:05:03,27.1,22,4,2023-03-20 01:05:03
3/20/2023,1:05:06,27.1,22,5,2023-03-20 01:05:06
3/20/2023,1:05:10,27.1,22,4,2023-03-20 01:05:10
3/20/2023,1:05:13,27.1,22,5,2023-03-20 01:05:13
3/20/2023,1:05:16,27.1,22,6,2023-03-20 01:05:16
3/20/2023,1:05:19,27.1,22,7,2023-03-20 01:05:19
3/20/2023,1:05:22,27.1,22,5,2023-03-20 01:05:22
3/20/2023,1:05:25,27.1,22,5,2023-03-20 01:05:25
3/20/2023,1:05:28,27.1,22,4,2023-03-20 01:05:28
3/20/2023,1:05:31,27.1,22,5,2023-03-20 01:05:31
3/20/2023,1:05:34,27.1,22,4,2023-03-20 01:05:34
3/20/2023,1:05:37,27.1,22,5,2023-03-20 01:05:37
3/20/2023,1:05:41,27.1,22,4,2023-03-20 01:05:41
3/20/2023,1:05:45,27.1,22,6,2023-03-20 01:05:45
3/20/2023,1:05:48,27.1,22,4,2023-03-20 01:05:48
3/20/2023,1:05:51,27.1,22,3,2023-03-20 01:05:51
3/20/2023,1:05:55,27.1,22,4,2023-03-20 01:05:55
3/20/2023,1:05:58,27.1,22,6,2023-03-20 01:05:58
3/20/2023,1:06:01,27.1,22,5,2023-03-20 01:06:01
3/20/2023,1:06:05,27.1,22,6,2023-03-20 01:06:05
3/20/2023,1:06:08,27.1,22,5,2023-03-20 01:06:08
3/20/2023,1:06:11,27.1,22,6,2023-03-20 01:06:11
3/20/2023,1:06:15,27.1,22,5,2023-03-20 01:06:15
3/20/2023,1:06:18,27.1,22,5,2023-03-20 01:06:18
3/20/2023,1:06:21,27.2,22,6,2023-03-20 01:06:21
3/20/2023,1:06:24,27.1,22,6,2023-03-20 01:06:24
3/20/2023,1:06:27,27.1,22,5,2023-03-20 01:06:27
3/20/2023,1:06:30,27.2,22,5,2023-03-20 01:06:30
3/20/2023,1:06:33,27.2,22,6,2023-03-20 01:06:33
3/20/2023,1:06:37,27.2,22,4,2023-03-20 01:06:37
3/20/2023,1:06:40,27.2,22,6,2023-03-20 01:06:40
3/20/2023,1:06:43,27.2,22,7,2023-03-20 01:06:43
3/20/2023,1:06:46,27.2,22,5,2023-03-20 01:06:46
3/20/2023,1:06:49,27.2,22,6,2023-03-20 01:06:49
3/20/2023,1:06:52,27.2,22,5,2023-03-20 01:06:52
3/20/2023,1:06:55,27.2,22,7,2023-03-20 01:06:55
3/20/2023,1:06:58,27.2,22,5,2023-03-20 01:06:58
3/20/2023,1:07:02,27.2,22,4,2023-03-20 01:07:02
3/20/2023,1:07:05,27.2,22,5,2023-03-20 01:07:05
3/20/2023,1:07:08,27.2,22,5,2023-03-20 01:07:08
3/20/2023,1:07:11,27.2,22,5,2023-03-20 01:07:11
3/20/2023,1:07:15,27.2,22,5,2023-03-20 01:07:15
3/20/2023,1:07:18,27.2,22,6,2023-03-20 01:07:18
3/20/2023,1:07:21,27.2,22,4,2023-03-20 01:07:21
3/20/2023,1:07:25,27.2,22,4,2023-03-20 01:07:25
3/20/2023,1:07:28,27.2,22,4,2023-03-20 01:07:28
3/20/2023,1:07:31,27.2,22,4,2023-03-20 01:07:31
3/20/2023,1:07:34,27.2,22,4,2023-03-20 01:07:34
3/20/2023,1:07:38,27.1,22,5,2023-03-20 01:07:38
3/20/2023,1:07:42,27.2,22,5,2023-03-20 01:07:42
3/20/2023,1:07:45,27.2,22,4,2023-03-20 01:07:45
3/20/2023,1:07:49,27.2,22,4,2023-03-20 01:07:49
3/20/2023,1:07:53,27.2,22,5,2023-03-20 01:07:53
3/20/2023,1:07:56,27.2,22,5,2023-03-20 01:07:56
3/20/2023,1:08:00,27.2,22,4,2023-03-20 01:08:00
3/20/2023,1:08:04,27.2,22,5,2023-03-20 01:08:04
3/20/2023,1:08:07,27.2,22,4,2023-03-20 01:08:07
3/20/2023,1:08:11,27.2,22,4,2023-03-20 01:08:11
3/20/2023,1:08:14,27.2,22,5,2023-03-20 01:08:14
3/20/2023,1:08:18,27.2,22,5,2023-03-20 01:08:18
3/20/2023,1:08:21,27.2,22,4,2023-03-20 01:08:21
3/20/2023,1:08:24,27.2,22,4,2023-03-20 01:08:24
3/20/2023,1:08:28,27.2,22,6,2023-03-20 01:08:28
3/20/2023,1:08:31,27.2,22,5,2023-03-20 01:08:31
3/20/2023,1:08:34,27.2,22,5,2023-03-20 01:08:34
3/20/2023,1:08:37,27.2,22,5,2023-03-20 01:08:37
3/20/2023,1:08:40,27.2,22,5,2023-03-20 01:08:40
3/20/2023,1:08:43,27.2,22,4,2023-03-20 01:08:43
3/20/2023,1:08:50,27.2,22,5,2023-03-20 01:08:50
3/20/2023,1:08:53,27.2,22,4,2023-03-20 01:08:53
3/20/2023,1:08:57,27.2,22,5,2023-03-20 01:08:57
3/20/2023,1:09:00,27.2,22,4,2023-03-20 01:09:00
3/20/2023,1:09:03,27.2,22,6,2023-03-20 01:09:03
3/20/2023,1:09:06,27.2,22,4,2023-03-20 01:09:06
3/20/2023,1:09:09,27.2,22,6,2023-03-20 01:09:09
3/20/2023,1:09:13,27.2,22,5,2023-03-20 01:09:13
3/20/2023,1:09:16,27.2,22,4,2023-03-20 01:09:16
3/20/2023,1:09:19,27.2,22,7,2023-03-20 01:09:19
3/20/2023,1:09:23,27.2,22,5,2023-03-20 01:09:23
3/20/2023,1:09:26,27.2,22,6,2023-03-20 01:09:26
3/20/2023,1:09:30,27.2,22,4,2023-03-20 01:09:30
3/20/2023,1:09:33,27.2,22,5,2023-03-20 01:09:33
3/20/2023,1:09:37,27.2,22,5,2023-03-20 01:09:37
3/20/2023,1:09:40,27.2,22,5,2023-03-20 01:09:40
3/20/2023,1:09:43,27.2,22,5,2023-03-20 01:09:43
3/20/2023,1:09:47,27.2,22,5,2023-03-20 01:09:47
3/20/2023,1:09:50,27.2,22,4,2023-03-20 01:09:50
3/20/2023,1:09:53,27.2,22,6,2023-03-20 01:09:53
3/20/2023,1:09:56,27.3,22,5,2023-03-20 01:09:56
3/20/2023,1:09:59,27.2,22,6,2023-03-20 01:09:59
3/20/2023,1:10:02,27.2,22,6,2023-03-20 01:10:02
3/20/2023,1:10:06,27.2,22,5,2023-03-20 01:10:06
3/20/2023,1:10:10,27.2,22,5,2023-03-20 01:10:10
3/20/2023,1:10:13,27.2,22,7,2023-03-20 01:10:13
3/20/2023,1:10:17,27.2,22,4,2023-03-20 01:10:17
3/20/2023,1:10:20,27.2,22,7,2023-03-20 01:10:20
3/20/2023,1:10:24,27.2,22,4,2023-03-20 01:10:24
3/20/2023,1:10:28,27.2,22,3,2023-03-20 01:10:28
3/20/2023,1:10:32,27.2,22,6,2023-03-20 01:10:32
3/20/2023,1:10:35,27.2,22,6,2023-03-20 01:10:35
3/20/2023,1:10:39,27.2,22,6,2023-03-20 01:10:39
3/20/2023,1:10:43,27.2,22,5,2023-03-20 01:10:43
3/20/2023,1:10:46,27.2,22,4,2023-03-20 01:10:46
3/20/2023,1:10:50,27.2,22,5,2023-03-20 01:10:50
3/20/2023,1:10:54,27.3,22,6,2023-03-20 01:10:54
3/20/2023,1:10:57,27.2,22,3,2023-03-20 01:10:57
3/20/2023,1:11:01,27.2,22,6,2023-03-20 01:11:01
3/20/2023,1:11:04,27.3,22,5,2023-03-20 01:11:04
3/20/2023,1:11:08,27.3,22,6,2023-03-20 01:11:08
3/20/2023,1:11:12,27.3,22,5,2023-03-20 01:11:12
3/20/2023,1:11:15,27.3,22,5,2023-03-20 01:11:15
3/20/2023,1:11:19,27.3,22,5,2023-03-20 01:11:19
3/20/2023,1:11:22,27.3,22,5,2023-03-20 01:11:22
3/20/2023,1:11:25,27.3,22,4,2023-03-20 01:11:25
3/20/2023,1:11:29,27.3,22,4,2023-03-20 01:11:29
3/20/2023,1:11:33,27.3,22,4,2023-03-20 01:11:33
3/20/2023,1:11:36,27.3,22,5,2023-03-20 01:11:36
3/20/2023,1:11:40,27.3,22,5,2023-03-20 01:11:40
3/20/2023,1:11:44,27.3,22,4,2023-03-20 01:11:44
3/20/2023,1:11:48,27.3,22,5,2023-03-20 01:11:48
3/20/2023,1:11:51,27.3,22,4,2023-03-20 01:11:51
3/20/2023,1:11:55,27.3,22,5,2023-03-20 01:11:55
3/20/2023,1:11:59,27.3,22,4,2023-03-20 01:11:59
3/20/2023,1:12:02,27.3,22,4,2023-03-20 01:12:02
3/20/2023,1:12:06,27.3,22,4,2023-03-20 01:12:06
3/20/2023,1:12:09,27.3,22,5,2023-03-20 01:12:09
3/20/2023,1:12:12,27.3,22,4,2023-03-20 01:12:12
3/20/2023,1:12:16,27.3,22,4,2023-03-20 01:12:16
3/20/2023,1:12:20,27.3,22,5,2023-03-20 01:12:20
3/20/2023,1:12:23,27.3,22,5,2023-03-20 01:12:23
3/20/2023,1:12:26,27.3,22,4,2023-03-20 01:12:26
3/20/2023,1:12:30,27.3,22,5,2023-03-20 01:12:30
3/20/2023,1:12:33,27.3,22,4,2023-03-20 01:12:33
3/20/2023,1:12:36,27.3,22,4,2023-03-20 01:12:36
3/20/2023,1:12:39,27.3,22,4,2023-03-20 01:12:39
3/20/2023,1:12:43,27.3,22,5,2023-03-20 01:12:43
3/20/2023,1:12:46,27.3,22,6,2023-03-20 01:12:46
3/20/2023,1:12:50,27.3,22,6,2023-03-20 01:12:50
3/20/2023,1:12:53,27.3,22,5,2023-03-20 01:12:53
3/20/2023,1:12:57,27.3,22,6,2023-03-20 01:12:57
3/20/2023,1:13:00,27.3,22,5,2023-03-20 01:13:00
3/20/2023,1:13:03,27.3,22,3,2023-03-20 01:13:03
3/20/2023,1:13:07,27.3,22,6,2023-03-20 01:13:07
3/20/2023,1:13:10,27.3,22,4,2023-03-20 01:13:10
3/20/2023,1:13:13,27.3,22,4,2023-03-20 01:13:13
3/20/2023,1:13:17,27.3,22,4,2023-03-20 01:13:17
3/20/2023,1:13:20,27.3,22,4,2023-03-20 01:13:20
3/20/2023,1:13:23,27.3,22,4,2023-03-20 01:13:23
3/20/2023,1:13:26,27.3,22,4,2023-03-20 01:13:26
3/20/2023,1:13:30,27.3,22,6,2023-03-20 01:13:30
3/20/2023,1:13:34,27.3,22,7,2023-03-20 01:13:34
3/20/2023,1:13:38,27.3,22,5,2023-03-20 01:13:38
3/20/2023,1:13:41,27.3,22,4,2023-03-20 01:13:41
3/20/2023,1:13:44,27.3,22,9,2023-03-20 01:13:44
3/20/2023,1:13:48,27.3,22,5,2023-03-20 01:13:48
3/20/2023,1:13:51,27.3,22,5,2023-03-20 01:13:51
3/20/2023,1:13:55,27.3,22,6,2023-03-20 01:13:55
3/20/2023,1:13:58,27.3,22,5,2023-03-20 01:13:58
3/20/2023,1:14:02,27.3,22,4,2023-03-20 01:14:02
3/20/2023,1:14:05,27.3,22,5,2023-03-20 01:14:05
3/20/2023,1:14:08,27.3,22,4,2023-03-20 01:14:08
3/20/2023,1:14:11,27.3,22,4,2023-03-20 01:14:11
3/20/2023,1:14:14,27.3,21,6,2023-03-20 01:14:14
3/20/2023,1:14:17,27.2,22,4,2023-03-20 01:14:17
3/20/2023,1:14:21,27.2,22,6,2023-03-20 01:14:21
3/20/2023,1:14:24,27.2,22,5,2023-03-20 01:14:24
3/20/2023,1:14:29,27.2,22,5,2023-03-20 01:14:29
3/20/2023,1:14:33,27.2,22,4,2023-03-20 01:14:33
3/20/2023,1:14:36,27.2,22,5,2023-03-20 01:14:36
3/20/2023,1:14:40,27.2,21,6,2023-03-20 01:14:40
3/20/2023,1:14:43,27.2,22,5,2023-03-20 01:14:43
3/20/2023,1:14:46,27.2,21,4,2023-03-20 01:14:46
3/20/2023,1:15:05,27.2,21,5,2023-03-20 01:15:05
3/20/2023,1:15:10,27.2,21,5,2023-03-20 01:15:10
3/20/2023,1:15:14,27.1,21,6,2023-03-20 01:15:14
3/20/2023,1:15:18,27.1,21,3,2023-03-20 01:15:18
3/20/2023,1:15:22,27.1,21,7,2023-03-20 01:15:22
3/20/2023,1:15:25,27.1,22,5,2023-03-20 01:15:25
3/20/2023,1:15:29,27.1,22,4,2023-03-20 01:15:29
3/20/2023,1:15:32,27.1,22,6,2023-03-20 01:15:32
3/20/2023,1:15:35,27.1,22,7,2023-03-20 01:15:35
3/20/2023,1:15:38,27.1,22,5,2023-03-20 01:15:38
3/20/2023,1:15:42,27.1,22,5,2023-03-20 01:15:42
3/20/2023,1:15:45,27.1,22,5,2023-03-20 01:15:45
3/20/2023,1:15:49,27.1,22,6,2023-03-20 01:15:49
3/20/2023,1:15:52,27.1,22,4,2023-03-20 01:15:52
3/20/2023,1:15:56,27.1,22,6,2023-03-20 01:15:56
3/20/2023,1:15:59,27.1,22,4,2023-03-20 01:15:59
3/20/2023,1:16:03,27.1,22,5,2023-03-20 01:16:03
3/20/2023,1:16:06,27.1,22,4,2023-03-20 01:16:06
3/20/2023,1:16:10,27.1,23,4,2023-03-20 01:16:10
3/20/2023,1:16:14,27.1,23,6,2023-03-20 01:16:14
3/20/2023,1:16:17,27.1,23,6,2023-03-20 01:16:17
3/20/2023,1:16:21,27.1,23,4,2023-03-20 01:16:21
3/20/2023,1:16:24,27.1,23,5,2023-03-20 01:16:24
3/20/2023,1:16:28,27.1,23,6,2023-03-20 01:16:28
3/20/2023,1:16:31,27.1,23,5,2023-03-20 01:16:31
3/20/2023,1:16:34,27.1,23,4,2023-03-20 01:16:34
3/20/2023,1:16:38,27.1,23,5,2023-03-20 01:16:38
3/20/2023,1:16:41,27.1,23,7,2023-03-20 01:16:41
3/20/2023,1:16:45,27.1,23,3,2023-03-20 01:16:45
3/20/2023,1:16:48,27.1,23,5,2023-03-20 01:16:48
3/20/2023,1:16:51,27.1,23,4,2023-03-20 01:16:51
3/20/2023,1:16:54,27.1,23,5,2023-03-20 01:16:54
3/20/2023,1:16:58,27.1,23,7,2023-03-20 01:16:58
3/20/2023,1:17:01,27.1,23,5,2023-03-20 01:17:01
3/20/2023,1:17:05,27.1,23,5,2023-03-20 01:17:05
3/20/2023,1:17:09,27.1,23,5,2023-03-20 01:17:09
3/20/2023,1:17:12,27.1,23,7,2023-03-20 01:17:12
3/20/2023,1:17:16,27.1,23,5,2023-03-20 01:17:16
3/20/2023,1:17:19,27.1,23,7,2023-03-20 01:17:19
3/20/2023,1:17:23,27.1,23,4,2023-03-20 01:17:23
3/20/2023,1:17:26,27.1,23,6,2023-03-20 01:17:26
3/20/2023,1:17:30,27.1,23,4,2023-03-20 01:17:30
3/20/2023,1:17:33,27.1,23,4,2023-03-20 01:17:33
3/20/2023,1:17:36,27.1,23,6,2023-03-20 01:17:36
3/20/2023,1:17:39,27.1,23,4,2023-03-20 01:17:39
3/20/2023,1:17:43,27.1,23,5,2023-03-20 01:17:43
3/20/2023,1:17:48,27.1,23,5,2023-03-20 01:17:48
3/20/2023,1:17:51,27.1,23,6,2023-03-20 01:17:51
3/20/2023,1:17:54,27.1,23,4,2023-03-20 01:17:54
3/20/2023,1:17:58,27.1,23,7,2023-03-20 01:17:58
3/20/2023,1:18:01,27.1,23,5,2023-03-20 01:18:01
3/20/2023,1:18:05,27.1,23,5,2023-03-20 01:18:05
3/20/2023,1:18:08,27.1,23,5,2023-03-20 01:18:08
3/20/2023,1:18:12,27.1,23,6,2023-03-20 01:18:12
3/20/2023,1:18:16,27.1,23,4,2023-03-20 01:18:16
3/20/2023,1:18:18,27.1,23,5,2023-03-20 01:18:18
3/20/2023,1:18:22,27.1,23,6,2023-03-20 01:18:22
3/20/2023,1:18:25,27.1,23,4,2023-03-20 01:18:25
3/20/2023,1:18:28,27.1,23,7,2023-03-20 01:18:28
3/20/2023,1:18:32,27.1,23,5,2023-03-20 01:18:32
3/20/2023,1:18:36,27.1,23,6,2023-03-20 01:18:36
3/20/2023,1:18:39,27.1,23,5,2023-03-20 01:18:39
3/20/2023,1:18:43,27.1,23,5,2023-03-20 01:18:43
3/20/2023,1:18:46,27.1,23,5,2023-03-20 01:18:46
3/20/2023,1:18:49,27.1,23,6,2023-03-20 01:18:49
3/20/2023,1:18:52,27.1,23,5,2023-03-20 01:18:52
3/20/2023,1:18:55,27.1,23,5,2023-03-20 01:18:55
3/20/2023,1:18:59,27.1,23,4,2023-03-20 01:18:59
3/20/2023,1:19:02,27.1,23,4,2023-03-20 01:19:02
3/20/2023,1:19:06,27.1,23,7,2023-03-20 01:19:06
3/20/2023,1:19:09,27.1,23,5,2023-03-20 01:19:09
3/20/2023,1:19:15,27.1,23,4,2023-03-20 01:19:15
3/20/2023,1:19:21,27.1,23,4,2023-03-20 01:19:21
3/20/2023,1:19:24,27.1,23,4,2023-03-20 01:19:24
3/20/2023,1:19:28,27.1,23,5,2023-03-20 01:19:28
3/20/2023,1:19:32,27.1,23,7,2023-03-20 01:19:32
3/20/2023,1:19:35,27.1,23,4,2023-03-20 01:19:35
3/20/2023,1:19:39,27.1,23,5,2023-03-20 01:19:39
3/20/2023,1:19:42,27.1,23,5,2023-03-20 01:19:42
3/20/2023,1:19:46,27.1,23,4,2023-03-20 01:19:46
3/20/2023,1:19:49,27.1,23,7,2023-03-20 01:19:49
3/20/2023,1:19:53,27.1,23,5,2023-03-20 01:19:53
3/20/2023,1:19:56,27.0,23,4,2023-03-20 01:19:56
3/20/2023,1:19:59,27.1,23,5,2023-03-20 01:19:59
3/20/2023,1:20:10,27.1,23,6,2023-03-20 01:20:10
3/20/2023,1:20:14,27.1,23,6,2023-03-20 01:20:14
3/20/2023,1:20:17,27.1,23,5,2023-03-20 01:20:17
3/20/2023,1:20:20,27.1,23,9,2023-03-20 01:20:20
3/20/2023,1:20:24,27.1,23,15,2023-03-20 01:20:24
3/20/2023,1:20:27,27.1,23,13,2023-03-20 01:20:27
3/20/2023,1:20:31,27.1,23,4,2023-03-20 01:20:31
3/20/2023,1:20:35,27.1,23,4,2023-03-20 01:20:35
3/20/2023,1:20:38,27.1,23,4,2023-03-20 01:20:38
3/20/2023,1:20:42,27.1,23,7,2023-03-20 01:20:42
3/20/2023,1:20:46,27.1,23,9,2023-03-20 01:20:46
3/20/2023,1:20:49,27.1,31,8,2023-03-20 01:20:49
3/20/2023,1:20:52,27.2,40,7,2023-03-20 01:20:52
3/20/2023,1:20:56,27.4,43,5,2023-03-20 01:20:56
3/20/2023,1:20:59,27.6,46,6,2023-03-20 01:20:59
3/20/2023,1:21:02,27.9,49,6,2023-03-20 01:21:02
3/20/2023,1:21:06,28.2,51,5,2023-03-20 01:21:06
3/20/2023,1:21:10,28.5,51,6,2023-03-20 01:21:10
3/20/2023,1:21:13,28.8,52,4,2023-03-20 01:21:13
3/20/2023,1:21:16,29.1,53,8,2023-03-20 01:21:16
3/20/2023,1:21:20,29.4,54,5,2023-03-20 01:21:20
3/20/2023,1:21:23,29.6,54,4,2023-03-20 01:21:23
3/20/2023,1:21:27,29.9,55,3,2023-03-20 01:21:27
3/20/2023,1:21:30,30.2,55,5,2023-03-20 01:21:30
3/20/2023,1:21:34,30.4,55,5,2023-03-20 01:21:34
3/20/2023,1:21:38,30.7,55,5,2023-03-20 01:21:38
3/20/2023,1:21:41,30.9,55,6,2023-03-20 01:21:41
3/20/2023,1:21:44,31.1,53,6,2023-03-20 01:21:44
3/20/2023,1:21:48,31.2,51,7,2023-03-20 01:21:48
3/20/2023,1:21:54,31.4,57,6,2023-03-20 01:21:54
3/20/2023,1:21:57,31.8,61,5,2023-03-20 01:21:57
3/20/2023,1:22:00,31.9,55,8,2023-03-20 01:22:00
3/20/2023,1:22:04,32.0,51,5,2023-03-20 01:22:04
3/20/2023,1:22:07,32.0,47,4,2023-03-20 01:22:07
3/20/2023,1:22:10,32.1,43,6,2023-03-20 01:22:10
3/20/2023,1:22:13,32.1,41,9,2023-03-20 01:22:13
3/20/2023,1:22:16,32.1,38,6,2023-03-20 01:22:16
3/20/2023,1:22:20,32.1,35,5,2023-03-20 01:22:20
3/20/2023,1:22:23,32.0,33,4,2023-03-20 01:22:23
3/20/2023,1:22:26,32.0,30,4,2023-03-20 01:22:26
3/20/2023,1:22:29,32.0,28,4,2023-03-20 01:22:29
3/20/2023,1:22:33,31.9,26,4,2023-03-20 01:22:33
3/20/2023,1:22:36,31.9,25,6,2023-03-20 01:22:36
3/20/2023,1:22:39,31.8,23,5,2023-03-20 01:22:39
3/20/2023,1:22:43,31.8,22,5,2023-03-20 01:22:43
3/20/2023,1:22:47,31.7,21,7,2023-03-20 01:22:47
3/20/2023,1:22:51,31.7,20,5,2023-03-20 01:22:51
3/20/2023,1:22:54,31.6,19,5,2023-03-20 01:22:54
3/20/2023,1:22:57,31.5,19,5,2023-03-20 01:22:57
3/20/2023,1:23:01,31.5,19,6,2023-03-20 01:23:01
3/20/2023,1:23:05,31.4,18,5,2023-03-20 01:23:05
3/20/2023,1:23:08,31.3,18,7,2023-03-20 01:23:08
3/20/2023,1:23:11,31.2,18,5,2023-03-20 01:23:11
3/20/2023,1:23:14,31.2,17,7,2023-03-20 01:23:14
7/3/2023,2:30:44,29.9,63,4,2023-07-03 02:30:44
7/3/2023,2:30:47,28.7,67,5,2023-07-03 02:30:47
7/3/2023,2:30:50,28.7,67,4,2023-07-03 02:30:50
7/3/2023,2:30:53,28.7,67,5,2023-07-03 02:30:53
7/3/2023,2:30:56,28.7,67,6,2023-07-03 02:30:56
7/3/2023,2:30:59,28.7,67,5,2023-07-03 02:30:59
7/3/2023,2:31:03,28.7,67,5,2023-07-03 02:31:03
7/3/2023,2:31:08,28.7,67,5,2023-07-03 02:31:08
7/3/2023,2:31:10,28.7,67,5,2023-07-03 02:31:10
7/3/2023,2:31:13,28.7,67,4,2023-07-03 02:31:13
7/3/2023,2:31:17,28.7,67,6,2023-07-03 02:31:17
7/3/2023,2:31:19,28.7,67,5,2023-07-03 02:31:19
7/3/2023,2:31:23,28.7,67,4,2023-07-03 02:31:23
7/3/2023,2:31:25,28.7,67,4,2023-07-03 02:31:25
7/3/2023,2:31:29,28.7,67,4,2023-07-03 02:31:29
7/3/2023,2:31:31,28.7,67,5,2023-07-03 02:31:31
7/3/2023,2:31:34,28.7,67,6,2023-07-03 02:31:34
7/3/2023,2:31:37,28.7,67,5,2023-07-03 02:31:37
7/3/2023,2:31:40,28.7,67,4,2023-07-03 02:31:40
7/3/2023,2:31:43,28.7,67,6,2023-07-03 02:31:43
7/3/2023,2:31:45,28.7,67,5,2023-07-03 02:31:45
7/3/2023,2:31:48,28.7,67,5,2023-07-03 02:31:48
7/3/2023,2:31:51,28.7,67,5,2023-07-03 02:31:51
7/3/2023,2:31:54,28.7,67,5,2023-07-03 02:31:54
7/3/2023,2:31:57,28.7,67,3,2023-07-03 02:31:57
7/3/2023,2:32:00,28.7,67,4,2023-07-03 02:32:00
7/3/2023,2:32:03,28.7,67,5,2023-07-03 02:32:03
7/3/2023,2:32:06,28.7,67,5,2023-07-03 02:32:06
7/3/2023,2:32:09,28.7,68,5,2023-07-03 02:32:09
7/3/2023,2:32:12,28.7,67,3,2023-07-03 02:32:12
7/3/2023,2:32:14,28.7,68,5,2023-07-03 02:32:14
7/3/2023,2:32:17,28.7,68,5,2023-07-03 02:32:17
7/3/2023,2:32:20,28.7,68,5,2023-07-03 02:32:20
7/3/2023,2:32:23,28.7,68,5,2023-07-03 02:32:23
7/3/2023,2:32:26,28.7,68,4,2023-07-03 02:32:26
7/3/2023,2:32:29,28.7,68,5,2023-07-03 02:32:29
7/3/2023,2:32:32,28.7,68,5,2023-07-03 02:32:32
7/3/2023,2:32:35,28.7,68,5,2023-07-03 02:32:35
7/3/2023,2:32:38,28.7,68,5,2023-07-03 02:32:38
7/3/2023,2:32:41,28.7,68,5,2023-07-03 02:32:41
7/3/2023,2:32:44,28.7,68,4,2023-07-03 02:32:44
7/3/2023,2:32:47,28.7,68,5,2023-07-03 02:32:47
7/3/2023,2:32:50,28.7,68,5,2023-07-03 02:32:50
7/3/2023,2:32:53,28.7,68,5,2023-07-03 02:32:53
7/3/2023,2:32:56,28.7,68,5,2023-07-03 02:32:56
7/3/2023,2:32:59,28.7,68,4,2023-07-03 02:32:59
7/3/2023,2:33:03,28.7,68,5,2023-07-03 02:33:03
7/3/2023,2:33:06,28.7,68,5,2023-07-03 02:33:06
7/3/2023,2:33:09,28.7,68,5,2023-07-03 02:33:09
7/3/2023,2:33:12,28.7,68,6,2023-07-03 02:33:12
7/3/2023,2:33:15,28.7,68,5,2023-07-03 02:33:15
7/3/2023,2:33:19,28.7,68,5,2023-07-03 02:33:19
7/3/2023,2:33:22,28.7,68,5,2023-07-03 02:33:22
7/3/2023,2:33:25,28.7,68,5,2023-07-03 02:33:25
7/3/2023,2:33:28,28.7,68,4,2023-07-03 02:33:28
7/3/2023,2:33:31,28.7,68,4,2023-07-03 02:33:31
7/3/2023,2:33:34,28.7,68,5,2023-07-03 02:33:34
7/3/2023,2:33:36,28.7,68,5,2023-07-03 02:33:36
7/3/2023,2:33:39,28.7,68,5,2023-07-03 02:33:39
7/3/2023,2:33:42,28.7,68,5,2023-07-03 02:33:42
7/3/2023,2:33:45,28.7,68,6,2023-07-03 02:33:45
7/3/2023,2:33:49,28.7,68,5,2023-07-03 02:33:49
7/3/2023,2:33:52,28.7,68,5,2023-07-03 02:33:52
7/3/2023,2:33:55,28.7,68,7,2023-07-03 02:33:55
7/3/2023,2:33:59,28.7,68,4,2023-07-03 02:33:59
7/3/2023,2:34:01,28.7,68,5,2023-07-03 02:34:01
7/3/2023,2:34:05,28.7,68,4,2023-07-03 02:34:05
7/3/2023,2:34:08,28.7,68,5,2023-07-03 02:34:08
7/3/2023,2:34:11,28.7,68,5,2023-07-03 02:34:11
7/3/2023,2:34:14,28.7,68,4,2023-07-03 02:34:14
7/3/2023,2:34:17,28.7,68,5,2023-07-03 02:34:17
7/3/2023,2:34:20,28.7,68,5,2023-07-03 02:34:20
7/3/2023,2:34:23,28.7,68,4,2023-07-03 02:34:23
7/3/2023,2:34:26,28.7,68,4,2023-07-03 02:34:26
7/3/2023,2:34:29,28.7,68,4,2023-07-03 02:34:29
7/3/2023,2:34:32,28.7,68,5,2023-07-03 02:34:32
7/3/2023,2:34:35,28.7,68,5,2023-07-03 02:34:35
7/3/2023,2:34:38,28.7,68,4,2023-07-03 02:34:38
7/3/2023,2:34:41,28.7,68,5,2023-07-03 02:34:41
7/3/2023,2:34:44,28.7,68,5,2023-07-03 02:34:44
7/3/2023,2:34:46,28.7,68,6,2023-07-03 02:34:46
7/3/2023,2:34:49,28.7,68,5,2023-07-03 02:34:49
7/3/2023,2:34:52,28.7,68,4,2023-07-03 02:34:52
7/3/2023,2:34:55,28.7,68,5,2023-07-03 02:34:55
7/3/2023,2:34:58,28.7,68,5,2023-07-03 02:34:58
7/3/2023,2:35:02,28.7,68,5,2023-07-03 02:35:02
7/3/2023,2:35:05,28.7,68,4,2023-07-03 02:35:05
7/3/2023,2:35:08,28.7,68,5,2023-07-03 02:35:08
7/3/2023,2:35:11,28.7,68,4,2023-07-03 02:35:11
7/3/2023,2:35:14,28.7,68,5,2023-07-03 02:35:14
7/3/2023,2:35:17,28.6,68,6,2023-07-03 02:35:17
7/3/2023,2:35:20,28.7,68,4,2023-07-03 02:35:20
7/3/2023,2:35:22,28.7,68,6,2023-07-03 02:35:22
7/3/2023,2:35:25,28.7,68,5,2023-07-03 02:35:25
7/3/2023,2:35:28,28.7,68,5,2023-07-03 02:35:28
7/3/2023,2:35:31,28.7,68,5,2023-07-03 02:35:31
7/3/2023,2:35:34,28.7,69,6,2023-07-03 02:35:34
7/3/2023,2:35:37,28.7,68,6,2023-07-03 02:35:37
7/3/2023,2:35:40,28.7,69,4,2023-07-03 02:35:40
7/3/2023,2:35:43,28.7,69,5,2023-07-03 02:35:43
7/3/2023,2:35:47,28.7,69,5,2023-07-03 02:35:47
7/3/2023,2:35:51,28.7,69,4,2023-07-03 02:35:51
7/3/2023,2:35:55,28.7,69,5,2023-07-03 02:35:55
7/3/2023,2:35:58,28.7,69,4,2023-07-03 02:35:58
7/3/2023,2:36:00,28.7,69,4,2023-07-03 02:36:00
7/3/2023,2:36:03,28.7,69,22,2023-07-03 02:36:03
7/3/2023,2:36:06,28.7,69,5,2023-07-03 02:36:06
7/3/2023,2:36:09,28.7,69,5,2023-07-03 02:36:09
7/3/2023,2:36:12,28.7,69,4,2023-07-03 02:36:12
7/3/2023,2:36:15,28.7,69,6,2023-07-03 02:36:15
7/3/2023,2:36:18,28.7,69,6,2023-07-03 02:36:18
7/3/2023,2:36:21,28.7,69,6,2023-07-03 02:36:21
7/3/2023,2:36:23,28.7,69,6,2023-07-03 02:36:23
7/3/2023,2:36:26,28.7,69,4,2023-07-03 02:36:26
7/3/2023,2:36:29,28.7,69,5,2023-07-03 02:36:29
7/3/2023,2:36:32,28.7,69,5,2023-07-03 02:36:32
7/3/2023,2:36:36,28.7,69,5,2023-07-03 02:36:36
7/3/2023,2:36:39,28.7,69,5,2023-07-03 02:36:39
7/3/2023,2:36:42,28.7,69,6,2023-07-03 02:36:42
7/3/2023,2:36:45,28.7,69,4,2023-07-03 02:36:45
7/3/2023,2:36:48,28.7,69,5,2023-07-03 02:36:48
7/3/2023,2:36:51,28.7,69,4,2023-07-03 02:36:51
7/3/2023,2:36:54,28.7,69,5,2023-07-03 02:36:54
7/3/2023,2:36:57,28.7,69,5,2023-07-03 02:36:57
7/3/2023,2:37:00,28.7,69,5,2023-07-03 02:37:00
7/3/2023,2:37:03,28.7,68,5,2023-07-03 02:37:03
7/3/2023,2:37:06,28.7,69,6,2023-07-03 02:37:06
7/3/2023,2:37:09,28.7,69,5,2023-07-03 02:37:09
7/3/2023,2:37:13,28.7,69,4,2023-07-03 02:37:13
7/3/2023,2:37:16,28.7,69,3,2023-07-03 02:37:16
7/3/2023,2:37:19,28.7,69,4,2023-07-03 02:37:19
7/3/2023,2:37:21,28.7,69,5,2023-07-03 02:37:21
7/3/2023,2:37:24,28.7,69,5,2023-07-03 02:37:24
7/3/2023,2:37:27,28.7,69,5,2023-07-03 02:37:27
7/3/2023,2:37:30,28.7,69,4,2023-07-03 02:37:30
7/3/2023,2:37:33,28.7,69,5,2023-07-03 02:37:33
7/3/2023,2:37:36,28.7,69,5,2023-07-03 02:37:36
7/3/2023,2:37:39,28.7,69,4,2023-07-03 02:37:39
7/3/2023,2:37:41,28.7,69,41,2023-07-03 02:37:41
7/3/2023,2:38:10,28.7,69,5,2023-07-03 02:38:10
7/3/2023,2:38:45,28.7,69,5,2023-07-03 02:38:45
7/3/2023,2:57:24,28.5,69,4,2023-07-03 02:57:24
7/3/2023,2:57:27,28.5,69,6,2023-07-03 02:57:27
7/3/2023,2:57:30,28.5,69,5,2023-07-03 02:57:30
7/3/2023,2:57:33,28.6,69,5,2023-07-03 02:57:33
7/3/2023,2:57:36,28.5,69,5,2023-07-03 02:57:36
7/3/2023,2:57:39,28.5,69,5,2023-07-03 02:57:39
7/3/2023,2:57:42,28.5,69,19,2023-07-03 02:57:42
7/3/2023,2:57:45,28.5,68,20,2023-07-03 02:57:45
7/3/2023,2:57:48,28.5,68,5,2023-07-03 02:57:48
7/3/2023,2:57:52,28.5,68,4,2023-07-03 02:57:52
7/3/2023,2:57:55,28.5,68,5,2023-07-03 02:57:55
7/3/2023,2:57:58,28.6,68,6,2023-07-03 02:57:58
7/3/2023,2:58:01,28.6,68,8,2023-07-03 02:58:01
7/3/2023,2:58:04,28.6,68,5,2023-07-03 02:58:04
7/3/2023,2:58:06,28.6,68,4,2023-07-03 02:58:06
7/3/2023,2:58:09,28.6,68,4,2023-07-03 02:58:09
7/3/2023,2:58:12,28.6,68,4,2023-07-03 02:58:12
7/3/2023,2:58:16,28.6,68,6,2023-07-03 02:58:16
7/3/2023,2:58:18,28.6,68,4,2023-07-03 02:58:18
7/3/2023,2:58:21,28.6,68,6,2023-07-03 02:58:21
7/3/2023,2:58:25,28.6,68,8,2023-07-03 02:58:25
7/3/2023,2:58:28,28.6,68,8,2023-07-03 02:58:28
7/3/2023,2:58:31,28.6,68,5,2023-07-03 02:58:31
7/3/2023,2:58:33,28.6,68,8,2023-07-03 02:58:33
7/3/2023,2:58:37,28.6,68,15,2023-07-03 02:58:37
7/3/2023,2:58:40,28.6,68,5,2023-07-03 02:58:40
7/3/2023,2:58:43,28.6,68,4,2023-07-03 02:58:43
7/3/2023,2:58:45,28.6,68,4,2023-07-03 02:58:45
7/3/2023,2:58:48,28.6,68,5,2023-07-03 02:58:48
7/3/2023,2:58:51,28.6,68,4,2023-07-03 02:58:51
7/3/2023,2:58:54,28.6,68,5,2023-07-03 02:58:54
7/3/2023,2:58:57,28.6,68,4,2023-07-03 02:58:57
7/3/2023,2:59:00,28.6,69,4,2023-07-03 02:59:00
7/3/2023,2:59:03,28.6,69,4,2023-07-03 02:59:03
7/3/2023,2:59:07,28.6,69,4,2023-07-03 02:59:07
7/3/2023,2:59:09,28.6,69,5,2023-07-03 02:59:09
7/3/2023,2:59:12,28.5,69,5,2023-07-03 02:59:12
7/3/2023,2:59:15,28.5,69,4,2023-07-03 02:59:15
7/3/2023,2:59:18,28.5,69,4,2023-07-03 02:59:18
7/3/2023,2:59:39,28.4,69,5,2023-07-03 02:59:39
7/3/2023,2:59:42,28.4,69,5,2023-07-03 02:59:42
7/3/2023,2:59:46,28.3,69,5,2023-07-03 02:59:46
7/3/2023,2:59:49,28.3,69,4,2023-07-03 02:59:49
7/3/2023,2:59:52,28.3,69,4,2023-07-03 02:59:52
7/3/2023,2:59:56,28.3,69,4,2023-07-03 02:59:56
7/3/2023,2:59:59,28.3,69,5,2023-07-03 02:59:59
7/3/2023,3:00:02,28.3,70,4,2023-07-03 03:00:02
7/3/2023,3:00:06,28.2,70,5,2023-07-03 03:00:06
7/3/2023,3:00:09,28.2,70,5,2023-07-03 03:00:09
7/3/2023,3:00:12,28.2,70,4,2023-07-03 03:00:12
7/3/2023,3:00:15,28.2,70,4,2023-07-03 03:00:15
7/3/2023,3:00:18,28.2,70,5,2023-07-03 03:00:18
7/3/2023,3:00:21,28.2,70,4,2023-07-03 03:00:21
7/3/2023,3:00:24,28.1,70,4,2023-07-03 03:00:24
7/3/2023,3:00:28,28.1,70,4,2023-07-03 03:00:28
7/3/2023,3:00:31,28.1,70,4,2023-07-03 03:00:31
7/3/2023,3:00:34,28.1,70,5,2023-07-03 03:00:34
7/3/2023,3:00:37,28.1,70,5,2023-07-03 03:00:37
7/3/2023,3:00:41,28.1,70,4,2023-07-03 03:00:41
7/4/2023,6:46:26,27.4,71,6,2023-07-04 06:46:26
7/4/2023,6:46:29,27.4,71,4,2023-07-04 06:46:29
7/4/2023,6:46:32,27.4,71,3,2023-07-04 06:46:32
7/4/2023,6:46:35,27.4,71,9,2023-07-04 06:46:35
7/4/2023,6:46:38,27.4,71,8,2023-07-04 06:46:38
7/4/2023,6:46:41,27.4,71,7,2023-07-04 06:46:41
7/4/2023,6:46:44,27.4,71,6,2023-07-04 06:46:44
7/4/2023,6:46:47,27.4,71,4,2023-07-04 06:46:47
7/4/2023,6:46:50,27.4,71,4,2023-07-04 06:46:50
7/4/2023,6:46:53,27.4,71,4,2023-07-04 06:46:53
7/4/2023,6:46:56,27.4,71,6,2023-07-04 06:46:56
7/4/2023,6:46:59,27.4,71,6,2023-07-04 06:46:59
7/4/2023,6:47:02,27.4,71,4,2023-07-04 06:47:02
7/4/2023,6:47:06,27.4,71,5,2023-07-04 06:47:06
7/4/2023,6:47:09,27.4,71,5,2023-07-04 06:47:09
7/4/2023,6:47:12,27.4,71,7,2023-07-04 06:47:12
7/4/2023,6:47:15,27.4,71,5,2023-07-04 06:47:15
7/4/2023,6:47:18,27.4,71,6,2023-07-04 06:47:18
7/4/2023,6:47:22,27.4,71,5,2023-07-04 06:47:22
7/4/2023,6:47:25,27.4,71,4,2023-07-04 06:47:25
7/4/2023,6:47:28,27.4,71,5,2023-07-04 06:47:28
7/4/2023,6:47:31,27.4,71,6,2023-07-04 06:47:31
7/4/2023,6:47:36,27.4,71,5,2023-07-04 06:47:36
7/4/2023,6:47:40,27.4,71,6,2023-07-04 06:47:40
7/4/2023,6:47:43,27.4,71,3,2023-07-04 06:47:43
7/4/2023,6:48:21,27.4,71,0,2023-07-04 06:48:21
7/4/2023,6:48:24,27.4,71,0,2023-07-04 06:48:24
7/4/2023,6:48:27,27.4,71,0,2023-07-04 06:48:27
7/4/2023,6:48:31,27.4,71,0,2023-07-04 06:48:31
7/4/2023,6:48:34,27.4,71,0,2023-07-04 06:48:34
7/4/2023,6:48:37,27.4,71,0,2023-07-04 06:48:37
7/4/2023,6:48:41,27.4,71,0,2023-07-04 06:48:41
7/4/2023,6:48:44,27.4,71,0,2023-07-04 06:48:44
7/4/2023,6:48:47,27.4,71,0,2023-07-04 06:48:47
7/4/2023,6:48:51,27.4,71,0,2023-07-04 06:48:51
7/4/2023,6:48:54,27.4,71,0,2023-07-04 06:48:54
7/4/2023,6:48:57,27.4,71,0,2023-07-04 06:48:57
7/4/2023,6:49:00,27.4,71,0,2023-07-04 06:49:00
7/4/2023,6:49:03,27.4,71,0,2023-07-04 06:49:03
7/4/2023,6:49:06,27.4,71,0,2023-07-04 06:49:06
7/4/2023,6:49:09,27.4,71,0,2023-07-04 06:49:09
7/4/2023,6:49:11,27.4,71,0,2023-07-04 06:49:11
7/4/2023,6:49:14,27.4,71,0,2023-07-04 06:49:14
7/4/2023,6:49:17,27.4,71,0,2023-07-04 06:49:17
7/4/2023,6:49:20,27.4,71,0,2023-07-04 06:49:20
7/4/2023,6:49:23,27.4,71,0,2023-07-04 06:49:23
7/4/2023,6:49:27,27.4,71,0,2023-07-04 06:49:27
7/4/2023,6:49:30,27.4,71,0,2023-07-04 06:49:30
7/4/2023,6:49:33,27.4,71,0,2023-07-04 06:49:33
7/4/2023,6:49:36,27.4,71,0,2023-07-04 06:49:36
7/4/2023,6:49:39,27.4,71,0,2023-07-04 06:49:39
7/4/2023,6:49:42,27.4,71,0,2023-07-04 06:49:42
7/4/2023,6:49:45,27.4,71,0,2023-07-04 06:49:45
7/4/2023,6:49:48,27.4,71,0,2023-07-04 06:49:48
7/4/2023,6:49:51,27.4,71,0,2023-07-04 06:49:51
7/4/2023,6:49:54,27.4,71,0,2023-07-04 06:49:54
7/4/2023,6:49:57,27.4,71,0,2023-07-04 06:49:57
7/4/2023,6:50:00,27.4,71,0,2023-07-04 06:50:00
7/4/2023,6:50:03,27.4,71,0,2023-07-04 06:50:03
7/4/2023,6:50:06,27.4,71,0,2023-07-04 06:50:06
7/4/2023,6:50:09,27.4,71,0,2023-07-04 06:50:09
7/4/2023,6:50:12,27.4,71,0,2023-07-04 06:50:12
7/4/2023,6:50:15,27.4,71,0,2023-07-04 06:50:15
7/4/2023,6:50:19,27.4,71,0,2023-07-04 06:50:19
7/4/2023,6:50:22,27.4,71,4,2023-07-04 06:50:22
7/4/2023,6:50:25,27.4,71,6,2023-07-04 06:50:25
7/4/2023,6:50:28,27.4,71,6,2023-07-04 06:50:28
7/4/2023,6:50:31,27.4,71,6,2023-07-04 06:50:31
7/4/2023,6:50:34,27.4,71,6,2023-07-04 06:50:34
7/4/2023,6:50:37,27.4,71,0,2023-07-04 06:50:37
7/4/2023,6:50:40,27.4,71,0,2023-07-04 06:50:40
7/4/2023,6:50:43,27.4,71,6,2023-07-04 06:50:43
7/4/2023,6:50:47,27.4,71,6,2023-07-04 06:50:47
7/4/2023,6:50:50,27.4,71,0,2023-07-04 06:50:50
7/4/2023,6:50:52,27.4,72,3,2023-07-04 06:50:52
7/4/2023,6:50:55,27.4,72,0,2023-07-04 06:50:55
7/4/2023,6:50:58,27.4,72,0,2023-07-04 06:50:58
7/4/2023,6:51:01,27.4,72,0,2023-07-04 06:51:01
7/4/2023,6:51:05,27.5,72,0,2023-07-04 06:51:05
7/4/2023,6:51:08,27.5,72,0,2023-07-04 06:51:08
7/4/2023,6:51:11,27.5,72,6,2023-07-04 06:51:11
7/4/2023,6:51:14,27.5,72,0,2023-07-04 06:51:14
7/4/2023,6:51:17,27.5,72,0,2023-07-04 06:51:17
7/4/2023,6:51:20,27.5,72,0,2023-07-04 06:51:20
7/4/2023,6:51:23,27.5,72,0,2023-07-04 06:51:23
7/4/2023,6:51:27,27.5,72,0,2023-07-04 06:51:27
7/4/2023,6:51:30,27.5,72,0,2023-07-04 06:51:30
7/4/2023,6:51:34,27.5,72,0,2023-07-04 06:51:34
7/4/2023,6:51:38,27.5,72,0,2023-07-04 06:51:38
7/4/2023,6:51:41,27.5,72,0,2023-07-04 06:51:41
7/4/2023,6:51:44,27.5,72,0,2023-07-04 06:51:44
7/4/2023,6:51:48,27.5,72,0,2023-07-04 06:51:48
7/4/2023,6:51:51,27.5,72,0,2023-07-04 06:51:51
7/4/2023,6:51:57,27.4,72,0,2023-07-04 06:51:57
7/4/2023,6:52:02,27.5,72,0,2023-07-04 06:52:02
7/4/2023,6:52:05,27.5,71,0,2023-07-04 06:52:05
7/4/2023,6:52:08,27.5,72,0,2023-07-04 06:52:08
7/4/2023,6:52:11,27.4,72,0,2023-07-04 06:52:11
7/6/2023,6:33:00,28.1,65,0,2023-07-06 06:33:00
7/6/2023,6:33:03,27.8,64,0,2023-07-06 06:33:03
7/6/2023,6:33:06,27.8,64,0,2023-07-06 06:33:06
7/6/2023,6:33:09,27.8,65,0,2023-07-06 06:33:09
7/6/2023,6:33:12,27.8,65,0,2023-07-06 06:33:12
7/6/2023,6:33:15,27.8,65,0,2023-07-06 06:33:15
7/6/2023,6:33:18,27.8,65,0,2023-07-06 06:33:18
7/6/2023,6:33:21,27.8,65,0,2023-07-06 06:33:21
7/6/2023,6:33:24,27.8,65,0,2023-07-06 06:33:24
7/6/2023,6:33:27,27.7,65,0,2023-07-06 06:33:27
7/6/2023,6:33:31,27.7,65,0,2023-07-06 06:33:31
7/6/2023,6:33:34,27.7,65,0,2023-07-06 06:33:34
7/6/2023,6:33:36,27.7,65,0,2023-07-06 06:33:36
7/6/2023,6:33:39,27.7,65,0,2023-07-06 06:33:39
7/6/2023,6:33:42,27.7,65,0,2023-07-06 06:33:42
7/6/2023,6:33:46,27.7,65,0,2023-07-06 06:33:46
7/6/2023,6:33:49,27.7,65,0,2023-07-06 06:33:49
7/6/2023,6:33:52,27.7,65,0,2023-07-06 06:33:52
7/6/2023,6:33:55,27.7,65,0,2023-07-06 06:33:55
7/6/2023,6:33:58,27.7,65,0,2023-07-06 06:33:58
7/6/2023,6:34:01,27.7,65,0,2023-07-06 06:34:01
7/6/2023,6:34:04,27.7,65,0,2023-07-06 06:34:04
7/6/2023,6:34:07,27.7,65,0,2023-07-06 06:34:07
7/6/2023,6:34:10,27.7,65,0,2023-07-06 06:34:10
7/6/2023,6:34:13,27.7,65,0,2023-07-06 06:34:13
7/6/2023,6:34:15,27.7,65,0,2023-07-06 06:34:15
7/6/2023,6:34:18,27.7,65,0,2023-07-06 06:34:18
7/6/2023,6:34:22,27.7,65,0,2023-07-06 06:34:22
7/6/2023,6:34:25,27.7,65,0,2023-07-06 06:34:25
7/6/2023,6:34:28,27.7,65,0,2023-07-06 06:34:28
7/6/2023,6:34:30,27.6,65,0,2023-07-06 06:34:30
7/6/2023,6:34:34,27.6,65,0,2023-07-06 06:34:34
7/6/2023,6:34:37,27.6,65,0,2023-07-06 06:34:37
7/6/2023,6:34:40,27.6,65,0,2023-07-06 06:34:40
7/6/2023,6:34:43,27.6,65,0,2023-07-06 06:34:43
7/6/2023,6:34:46,27.6,65,0,2023-07-06 06:34:46
7/6/2023,6:34:49,27.6,65,0,2023-07-06 06:34:49
7/6/2023,6:34:52,27.6,65,0,2023-07-06 06:34:52
7/6/2023,6:34:56,27.6,65,0,2023-07-06 06:34:56
7/6/2023,6:34:59,27.6,65,0,2023-07-06 06:34:59
7/6/2023,6:35:02,27.6,65,0,2023-07-06 06:35:02
7/6/2023,6:35:05,27.6,65,0,2023-07-06 06:35:05
7/6/2023,6:35:08,27.6,65,0,2023-07-06 06:35:08
7/6/2023,6:35:12,27.6,65,0,2023-07-06 06:35:12
7/6/2023,6:35:15,27.6,65,0,2023-07-06 06:35:15
7/6/2023,6:35:18,27.6,65,0,2023-07-06 06:35:18
7/6/2023,6:35:22,27.6,65,0,2023-07-06 06:35:22
7/6/2023,6:35:25,27.6,65,6,2023-07-06 06:35:25
7/6/2023,6:35:28,27.6,65,0,2023-07-06 06:35:28
7/6/2023,6:35:31,27.6,65,0,2023-07-06 06:35:31
7/6/2023,6:35:34,27.6,65,9,2023-07-06 06:35:34
7/6/2023,6:35:37,27.6,65,9,2023-07-06 06:35:37
7/6/2023,6:35:40,27.6,65,9,2023-07-06 06:35:40
7/6/2023,6:35:42,27.6,66,9,2023-07-06 06:35:42
7/6/2023,6:35:45,27.6,66,9,2023-07-06 06:35:45
7/6/2023,6:35:48,27.6,66,9,2023-07-06 06:35:48
7/6/2023,6:35:52,27.6,66,9,2023-07-06 06:35:52
7/6/2023,6:35:58,27.6,66,9,2023-07-06 06:35:58
7/6/2023,6:36:02,27.6,66,9,2023-07-06 06:36:02
7/6/2023,6:36:05,27.6,66,0,2023-07-06 06:36:05
7/6/2023,6:36:08,27.6,66,0,2023-07-06 06:36:08
7/6/2023,6:36:11,27.6,66,0,2023-07-06 06:36:11
7/6/2023,6:36:14,27.6,66,0,2023-07-06 06:36:14
7/6/2023,6:36:18,27.6,66,0,2023-07-06 06:36:18
7/6/2023,6:36:21,27.6,66,0,2023-07-06 06:36:21
7/6/2023,6:36:24,27.6,66,0,2023-07-06 06:36:24
7/6/2023,6:36:27,27.6,66,0,2023-07-06 06:36:27
7/6/2023,6:36:30,27.6,66,0,2023-07-06 06:36:30
7/6/2023,6:36:37,27.6,66,0,2023-07-06 06:36:37
7/6/2023,6:36:40,27.6,66,0,2023-07-06 06:36:40
7/6/2023,6:36:43,27.6,66,0,2023-07-06 06:36:43
7/6/2023,6:36:46,27.6,66,0,2023-07-06 06:36:46
7/6/2023,6:36:49,27.6,66,0,2023-07-06 06:36:49
7/6/2023,6:36:52,27.6,66,0,2023-07-06 06:36:52
7/6/2023,6:36:55,27.6,66,0,2023-07-06 06:36:55
7/6/2023,6:36:58,27.6,66,0,2023-07-06 06:36:58
7/6/2023,6:37:01,27.6,66,0,2023-07-06 06:37:01
7/6/2023,6:37:05,27.6,66,0,2023-07-06 06:37:05
7/6/2023,6:37:08,27.6,66,0,2023-07-06 06:37:08
7/6/2023,6:37:10,27.6,66,0,2023-07-06 06:37:10
7/6/2023,6:37:13,27.6,66,0,2023-07-06 06:37:13
7/6/2023,6:37:17,27.6,66,0,2023-07-06 06:37:17
7/6/2023,6:37:19,27.6,66,0,2023-07-06 06:37:19
7/6/2023,6:37:22,27.6,66,0,2023-07-06 06:37:22
7/6/2023,6:37:25,27.6,66,0,2023-07-06 06:37:25
7/6/2023,6:37:28,27.6,66,0,2023-07-06 06:37:28
7/6/2023,6:37:31,27.6,66,0,2023-07-06 06:37:31
7/6/2023,6:37:34,27.6,66,0,2023-07-06 06:37:34
7/6/2023,6:37:38,27.6,66,0,2023-07-06 06:37:38
7/6/2023,6:37:41,27.6,66,0,2023-07-06 06:37:41
7/6/2023,6:37:44,27.6,66,0,2023-07-06 06:37:44
7/6/2023,6:37:47,27.6,66,0,2023-07-06 06:37:47
7/6/2023,6:37:50,27.6,66,0,2023-07-06 06:37:50
7/6/2023,6:37:53,27.6,66,0,2023-07-06 06:37:53
7/6/2023,6:37:56,27.6,66,0,2023-07-06 06:37:56
7/6/2023,6:37:59,27.6,66,0,2023-07-06 06:37:59
7/6/2023,6:38:02,27.6,66,0,2023-07-06 06:38:02
7/6/2023,6:38:05,27.6,66,0,2023-07-06 06:38:05
7/6/2023,6:38:08,27.6,66,0,2023-07-06 06:38:08
7/6/2023,6:38:10,27.6,66,0,2023-07-06 06:38:10
7/6/2023,6:38:13,27.6,66,0,2023-07-06 06:38:13
7/6/2023,6:38:16,27.6,66,0,2023-07-06 06:38:16
7/6/2023,6:38:19,27.6,66,0,2023-07-06 06:38:19
7/6/2023,6:38:22,27.6,66,0,2023-07-06 06:38:22
7/6/2023,6:38:25,27.6,66,0,2023-07-06 06:38:25
7/6/2023,6:38:29,27.6,66,0,2023-07-06 06:38:29
7/6/2023,6:38:31,27.6,66,0,2023-07-06 06:38:31
7/6/2023,6:38:35,27.6,66,0,2023-07-06 06:38:35
7/6/2023,6:38:38,27.6,66,0,2023-07-06 06:38:38
7/6/2023,6:38:41,27.6,66,0,2023-07-06 06:38:41
7/6/2023,6:38:44,27.6,66,0,2023-07-06 06:38:44
7/6/2023,6:38:47,27.6,66,0,2023-07-06 06:38:47
7/6/2023,6:38:50,27.6,66,0,2023-07-06 06:38:50
7/6/2023,6:38:53,27.6,66,0,2023-07-06 06:38:53
7/6/2023,6:38:56,27.6,66,0,2023-07-06 06:38:56
7/6/2023,6:38:59,27.6,66,0,2023-07-06 06:38:59
7/6/2023,6:39:03,27.6,66,0,2023-07-06 06:39:03
7/6/2023,6:39:06,27.6,66,0,2023-07-06 06:39:06
7/6/2023,6:39:09,27.6,66,0,2023-07-06 06:39:09
7/6/2023,6:39:13,27.6,66,0,2023-07-06 06:39:13
7/6/2023,6:39:16,27.6,66,0,2023-07-06 06:39:16
7/6/2023,6:39:19,27.6,66,0,2023-07-06 06:39:19
7/6/2023,6:39:22,27.6,66,0,2023-07-06 06:39:22
7/6/2023,6:39:25,27.6,66,0,2023-07-06 06:39:25
7/6/2023,6:39:28,27.6,66,0,2023-07-06 06:39:28
7/6/2023,6:39:31,27.6,66,0,2023-07-06 06:39:31
7/6/2023,6:39:34,27.6,66,0,2023-07-06 06:39:34
7/6/2023,6:39:37,27.6,66,0,2023-07-06 06:39:37
7/6/2023,6:39:40,27.6,66,0,2023-07-06 06:39:40
7/6/2023,6:39:43,27.6,66,0,2023-07-06 06:39:43
7/6/2023,6:39:46,27.6,66,0,2023-07-06 06:39:46
7/6/2023,6:39:48,27.6,66,0,2023-07-06 06:39:48
7/6/2023,6:39:51,27.6,66,0,2023-07-06 06:39:51
7/6/2023,6:39:55,27.6,66,0,2023-07-06 06:39:55
7/6/2023,6:39:58,27.6,66,0,2023-07-06 06:39:58
7/6/2023,6:40:01,27.6,66,0,2023-07-06 06:40:01
7/6/2023,6:40:04,27.6,66,0,2023-07-06 06:40:04
7/6/2023,6:40:08,27.6,66,0,2023-07-06 06:40:08
7/6/2023,6:40:11,27.6,66,0,2023-07-06 06:40:11
7/6/2023,6:40:14,27.6,66,0,2023-07-06 06:40:14
7/6/2023,6:40:17,27.6,66,0,2023-07-06 06:40:17
7/6/2023,6:40:20,27.6,66,0,2023-07-06 06:40:20
7/6/2023,6:40:23,27.6,66,0,2023-07-06 06:40:23
7/6/2023,6:40:26,27.6,66,0,2023-07-06 06:40:26
7/6/2023,6:40:29,27.6,66,0,2023-07-06 06:40:29
7/6/2023,6:40:32,27.6,66,0,2023-07-06 06:40:32
7/6/2023,6:40:35,27.6,66,0,2023-07-06 06:40:35
7/6/2023,6:40:38,27.6,66,0,2023-07-06 06:40:38
7/6/2023,6:40:41,27.6,66,0,2023-07-06 06:40:41
7/6/2023,6:40:44,27.6,66,0,2023-07-06 06:40:44
7/6/2023,6:40:47,27.6,66,0,2023-07-06 06:40:47
7/6/2023,6:40:50,27.6,66,0,2023-07-06 06:40:50
7/6/2023,6:40:53,27.6,66,0,2023-07-06 06:40:53
7/6/2023,6:40:56,27.6,66,0,2023-07-06 06:40:56
7/6/2023,6:40:59,27.6,66,0,2023-07-06 06:40:59
7/6/2023,6:41:02,27.6,66,0,2023-07-06 06:41:02
7/6/2023,6:41:05,27.6,66,0,2023-07-06 06:41:05
7/6/2023,6:41:08,27.6,66,0,2023-07-06 06:41:08
7/6/2023,6:41:11,27.6,66,0,2023-07-06 06:41:11
7/6/2023,6:41:14,27.6,66,0,2023-07-06 06:41:14
7/6/2023,6:41:17,27.6,66,0,2023-07-06 06:41:17
7/6/2023,6:41:20,27.6,66,0,2023-07-06 06:41:20
7/6/2023,6:41:23,27.6,66,0,2023-07-06 06:41:23
7/6/2023,6:41:26,27.6,66,0,2023-07-06 06:41:26
7/6/2023,6:41:29,27.6,66,0,2023-07-06 06:41:29
7/6/2023,6:41:32,27.6,66,0,2023-07-06 06:41:32
7/6/2023,6:41:35,27.6,66,0,2023-07-06 06:41:35
7/6/2023,6:41:38,27.6,66,0,2023-07-06 06:41:38
7/6/2023,6:41:41,27.6,66,0,2023-07-06 06:41:41
7/6/2023,6:41:44,27.6,66,0,2023-07-06 06:41:44
7/6/2023,6:41:47,27.6,66,0,2023-07-06 06:41:47
7/6/2023,6:41:50,27.6,66,0,2023-07-06 06:41:50
7/6/2023,6:41:53,27.6,66,0,2023-07-06 06:41:53
7/6/2023,6:41:56,27.6,66,0,2023-07-06 06:41:56
7/6/2023,6:41:59,27.6,66,0,2023-07-06 06:41:59
7/6/2023,6:42:02,27.6,66,0,2023-07-06 06:42:02
7/6/2023,6:42:05,27.6,66,0,2023-07-06 06:42:05
7/6/2023,6:42:08,27.6,66,0,2023-07-06 06:42:08
7/6/2023,6:42:12,27.6,66,0,2023-07-06 06:42:12
7/6/2023,6:42:15,27.6,66,0,2023-07-06 06:42:15
7/6/2023,6:42:18,27.6,66,0,2023-07-06 06:42:18
7/6/2023,6:42:21,27.6,66,0,2023-07-06 06:42:21
7/6/2023,6:42:25,27.6,66,0,2023-07-06 06:42:25
7/6/2023,6:42:28,27.6,66,0,2023-07-06 06:42:28
7/6/2023,6:42:32,27.6,66,0,2023-07-06 06:42:32
7/6/2023,6:42:35,27.6,66,0,2023-07-06 06:42:35
7/6/2023,6:42:38,27.6,66,0,2023-07-06 06:42:38
7/6/2023,6:42:41,27.6,66,0,2023-07-06 06:42:41
7/6/2023,6:42:44,27.6,66,0,2023-07-06 06:42:44
7/6/2023,6:42:47,27.6,66,0,2023-07-06 06:42:47
7/6/2023,6:42:51,27.6,66,0,2023-07-06 06:42:51
7/6/2023,6:42:54,27.6,66,0,2023-07-06 06:42:54
7/6/2023,6:42:57,27.6,66,0,2023-07-06 06:42:57
7/6/2023,6:43:00,27.6,66,0,2023-07-06 06:43:00
7/6/2023,6:43:02,27.6,66,0,2023-07-06 06:43:02
7/6/2023,6:43:05,27.6,66,0,2023-07-06 06:43:05
7/6/2023,6:43:08,27.6,66,0,2023-07-06 06:43:08
7/6/2023,6:43:11,27.6,66,0,2023-07-06 06:43:11
7/6/2023,6:43:14,27.6,66,0,2023-07-06 06:43:14
7/6/2023,6:43:18,27.6,66,0,2023-07-06 06:43:18
7/6/2023,6:43:21,27.6,66,0,2023-07-06 06:43:21
7/6/2023,6:43:24,27.6,66,0,2023-07-06 06:43:24
7/6/2023,6:43:27,27.6,66,0,2023-07-06 06:43:27
7/6/2023,6:43:30,27.6,66,0,2023-07-06 06:43:30
7/6/2023,6:43:34,27.6,66,0,2023-07-06 06:43:34
7/6/2023,6:43:37,27.6,66,0,2023-07-06 06:43:37
7/6/2023,6:43:40,27.6,66,0,2023-07-06 06:43:40
7/6/2023,6:43:43,27.6,66,0,2023-07-06 06:43:43
7/6/2023,6:43:45,27.6,66,0,2023-07-06 06:43:45
7/6/2023,6:43:48,27.5,66,0,2023-07-06 06:43:48
7/6/2023,6:43:51,27.6,66,0,2023-07-06 06:43:51
7/6/2023,6:43:54,27.5,66,0,2023-07-06 06:43:54
7/6/2023,6:43:57,27.5,66,0,2023-07-06 06:43:57
7/6/2023,6:43:59,27.5,66,0,2023-07-06 06:43:59
7/6/2023,6:44:02,27.6,66,0,2023-07-06 06:44:02
7/6/2023,6:44:05,27.5,66,0,2023-07-06 06:44:05
7/6/2023,6:44:09,27.6,66,0,2023-07-06 06:44:09
7/6/2023,6:44:12,27.6,66,0,2023-07-06 06:44:12
7/6/2023,6:44:16,27.5,66,0,2023-07-06 06:44:16
7/6/2023,6:44:19,27.5,66,0,2023-07-06 06:44:19
7/6/2023,5:21:00,27.8,64,0,2023-07-06 05:21:00
7/6/2023,5:21:06,27.4,65,0,2023-07-06 05:21:06
7/6/2023,5:21:13,27.4,65,0,2023-07-06 05:21:13
7/6/2023,5:21:17,27.4,65,0,2023-07-06 05:21:17
7/6/2023,5:21:21,27.4,65,0,2023-07-06 05:21:21
7/6/2023,5:21:25,27.4,65,0,2023-07-06 05:21:25
7/6/2023,5:21:30,27.4,65,0,2023-07-06 05:21:30
7/6/2023,5:21:40,27.4,65,0,2023-07-06 05:21:40
7/6/2023,5:21:48,27.4,65,0,2023-07-06 05:21:48
7/6/2023,5:21:53,27.4,65,0,2023-07-06 05:21:53
7/6/2023,5:21:58,27.4,65,0,2023-07-06 05:21:58
7/6/2023,5:22:02,27.4,65,0,2023-07-06 05:22:02
7/6/2023,5:22:06,27.4,65,0,2023-07-06 05:22:06
7/6/2023,5:22:10,27.4,65,0,2023-07-06 05:22:10
7/6/2023,5:22:14,27.4,65,0,2023-07-06 05:22:14
7/6/2023,5:22:17,27.4,65,0,2023-07-06 05:22:17
7/6/2023,5:22:21,27.4,65,0,2023-07-06 05:22:21
7/6/2023,5:22:25,27.4,65,0,2023-07-06 05:22:25
7/6/2023,5:22:29,27.4,65,0,2023-07-06 05:22:29
7/6/2023,5:22:33,27.3,65,0,2023-07-06 05:22:33
7/6/2023,5:22:38,27.4,65,0,2023-07-06 05:22:38
7/6/2023,5:22:42,27.4,65,0,2023-07-06 05:22:42
7/6/2023,5:22:46,27.4,65,0,2023-07-06 05:22:46
7/6/2023,5:22:49,27.4,65,0,2023-07-06 05:22:49
7/6/2023,5:22:53,27.4,65,0,2023-07-06 05:22:53
7/6/2023,5:22:57,27.4,65,0,2023-07-06 05:22:57
7/6/2023,5:23:01,27.4,65,0,2023-07-06 05:23:01
7/6/2023,5:23:05,27.4,65,0,2023-07-06 05:23:05
7/6/2023,5:23:09,27.4,65,0,2023-07-06 05:23:09
7/6/2023,5:23:12,27.4,65,0,2023-07-06 05:23:12
7/6/2023,5:23:16,27.4,65,0,2023-07-06 05:23:16
7/6/2023,5:23:19,27.4,65,0,2023-07-06 05:23:19
7/6/2023,5:23:24,27.4,65,0,2023-07-06 05:23:24
7/6/2023,5:23:28,27.4,65,0,2023-07-06 05:23:28
7/6/2023,5:23:33,27.4,65,0,2023-07-06 05:23:33
7/6/2023,5:23:36,27.4,65,0,2023-07-06 05:23:36
7/6/2023,5:23:40,27.4,65,0,2023-07-06 05:23:40
7/6/2023,5:23:43,27.4,65,0,2023-07-06 05:23:43
7/7/2023,4:27:17,27.2,71,0,2023-07-07 04:27:17
7/7/2023,4:27:21,27.2,71,0,2023-07-07 04:27:21
7/7/2023,4:27:25,27.2,71,0,2023-07-07 04:27:25
7/7/2023,4:27:28,27.2,71,0,2023-07-07 04:27:28
7/7/2023,4:27:32,27.2,71,0,2023-07-07 04:27:32
7/7/2023,4:27:35,27.2,71,0,2023-07-07 04:27:35
7/7/2023,4:27:38,27.2,71,0,2023-07-07 04:27:38
7/7/2023,4:27:42,27.2,71,0,2023-07-07 04:27:42
7/7/2023,4:27:46,27.2,71,0,2023-07-07 04:27:46
7/7/2023,4:27:50,27.2,71,0,2023-07-07 04:27:50
7/7/2023,4:27:55,27.2,71,0,2023-07-07 04:27:55
7/7/2023,4:27:59,27.2,71,0,2023-07-07 04:27:59
7/7/2023,4:28:03,27.2,71,0,2023-07-07 04:28:03
7/7/2023,4:28:07,27.2,71,0,2023-07-07 04:28:07
7/7/2023,4:28:10,27.2,71,0,2023-07-07 04:28:10
7/7/2023,4:28:13,27.2,71,0,2023-07-07 04:28:13
7/7/2023,4:28:17,27.2,71,0,2023-07-07 04:28:17
7/7/2023,4:28:20,27.2,71,0,2023-07-07 04:28:20
7/7/2023,4:28:24,27.2,71,0,2023-07-07 04:28:24
7/7/2023,4:28:28,27.2,71,0,2023-07-07 04:28:28
7/7/2023,4:28:32,27.2,71,0,2023-07-07 04:28:32
7/7/2023,4:28:35,27.2,71,0,2023-07-07 04:28:35
7/7/2023,4:28:38,27.2,71,0,2023-07-07 04:28:38
7/7/2023,4:28:41,27.2,71,0,2023-07-07 04:28:41
7/7/2023,4:28:45,27.3,71,0,2023-07-07 04:28:45
7/7/2023,4:28:49,27.2,71,0,2023-07-07 04:28:49
7/7/2023,4:28:53,27.2,71,0,2023-07-07 04:28:53
7/7/2023,4:28:58,27.2,71,0,2023-07-07 04:28:58
7/7/2023,4:29:03,27.2,71,0,2023-07-07 04:29:03
7/7/2023,4:29:06,27.2,71,0,2023-07-07 04:29:06
7/7/2023,4:29:10,27.2,71,0,2023-07-07 04:29:10
7/7/2023,4:29:14,27.2,71,0,2023-07-07 04:29:14
7/7/2023,4:29:18,27.2,71,0,2023-07-07 04:29:18
7/7/2023,4:29:22,27.2,71,0,2023-07-07 04:29:22
7/7/2023,4:29:25,27.2,71,0,2023-07-07 04:29:25
7/7/2023,4:29:29,27.2,71,0,2023-07-07 04:29:29
7/7/2023,4:29:33,27.2,71,0,2023-07-07 04:29:33
7/7/2023,4:29:36,27.2,71,0,2023-07-07 04:29:36
7/7/2023,4:29:40,27.2,71,0,2023-07-07 04:29:40
7/7/2023,4:29:43,27.2,71,0,2023-07-07 04:29:43
7/7/2023,4:29:47,27.2,71,0,2023-07-07 04:29:47
7/7/2023,4:29:50,27.2,71,0,2023-07-07 04:29:50
7/7/2023,4:29:54,27.2,71,0,2023-07-07 04:29:54
7/7/2023,4:29:58,27.2,71,0,2023-07-07 04:29:58
7/7/2023,4:30:03,27.2,71,0,2023-07-07 04:30:03
7/7/2023,4:30:07,27.2,71,0,2023-07-07 04:30:07
7/7/2023,4:30:10,27.2,71,0,2023-07-07 04:30:10
7/7/2023,4:30:13,27.2,71,0,2023-07-07 04:30:13
7/7/2023,4:30:18,27.2,71,0,2023-07-07 04:30:18
7/7/2023,4:30:22,27.2,71,0,2023-07-07 04:30:22
7/7/2023,4:30:25,27.2,71,0,2023-07-07 04:30:25
7/7/2023,4:30:29,27.2,71,0,2023-07-07 04:30:29
7/7/2023,4:30:33,27.2,71,0,2023-07-07 04:30:33
7/7/2023,4:30:36,27.2,71,0,2023-07-07 04:30:36
7/7/2023,4:30:40,27.2,71,0,2023-07-07 04:30:40
7/7/2023,4:30:44,27.2,71,0,2023-07-07 04:30:44
7/7/2023,4:30:48,27.2,71,0,2023-07-07 04:30:48
7/7/2023,4:30:52,27.2,71,0,2023-07-07 04:30:52
7/7/2023,4:30:55,27.2,71,0,2023-07-07 04:30:55
7/7/2023,4:30:59,27.2,71,0,2023-07-07 04:30:59
7/7/2023,4:31:02,27.2,71,0,2023-07-07 04:31:02
7/7/2023,4:31:06,27.2,71,0,2023-07-07 04:31:06
7/7/2023,4:31:09,27.2,71,0,2023-07-07 04:31:09
7/7/2023,4:31:12,27.2,71,0,2023-07-07 04:31:12
7/7/2023,4:31:16,27.2,71,0,2023-07-07 04:31:16
7/7/2023,4:31:19,27.2,71,0,2023-07-07 04:31:19
7/7/2023,4:31:22,27.2,71,0,2023-07-07 04:31:22
7/7/2023,4:31:26,27.2,71,0,2023-07-07 04:31:26
7/7/2023,4:31:29,27.2,71,0,2023-07-07 04:31:29
7/7/2023,4:31:33,27.2,71,0,2023-07-07 04:31:33
7/7/2023,4:31:36,27.2,71,0,2023-07-07 04:31:36
7/7/2023,4:31:40,27.2,71,0,2023-07-07 04:31:40
7/7/2023,4:31:43,27.2,71,0,2023-07-07 04:31:43
7/7/2023,4:31:46,27.2,71,0,2023-07-07 04:31:46
7/7/2023,4:31:50,27.2,71,0,2023-07-07 04:31:50
7/7/2023,4:31:54,27.2,71,0,2023-07-07 04:31:54
7/7/2023,4:31:57,27.2,71,0,2023-07-07 04:31:57
7/7/2023,4:32:01,27.2,71,0,2023-07-07 04:32:01
7/7/2023,4:32:04,27.2,71,0,2023-07-07 04:32:04
7/7/2023,4:32:07,27.2,71,0,2023-07-07 04:32:07
7/7/2023,4:32:10,27.2,71,0,2023-07-07 04:32:10
7/7/2023,4:32:13,27.2,71,0,2023-07-07 04:32:13
7/7/2023,4:32:17,27.2,71,0,2023-07-07 04:32:17
7/7/2023,4:32:20,27.2,71,0,2023-07-07 04:32:20
7/7/2023,4:32:24,27.2,71,0,2023-07-07 04:32:24
7/7/2023,4:32:27,27.2,71,0,2023-07-07 04:32:27
7/7/2023,4:32:30,27.2,71,0,2023-07-07 04:32:30
7/7/2023,4:32:33,27.2,71,0,2023-07-07 04:32:33
7/7/2023,4:32:37,27.2,71,0,2023-07-07 04:32:37
7/7/2023,4:32:40,27.2,71,0,2023-07-07 04:32:40
7/7/2023,4:32:44,27.2,71,0,2023-07-07 04:32:44
7/7/2023,4:32:48,27.2,71,0,2023-07-07 04:32:48
7/7/2023,4:32:51,27.2,71,0,2023-07-07 04:32:51
7/7/2023,4:32:54,27.2,71,0,2023-07-07 04:32:54
7/7/2023,4:32:58,27.2,71,0,2023-07-07 04:32:58
7/7/2023,4:33:01,27.2,71,0,2023-07-07 04:33:01
7/7/2023,4:33:05,27.2,71,0,2023-07-07 04:33:05
7/7/2023,4:33:08,27.2,71,0,2023-07-07 04:33:08
7/7/2023,4:33:12,27.2,71,0,2023-07-07 04:33:12
7/7/2023,4:33:15,27.2,71,0,2023-07-07 04:33:15
7/7/2023,4:33:19,27.2,71,0,2023-07-07 04:33:19
7/7/2023,4:33:22,27.2,71,0,2023-07-07 04:33:22
7/7/2023,4:33:25,27.2,71,0,2023-07-07 04:33:25
7/7/2023,4:33:31,27.2,71,0,2023-07-07 04:33:31
7/7/2023,4:33:34,27.2,71,0,2023-07-07 04:33:34
7/7/2023,4:33:38,27.2,71,0,2023-07-07 04:33:38
7/7/2023,4:34:30,27.2,71,0,2023-07-07 04:34:30
7/7/2023,4:34:34,27.2,71,0,2023-07-07 04:34:34
7/7/2023,4:34:37,27.2,71,0,2023-07-07 04:34:37
7/7/2023,4:34:40,27.2,71,0,2023-07-07 04:34:40
7/7/2023,4:34:44,27.2,71,0,2023-07-07 04:34:44
7/7/2023,4:34:47,27.2,71,0,2023-07-07 04:34:47
7/7/2023,4:34:50,27.2,71,0,2023-07-07 04:34:50
7/7/2023,4:34:54,27.2,71,0,2023-07-07 04:34:54
7/7/2023,4:34:58,27.2,71,0,2023-07-07 04:34:58
7/7/2023,4:35:01,27.2,71,0,2023-07-07 04:35:01
7/7/2023,4:35:04,27.2,71,0,2023-07-07 04:35:04
7/7/2023,4:35:07,27.2,71,0,2023-07-07 04:35:07
7/7/2023,4:35:11,27.2,71,0,2023-07-07 04:35:11
7/7/2023,4:35:14,27.2,71,0,2023-07-07 04:35:14
7/7/2023,4:35:18,27.2,71,0,2023-07-07 04:35:18
7/7/2023,4:35:21,27.2,71,0,2023-07-07 04:35:21
7/7/2023,4:35:24,27.2,71,0,2023-07-07 04:35:24
7/7/2023,4:35:27,27.2,71,0,2023-07-07 04:35:27
7/7/2023,4:35:31,27.2,71,0,2023-07-07 04:35:31
7/7/2023,4:35:35,27.2,71,0,2023-07-07 04:35:35
7/7/2023,4:35:38,27.2,71,0,2023-07-07 04:35:38
7/7/2023,4:35:42,27.2,71,0,2023-07-07 04:35:42
7/7/2023,4:35:45,27.2,71,0,2023-07-07 04:35:45
7/7/2023,4:35:49,27.2,71,0,2023-07-07 04:35:49
7/7/2023,4:35:52,27.2,71,0,2023-07-07 04:35:52
7/7/2023,4:35:55,27.2,71,0,2023-07-07 04:35:55
7/7/2023,4:35:58,27.2,71,0,2023-07-07 04:35:58
7/7/2023,4:36:01,27.2,71,0,2023-07-07 04:36:01
7/7/2023,4:36:05,27.2,71,0,2023-07-07 04:36:05
7/7/2023,4:36:08,27.2,71,0,2023-07-07 04:36:08
7/7/2023,4:36:12,27.2,71,0,2023-07-07 04:36:12
7/7/2023,4:36:16,27.2,71,0,2023-07-07 04:36:16
7/7/2023,4:36:20,27.2,71,0,2023-07-07 04:36:20
7/7/2023,4:36:23,27.2,71,0,2023-07-07 04:36:23
7/7/2023,4:36:27,27.2,71,0,2023-07-07 04:36:27
7/7/2023,4:36:30,27.2,71,0,2023-07-07 04:36:30
7/7/2023,4:36:34,27.2,71,0,2023-07-07 04:36:34
7/7/2023,4:36:37,27.2,71,0,2023-07-07 04:36:37
7/7/2023,4:36:41,27.2,71,0,2023-07-07 04:36:41
7/7/2023,4:36:45,27.2,71,0,2023-07-07 04:36:45
7/7/2023,4:36:48,27.2,71,0,2023-07-07 04:36:48
7/7/2023,4:36:51,27.2,71,0,2023-07-07 04:36:51
7/7/2023,4:36:54,27.2,71,0,2023-07-07 04:36:54
7/7/2023,4:36:58,27.2,71,0,2023-07-07 04:36:58
7/7/2023,4:37:01,27.2,71,0,2023-07-07 04:37:01
7/7/2023,4:37:05,27.2,71,0,2023-07-07 04:37:05
7/7/2023,4:37:08,27.2,71,0,2023-07-07 04:37:08
7/7/2023,4:37:12,27.2,71,0,2023-07-07 04:37:12
7/7/2023,4:37:15,27.2,71,0,2023-07-07 04:37:15
7/7/2023,4:37:19,27.2,71,0,2023-07-07 04:37:19
7/7/2023,4:37:24,27.2,71,0,2023-07-07 04:37:24
7/7/2023,4:37:27,27.2,71,0,2023-07-07 04:37:27
7/7/2023,4:37:31,27.2,71,0,2023-07-07 04:37:31
7/7/2023,4:37:34,27.2,71,0,2023-07-07 04:37:34
7/7/2023,4:37:37,27.2,71,0,2023-07-07 04:37:37
7/7/2023,4:37:41,27.2,71,0,2023-07-07 04:37:41
7/7/2023,4:37:45,27.2,71,0,2023-07-07 04:37:45
7/7/2023,4:37:48,27.2,71,0,2023-07-07 04:37:48
7/7/2023,4:37:52,27.2,71,0,2023-07-07 04:37:52
7/7/2023,4:37:56,27.2,71,0,2023-07-07 04:37:56
7/7/2023,4:38:00,27.2,71,0,2023-07-07 04:38:00
7/7/2023,4:38:03,27.3,71,0,2023-07-07 04:38:03
7/7/2023,4:38:07,27.2,71,0,2023-07-07 04:38:07
7/7/2023,4:38:11,27.2,71,0,2023-07-07 04:38:11
7/7/2023,4:38:14,27.2,71,0,2023-07-07 04:38:14
7/7/2023,4:38:17,27.2,71,0,2023-07-07 04:38:17
7/7/2023,4:38:21,27.2,71,0,2023-07-07 04:38:21
7/7/2023,4:38:24,27.2,71,0,2023-07-07 04:38:24
7/7/2023,4:38:27,27.2,71,0,2023-07-07 04:38:27
7/7/2023,4:38:31,27.2,71,0,2023-07-07 04:38:31
7/7/2023,4:38:35,27.2,71,0,2023-07-07 04:38:35
7/7/2023,4:38:38,27.2,71,0,2023-07-07 04:38:38
7/7/2023,4:38:41,27.2,71,0,2023-07-07 04:38:41
7/7/2023,4:38:45,27.2,71,0,2023-07-07 04:38:45
7/7/2023,4:38:48,27.2,71,0,2023-07-07 04:38:48
7/7/2023,4:38:52,27.2,71,0,2023-07-07 04:38:52
7/7/2023,4:38:55,27.2,71,0,2023-07-07 04:38:55
7/7/2023,4:38:58,27.2,71,0,2023-07-07 04:38:58
7/7/2023,4:39:01,27.2,71,0,2023-07-07 04:39:01
7/7/2023,4:39:04,27.2,71,0,2023-07-07 04:39:04
7/7/2023,4:39:08,27.2,71,0,2023-07-07 04:39:08
7/7/2023,4:39:11,27.2,71,0,2023-07-07 04:39:11
7/7/2023,4:39:16,27.2,71,0,2023-07-07 04:39:16
7/7/2023,4:39:20,27.2,71,0,2023-07-07 04:39:20
7/7/2023,4:39:25,27.2,71,0,2023-07-07 04:39:25
7/7/2023,4:39:28,27.2,71,0,2023-07-07 04:39:28
7/7/2023,4:39:31,27.2,71,0,2023-07-07 04:39:31
7/7/2023,4:39:35,27.2,71,0,2023-07-07 04:39:35
7/7/2023,4:39:38,27.2,71,0,2023-07-07 04:39:38
7/7/2023,4:39:42,27.2,71,0,2023-07-07 04:39:42
7/7/2023,4:39:46,27.2,71,0,2023-07-07 04:39:46
7/7/2023,4:39:49,27.2,71,0,2023-07-07 04:39:49
7/7/2023,4:39:54,27.2,71,0,2023-07-07 04:39:54
7/7/2023,4:39:58,27.2,71,0,2023-07-07 04:39:58
7/7/2023,4:40:02,27.2,71,0,2023-07-07 04:40:02
7/7/2023,4:40:05,27.2,71,0,2023-07-07 04:40:05
7/7/2023,4:40:09,27.2,71,0,2023-07-07 04:40:09
7/7/2023,4:40:13,27.2,71,0,2023-07-07 04:40:13
7/7/2023,4:40:17,27.2,71,0,2023-07-07 04:40:17
7/7/2023,4:40:21,27.2,71,0,2023-07-07 04:40:21
7/7/2023,4:40:25,27.2,71,0,2023-07-07 04:40:25
7/7/2023,4:40:29,27.2,71,0,2023-07-07 04:40:29
7/7/2023,4:40:32,27.2,71,0,2023-07-07 04:40:32
7/7/2023,4:40:36,27.2,71,0,2023-07-07 04:40:36
7/7/2023,4:40:40,27.2,71,0,2023-07-07 04:40:40
7/7/2023,4:40:43,27.2,71,0,2023-07-07 04:40:43
7/7/2023,4:40:47,27.2,71,0,2023-07-07 04:40:47
7/7/2023,4:40:51,27.2,71,0,2023-07-07 04:40:51
7/7/2023,4:40:55,27.2,71,0,2023-07-07 04:40:55
7/7/2023,4:41:00,27.2,71,0,2023-07-07 04:41:00
7/7/2023,4:41:05,27.2,71,0,2023-07-07 04:41:05
7/7/2023,4:41:08,27.2,71,0,2023-07-07 04:41:08
7/7/2023,4:41:12,27.2,71,0,2023-07-07 04:41:12
7/7/2023,4:41:16,27.2,71,0,2023-07-07 04:41:16
7/7/2023,4:41:19,27.2,71,0,2023-07-07 04:41:19
7/7/2023,4:41:23,27.2,71,0,2023-07-07 04:41:23
7/7/2023,4:41:27,27.2,71,0,2023-07-07 04:41:27
7/7/2023,4:41:31,27.2,71,0,2023-07-07 04:41:31
7/7/2023,4:41:35,27.2,71,0,2023-07-07 04:41:35
7/7/2023,4:41:38,27.2,71,0,2023-07-07 04:41:38
7/7/2023,4:41:43,27.2,71,0,2023-07-07 04:41:43
7/7/2023,4:41:47,27.2,71,0,2023-07-07 04:41:47
7/7/2023,4:41:51,27.2,71,0,2023-07-07 04:41:51
7/7/2023,4:41:54,27.2,71,0,2023-07-07 04:41:54
7/7/2023,4:41:58,27.2,71,0,2023-07-07 04:41:58
7/7/2023,4:42:02,27.2,71,0,2023-07-07 04:42:02
7/7/2023,4:42:05,27.2,71,0,2023-07-07 04:42:05
7/7/2023,4:42:09,27.2,71,0,2023-07-07 04:42:09
7/7/2023,4:42:13,27.2,71,0,2023-07-07 04:42:13
7/7/2023,4:42:16,27.2,71,0,2023-07-07 04:42:16
7/7/2023,4:42:20,27.2,71,0,2023-07-07 04:42:20
7/7/2023,4:42:24,27.2,71,0,2023-07-07 04:42:24
7/7/2023,4:42:27,27.2,71,0,2023-07-07 04:42:27
7/7/2023,4:42:31,27.2,71,0,2023-07-07 04:42:31
7/7/2023,4:42:37,27.2,71,0,2023-07-07 04:42:37
7/7/2023,4:42:42,27.2,71,0,2023-07-07 04:42:42
7/7/2023,4:42:46,27.2,71,0,2023-07-07 04:42:46
7/7/2023,4:42:50,27.2,71,0,2023-07-07 04:42:50
7/7/2023,4:42:54,27.2,71,0,2023-07-07 04:42:54
7/7/2023,4:42:58,27.2,71,0,2023-07-07 04:42:58
7/7/2023,4:43:01,27.2,71,0,2023-07-07 04:43:01
7/7/2023,4:43:06,27.2,71,0,2023-07-07 04:43:06
7/7/2023,4:43:11,27.2,71,0,2023-07-07 04:43:11
7/7/2023,4:43:15,27.2,71,0,2023-07-07 04:43:15
7/7/2023,4:43:20,27.2,71,0,2023-07-07 04:43:20
7/7/2023,4:43:24,27.2,71,0,2023-07-07 04:43:24
7/7/2023,4:43:28,27.2,71,0,2023-07-07 04:43:28
7/7/2023,4:43:34,27.2,71,0,2023-07-07 04:43:34
7/7/2023,4:43:39,27.2,71,0,2023-07-07 04:43:39
7/7/2023,4:43:44,27.2,71,0,2023-07-07 04:43:44
7/7/2023,4:43:48,27.2,71,0,2023-07-07 04:43:48
7/7/2023,4:43:53,27.2,71,0,2023-07-07 04:43:53
7/7/2023,4:43:57,27.2,71,0,2023-07-07 04:43:57
7/7/2023,4:44:00,27.2,71,0,2023-07-07 04:44:00
7/7/2023,4:44:04,27.2,71,0,2023-07-07 04:44:04
7/7/2023,4:44:07,27.2,71,0,2023-07-07 04:44:07
7/7/2023,4:44:11,27.2,71,0,2023-07-07 04:44:11
7/7/2023,4:44:15,27.2,71,0,2023-07-07 04:44:15
7/7/2023,4:44:20,27.2,71,0,2023-07-07 04:44:20
7/7/2023,4:44:25,27.2,71,0,2023-07-07 04:44:25
7/7/2023,4:44:30,27.2,71,0,2023-07-07 04:44:30
7/7/2023,4:44:34,27.2,71,0,2023-07-07 04:44:34
7/7/2023,4:44:39,27.2,71,0,2023-07-07 04:44:39
7/7/2023,4:44:43,27.2,71,0,2023-07-07 04:44:43
7/7/2023,4:44:47,27.2,71,0,2023-07-07 04:44:47
7/7/2023,4:44:50,27.2,71,0,2023-07-07 04:44:50
7/7/2023,4:44:55,27.2,71,0,2023-07-07 04:44:55
7/7/2023,4:44:59,27.2,71,0,2023-07-07 04:44:59
7/7/2023,4:45:02,27.2,71,0,2023-07-07 04:45:02
7/7/2023,4:45:06,27.2,71,0,2023-07-07 04:45:06
7/7/2023,4:45:09,27.2,71,0,2023-07-07 04:45:09
7/7/2023,4:45:12,27.2,71,0,2023-07-07 04:45:12
7/7/2023,4:45:15,27.2,71,0,2023-07-07 04:45:15
7/7/2023,4:45:19,27.2,71,0,2023-07-07 04:45:19
7/7/2023,4:45:23,27.2,71,0,2023-07-07 04:45:23
7/7/2023,4:46:12,27.2,71,0,2023-07-07 04:46:12
7/7/2023,4:46:17,27.2,71,0,2023-07-07 04:46:17
7/7/2023,4:46:21,27.1,71,0,2023-07-07 04:46:21
7/7/2023,4:46:25,27.1,71,0,2023-07-07 04:46:25
7/7/2023,4:46:30,27.1,71,0,2023-07-07 04:46:30
7/7/2023,4:46:33,27.1,71,0,2023-07-07 04:46:33
7/7/2023,4:46:37,27.1,71,0,2023-07-07 04:46:37
7/7/2023,4:46:40,27.1,71,0,2023-07-07 04:46:40
7/7/2023,4:46:44,27.1,71,0,2023-07-07 04:46:44
7/7/2023,4:46:47,27.1,71,0,2023-07-07 04:46:47
7/7/2023,4:46:51,27.1,71,0,2023-07-07 04:46:51
7/7/2023,4:46:54,27.1,71,0,2023-07-07 04:46:54
7/7/2023,4:46:58,27.1,71,0,2023-07-07 04:46:58
7/7/2023,4:47:02,27.1,71,0,2023-07-07 04:47:02
7/7/2023,4:47:07,27.1,71,0,2023-07-07 04:47:07
7/7/2023,4:47:11,27.1,71,0,2023-07-07 04:47:11
7/7/2023,4:47:15,27.1,71,0,2023-07-07 04:47:15
7/7/2023,4:47:20,27.1,71,0,2023-07-07 04:47:20
7/7/2023,4:47:25,27.1,71,0,2023-07-07 04:47:25
7/7/2023,4:47:31,27.1,71,0,2023-07-07 04:47:31
7/7/2023,4:47:36,27.1,71,0,2023-07-07 04:47:36
7/7/2023,4:47:42,27.1,71,0,2023-07-07 04:47:42
7/7/2023,4:47:47,27.1,71,0,2023-07-07 04:47:47
7/7/2023,4:47:52,27.1,71,0,2023-07-07 04:47:52
7/7/2023,4:47:58,27.1,71,0,2023-07-07 04:47:58
7/7/2023,4:48:04,27.1,71,0,2023-07-07 04:48:04
7/7/2023,4:48:08,27.1,71,0,2023-07-07 04:48:08
7/7/2023,4:48:12,27.1,71,0,2023-07-07 04:48:12
7/7/2023,4:48:17,27.1,71,0,2023-07-07 04:48:17
7/7/2023,4:48:21,27.1,71,0,2023-07-07 04:48:21
7/7/2023,4:48:25,27.1,71,0,2023-07-07 04:48:25
7/7/2023,4:48:29,27.1,71,0,2023-07-07 04:48:29
7/7/2023,4:48:33,27.1,71,0,2023-07-07 04:48:33
7/7/2023,4:48:39,27.1,71,0,2023-07-07 04:48:39
7/7/2023,4:48:43,27.1,71,0,2023-07-07 04:48:43
7/7/2023,4:48:47,27.1,71,0,2023-07-07 04:48:47
7/7/2023,4:48:52,27.1,71,0,2023-07-07 04:48:52
7/7/2023,4:48:56,27.1,71,0,2023-07-07 04:48:56
7/7/2023,4:49:03,27.1,71,0,2023-07-07 04:49:03
7/7/2023,4:49:09,27.1,71,0,2023-07-07 04:49:09
7/7/2023,4:49:13,27.1,71,0,2023-07-07 04:49:13
7/7/2023,4:49:16,27.1,71,0,2023-07-07 04:49:16
7/7/2023,4:49:20,27.1,71,0,2023-07-07 04:49:20
7/7/2023,4:49:24,27.1,71,0,2023-07-07 04:49:24
7/7/2023,4:49:27,27.1,71,0,2023-07-07 04:49:27
7/7/2023,4:49:31,27.1,71,0,2023-07-07 04:49:31
7/7/2023,4:49:35,27.2,71,0,2023-07-07 04:49:35
7/7/2023,4:49:38,27.1,71,0,2023-07-07 04:49:38
7/7/2023,4:49:41,27.1,71,0,2023-07-07 04:49:41
7/7/2023,4:49:45,27.1,71,0,2023-07-07 04:49:45
7/7/2023,4:49:48,27.1,71,0,2023-07-07 04:49:48
7/7/2023,4:49:52,27.1,71,0,2023-07-07 04:49:52
7/8/2023,8:23:46,26.3,74,0,2023-07-08 08:23:46
7/8/2023,8:23:50,26.6,73,0,2023-07-08 08:23:50
7/8/2023,8:23:53,26.6,73,0,2023-07-08 08:23:53
7/8/2023,8:23:56,26.6,73,0,2023-07-08 08:23:56
7/8/2023,8:23:59,26.6,73,0,2023-07-08 08:23:59
7/8/2023,8:24:02,26.6,73,0,2023-07-08 08:24:02
7/8/2023,8:24:05,26.6,73,0,2023-07-08 08:24:05
7/8/2023,8:24:08,26.6,73,0,2023-07-08 08:24:08
7/8/2023,8:24:12,26.6,73,0,2023-07-08 08:24:12
7/8/2023,8:24:15,26.7,73,0,2023-07-08 08:24:15
7/8/2023,8:24:18,26.7,73,0,2023-07-08 08:24:18
7/8/2023,8:31:50,26.7,72,0,2023-07-08 08:31:50
7/8/2023,8:31:53,26.8,72,0,2023-07-08 08:31:53
7/8/2023,8:31:56,26.7,72,0,2023-07-08 08:31:56
7/8/2023,8:31:59,26.7,72,0,2023-07-08 08:31:59
7/8/2023,8:32:04,26.7,72,0,2023-07-08 08:32:04
7/8/2023,8:32:07,26.7,72,0,2023-07-08 08:32:07
7/8/2023,8:32:10,26.7,72,0,2023-07-08 08:32:10
7/8/2023,8:32:14,26.7,72,0,2023-07-08 08:32:14
7/8/2023,8:32:17,26.7,72,0,2023-07-08 08:32:17
7/8/2023,8:32:20,26.7,72,0,2023-07-08 08:32:20
7/8/2023,8:32:23,26.7,72,0,2023-07-08 08:32:23
7/8/2023,8:32:26,26.7,72,0,2023-07-08 08:32:26
7/8/2023,8:32:29,26.7,72,0,2023-07-08 08:32:29
7/8/2023,8:32:32,26.7,72,0,2023-07-08 08:32:32
7/8/2023,8:32:35,26.7,72,0,2023-07-08 08:32:35
7/8/2023,8:32:38,26.7,72,0,2023-07-08 08:32:38
7/8/2023,8:32:43,26.7,72,0,2023-07-08 08:32:43
7/8/2023,14:14:26,26.9,72,0,2023-07-08 14:14:26
7/8/2023,14:14:30,26.9,72,0,2023-07-08 14:14:30
7/8/2023,14:14:33,26.9,72,0,2023-07-08 14:14:33
7/8/2023,14:14:36,26.9,72,0,2023-07-08 14:14:36
7/8/2023,14:14:40,26.9,72,0,2023-07-08 14:14:40
7/8/2023,14:14:44,26.9,72,0,2023-07-08 14:14:44
7/8/2023,14:14:47,26.9,72,0,2023-07-08 14:14:47
7/8/2023,14:14:51,26.9,72,0,2023-07-08 14:14:51
7/8/2023,14:14:54,26.9,72,0,2023-07-08 14:14:54
7/8/2023,14:14:57,26.9,72,0,2023-07-08 14:14:57
7/8/2023,14:15:00,26.9,72,0,2023-07-08 14:15:00
7/8/2023,14:15:04,26.9,72,0,2023-07-08 14:15:04
7/8/2023,14:15:07,26.9,72,0,2023-07-08 14:15:07
7/8/2023,14:15:12,26.9,72,0,2023-07-08 14:15:12
7/8/2023,14:15:16,26.9,72,0,2023-07-08 14:15:16
7/8/2023,14:15:19,26.9,72,0,2023-07-08 14:15:19
7/8/2023,14:15:23,26.9,72,0,2023-07-08 14:15:23
7/8/2023,14:15:26,26.9,72,0,2023-07-08 14:15:26
7/8/2023,14:15:30,26.9,72,0,2023-07-08 14:15:30
7/8/2023,14:15:33,26.9,72,0,2023-07-08 14:15:33
7/8/2023,14:15:36,26.9,72,0,2023-07-08 14:15:36
7/8/2023,14:15:40,26.9,72,0,2023-07-08 14:15:40
7/8/2023,14:15:43,26.9,72,0,2023-07-08 14:15:43
7/8/2023,14:15:46,26.9,72,0,2023-07-08 14:15:46
7/8/2023,14:15:50,26.9,72,0,2023-07-08 14:15:50
7/8/2023,14:15:54,26.9,72,0,2023-07-08 14:15:54
7/8/2023,14:15:57,26.9,72,0,2023-07-08 14:15:57
7/8/2023,14:16:00,26.9,72,0,2023-07-08 14:16:00
7/8/2023,14:16:03,26.9,72,0,2023-07-08 14:16:03
7/8/2023,14:16:06,26.9,72,0,2023-07-08 14:16:06
7/8/2023,14:16:09,26.9,72,0,2023-07-08 14:16:09
7/8/2023,14:16:13,26.9,72,0,2023-07-08 14:16:13
7/8/2023,14:16:16,26.9,72,0,2023-07-08 14:16:16
7/8/2023,14:16:19,26.9,72,0,2023-07-08 14:16:19
7/8/2023,14:16:23,26.9,72,0,2023-07-08 14:16:23
7/8/2023,14:16:26,26.9,72,0,2023-07-08 14:16:26
7/8/2023,14:16:29,26.9,72,0,2023-07-08 14:16:29
7/8/2023,14:16:32,26.9,72,0,2023-07-08 14:16:32
7/8/2023,14:16:35,26.9,72,0,2023-07-08 14:16:35
7/8/2023,14:16:38,26.9,72,0,2023-07-08 14:16:38
7/8/2023,14:16:42,26.9,72,0,2023-07-08 14:16:42
7/8/2023,14:16:45,26.9,72,0,2023-07-08 14:16:45
7/8/2023,14:16:48,26.9,72,0,2023-07-08 14:16:48
7/8/2023,14:16:52,26.9,72,0,2023-07-08 14:16:52
7/8/2023,14:16:55,26.9,72,0,2023-07-08 14:16:55
7/8/2023,14:17:01,26.9,72,0,2023-07-08 14:17:01
7/8/2023,14:17:05,26.9,72,0,2023-07-08 14:17:05
7/8/2023,14:17:08,26.9,72,0,2023-07-08 14:17:08
7/8/2023,14:17:12,26.9,72,0,2023-07-08 14:17:12
7/8/2023,14:17:16,26.9,72,0,2023-07-08 14:17:16
7/8/2023,14:17:22,26.9,72,0,2023-07-08 14:17:22
7/8/2023,14:17:25,26.9,72,0,2023-07-08 14:17:25
7/8/2023,14:17:29,26.9,72,0,2023-07-08 14:17:29
7/8/2023,14:17:33,26.9,72,0,2023-07-08 14:17:33
7/8/2023,14:17:36,26.9,72,0,2023-07-08 14:17:36
7/8/2023,14:17:39,26.9,72,0,2023-07-08 14:17:39
7/8/2023,14:17:42,26.9,72,0,2023-07-08 14:17:42
7/8/2023,14:17:45,26.9,72,0,2023-07-08 14:17:45
7/8/2023,14:17:49,26.9,72,0,2023-07-08 14:17:49
7/8/2023,14:17:51,26.9,72,0,2023-07-08 14:17:51
7/8/2023,14:17:55,26.9,72,0,2023-07-08 14:17:55
7/8/2023,14:18:02,26.9,72,0,2023-07-08 14:18:02
7/8/2023,17:42:56,26.9,67,0,2023-07-08 17:42:56
7/8/2023,17:43:00,26.9,67,0,2023-07-08 17:43:00
7/8/2023,17:43:03,26.9,67,0,2023-07-08 17:43:03
7/8/2023,17:43:07,26.9,67,0,2023-07-08 17:43:07
7/8/2023,17:43:10,26.9,67,0,2023-07-08 17:43:10
7/8/2023,17:43:13,26.9,67,0,2023-07-08 17:43:13
7/8/2023,17:43:16,26.9,67,0,2023-07-08 17:43:16
7/8/2023,17:43:20,26.9,67,0,2023-07-08 17:43:20
7/8/2023,17:43:24,26.9,67,0,2023-07-08 17:43:24
7/8/2023,17:43:27,26.9,67,0,2023-07-08 17:43:27
7/8/2023,17:43:31,26.9,67,0,2023-07-08 17:43:31
7/8/2023,17:43:34,26.9,67,0,2023-07-08 17:43:34
7/8/2023,17:43:38,26.9,67,0,2023-07-08 17:43:38
7/8/2023,17:43:41,26.9,67,0,2023-07-08 17:43:41
7/8/2023,17:44:31,26.9,67,0,2023-07-08 17:44:31
7/8/2023,17:44:35,26.9,67,0,2023-07-08 17:44:35
7/8/2023,17:44:38,26.9,67,0,2023-07-08 17:44:38
7/8/2023,17:44:42,26.9,67,0,2023-07-08 17:44:42
7/8/2023,17:44:46,26.9,67,0,2023-07-08 17:44:46
7/8/2023,17:44:49,26.9,67,0,2023-07-08 17:44:49
7/8/2023,17:44:52,26.9,67,0,2023-07-08 17:44:52
7/8/2023,17:44:56,26.9,67,0,2023-07-08 17:44:56
7/8/2023,17:44:58,26.9,67,0,2023-07-08 17:44:58
7/8/2023,17:45:02,26.9,67,0,2023-07-08 17:45:02
7/8/2023,17:45:05,26.9,67,0,2023-07-08 17:45:05
7/8/2023,17:45:08,26.9,67,0,2023-07-08 17:45:08
7/8/2023,17:45:12,26.9,67,0,2023-07-08 17:45:12
7/8/2023,17:45:15,26.9,67,0,2023-07-08 17:45:15
7/8/2023,17:45:18,26.9,67,0,2023-07-08 17:45:18
7/8/2023,17:45:22,26.9,67,0,2023-07-08 17:45:22
7/8/2023,17:45:25,26.9,67,0,2023-07-08 17:45:25
7/8/2023,17:45:28,26.9,67,0,2023-07-08 17:45:28
7/8/2023,17:45:32,26.9,67,0,2023-07-08 17:45:32
7/8/2023,17:45:35,26.9,67,0,2023-07-08 17:45:35
7/8/2023,17:45:38,26.9,67,0,2023-07-08 17:45:38
7/8/2023,17:45:42,26.9,67,0,2023-07-08 17:45:42
7/8/2023,17:45:45,26.9,67,0,2023-07-08 17:45:45
7/8/2023,17:45:48,26.9,67,0,2023-07-08 17:45:48
7/8/2023,17:45:51,26.9,67,0,2023-07-08 17:45:51
7/8/2023,17:45:54,26.9,67,0,2023-07-08 17:45:54
7/8/2023,17:45:57,26.9,67,0,2023-07-08 17:45:57
7/8/2023,17:46:01,26.9,67,0,2023-07-08 17:46:01
7/8/2023,17:46:04,26.9,67,0,2023-07-08 17:46:04
7/8/2023,17:46:07,26.9,67,0,2023-07-08 17:46:07
7/8/2023,17:46:10,26.9,67,0,2023-07-08 17:46:10
7/8/2023,17:46:13,26.9,67,0,2023-07-08 17:46:13
7/8/2023,17:46:17,26.9,67,0,2023-07-08 17:46:17
7/8/2023,17:46:21,26.9,67,0,2023-07-08 17:46:21
7/8/2023,17:46:24,26.9,67,0,2023-07-08 17:46:24
7/8/2023,17:46:27,26.9,67,0,2023-07-08 17:46:27
7/8/2023,17:46:30,26.9,67,0,2023-07-08 17:46:30
7/8/2023,17:46:34,26.9,67,0,2023-07-08 17:46:34
7/8/2023,17:46:37,26.9,67,0,2023-07-08 17:46:37
7/8/2023,17:46:40,26.9,67,0,2023-07-08 17:46:40
7/8/2023,17:46:43,26.9,67,0,2023-07-08 17:46:43
7/8/2023,17:46:47,26.9,67,0,2023-07-08 17:46:47
7/8/2023,17:46:51,26.9,67,2,2023-07-08 17:46:51
7/8/2023,17:46:54,26.9,67,3,2023-07-08 17:46:54
7/8/2023,17:46:57,26.9,67,4,2023-07-08 17:46:57
7/8/2023,17:47:00,26.9,67,4,2023-07-08 17:47:00
7/8/2023,17:47:04,26.9,67,4,2023-07-08 17:47:04
7/8/2023,17:47:07,26.9,67,4,2023-07-08 17:47:07
7/8/2023,17:47:10,26.9,67,4,2023-07-08 17:47:10
7/8/2023,17:47:14,26.9,67,4,2023-07-08 17:47:14
7/8/2023,17:47:17,26.9,67,5,2023-07-08 17:47:17
7/8/2023,17:47:20,26.9,67,0,2023-07-08 17:47:20
7/8/2023,17:47:24,26.9,67,0,2023-07-08 17:47:24
7/8/2023,17:47:28,26.9,67,0,2023-07-08 17:47:28
7/8/2023,17:47:31,26.9,67,0,2023-07-08 17:47:31
7/8/2023,17:47:35,26.9,67,0,2023-07-08 17:47:35
7/8/2023,17:47:41,26.9,67,0,2023-07-08 17:47:41
7/8/2023,17:47:44,26.9,67,0,2023-07-08 17:47:44
7/8/2023,17:47:47,26.9,67,0,2023-07-08 17:47:47
7/8/2023,17:47:50,26.9,67,0,2023-07-08 17:47:50
7/8/2023,17:47:54,26.9,67,0,2023-07-08 17:47:54
7/8/2023,17:47:57,26.9,67,0,2023-07-08 17:47:57
7/8/2023,17:48:00,26.9,67,0,2023-07-08 17:48:00
7/8/2023,17:48:03,26.9,67,0,2023-07-08 17:48:03
7/8/2023,17:48:06,26.9,67,0,2023-07-08 17:48:06
7/8/2023,17:48:10,26.9,67,0,2023-07-08 17:48:10
7/8/2023,17:49:15,26.9,67,0,2023-07-08 17:49:15
7/8/2023,17:49:18,26.9,67,0,2023-07-08 17:49:18
7/9/2023,12:13:10,25.5,75,0,2023-07-09 12:13:10
7/9/2023,12:13:14,25.6,76,0,2023-07-09 12:13:14
7/9/2023,12:13:18,25.6,76,0,2023-07-09 12:13:18
7/9/2023,12:13:22,25.6,76,0,2023-07-09 12:13:22
7/9/2023,12:13:26,25.6,76,0,2023-07-09 12:13:26
7/9/2023,12:13:30,25.6,76,0,2023-07-09 12:13:30
7/9/2023,12:13:34,25.6,76,0,2023-07-09 12:13:34
7/9/2023,12:13:38,25.6,76,0,2023-07-09 12:13:38
7/9/2023,12:13:42,25.6,76,0,2023-07-09 12:13:42
7/9/2023,12:13:46,25.6,76,0,2023-07-09 12:13:46
7/9/2023,12:13:50,25.6,76,0,2023-07-09 12:13:50
7/9/2023,12:13:54,25.6,76,0,2023-07-09 12:13:54
7/9/2023,12:13:59,25.6,76,0,2023-07-09 12:13:59
7/9/2023,12:14:02,25.6,76,0,2023-07-09 12:14:02
7/9/2023,12:14:06,25.6,76,0,2023-07-09 12:14:06
7/9/2023,12:14:11,25.6,76,0,2023-07-09 12:14:11
7/9/2023,12:14:14,25.6,76,0,2023-07-09 12:14:14
7/9/2023,12:14:19,25.6,76,0,2023-07-09 12:14:19
7/9/2023,12:14:24,25.6,76,0,2023-07-09 12:14:24
7/9/2023,12:14:28,25.6,76,0,2023-07-09 12:14:28
7/9/2023,12:14:32,25.6,76,0,2023-07-09 12:14:32
7/9/2023,12:14:35,25.6,76,0,2023-07-09 12:14:35
7/9/2023,12:14:39,25.6,76,0,2023-07-09 12:14:39
7/9/2023,12:14:43,25.6,76,0,2023-07-09 12:14:43
7/9/2023,12:14:46,25.7,76,0,2023-07-09 12:14:46
7/9/2023,12:14:50,25.7,76,0,2023-07-09 12:14:50
7/9/2023,12:14:54,25.7,76,0,2023-07-09 12:14:54
7/9/2023,12:14:58,25.7,76,0,2023-07-09 12:14:58
7/9/2023,12:15:02,25.7,76,0,2023-07-09 12:15:02
7/9/2023,12:15:06,25.7,76,0,2023-07-09 12:15:06
7/9/2023,12:15:10,25.7,76,0,2023-07-09 12:15:10
7/9/2023,12:15:14,25.7,76,0,2023-07-09 12:15:14
7/9/2023,12:15:18,25.7,76,0,2023-07-09 12:15:18
7/9/2023,12:15:22,25.7,76,0,2023-07-09 12:15:22
7/9/2023,12:15:26,25.7,76,0,2023-07-09 12:15:26
7/9/2023,12:15:31,25.7,76,0,2023-07-09 12:15:31
7/9/2023,12:16:20,25.7,76,0,2023-07-09 12:16:20
7/9/2023,12:16:24,25.7,75,0,2023-07-09 12:16:24
7/9/2023,12:16:28,25.7,75,0,2023-07-09 12:16:28
7/9/2023,12:16:31,25.7,75,0,2023-07-09 12:16:31
7/9/2023,12:16:35,25.7,76,0,2023-07-09 12:16:35
7/9/2023,12:16:39,25.7,76,0,2023-07-09 12:16:39
7/9/2023,12:16:43,25.7,75,0,2023-07-09 12:16:43
7/9/2023,12:16:47,25.7,75,0,2023-07-09 12:16:47
7/9/2023,12:16:51,25.7,75,0,2023-07-09 12:16:51
7/9/2023,12:16:55,25.7,75,0,2023-07-09 12:16:55
7/9/2023,12:16:59,25.7,75,0,2023-07-09 12:16:59
7/9/2023,12:17:03,25.7,75,0,2023-07-09 12:17:03
7/9/2023,12:17:06,25.7,75,0,2023-07-09 12:17:06
7/9/2023,12:17:10,25.7,75,0,2023-07-09 12:17:10
7/9/2023,12:17:14,25.7,75,0,2023-07-09 12:17:14
7/9/2023,12:17:18,25.7,75,0,2023-07-09 12:17:18
7/9/2023,12:17:21,25.7,75,0,2023-07-09 12:17:21
7/9/2023,12:17:25,25.7,75,8,2023-07-09 12:17:25
7/9/2023,12:17:29,25.7,75,8,2023-07-09 12:17:29
7/9/2023,12:17:33,25.8,75,1,2023-07-09 12:17:33
7/9/2023,12:17:37,25.8,75,9,2023-07-09 12:17:37
7/9/2023,12:17:40,25.8,75,0,2023-07-09 12:17:40
7/9/2023,12:17:44,25.8,75,0,2023-07-09 12:17:44
7/9/2023,12:17:48,25.8,75,928,2023-07-09 12:17:48
7/9/2023,12:17:52,25.8,75,0,2023-07-09 12:17:52
7/9/2023,12:17:56,25.8,75,0,2023-07-09 12:17:56
7/9/2023,12:18:00,25.7,75,0,2023-07-09 12:18:00
7/9/2023,12:18:04,25.7,75,0,2023-07-09 12:18:04
7/9/2023,12:18:07,25.7,75,0,2023-07-09 12:18:07
7/9/2023,12:18:12,25.7,75,1024,2023-07-09 12:18:12
7/9/2023,12:18:15,25.7,75,1024,2023-07-09 12:18:15
7/9/2023,12:18:19,25.7,75,7,2023-07-09 12:18:19
7/9/2023,12:18:23,25.7,75,0,2023-07-09 12:18:23
7/9/2023,12:18:27,25.7,75,7,2023-07-09 12:18:27
7/9/2023,12:18:31,25.7,75,0,2023-07-09 12:18:31
7/9/2023,12:18:34,25.7,75,0,2023-07-09 12:18:34
7/9/2023,12:18:38,25.7,75,0,2023-07-09 12:18:38
7/9/2023,12:18:41,25.7,75,0,2023-07-09 12:18:41
7/9/2023,12:18:45,25.7,75,0,2023-07-09 12:18:45
7/9/2023,12:18:49,25.7,75,0,2023-07-09 12:18:49
7/9/2023,12:18:53,25.7,75,0,2023-07-09 12:18:53
7/9/2023,12:18:57,25.7,75,0,2023-07-09 12:18:57
7/9/2023,12:19:00,25.7,75,0,2023-07-09 12:19:00
7/9/2023,12:19:04,25.7,75,0,2023-07-09 12:19:04
7/9/2023,12:19:08,25.7,75,0,2023-07-09 12:19:08
7/9/2023,12:19:11,25.7,75,0,2023-07-09 12:19:11
7/9/2023,12:19:15,25.7,75,0,2023-07-09 12:19:15
7/9/2023,12:19:19,25.7,75,0,2023-07-09 12:19:19
7/9/2023,12:19:23,25.7,75,0,2023-07-09 12:19:23
7/9/2023,12:19:27,25.7,75,0,2023-07-09 12:19:27
7/9/2023,12:19:31,25.7,75,0,2023-07-09 12:19:31
7/9/2023,12:19:35,25.7,75,0,2023-07-09 12:19:35
7/9/2023,12:19:38,25.7,75,0,2023-07-09 12:19:38
7/9/2023,12:19:42,25.7,75,0,2023-07-09 12:19:42
7/9/2023,12:19:46,25.7,75,0,2023-07-09 12:19:46
7/9/2023,12:19:50,25.7,75,0,2023-07-09 12:19:50
7/9/2023,12:19:54,25.7,75,0,2023-07-09 12:19:54
7/9/2023,12:19:58,25.7,75,0,2023-07-09 12:19:58
7/9/2023,12:20:02,25.7,75,0,2023-07-09 12:20:02
7/9/2023,12:20:06,25.7,75,0,2023-07-09 12:20:06
7/9/2023,12:20:09,25.7,75,0,2023-07-09 12:20:09
7/9/2023,12:20:13,25.7,75,0,2023-07-09 12:20:13
7/9/2023,12:20:17,25.7,75,0,2023-07-09 12:20:17
7/9/2023,12:20:21,25.7,75,0,2023-07-09 12:20:21
7/9/2023,12:20:24,25.7,75,0,2023-07-09 12:20:24
7/9/2023,12:20:28,25.7,75,0,2023-07-09 12:20:28
7/9/2023,12:20:32,25.7,75,0,2023-07-09 12:20:32
7/9/2023,12:20:36,25.7,75,0,2023-07-09 12:20:36
7/9/2023,12:20:40,25.8,75,0,2023-07-09 12:20:40
7/9/2023,12:20:44,25.8,75,0,2023-07-09 12:20:44
7/9/2023,12:20:48,25.8,75,0,2023-07-09 12:20:48
7/9/2023,12:20:52,25.8,75,0,2023-07-09 12:20:52
7/9/2023,12:20:55,25.8,75,0,2023-07-09 12:20:55
7/9/2023,12:20:59,25.8,75,0,2023-07-09 12:20:59
7/9/2023,12:21:03,25.8,75,0,2023-07-09 12:21:03
7/9/2023,12:21:07,25.8,75,0,2023-07-09 12:21:07
7/9/2023,12:21:10,25.8,75,0,2023-07-09 12:21:10
7/9/2023,12:21:14,25.8,75,0,2023-07-09 12:21:14
7/9/2023,12:21:17,25.8,75,0,2023-07-09 12:21:17
7/9/2023,12:21:21,25.8,75,0,2023-07-09 12:21:21
7/9/2023,12:21:25,25.8,75,0,2023-07-09 12:21:25
7/9/2023,12:21:31,25.8,75,0,2023-07-09 12:21:31
7/9/2023,12:21:34,25.8,75,0,2023-07-09 12:21:34
7/9/2023,12:21:38,25.8,75,0,2023-07-09 12:21:38
7/9/2023,12:21:42,25.8,75,0,2023-07-09 12:21:42
7/9/2023,12:21:46,25.8,75,0,2023-07-09 12:21:46
7/9/2023,12:21:49,25.8,75,0,2023-07-09 12:21:49
7/9/2023,12:21:53,25.8,75,0,2023-07-09 12:21:53
7/9/2023,12:21:57,25.8,75,0,2023-07-09 12:21:57
7/9/2023,12:22:00,25.7,75,0,2023-07-09 12:22:00
7/9/2023,12:22:04,25.7,75,0,2023-07-09 12:22:04
7/9/2023,12:22:08,25.7,75,0,2023-07-09 12:22:08
7/9/2023,12:22:11,25.7,75,0,2023-07-09 12:22:11
7/9/2023,12:22:15,25.7,75,0,2023-07-09 12:22:15
7/9/2023,12:22:19,25.7,75,0,2023-07-09 12:22:19
7/9/2023,12:22:23,25.7,75,0,2023-07-09 12:22:23
7/9/2023,12:22:27,25.7,75,0,2023-07-09 12:22:27
7/9/2023,12:22:30,25.7,75,0,2023-07-09 12:22:30
7/9/2023,12:22:34,25.7,75,0,2023-07-09 12:22:34
7/9/2023,12:22:38,25.7,75,0,2023-07-09 12:22:38
7/9/2023,12:22:42,25.7,75,0,2023-07-09 12:22:42
7/9/2023,12:22:45,25.7,75,0,2023-07-09 12:22:45
7/9/2023,12:22:49,25.7,75,0,2023-07-09 12:22:49
7/9/2023,12:22:53,25.7,75,0,2023-07-09 12:22:53
7/9/2023,12:22:56,25.7,75,0,2023-07-09 12:22:56
7/9/2023,12:23:00,25.7,75,690,2023-07-09 12:23:00
7/9/2023,12:23:04,25.7,75,708,2023-07-09 12:23:04
7/9/2023,12:23:08,25.7,75,0,2023-07-09 12:23:08
7/9/2023,12:23:11,25.7,75,0,2023-07-09 12:23:11
7/9/2023,12:23:15,25.7,75,0,2023-07-09 12:23:15
7/9/2023,12:23:19,25.7,75,0,2023-07-09 12:23:19
7/9/2023,12:23:23,25.7,74,0,2023-07-09 12:23:23
7/9/2023,12:23:26,25.7,74,0,2023-07-09 12:23:26
7/9/2023,12:23:30,25.7,74,0,2023-07-09 12:23:30
7/9/2023,12:23:34,25.7,75,0,2023-07-09 12:23:34
7/9/2023,12:23:37,25.7,74,0,2023-07-09 12:23:37
7/9/2023,12:23:41,25.7,75,0,2023-07-09 12:23:41
7/9/2023,12:23:45,25.7,75,0,2023-07-09 12:23:45
7/9/2023,12:23:48,25.7,75,0,2023-07-09 12:23:48
7/9/2023,12:23:52,25.7,75,0,2023-07-09 12:23:52
7/9/2023,12:23:56,25.7,75,0,2023-07-09 12:23:56
7/9/2023,12:24:00,25.8,75,0,2023-07-09 12:24:00
7/9/2023,12:24:03,25.8,74,0,2023-07-09 12:24:03
7/9/2023,12:24:07,25.8,74,0,2023-07-09 12:24:07
7/9/2023,12:24:10,25.8,74,0,2023-07-09 12:24:10
7/9/2023,12:24:14,25.8,74,0,2023-07-09 12:24:14
7/9/2023,12:24:18,25.8,74,0,2023-07-09 12:24:18
7/9/2023,12:24:21,25.8,74,0,2023-07-09 12:24:21
7/9/2023,12:24:25,25.8,74,0,2023-07-09 12:24:25
7/9/2023,12:24:29,25.8,74,0,2023-07-09 12:24:29
7/9/2023,12:24:33,25.8,74,0,2023-07-09 12:24:33
7/9/2023,12:24:37,25.8,74,1,2023-07-09 12:24:37
7/9/2023,12:24:41,25.8,74,1,2023-07-09 12:24:41
7/9/2023,12:24:44,25.8,74,0,2023-07-09 12:24:44
7/9/2023,12:24:48,25.8,74,0,2023-07-09 12:24:48
7/9/2023,12:24:52,25.8,74,0,2023-07-09 12:24:52
7/9/2023,12:24:56,25.8,74,0,2023-07-09 12:24:56
7/9/2023,12:24:59,25.8,74,0,2023-07-09 12:24:59
7/9/2023,12:25:03,25.8,74,0,2023-07-09 12:25:03
7/9/2023,12:25:06,25.8,74,0,2023-07-09 12:25:06
7/9/2023,12:25:10,25.8,74,0,2023-07-09 12:25:10
7/9/2023,12:25:14,25.8,74,0,2023-07-09 12:25:14
7/9/2023,12:25:18,25.8,74,0,2023-07-09 12:25:18
7/9/2023,12:25:22,25.8,74,0,2023-07-09 12:25:22
7/9/2023,12:25:25,25.8,74,0,2023-07-09 12:25:25
7/9/2023,12:25:29,25.8,74,0,2023-07-09 12:25:29
7/9/2023,12:25:33,25.8,74,0,2023-07-09 12:25:33
7/9/2023,12:25:37,25.8,74,0,2023-07-09 12:25:37
7/9/2023,12:25:41,25.8,74,0,2023-07-09 12:25:41
7/9/2023,12:25:44,25.8,74,0,2023-07-09 12:25:44
7/9/2023,12:25:48,25.8,74,0,2023-07-09 12:25:48
7/9/2023,12:25:53,25.8,74,0,2023-07-09 12:25:53
7/9/2023,12:25:57,25.8,74,0,2023-07-09 12:25:57
7/9/2023,12:26:00,25.8,74,0,2023-07-09 12:26:00
7/9/2023,12:26:03,25.8,74,0,2023-07-09 12:26:03
7/9/2023,12:26:07,25.8,74,0,2023-07-09 12:26:07
7/9/2023,12:26:11,25.8,74,0,2023-07-09 12:26:11
7/9/2023,12:26:15,25.8,74,0,2023-07-09 12:26:15
7/9/2023,12:26:18,25.8,74,0,2023-07-09 12:26:18
7/9/2023,12:26:22,25.8,74,0,2023-07-09 12:26:22
7/9/2023,12:26:26,25.8,74,0,2023-07-09 12:26:26
7/9/2023,12:26:29,25.8,74,0,2023-07-09 12:26:29
7/9/2023,12:26:33,25.9,74,0,2023-07-09 12:26:33
7/9/2023,12:26:37,25.9,74,0,2023-07-09 12:26:37
7/9/2023,12:26:41,25.9,74,0,2023-07-09 12:26:41
7/9/2023,12:26:45,25.9,74,0,2023-07-09 12:26:45
7/9/2023,12:26:49,25.9,74,0,2023-07-09 12:26:49
7/9/2023,12:26:53,25.9,74,0,2023-07-09 12:26:53
7/9/2023,12:26:57,25.9,74,0,2023-07-09 12:26:57
7/9/2023,12:27:01,25.9,74,0,2023-07-09 12:27:01
7/9/2023,12:27:05,25.9,74,0,2023-07-09 12:27:05
7/9/2023,12:27:09,25.9,74,0,2023-07-09 12:27:09
7/9/2023,12:27:13,25.9,74,0,2023-07-09 12:27:13
7/9/2023,12:27:17,25.9,74,0,2023-07-09 12:27:17
7/9/2023,12:27:21,25.9,74,0,2023-07-09 12:27:21
7/9/2023,12:27:25,25.9,74,0,2023-07-09 12:27:25
7/9/2023,12:27:29,25.9,74,0,2023-07-09 12:27:29
7/9/2023,12:27:33,25.9,74,0,2023-07-09 12:27:33
7/9/2023,12:27:37,25.9,74,0,2023-07-09 12:27:37
7/9/2023,12:27:41,25.9,74,0,2023-07-09 12:27:41
7/9/2023,12:27:45,25.9,74,0,2023-07-09 12:27:45
7/9/2023,12:27:49,25.9,74,0,2023-07-09 12:27:49
7/9/2023,12:27:53,25.9,74,0,2023-07-09 12:27:53
7/9/2023,12:27:57,25.9,74,0,2023-07-09 12:27:57
7/9/2023,12:28:01,25.9,74,0,2023-07-09 12:28:01
7/9/2023,12:28:05,25.9,74,0,2023-07-09 12:28:05
7/9/2023,12:28:09,25.9,74,0,2023-07-09 12:28:09
7/9/2023,12:28:13,25.9,74,0,2023-07-09 12:28:13
7/9/2023,12:28:17,25.9,74,0,2023-07-09 12:28:17
7/9/2023,12:28:20,25.9,74,0,2023-07-09 12:28:20
7/9/2023,12:28:24,25.9,74,0,2023-07-09 12:28:24
7/9/2023,12:28:30,25.9,74,0,2023-07-09 12:28:30
7/9/2023,12:28:33,25.9,74,0,2023-07-09 12:28:33
7/9/2023,12:28:37,25.9,74,0,2023-07-09 12:28:37
7/9/2023,12:28:41,25.9,74,0,2023-07-09 12:28:41
7/9/2023,12:28:44,25.9,74,0,2023-07-09 12:28:44
7/9/2023,12:28:48,25.9,74,0,2023-07-09 12:28:48
7/9/2023,12:28:52,25.9,74,0,2023-07-09 12:28:52
7/9/2023,12:28:56,25.9,74,0,2023-07-09 12:28:56
7/9/2023,12:29:00,25.9,74,0,2023-07-09 12:29:00
7/9/2023,12:29:04,25.9,74,0,2023-07-09 12:29:04
7/9/2023,12:29:08,25.9,74,0,2023-07-09 12:29:08
7/9/2023,12:29:12,25.9,74,0,2023-07-09 12:29:12
7/9/2023,12:29:15,25.9,74,0,2023-07-09 12:29:15
7/9/2023,12:29:19,25.9,74,0,2023-07-09 12:29:19
7/9/2023,12:29:23,25.9,74,0,2023-07-09 12:29:23
7/9/2023,12:29:27,25.9,74,0,2023-07-09 12:29:27
7/9/2023,12:29:30,25.9,74,0,2023-07-09 12:29:30
7/9/2023,12:29:34,25.9,74,0,2023-07-09 12:29:34
7/9/2023,12:29:38,25.9,74,0,2023-07-09 12:29:38
7/9/2023,12:30:29,25.9,74,1,2023-07-09 12:30:29
7/9/2023,12:30:33,26.0,74,1,2023-07-09 12:30:33
7/9/2023,12:30:37,26.0,74,1,2023-07-09 12:30:37
7/9/2023,12:30:41,26.0,74,1,2023-07-09 12:30:41
7/9/2023,12:30:45,26.0,74,1,2023-07-09 12:30:45
7/9/2023,12:30:48,26.0,74,1,2023-07-09 12:30:48
7/9/2023,12:30:53,26.0,74,1,2023-07-09 12:30:53
7/9/2023,12:30:57,26.0,74,1,2023-07-09 12:30:57
7/9/2023,12:31:01,26.0,74,1,2023-07-09 12:31:01
7/9/2023,12:31:05,26.0,74,1,2023-07-09 12:31:05
7/9/2023,12:31:09,26.0,74,1,2023-07-09 12:31:09
7/9/2023,12:31:12,26.0,74,1,2023-07-09 12:31:12
7/9/2023,12:31:17,26.0,74,1,2023-07-09 12:31:17
7/9/2023,12:31:21,26.0,74,1,2023-07-09 12:31:21
7/9/2023,12:31:25,26.0,74,1,2023-07-09 12:31:25
7/9/2023,12:31:29,26.0,74,1,2023-07-09 12:31:29
7/9/2023,12:31:33,26.0,74,1,2023-07-09 12:31:33
7/9/2023,12:31:36,26.1,74,1,2023-07-09 12:31:36
7/9/2023,12:31:40,26.1,74,1,2023-07-09 12:31:40
7/9/2023,12:31:44,26.1,74,1,2023-07-09 12:31:44
7/9/2023,12:31:47,26.1,74,1,2023-07-09 12:31:47
7/9/2023,12:31:51,26.1,74,1,2023-07-09 12:31:51
7/9/2023,12:31:55,26.1,74,1,2023-07-09 12:31:55
7/9/2023,12:31:58,26.1,74,1,2023-07-09 12:31:58
7/9/2023,12:32:02,26.1,74,1,2023-07-09 12:32:02
7/9/2023,12:32:05,26.1,74,1,2023-07-09 12:32:05
7/9/2023,12:32:09,26.1,74,1,2023-07-09 12:32:09
7/9/2023,12:32:13,26.1,74,1,2023-07-09 12:32:13
7/9/2023,12:32:17,26.1,74,1,2023-07-09 12:32:17
7/9/2023,12:32:21,26.1,74,1,2023-07-09 12:32:21
7/9/2023,12:32:25,26.1,74,1,2023-07-09 12:32:25
7/9/2023,12:32:29,26.1,74,1,2023-07-09 12:32:29
7/9/2023,12:32:33,26.1,74,1,2023-07-09 12:32:33
7/9/2023,12:32:36,26.1,74,1,2023-07-09 12:32:36
7/9/2023,12:32:40,26.1,74,1,2023-07-09 12:32:40
7/9/2023,12:32:43,26.1,74,1,2023-07-09 12:32:43
7/9/2023,12:32:47,26.1,74,1,2023-07-09 12:32:47
7/9/2023,12:32:51,26.1,74,1,2023-07-09 12:32:51
7/9/2023,12:32:55,26.1,74,1,2023-07-09 12:32:55
7/9/2023,12:32:58,26.1,74,1,2023-07-09 12:32:58
7/9/2023,12:33:02,26.1,74,1,2023-07-09 12:33:02
7/9/2023,12:33:05,26.1,74,1,2023-07-09 12:33:05
7/9/2023,12:33:09,26.1,74,1,2023-07-09 12:33:09
7/9/2023,12:33:13,26.1,74,1,2023-07-09 12:33:13
7/9/2023,12:33:17,26.1,74,1,2023-07-09 12:33:17
7/9/2023,12:33:21,26.2,74,1,2023-07-09 12:33:21
7/9/2023,12:33:24,26.2,74,1,2023-07-09 12:33:24
7/9/2023,12:33:28,26.2,74,1,2023-07-09 12:33:28
7/9/2023,12:33:32,26.2,74,1,2023-07-09 12:33:32
7/9/2023,12:33:35,26.2,74,1,2023-07-09 12:33:35
7/9/2023,12:33:39,26.2,74,1,2023-07-09 12:33:39
7/9/2023,12:33:43,26.2,74,1,2023-07-09 12:33:43
7/9/2023,12:33:46,26.2,73,1,2023-07-09 12:33:46
7/9/2023,12:33:50,26.2,73,1,2023-07-09 12:33:50
7/9/2023,12:33:54,26.2,73,1,2023-07-09 12:33:54
7/9/2023,12:33:58,26.2,73,1,2023-07-09 12:33:58
7/9/2023,12:34:02,26.2,73,1,2023-07-09 12:34:02
7/9/2023,12:34:05,26.2,73,1,2023-07-09 12:34:05
7/9/2023,12:34:09,26.2,73,1,2023-07-09 12:34:09
7/9/2023,12:34:13,26.2,73,1,2023-07-09 12:34:13
7/9/2023,12:34:17,26.2,73,1,2023-07-09 12:34:17
7/9/2023,12:34:21,26.2,74,1,2023-07-09 12:34:21
7/9/2023,12:34:25,26.2,74,1,2023-07-09 12:34:25
7/9/2023,12:34:29,26.2,73,1,2023-07-09 12:34:29
7/9/2023,12:34:32,26.2,73,1,2023-07-09 12:34:32
7/9/2023,12:34:35,26.2,73,1,2023-07-09 12:34:35
7/9/2023,12:34:39,26.2,73,1,2023-07-09 12:34:39
7/9/2023,12:34:43,26.2,73,1,2023-07-09 12:34:43
7/9/2023,12:34:47,26.2,73,1,2023-07-09 12:34:47
7/9/2023,12:34:50,26.2,74,1,2023-07-09 12:34:50
7/9/2023,12:34:54,26.2,73,1,2023-07-09 12:34:54
7/9/2023,12:34:58,26.2,73,1,2023-07-09 12:34:58
7/9/2023,12:35:02,26.2,73,1,2023-07-09 12:35:02
7/9/2023,12:35:06,26.2,73,1,2023-07-09 12:35:06
7/9/2023,12:35:10,26.2,73,1,2023-07-09 12:35:10
7/9/2023,12:35:14,26.2,73,1,2023-07-09 12:35:14
7/9/2023,12:35:18,26.2,73,1,2023-07-09 12:35:18
7/9/2023,12:35:22,26.2,73,1,2023-07-09 12:35:22
7/9/2023,12:36:13,26.2,73,1,2023-07-09 12:36:13
7/9/2023,12:36:17,26.2,73,1,2023-07-09 12:36:17
7/9/2023,12:36:21,26.2,73,1,2023-07-09 12:36:21
7/9/2023,12:36:25,26.2,73,1,2023-07-09 12:36:25
7/9/2023,12:36:28,26.2,73,1,2023-07-09 12:36:28
7/9/2023,12:36:32,26.2,73,1,2023-07-09 12:36:32
7/9/2023,12:36:37,26.2,73,1,2023-07-09 12:36:37
7/9/2023,12:36:40,26.2,73,1,2023-07-09 12:36:40
7/9/2023,12:36:44,26.2,73,1,2023-07-09 12:36:44
7/9/2023,12:36:48,26.2,73,1,2023-07-09 12:36:48
7/9/2023,12:36:52,26.2,73,1,2023-07-09 12:36:52
7/9/2023,12:36:55,26.2,73,1,2023-07-09 12:36:55
7/9/2023,12:36:59,26.2,73,1,2023-07-09 12:36:59
7/9/2023,12:37:03,26.2,73,1,2023-07-09 12:37:03
7/9/2023,12:37:08,26.2,73,1,2023-07-09 12:37:08
7/9/2023,12:37:11,26.2,73,1,2023-07-09 12:37:11
7/9/2023,12:37:15,26.2,73,1,2023-07-09 12:37:15
7/9/2023,12:37:19,26.2,73,1,2023-07-09 12:37:19
7/9/2023,12:37:23,26.2,73,1,2023-07-09 12:37:23
7/9/2023,12:37:26,26.2,73,1,2023-07-09 12:37:26
7/9/2023,12:37:30,26.2,73,1,2023-07-09 12:37:30
7/9/2023,12:37:34,26.2,73,1,2023-07-09 12:37:34
7/9/2023,12:37:38,26.2,73,1,2023-07-09 12:37:38
7/9/2023,12:37:41,26.2,73,1,2023-07-09 12:37:41
7/9/2023,12:37:45,26.2,73,1,2023-07-09 12:37:45
7/9/2023,12:37:57,26.2,73,1,2023-07-09 12:37:57
7/9/2023,12:38:01,26.2,73,1,2023-07-09 12:38:01
7/9/2023,12:38:05,26.3,73,1,2023-07-09 12:38:05
7/9/2023,12:38:08,26.3,73,1,2023-07-09 12:38:08
7/9/2023,12:38:13,26.3,73,1,2023-07-09 12:38:13
7/9/2023,12:38:17,26.3,73,1,2023-07-09 12:38:17
7/9/2023,12:38:20,26.3,73,1,2023-07-09 12:38:20
7/9/2023,12:38:24,26.3,73,1,2023-07-09 12:38:24
7/9/2023,12:38:28,26.3,73,1,2023-07-09 12:38:28
7/9/2023,12:38:31,26.3,73,1,2023-07-09 12:38:31
7/9/2023,12:38:35,26.3,73,1,2023-07-09 12:38:35
7/9/2023,12:38:39,26.3,73,1,2023-07-09 12:38:39
7/9/2023,12:38:43,26.3,73,1,2023-07-09 12:38:43
7/9/2023,12:38:47,26.3,73,1,2023-07-09 12:38:47
7/9/2023,12:38:51,26.3,73,1,2023-07-09 12:38:51
7/9/2023,12:38:55,26.3,73,1,2023-07-09 12:38:55
7/9/2023,12:38:58,26.3,73,1,2023-07-09 12:38:58
7/9/2023,12:39:02,26.3,73,1,2023-07-09 12:39:02
7/9/2023,12:39:06,26.3,73,1,2023-07-09 12:39:06
7/9/2023,12:39:58,26.3,73,0,2023-07-09 12:39:58
7/9/2023,12:40:49,26.3,73,4,2023-07-09 12:40:49
7/9/2023,12:40:53,26.3,73,5,2023-07-09 12:40:53
7/9/2023,12:40:57,26.3,73,5,2023-07-09 12:40:57
7/9/2023,12:41:00,26.3,73,13,2023-07-09 12:41:00
7/9/2023,12:41:04,26.3,73,12,2023-07-09 12:41:04
7/9/2023,12:41:08,26.3,73,10,2023-07-09 12:41:08
7/9/2023,12:41:12,26.3,73,5,2023-07-09 12:41:12
7/9/2023,12:41:16,26.3,73,12,2023-07-09 12:41:16
7/9/2023,12:41:19,26.3,73,13,2023-07-09 12:41:19
7/9/2023,12:41:23,26.4,73,12,2023-07-09 12:41:23
7/9/2023,12:41:27,26.3,73,5,2023-07-09 12:41:27
7/9/2023,12:41:31,26.4,73,5,2023-07-09 12:41:31
7/9/2023,12:41:35,26.4,73,5,2023-07-09 12:41:35
7/9/2023,12:41:39,26.4,73,12,2023-07-09 12:41:39
7/9/2023,12:41:43,26.4,73,12,2023-07-09 12:41:43
7/9/2023,12:41:46,26.4,73,12,2023-07-09 12:41:46
7/9/2023,12:41:50,26.4,73,5,2023-07-09 12:41:50
7/9/2023,12:41:54,26.4,73,12,2023-07-09 12:41:54
7/9/2023,12:41:59,26.4,73,10,2023-07-09 12:41:59
7/9/2023,12:42:02,26.3,73,3,2023-07-09 12:42:02
7/9/2023,12:42:05,26.3,73,4,2023-07-09 12:42:05
7/9/2023,12:42:09,26.3,73,10,2023-07-09 12:42:09
7/9/2023,12:42:13,26.4,73,12,2023-07-09 12:42:13
7/9/2023,12:42:17,26.4,73,4,2023-07-09 12:42:17
7/9/2023,12:42:20,26.3,73,5,2023-07-09 12:42:20
7/9/2023,12:42:24,26.3,73,10,2023-07-09 12:42:24
7/9/2023,12:42:28,26.4,73,10,2023-07-09 12:42:28
7/9/2023,12:42:32,26.4,73,12,2023-07-09 12:42:32
7/9/2023,12:42:35,26.3,73,12,2023-07-09 12:42:35
7/9/2023,12:42:39,26.4,73,12,2023-07-09 12:42:39
7/9/2023,12:42:43,26.3,73,12,2023-07-09 12:42:43
7/9/2023,12:42:47,26.4,73,10,2023-07-09 12:42:47
7/9/2023,12:42:51,26.3,73,12,2023-07-09 12:42:51
7/9/2023,12:42:55,26.4,73,6,2023-07-09 12:42:55
7/9/2023,12:42:58,26.4,73,5,2023-07-09 12:42:58
7/9/2023,12:43:02,26.4,73,4,2023-07-09 12:43:02
7/9/2023,12:43:05,26.4,73,5,2023-07-09 12:43:05
7/9/2023,12:43:09,26.4,73,5,2023-07-09 12:43:09
7/9/2023,12:43:13,26.4,73,12,2023-07-09 12:43:13
7/9/2023,12:43:17,26.4,73,13,2023-07-09 12:43:17
7/9/2023,12:43:21,26.4,73,12,2023-07-09 12:43:21
7/9/2023,12:43:25,26.4,73,4,2023-07-09 12:43:25
7/9/2023,12:43:29,26.4,73,12,2023-07-09 12:43:29
7/9/2023,12:43:33,26.4,72,13,2023-07-09 12:43:33
7/9/2023,12:43:37,26.3,72,12,2023-07-09 12:43:37
7/9/2023,12:43:41,26.3,72,5,2023-07-09 12:43:41
7/9/2023,12:43:44,26.4,72,4,2023-07-09 12:43:44
7/9/2023,12:43:48,26.4,72,5,2023-07-09 12:43:48
7/9/2023,12:43:51,26.4,73,4,2023-07-09 12:43:51
7/9/2023,12:43:55,26.4,73,4,2023-07-09 12:43:55
7/9/2023,12:43:58,26.4,73,12,2023-07-09 12:43:58
7/9/2023,12:44:02,26.4,73,12,2023-07-09 12:44:02
7/9/2023,12:44:06,26.4,73,12,2023-07-09 12:44:06
7/9/2023,12:44:10,26.4,73,4,2023-07-09 12:44:10
7/9/2023,12:44:14,26.4,72,4,2023-07-09 12:44:14
7/9/2023,12:44:17,26.4,72,5,2023-07-09 12:44:17
7/9/2023,12:44:21,26.4,72,5,2023-07-09 12:44:21
7/9/2023,12:44:26,26.4,72,12,2023-07-09 12:44:26
7/9/2023,12:44:30,26.4,72,10,2023-07-09 12:44:30
7/9/2023,12:44:33,26.4,72,5,2023-07-09 12:44:33
7/9/2023,12:44:37,26.4,72,4,2023-07-09 12:44:37
7/9/2023,12:44:41,26.4,72,12,2023-07-09 12:44:41
7/9/2023,12:44:45,26.4,72,10,2023-07-09 12:44:45
7/9/2023,12:44:49,26.4,72,5,2023-07-09 12:44:49
7/9/2023,12:44:53,26.4,72,12,2023-07-09 12:44:53
7/9/2023,12:44:57,26.4,72,12,2023-07-09 12:44:57
7/9/2023,12:45:01,26.4,72,4,2023-07-09 12:45:01
7/9/2023,12:45:05,26.4,72,10,2023-07-09 12:45:05
7/9/2023,12:45:09,26.4,73,9,2023-07-09 12:45:09
7/9/2023,12:45:12,26.4,73,4,2023-07-09 12:45:12
7/9/2023,12:45:16,26.4,73,4,2023-07-09 12:45:16
7/9/2023,12:45:20,26.4,73,12,2023-07-09 12:45:20
7/9/2023,12:45:24,26.4,73,12,2023-07-09 12:45:24
7/9/2023,12:46:17,26.4,72,0,2023-07-09 12:46:17
7/9/2023,12:46:21,26.4,72,0,2023-07-09 12:46:21
7/9/2023,12:46:24,26.4,72,0,2023-07-09 12:46:24
7/9/2023,12:46:28,26.4,72,0,2023-07-09 12:46:28
7/9/2023,12:46:32,26.4,72,0,2023-07-09 12:46:32
7/9/2023,12:46:35,26.4,72,0,2023-07-09 12:46:35
7/9/2023,12:46:40,26.4,72,0,2023-07-09 12:46:40
7/9/2023,12:46:44,26.4,72,0,2023-07-09 12:46:44
7/9/2023,12:46:47,26.4,72,0,2023-07-09 12:46:47
7/9/2023,12:46:51,26.4,72,0,2023-07-09 12:46:51
7/9/2023,12:46:55,26.4,72,0,2023-07-09 12:46:55
7/9/2023,12:46:59,26.4,72,0,2023-07-09 12:46:59
7/9/2023,12:47:02,26.4,72,0,2023-07-09 12:47:02
7/9/2023,12:47:06,26.4,72,0,2023-07-09 12:47:06
7/9/2023,12:47:10,26.4,72,0,2023-07-09 12:47:10
7/9/2023,12:47:14,26.4,72,0,2023-07-09 12:47:14
7/9/2023,12:47:17,26.4,72,0,2023-07-09 12:47:17
7/9/2023,12:47:21,26.4,72,0,2023-07-09 12:47:21
7/9/2023,12:47:24,26.4,72,0,2023-07-09 12:47:24
7/9/2023,12:47:28,26.4,72,0,2023-07-09 12:47:28
7/9/2023,12:47:32,26.4,72,0,2023-07-09 12:47:32
7/9/2023,12:47:36,26.4,72,0,2023-07-09 12:47:36
7/9/2023,12:47:40,26.4,72,0,2023-07-09 12:47:40
7/9/2023,12:47:44,26.4,72,0,2023-07-09 12:47:44
7/9/2023,12:47:48,26.4,72,0,2023-07-09 12:47:48
7/9/2023,12:47:52,26.4,72,0,2023-07-09 12:47:52
7/9/2023,12:47:56,26.4,72,0,2023-07-09 12:47:56
7/9/2023,12:47:59,26.4,72,0,2023-07-09 12:47:59
7/9/2023,12:48:04,26.4,72,0,2023-07-09 12:48:04
7/9/2023,12:48:07,26.4,72,0,2023-07-09 12:48:07
7/9/2023,12:48:11,26.5,72,0,2023-07-09 12:48:11
7/9/2023,12:48:15,26.5,72,0,2023-07-09 12:48:15
7/9/2023,12:48:18,26.5,72,0,2023-07-09 12:48:18
7/9/2023,12:48:22,26.5,72,0,2023-07-09 12:48:22
7/9/2023,12:48:25,26.5,72,0,2023-07-09 12:48:25
7/9/2023,12:48:29,26.5,72,0,2023-07-09 12:48:29
7/9/2023,12:48:32,26.5,72,0,2023-07-09 12:48:32
7/9/2023,12:48:36,26.5,72,0,2023-07-09 12:48:36
7/9/2023,12:48:40,26.5,72,0,2023-07-09 12:48:40
7/9/2023,12:48:43,26.5,72,0,2023-07-09 12:48:43
7/9/2023,12:48:47,26.5,72,0,2023-07-09 12:48:47
7/9/2023,12:48:50,26.5,72,0,2023-07-09 12:48:50
7/9/2023,12:48:54,26.5,72,0,2023-07-09 12:48:54
7/9/2023,12:48:57,26.5,72,0,2023-07-09 12:48:57
7/9/2023,12:49:01,26.5,72,0,2023-07-09 12:49:01
7/9/2023,12:49:05,26.6,72,0,2023-07-09 12:49:05
7/9/2023,12:49:10,26.6,72,0,2023-07-09 12:49:10
7/9/2023,12:49:14,26.6,72,0,2023-07-09 12:49:14
7/9/2023,12:49:17,26.6,72,0,2023-07-09 12:49:17
7/9/2023,12:49:21,26.6,72,0,2023-07-09 12:49:21
7/9/2023,12:49:25,26.6,72,0,2023-07-09 12:49:25
7/9/2023,12:49:28,26.6,72,0,2023-07-09 12:49:28
7/9/2023,12:49:32,26.6,72,0,2023-07-09 12:49:32
7/9/2023,12:49:35,26.6,72,0,2023-07-09 12:49:35
7/9/2023,12:49:39,26.6,72,0,2023-07-09 12:49:39
7/9/2023,12:49:43,26.7,72,0,2023-07-09 12:49:43
7/9/2023,12:49:47,26.7,72,0,2023-07-09 12:49:47
7/9/2023,12:49:52,26.7,72,0,2023-07-09 12:49:52
7/9/2023,12:49:56,26.7,72,0,2023-07-09 12:49:56
7/9/2023,12:50:00,26.7,72,0,2023-07-09 12:50:00
7/9/2023,12:50:05,26.7,72,0,2023-07-09 12:50:05
7/9/2023,12:50:09,26.7,72,0,2023-07-09 12:50:09
7/9/2023,12:50:13,26.7,71,0,2023-07-09 12:50:13
7/9/2023,12:50:17,26.7,71,0,2023-07-09 12:50:17
7/9/2023,12:50:21,26.7,71,0,2023-07-09 12:50:21
7/9/2023,12:50:25,26.7,71,0,2023-07-09 12:50:25
7/9/2023,12:50:29,26.7,71,0,2023-07-09 12:50:29
7/9/2023,12:50:32,26.7,71,0,2023-07-09 12:50:32
7/9/2023,12:50:36,26.7,71,0,2023-07-09 12:50:36
7/9/2023,12:50:40,26.7,71,0,2023-07-09 12:50:40
7/9/2023,12:50:44,26.7,71,0,2023-07-09 12:50:44
7/9/2023,12:50:47,26.7,71,0,2023-07-09 12:50:47
7/9/2023,12:50:51,26.7,71,0,2023-07-09 12:50:51
7/9/2023,12:50:55,26.7,71,0,2023-07-09 12:50:55
7/9/2023,12:50:58,26.7,71,0,2023-07-09 12:50:58
7/9/2023,12:51:02,26.7,71,0,2023-07-09 12:51:02
7/9/2023,12:51:05,26.7,71,0,2023-07-09 12:51:05
7/9/2023,12:51:09,26.7,71,0,2023-07-09 12:51:09
7/9/2023,12:51:13,26.7,71,0,2023-07-09 12:51:13
7/9/2023,12:51:17,26.7,71,0,2023-07-09 12:51:17
7/9/2023,12:51:21,26.7,71,0,2023-07-09 12:51:21
7/9/2023,12:51:24,26.7,71,0,2023-07-09 12:51:24
7/9/2023,12:51:28,26.7,71,0,2023-07-09 12:51:28
7/9/2023,12:51:32,26.7,71,0,2023-07-09 12:51:32
7/9/2023,12:51:35,26.7,71,0,2023-07-09 12:51:35
7/9/2023,12:51:40,26.7,71,0,2023-07-09 12:51:40
7/9/2023,12:51:44,26.7,71,0,2023-07-09 12:51:44
7/9/2023,12:51:49,26.7,71,0,2023-07-09 12:51:49
7/9/2023,12:51:53,26.7,71,0,2023-07-09 12:51:53
7/9/2023,12:51:57,26.7,71,0,2023-07-09 12:51:57
7/9/2023,12:52:01,26.7,71,0,2023-07-09 12:52:01
7/9/2023,12:52:05,26.7,71,0,2023-07-09 12:52:05
7/9/2023,12:52:09,26.7,71,0,2023-07-09 12:52:09
7/9/2023,12:52:12,26.7,71,0,2023-07-09 12:52:12
7/9/2023,12:52:16,26.7,71,0,2023-07-09 12:52:16
7/9/2023,12:52:20,26.7,71,0,2023-07-09 12:52:20
7/9/2023,12:52:24,26.7,71,0,2023-07-09 12:52:24
7/9/2023,12:53:13,26.7,71,0,2023-07-09 12:53:13
7/9/2023,12:53:17,26.7,71,0,2023-07-09 12:53:17
7/9/2023,12:53:21,26.7,71,0,2023-07-09 12:53:21
7/9/2023,12:53:24,26.7,71,0,2023-07-09 12:53:24
7/9/2023,12:53:28,26.6,71,0,2023-07-09 12:53:28
7/9/2023,12:53:32,26.7,71,0,2023-07-09 12:53:32
7/9/2023,12:53:36,26.7,71,0,2023-07-09 12:53:36
7/9/2023,12:53:40,26.6,71,0,2023-07-09 12:53:40
7/9/2023,12:53:43,26.6,71,0,2023-07-09 12:53:43
7/9/2023,12:53:47,26.6,71,0,2023-07-09 12:53:47
7/9/2023,12:53:51,26.7,71,0,2023-07-09 12:53:51
7/9/2023,12:53:54,26.6,71,0,2023-07-09 12:53:54
7/9/2023,12:53:58,26.6,71,0,2023-07-09 12:53:58
7/9/2023,12:54:03,26.6,71,0,2023-07-09 12:54:03
7/9/2023,12:54:06,26.6,71,0,2023-07-09 12:54:06
7/9/2023,12:54:10,26.6,71,0,2023-07-09 12:54:10
7/9/2023,12:54:13,26.6,71,0,2023-07-09 12:54:13
7/9/2023,12:54:17,26.6,71,0,2023-07-09 12:54:17
7/9/2023,12:54:22,26.6,71,0,2023-07-09 12:54:22
7/9/2023,12:54:25,26.6,71,0,2023-07-09 12:54:25
7/9/2023,12:54:29,26.6,71,0,2023-07-09 12:54:29
7/9/2023,12:54:33,26.6,71,0,2023-07-09 12:54:33
7/9/2023,12:54:37,26.6,71,0,2023-07-09 12:54:37
7/9/2023,12:54:41,26.6,71,0,2023-07-09 12:54:41
7/9/2023,12:54:45,26.6,71,0,2023-07-09 12:54:45
7/9/2023,12:54:49,26.6,71,0,2023-07-09 12:54:49
7/10/2023,23:02:16,26.6,69,0,2023-07-10 23:02:16
7/10/2023,23:02:20,26.8,68,0,2023-07-10 23:02:20
7/10/2023,23:02:24,26.8,68,0,2023-07-10 23:02:24
7/10/2023,23:03:15,26.8,68,0,2023-07-10 23:03:15
7/10/2023,23:03:19,26.8,68,0,2023-07-10 23:03:19
7/10/2023,23:03:23,26.8,68,0,2023-07-10 23:03:23
7/10/2023,23:03:27,26.9,68,0,2023-07-10 23:03:27
7/10/2023,23:03:31,26.8,68,0,2023-07-10 23:03:31
7/10/2023,23:03:35,26.8,68,0,2023-07-10 23:03:35
7/10/2023,23:03:39,26.9,68,0,2023-07-10 23:03:39
7/10/2023,23:03:43,26.8,68,0,2023-07-10 23:03:43
7/10/2023,23:03:46,26.8,68,0,2023-07-10 23:03:46
7/10/2023,23:03:50,26.8,68,0,2023-07-10 23:03:50
7/10/2023,23:03:54,26.8,68,0,2023-07-10 23:03:54
7/10/2023,23:03:58,26.9,68,0,2023-07-10 23:03:58
7/10/2023,23:04:02,26.9,68,0,2023-07-10 23:04:02
7/10/2023,23:04:06,26.9,68,0,2023-07-10 23:04:06
7/10/2023,23:04:10,26.9,68,0,2023-07-10 23:04:10
7/10/2023,23:04:14,26.9,68,0,2023-07-10 23:04:14
7/10/2023,23:04:17,26.9,68,0,2023-07-10 23:04:17
7/10/2023,23:04:21,26.9,68,0,2023-07-10 23:04:21
7/10/2023,23:04:25,26.9,68,0,2023-07-10 23:04:25
7/10/2023,23:04:29,26.9,68,0,2023-07-10 23:04:29
7/10/2023,23:04:32,26.9,68,0,2023-07-10 23:04:32
7/10/2023,23:04:36,26.9,68,0,2023-07-10 23:04:36
7/10/2023,23:04:40,26.9,68,0,2023-07-10 23:04:40
7/10/2023,23:04:44,26.9,68,0,2023-07-10 23:04:44
7/10/2023,23:04:47,26.9,68,0,2023-07-10 23:04:47
7/10/2023,23:04:51,26.9,68,0,2023-07-10 23:04:51
7/10/2023,23:04:55,26.9,68,0,2023-07-10 23:04:55
7/10/2023,23:04:58,26.9,68,0,2023-07-10 23:04:58
7/10/2023,23:05:02,26.9,68,0,2023-07-10 23:05:02
7/10/2023,23:05:06,26.9,68,0,2023-07-10 23:05:06
7/10/2023,23:05:09,26.9,68,0,2023-07-10 23:05:09
7/10/2023,23:05:13,26.9,68,0,2023-07-10 23:05:13
7/10/2023,23:05:17,26.9,68,0,2023-07-10 23:05:17
7/10/2023,23:05:21,26.9,68,0,2023-07-10 23:05:21
7/10/2023,23:05:25,26.9,68,0,2023-07-10 23:05:25
7/10/2023,23:05:28,26.9,68,0,2023-07-10 23:05:28
7/10/2023,23:05:32,26.9,68,0,2023-07-10 23:05:32
7/10/2023,23:05:35,26.9,68,0,2023-07-10 23:05:35
7/10/2023,23:05:39,26.9,68,0,2023-07-10 23:05:39
7/10/2023,23:05:43,26.9,68,0,2023-07-10 23:05:43
7/10/2023,23:05:47,26.9,68,0,2023-07-10 23:05:47
7/10/2023,23:05:51,26.9,68,0,2023-07-10 23:05:51
7/10/2023,23:05:54,26.9,68,0,2023-07-10 23:05:54
7/10/2023,23:05:58,26.9,68,0,2023-07-10 23:05:58
7/10/2023,23:06:02,26.9,68,0,2023-07-10 23:06:02
7/10/2023,23:06:05,26.9,68,0,2023-07-10 23:06:05
7/10/2023,23:06:09,26.9,68,0,2023-07-10 23:06:09
7/10/2023,23:06:16,26.9,68,0,2023-07-10 23:06:16
7/10/2023,23:06:21,26.9,68,0,2023-07-10 23:06:21
7/10/2023,23:06:30,26.9,68,0,2023-07-10 23:06:30
7/10/2023,23:06:34,26.9,68,0,2023-07-10 23:06:34
7/10/2023,23:06:38,26.9,68,0,2023-07-10 23:06:38
7/10/2023,23:06:41,26.9,68,0,2023-07-10 23:06:41
7/10/2023,23:06:45,26.9,68,0,2023-07-10 23:06:45
7/10/2023,23:06:49,26.9,68,0,2023-07-10 23:06:49
7/10/2023,23:06:53,26.9,68,0,2023-07-10 23:06:53
7/10/2023,23:06:58,26.9,68,0,2023-07-10 23:06:58
7/10/2023,23:07:02,26.9,68,0,2023-07-10 23:07:02
7/10/2023,23:07:05,26.9,68,0,2023-07-10 23:07:05
7/10/2023,23:07:09,26.9,68,0,2023-07-10 23:07:09
7/10/2023,23:07:12,26.9,68,0,2023-07-10 23:07:12
7/10/2023,23:07:16,26.9,68,0,2023-07-10 23:07:16
7/10/2023,23:07:20,26.9,68,0,2023-07-10 23:07:20
7/10/2023,23:07:24,26.9,68,0,2023-07-10 23:07:24
7/10/2023,23:07:28,26.9,68,0,2023-07-10 23:07:28
7/10/2023,23:07:31,26.9,68,0,2023-07-10 23:07:31
7/10/2023,23:07:35,26.9,68,0,2023-07-10 23:07:35
7/10/2023,23:07:39,26.9,68,0,2023-07-10 23:07:39
7/10/2023,23:07:43,26.9,68,0,2023-07-10 23:07:43
7/10/2023,23:07:47,26.9,68,0,2023-07-10 23:07:47
7/10/2023,23:07:50,26.9,68,0,2023-07-10 23:07:50
7/10/2023,23:07:54,26.9,68,0,2023-07-10 23:07:54
7/10/2023,23:07:58,26.9,68,0,2023-07-10 23:07:58
7/10/2023,23:08:02,26.9,68,0,2023-07-10 23:08:02
7/10/2023,23:08:06,26.9,68,0,2023-07-10 23:08:06
7/10/2023,23:08:10,26.9,68,0,2023-07-10 23:08:10
7/10/2023,23:08:14,26.9,68,0,2023-07-10 23:08:14
7/10/2023,23:08:18,26.9,68,0,2023-07-10 23:08:18
7/10/2023,23:08:22,26.9,68,0,2023-07-10 23:08:22
7/10/2023,23:08:25,26.9,68,0,2023-07-10 23:08:25
7/10/2023,23:09:17,26.9,68,0,2023-07-10 23:09:17
7/10/2023,23:09:20,26.9,67,0,2023-07-10 23:09:20
7/10/2023,23:09:25,26.9,68,0,2023-07-10 23:09:25
7/10/2023,23:09:29,26.9,68,0,2023-07-10 23:09:29
7/10/2023,23:09:33,26.9,67,0,2023-07-10 23:09:33
7/10/2023,23:09:37,26.9,67,0,2023-07-10 23:09:37
7/10/2023,23:09:41,26.9,68,0,2023-07-10 23:09:41
7/10/2023,23:09:45,26.9,68,0,2023-07-10 23:09:45
7/10/2023,23:17:23,26.9,68,0,2023-07-10 23:17:23
7/10/2023,23:17:27,26.9,67,0,2023-07-10 23:17:27
7/10/2023,23:17:31,26.9,67,0,2023-07-10 23:17:31
7/10/2023,23:17:35,26.9,67,0,2023-07-10 23:17:35
7/10/2023,23:17:39,26.9,67,0,2023-07-10 23:17:39
7/10/2023,23:17:43,26.9,67,0,2023-07-10 23:17:43
7/10/2023,23:17:48,26.9,67,0,2023-07-10 23:17:48
7/10/2023,23:18:40,26.9,67,0,2023-07-10 23:18:40
7/10/2023,23:18:44,26.9,67,0,2023-07-10 23:18:44
7/10/2023,23:18:49,26.9,67,0,2023-07-10 23:18:49
7/10/2023,23:18:53,26.9,67,0,2023-07-10 23:18:53
7/10/2023,23:18:58,26.9,67,0,2023-07-10 23:18:58
7/10/2023,23:19:03,26.9,67,0,2023-07-10 23:19:03
7/10/2023,23:19:07,26.9,67,0,2023-07-10 23:19:07
7/10/2023,23:19:12,26.9,67,0,2023-07-10 23:19:12
7/10/2023,23:19:17,26.9,67,0,2023-07-10 23:19:17
7/10/2023,23:19:22,26.9,67,0,2023-07-10 23:19:22
7/10/2023,23:19:28,26.9,67,0,2023-07-10 23:19:28
7/10/2023,23:19:33,26.9,67,0,2023-07-10 23:19:33
7/10/2023,23:19:38,26.9,67,0,2023-07-10 23:19:38
7/10/2023,23:19:42,26.9,67,0,2023-07-10 23:19:42
7/10/2023,23:19:47,26.9,67,0,2023-07-10 23:19:47
7/10/2023,23:19:52,26.9,67,0,2023-07-10 23:19:52
7/10/2023,23:19:57,26.9,67,0,2023-07-10 23:19:57
7/10/2023,23:20:02,26.9,67,0,2023-07-10 23:20:02
7/10/2023,23:20:07,26.9,67,0,2023-07-10 23:20:07
7/10/2023,23:20:12,26.9,67,0,2023-07-10 23:20:12
7/10/2023,23:20:16,26.9,67,0,2023-07-10 23:20:16
7/10/2023,23:20:20,26.9,67,0,2023-07-10 23:20:20
7/10/2023,23:20:25,26.9,67,0,2023-07-10 23:20:25
7/10/2023,23:20:30,26.9,67,0,2023-07-10 23:20:30
7/13/2023,18:08:45,28.9,63,0,2023-07-13 18:08:45
7/13/2023,18:08:50,28.9,63,0,2023-07-13 18:08:50
7/13/2023,18:08:54,28.9,63,0,2023-07-13 18:08:54
7/13/2023,18:08:58,28.9,63,0,2023-07-13 18:08:58
7/13/2023,18:09:02,28.9,63,0,2023-07-13 18:09:02
7/13/2023,18:09:06,29.0,62,0,2023-07-13 18:09:06
7/13/2023,18:09:10,29.0,62,0,2023-07-13 18:09:10
7/13/2023,18:09:15,29.0,62,0,2023-07-13 18:09:15
7/13/2023,18:10:08,29.0,62,0,2023-07-13 18:10:08
7/13/2023,18:10:12,29.1,62,0,2023-07-13 18:10:12
7/13/2023,18:10:16,29.1,62,0,2023-07-13 18:10:16
7/13/2023,18:10:21,29.1,62,0,2023-07-13 18:10:21
7/13/2023,18:10:26,29.1,61,0,2023-07-13 18:10:26
7/13/2023,18:10:31,29.1,61,0,2023-07-13 18:10:31
7/13/2023,18:10:36,29.1,61,0,2023-07-13 18:10:36
7/13/2023,18:10:41,29.1,61,0,2023-07-13 18:10:41
7/13/2023,18:10:45,29.1,61,0,2023-07-13 18:10:45
7/13/2023,18:10:49,29.1,61,0,2023-07-13 18:10:49
7/13/2023,18:10:55,29.1,61,0,2023-07-13 18:10:55
7/13/2023,18:10:59,29.1,61,0,2023-07-13 18:10:59
7/13/2023,18:11:05,29.1,61,0,2023-07-13 18:11:05
7/13/2023,18:11:09,29.1,61,0,2023-07-13 18:11:09
7/13/2023,18:11:14,29.1,61,0,2023-07-13 18:11:14
7/13/2023,18:11:19,29.1,61,0,2023-07-13 18:11:19
7/13/2023,18:11:23,29.1,61,0,2023-07-13 18:11:23
7/13/2023,18:11:28,29.1,61,0,2023-07-13 18:11:28
7/13/2023,18:11:32,29.1,61,0,2023-07-13 18:11:32
7/13/2023,18:11:37,29.1,61,0,2023-07-13 18:11:37
7/13/2023,18:11:42,29.1,61,0,2023-07-13 18:11:42
7/13/2023,18:11:47,29.1,61,0,2023-07-13 18:11:47
7/13/2023,18:11:52,29.1,61,0,2023-07-13 18:11:52
7/13/2023,18:11:57,29.1,61,0,2023-07-13 18:11:57
7/13/2023,18:12:01,29.1,61,0,2023-07-13 18:12:01
7/13/2023,18:12:06,29.1,61,0,2023-07-13 18:12:06
7/13/2023,18:12:10,29.1,61,0,2023-07-13 18:12:10
7/13/2023,18:12:14,29.1,61,0,2023-07-13 18:12:14
7/13/2023,18:12:20,29.1,61,0,2023-07-13 18:12:20
7/13/2023,18:12:25,29.1,61,0,2023-07-13 18:12:25
7/13/2023,18:12:29,29.1,61,0,2023-07-13 18:12:29
7/13/2023,18:12:33,29.1,61,0,2023-07-13 18:12:33
7/13/2023,18:12:38,29.1,61,0,2023-07-13 18:12:38
7/13/2023,18:12:42,29.1,61,0,2023-07-13 18:12:42
7/13/2023,18:12:47,29.1,61,0,2023-07-13 18:12:47
7/13/2023,18:12:52,29.1,61,0,2023-07-13 18:12:52
7/13/2023,18:12:56,29.1,61,0,2023-07-13 18:12:56
7/13/2023,18:13:01,29.1,61,0,2023-07-13 18:13:01
7/13/2023,18:13:05,29.1,61,0,2023-07-13 18:13:05
7/13/2023,18:13:11,29.1,61,0,2023-07-13 18:13:11
7/13/2023,18:13:15,29.1,61,0,2023-07-13 18:13:15
7/13/2023,18:13:20,29.1,61,0,2023-07-13 18:13:20
7/13/2023,18:13:24,29.1,61,0,2023-07-13 18:13:24
7/13/2023,18:13:29,29.1,61,0,2023-07-13 18:13:29
7/13/2023,18:13:33,29.1,61,0,2023-07-13 18:13:33
7/13/2023,18:13:38,29.1,61,0,2023-07-13 18:13:38
7/13/2023,18:13:43,29.1,61,0,2023-07-13 18:13:43
7/13/2023,18:13:47,29.1,61,0,2023-07-13 18:13:47
7/13/2023,18:13:52,29.1,62,0,2023-07-13 18:13:52
7/13/2023,18:13:56,29.1,61,0,2023-07-13 18:13:56
7/13/2023,18:14:01,29.1,61,0,2023-07-13 18:14:01
7/13/2023,18:14:06,29.1,61,0,2023-07-13 18:14:06
7/13/2023,18:14:10,29.1,62,0,2023-07-13 18:14:10
7/13/2023,18:14:15,29.1,61,0,2023-07-13 18:14:15
7/13/2023,18:14:19,29.1,61,0,2023-07-13 18:14:19
7/13/2023,18:14:24,29.1,61,0,2023-07-13 18:14:24
7/13/2023,18:14:29,29.1,61,0,2023-07-13 18:14:29
7/13/2023,18:14:34,29.1,61,0,2023-07-13 18:14:34
7/13/2023,18:14:38,29.1,61,0,2023-07-13 18:14:38
7/13/2023,18:14:44,29.1,61,0,2023-07-13 18:14:44
7/13/2023,18:14:48,29.1,61,0,2023-07-13 18:14:48
7/13/2023,18:14:52,29.1,61,0,2023-07-13 18:14:52
7/13/2023,18:14:57,29.1,61,0,2023-07-13 18:14:57
7/13/2023,18:15:01,29.1,61,0,2023-07-13 18:15:01
7/13/2023,18:15:06,29.1,61,0,2023-07-13 18:15:06
7/13/2023,18:15:10,29.1,61,0,2023-07-13 18:15:10
7/13/2023,18:15:15,29.1,61,0,2023-07-13 18:15:15
7/13/2023,18:15:19,29.1,61,0,2023-07-13 18:15:19
7/13/2023,18:15:24,29.1,61,0,2023-07-13 18:15:24
7/13/2023,18:15:28,29.1,61,0,2023-07-13 18:15:28
7/13/2023,18:15:32,29.1,62,0,2023-07-13 18:15:32
7/13/2023,18:15:37,29.1,62,0,2023-07-13 18:15:37
7/13/2023,18:15:41,29.1,62,0,2023-07-13 18:15:41
7/13/2023,18:15:45,29.1,62,0,2023-07-13 18:15:45
7/13/2023,18:15:49,29.1,62,0,2023-07-13 18:15:49
7/13/2023,18:15:53,29.1,62,0,2023-07-13 18:15:53
7/13/2023,18:15:58,29.1,62,0,2023-07-13 18:15:58
7/13/2023,18:16:02,29.1,61,0,2023-07-13 18:16:02
7/13/2023,18:16:06,29.1,61,0,2023-07-13 18:16:06
7/13/2023,18:16:11,29.1,61,0,2023-07-13 18:16:11
7/13/2023,18:16:15,29.1,61,0,2023-07-13 18:16:15
7/13/2023,18:16:19,29.1,61,0,2023-07-13 18:16:19
7/13/2023,18:16:23,29.1,61,0,2023-07-13 18:16:23
7/13/2023,18:16:27,29.1,61,0,2023-07-13 18:16:27
7/13/2023,18:16:31,29.1,61,0,2023-07-13 18:16:31
7/13/2023,18:16:35,29.1,61,0,2023-07-13 18:16:35
7/13/2023,18:16:39,29.1,61,0,2023-07-13 18:16:39
7/13/2023,18:16:44,29.1,61,0,2023-07-13 18:16:44
7/13/2023,18:16:48,29.1,61,0,2023-07-13 18:16:48
7/13/2023,18:16:52,29.1,61,0,2023-07-13 18:16:52
7/13/2023,18:16:57,29.1,61,0,2023-07-13 18:16:57
7/13/2023,18:17:01,29.1,61,0,2023-07-13 18:17:01
7/13/2023,18:17:06,29.1,61,0,2023-07-13 18:17:06
7/13/2023,18:17:10,29.1,61,0,2023-07-13 18:17:10
7/13/2023,18:17:14,29.1,61,0,2023-07-13 18:17:14
7/13/2023,18:17:18,29.1,61,0,2023-07-13 18:17:18
7/13/2023,18:17:34,29.1,61,0,2023-07-13 18:17:34
7/13/2023,18:17:39,29.1,61,0,2023-07-13 18:17:39
7/13/2023,18:17:44,29.1,61,0,2023-07-13 18:17:44
7/13/2023,18:17:49,29.1,62,0,2023-07-13 18:17:49
7/13/2023,18:17:53,29.1,62,0,2023-07-13 18:17:53
7/13/2023,18:17:57,29.1,62,0,2023-07-13 18:17:57
7/13/2023,18:18:01,29.1,62,0,2023-07-13 18:18:01
7/13/2023,18:18:06,29.2,62,0,2023-07-13 18:18:06
7/13/2023,18:18:10,29.2,62,0,2023-07-13 18:18:10
7/13/2023,18:18:15,29.2,62,0,2023-07-13 18:18:15
7/13/2023,18:18:19,29.2,62,0,2023-07-13 18:18:19
7/13/2023,18:18:23,29.2,62,0,2023-07-13 18:18:23
7/13/2023,18:18:27,29.2,61,0,2023-07-13 18:18:27
7/13/2023,18:18:31,29.2,61,0,2023-07-13 18:18:31
7/13/2023,18:18:36,29.2,61,0,2023-07-13 18:18:36
7/13/2023,18:18:40,29.2,61,0,2023-07-13 18:18:40
7/13/2023,18:18:44,29.2,61,0,2023-07-13 18:18:44
7/13/2023,18:18:49,29.2,61,0,2023-07-13 18:18:49
7/13/2023,18:18:53,29.2,61,0,2023-07-13 18:18:53
7/13/2023,18:18:57,29.2,61,0,2023-07-13 18:18:57
7/13/2023,18:19:01,29.2,61,0,2023-07-13 18:19:01
7/13/2023,18:19:06,29.2,61,0,2023-07-13 18:19:06
7/13/2023,18:19:11,29.2,61,0,2023-07-13 18:19:11
7/13/2023,18:19:16,29.2,61,0,2023-07-13 18:19:16
7/13/2023,18:19:20,29.2,61,0,2023-07-13 18:19:20
7/13/2023,18:19:24,29.2,61,0,2023-07-13 18:19:24
7/13/2023,18:19:28,29.2,61,0,2023-07-13 18:19:28
7/13/2023,18:19:32,29.2,61,0,2023-07-13 18:19:32
7/13/2023,18:19:36,29.2,61,0,2023-07-13 18:19:36
7/13/2023,18:19:41,29.2,61,0,2023-07-13 18:19:41
7/13/2023,18:19:45,29.2,61,0,2023-07-13 18:19:45
7/13/2023,18:19:50,29.2,61,0,2023-07-13 18:19:50
7/13/2023,18:19:54,29.2,61,0,2023-07-13 18:19:54
7/13/2023,18:19:58,29.2,61,0,2023-07-13 18:19:58
7/13/2023,18:20:04,29.2,61,0,2023-07-13 18:20:04
7/13/2023,18:20:08,29.2,61,0,2023-07-13 18:20:08
7/13/2023,18:20:12,29.2,61,0,2023-07-13 18:20:12
7/13/2023,18:20:16,29.2,61,0,2023-07-13 18:20:16
7/13/2023,18:20:20,29.2,61,0,2023-07-13 18:20:20
7/13/2023,18:20:25,29.2,62,0,2023-07-13 18:20:25
7/13/2023,18:20:29,29.2,62,0,2023-07-13 18:20:29
7/13/2023,18:20:33,29.2,62,0,2023-07-13 18:20:33
7/13/2023,18:20:37,29.2,61,0,2023-07-13 18:20:37
7/13/2023,18:20:41,29.2,62,0,2023-07-13 18:20:41
7/13/2023,18:20:46,29.2,61,0,2023-07-13 18:20:46
7/13/2023,18:20:50,29.2,61,0,2023-07-13 18:20:50
7/13/2023,18:20:55,29.2,61,0,2023-07-13 18:20:55
7/13/2023,18:21:00,29.2,61,0,2023-07-13 18:21:00
7/13/2023,18:21:04,29.3,61,0,2023-07-13 18:21:04
7/13/2023,18:21:08,29.3,61,0,2023-07-13 18:21:08
7/13/2023,18:21:12,29.3,61,0,2023-07-13 18:21:12
7/13/2023,18:21:17,29.3,61,0,2023-07-13 18:21:17
7/13/2023,18:21:21,29.3,61,0,2023-07-13 18:21:21
7/13/2023,18:21:26,29.3,61,0,2023-07-13 18:21:26
7/13/2023,18:21:30,29.3,61,0,2023-07-13 18:21:30
7/13/2023,18:21:34,29.3,61,0,2023-07-13 18:21:34
7/13/2023,18:21:38,29.3,61,0,2023-07-13 18:21:38
7/13/2023,18:21:43,29.3,61,0,2023-07-13 18:21:43
7/13/2023,18:21:47,29.3,61,0,2023-07-13 18:21:47
7/13/2023,18:21:52,29.3,61,0,2023-07-13 18:21:52
7/13/2023,18:21:56,29.3,61,0,2023-07-13 18:21:56
7/13/2023,18:22:00,29.3,61,0,2023-07-13 18:22:00
7/13/2023,18:22:04,29.3,61,0,2023-07-13 18:22:04
7/13/2023,18:22:09,29.3,61,0,2023-07-13 18:22:09
7/13/2023,18:22:14,29.3,61,0,2023-07-13 18:22:14
7/13/2023,18:22:18,29.3,61,0,2023-07-13 18:22:18
7/13/2023,18:22:22,29.3,61,0,2023-07-13 18:22:22
7/13/2023,18:22:26,29.3,61,0,2023-07-13 18:22:26
7/13/2023,18:22:31,29.3,61,0,2023-07-13 18:22:31
7/13/2023,18:22:35,29.3,61,0,2023-07-13 18:22:35
7/13/2023,18:22:39,29.3,61,0,2023-07-13 18:22:39
7/13/2023,18:22:44,29.3,61,0,2023-07-13 18:22:44
7/13/2023,18:22:48,29.3,61,0,2023-07-13 18:22:48
7/14/2023,9:10:57,28.0,67,0,2023-07-14 09:10:57
7/14/2023,9:11:01,28.1,67,0,2023-07-14 09:11:01
7/14/2023,9:11:05,28.1,67,0,2023-07-14 09:11:05
7/14/2023,9:11:10,28.1,67,0,2023-07-14 09:11:10
7/14/2023,9:11:17,28.1,66,0,2023-07-14 09:11:17
7/14/2023,9:11:22,28.1,66,0,2023-07-14 09:11:22
7/14/2023,9:11:26,28.1,66,0,2023-07-14 09:11:26
7/14/2023,9:11:31,28.2,66,0,2023-07-14 09:11:31
7/14/2023,9:11:35,28.2,66,0,2023-07-14 09:11:35
7/14/2023,9:11:39,28.2,66,0,2023-07-14 09:11:39
7/14/2023,9:11:44,28.2,66,0,2023-07-14 09:11:44
7/14/2023,9:11:48,28.2,66,0,2023-07-14 09:11:48
7/14/2023,9:11:52,28.2,66,0,2023-07-14 09:11:52
7/14/2023,9:11:57,28.3,65,0,2023-07-14 09:11:57
7/14/2023,9:12:02,28.3,65,0,2023-07-14 09:12:02
7/14/2023,9:12:06,28.3,65,0,2023-07-14 09:12:06
7/14/2023,9:12:11,28.3,65,0,2023-07-14 09:12:11
7/14/2023,9:12:16,28.3,65,0,2023-07-14 09:12:16
7/14/2023,9:12:22,28.3,65,0,2023-07-14 09:12:22
7/14/2023,9:12:28,28.4,65,0,2023-07-14 09:12:28
7/14/2023,9:12:33,28.4,65,0,2023-07-14 09:12:33
7/14/2023,9:12:38,28.4,64,0,2023-07-14 09:12:38
7/14/2023,9:12:43,28.4,64,0,2023-07-14 09:12:43
7/14/2023,9:12:47,28.4,64,0,2023-07-14 09:12:47
7/14/2023,9:12:51,28.4,64,0,2023-07-14 09:12:51
7/14/2023,9:12:55,28.5,64,0,2023-07-14 09:12:55
7/14/2023,9:13:00,28.5,64,0,2023-07-14 09:13:00
7/14/2023,9:13:04,28.5,64,0,2023-07-14 09:13:04
7/14/2023,9:13:09,28.5,64,0,2023-07-14 09:13:09
7/14/2023,9:13:13,28.6,64,0,2023-07-14 09:13:13
7/14/2023,9:13:18,28.6,64,0,2023-07-14 09:13:18
7/14/2023,9:13:23,28.6,64,0,2023-07-14 09:13:23
7/14/2023,9:13:27,28.6,64,0,2023-07-14 09:13:27
7/14/2023,9:13:32,28.6,64,0,2023-07-14 09:13:32
7/14/2023,9:13:36,28.6,64,0,2023-07-14 09:13:36
7/14/2023,9:13:40,28.7,64,0,2023-07-14 09:13:40
7/14/2023,9:13:46,28.7,64,0,2023-07-14 09:13:46
7/14/2023,9:13:51,28.7,64,0,2023-07-14 09:13:51
7/14/2023,9:13:55,28.7,64,0,2023-07-14 09:13:55
7/14/2023,9:14:00,28.8,64,0,2023-07-14 09:14:00
7/14/2023,9:14:04,28.8,64,0,2023-07-14 09:14:04
7/14/2023,9:14:09,28.8,64,0,2023-07-14 09:14:09
7/14/2023,9:14:14,28.8,64,0,2023-07-14 09:14:14
7/14/2023,9:14:18,28.9,64,0,2023-07-14 09:14:18
7/14/2023,9:14:22,28.9,64,0,2023-07-14 09:14:22
7/14/2023,9:14:28,28.9,64,0,2023-07-14 09:14:28
7/14/2023,9:14:33,29.0,64,0,2023-07-14 09:14:33
7/14/2023,9:14:40,29.0,64,0,2023-07-14 09:14:40
7/14/2023,9:14:45,29.1,63,0,2023-07-14 09:14:45
7/14/2023,9:14:49,29.1,63,0,2023-07-14 09:14:49
7/14/2023,9:14:54,29.1,63,0,2023-07-14 09:14:54
7/14/2023,9:14:58,29.2,63,0,2023-07-14 09:14:58
7/14/2023,9:15:03,29.2,63,0,2023-07-14 09:15:03
7/14/2023,9:15:07,29.2,63,0,2023-07-14 09:15:07
7/14/2023,9:15:12,29.2,63,0,2023-07-14 09:15:12
7/14/2023,9:15:16,29.2,63,0,2023-07-14 09:15:16
7/14/2023,9:15:21,29.3,63,0,2023-07-14 09:15:21
7/14/2023,9:15:29,29.3,63,0,2023-07-14 09:15:29
7/14/2023,9:15:34,29.3,63,0,2023-07-14 09:15:34
7/14/2023,9:15:38,29.4,62,0,2023-07-14 09:15:38
7/14/2023,9:15:43,29.4,62,0,2023-07-14 09:15:43
7/14/2023,9:15:47,29.4,62,0,2023-07-14 09:15:47
7/14/2023,9:15:52,29.5,62,0,2023-07-14 09:15:52
7/14/2023,9:15:56,29.5,62,0,2023-07-14 09:15:56
7/14/2023,9:16:00,29.5,62,0,2023-07-14 09:16:00
7/14/2023,9:16:05,29.5,62,0,2023-07-14 09:16:05
7/14/2023,9:16:09,29.5,62,0,2023-07-14 09:16:09
7/14/2023,9:16:15,29.5,62,0,2023-07-14 09:16:15
7/14/2023,9:16:20,29.5,62,0,2023-07-14 09:16:20
7/14/2023,9:16:25,29.5,62,0,2023-07-14 09:16:25
7/14/2023,9:16:30,29.6,62,0,2023-07-14 09:16:30
7/14/2023,9:16:35,29.6,62,0,2023-07-14 09:16:35
7/14/2023,9:16:42,29.6,62,0,2023-07-14 09:16:42
7/14/2023,9:17:31,29.6,62,0,2023-07-14 09:17:31
7/14/2023,9:17:36,29.7,62,0,2023-07-14 09:17:36
7/14/2023,9:17:40,29.7,61,0,2023-07-14 09:17:40
7/14/2023,9:17:44,29.7,61,0,2023-07-14 09:17:44
7/14/2023,9:17:49,29.7,61,0,2023-07-14 09:17:49
7/14/2023,9:17:54,29.7,61,0,2023-07-14 09:17:54
7/14/2023,9:17:58,29.7,61,0,2023-07-14 09:17:58
7/14/2023,9:18:02,29.6,61,0,2023-07-14 09:18:02
7/14/2023,9:18:07,29.7,61,0,2023-07-14 09:18:07
7/14/2023,9:18:12,29.6,61,0,2023-07-14 09:18:12
7/14/2023,9:18:16,29.6,61,0,2023-07-14 09:18:16
7/14/2023,9:18:20,29.7,62,0,2023-07-14 09:18:20
7/14/2023,9:18:26,29.7,62,0,2023-07-14 09:18:26
7/14/2023,9:18:31,29.7,62,0,2023-07-14 09:18:31
7/14/2023,9:18:35,29.7,62,0,2023-07-14 09:18:35
7/14/2023,9:18:43,29.7,61,0,2023-07-14 09:18:43
7/14/2023,9:18:47,29.7,61,0,2023-07-14 09:18:47
7/14/2023,9:18:51,29.7,61,0,2023-07-14 09:18:51
7/14/2023,9:18:55,29.8,61,0,2023-07-14 09:18:55
7/14/2023,9:19:01,29.8,61,0,2023-07-14 09:19:01
7/14/2023,9:19:05,29.8,62,0,2023-07-14 09:19:05
7/14/2023,9:19:10,29.8,62,0,2023-07-14 09:19:10
7/14/2023,9:19:14,29.8,62,0,2023-07-14 09:19:14
7/14/2023,9:19:19,29.8,62,0,2023-07-14 09:19:19
7/14/2023,9:19:23,29.8,62,0,2023-07-14 09:19:23
7/14/2023,9:19:28,29.8,62,0,2023-07-14 09:19:28
7/14/2023,9:19:33,29.8,62,0,2023-07-14 09:19:33
7/14/2023,9:20:22,29.8,62,0,2023-07-14 09:20:22
7/14/2023,9:20:27,30.1,62,0,2023-07-14 09:20:27
7/14/2023,9:20:31,30.1,62,0,2023-07-14 09:20:31
7/14/2023,9:20:35,30.1,62,0,2023-07-14 09:20:35
7/14/2023,9:20:39,30.2,62,0,2023-07-14 09:20:39
7/14/2023,9:20:44,30.2,62,0,2023-07-14 09:20:44
7/14/2023,9:20:48,30.2,62,0,2023-07-14 09:20:48
7/14/2023,9:20:52,30.2,62,0,2023-07-14 09:20:52
7/14/2023,9:20:57,30.3,62,0,2023-07-14 09:20:57
7/14/2023,9:21:02,30.3,62,0,2023-07-14 09:21:02
7/14/2023,9:21:07,30.3,62,0,2023-07-14 09:21:07
7/14/2023,9:21:11,30.3,62,0,2023-07-14 09:21:11
7/14/2023,9:21:15,30.3,62,0,2023-07-14 09:21:15
7/14/2023,9:21:19,30.3,62,0,2023-07-14 09:21:19
7/14/2023,9:21:24,30.3,62,0,2023-07-14 09:21:24
7/14/2023,9:21:28,30.3,62,0,2023-07-14 09:21:28
7/14/2023,9:21:32,30.3,62,0,2023-07-14 09:21:32
7/14/2023,9:21:36,30.3,61,0,2023-07-14 09:21:36
7/14/2023,9:21:41,30.3,61,0,2023-07-14 09:21:41
7/14/2023,9:21:46,30.4,61,0,2023-07-14 09:21:46
7/14/2023,9:21:50,30.4,61,0,2023-07-14 09:21:50
7/14/2023,9:21:55,30.4,61,0,2023-07-14 09:21:55
7/14/2023,9:21:59,30.4,61,0,2023-07-14 09:21:59
7/14/2023,9:22:03,30.4,61,0,2023-07-14 09:22:03
7/14/2023,9:22:11,30.4,61,0,2023-07-14 09:22:11
7/14/2023,9:22:15,30.4,61,0,2023-07-14 09:22:15
7/14/2023,9:22:20,30.4,61,0,2023-07-14 09:22:20
7/14/2023,9:22:24,30.4,61,0,2023-07-14 09:22:24
7/14/2023,9:22:29,30.4,61,0,2023-07-14 09:22:29
7/14/2023,9:22:33,30.4,60,0,2023-07-14 09:22:33
7/14/2023,9:22:37,30.4,60,0,2023-07-14 09:22:37
7/14/2023,9:22:42,30.4,60,0,2023-07-14 09:22:42
7/14/2023,9:22:46,30.4,60,0,2023-07-14 09:22:46
7/14/2023,9:22:50,30.4,60,0,2023-07-14 09:22:50
7/14/2023,9:22:55,30.4,60,0,2023-07-14 09:22:55
7/14/2023,9:22:59,30.4,60,0,2023-07-14 09:22:59
7/14/2023,9:23:05,30.4,60,0,2023-07-14 09:23:05
7/14/2023,9:23:09,30.5,59,0,2023-07-14 09:23:09
7/14/2023,9:23:14,30.5,59,0,2023-07-14 09:23:14
7/14/2023,9:23:19,30.5,59,0,2023-07-14 09:23:19
7/14/2023,9:23:23,30.5,59,0,2023-07-14 09:23:23
7/14/2023,9:23:28,30.5,59,0,2023-07-14 09:23:28
7/14/2023,9:23:33,30.5,58,0,2023-07-14 09:23:33
7/14/2023,9:23:38,30.5,59,0,2023-07-14 09:23:38
7/14/2023,9:23:42,30.5,59,1,2023-07-14 09:23:42
7/14/2023,9:23:46,30.6,59,0,2023-07-14 09:23:46
7/14/2023,9:23:51,30.6,59,0,2023-07-14 09:23:51
7/14/2023,9:23:56,30.6,60,0,2023-07-14 09:23:56
7/14/2023,9:24:00,30.6,59,0,2023-07-14 09:24:00
7/14/2023,9:24:04,30.6,59,0,2023-07-14 09:24:04
7/14/2023,9:24:58,30.6,58,0,2023-07-14 09:24:58
7/14/2023,9:25:02,30.6,58,0,2023-07-14 09:25:02
7/14/2023,9:25:07,30.6,58,0,2023-07-14 09:25:07
7/14/2023,9:25:11,30.6,58,0,2023-07-14 09:25:11
7/14/2023,9:25:15,30.6,58,0,2023-07-14 09:25:15
7/14/2023,9:25:20,30.6,58,0,2023-07-14 09:25:20
7/14/2023,9:25:25,30.7,58,0,2023-07-14 09:25:25
7/14/2023,9:25:29,30.7,58,0,2023-07-14 09:25:29
7/14/2023,9:25:34,30.7,58,0,2023-07-14 09:25:34
7/14/2023,9:25:38,30.7,58,0,2023-07-14 09:25:38
7/14/2023,9:25:43,30.7,58,0,2023-07-14 09:25:43
7/14/2023,9:26:36,30.7,58,0,2023-07-14 09:26:36
7/14/2023,9:26:40,30.8,59,0,2023-07-14 09:26:40
7/14/2023,9:26:45,30.8,59,0,2023-07-14 09:26:45
7/14/2023,9:26:50,30.8,59,0,2023-07-14 09:26:50
7/14/2023,9:26:54,30.8,59,0,2023-07-14 09:26:54
7/14/2023,9:26:59,30.8,59,0,2023-07-14 09:26:59
7/14/2023,9:27:03,30.8,59,0,2023-07-14 09:27:03
7/14/2023,9:27:07,30.8,59,0,2023-07-14 09:27:07
7/14/2023,9:27:12,30.8,58,0,2023-07-14 09:27:12
7/14/2023,9:27:16,30.8,58,0,2023-07-14 09:27:16
7/14/2023,9:27:21,30.8,57,0,2023-07-14 09:27:21
7/14/2023,9:27:26,30.8,57,0,2023-07-14 09:27:26
7/14/2023,9:27:30,30.8,57,0,2023-07-14 09:27:30
7/14/2023,9:27:35,30.8,57,0,2023-07-14 09:27:35
7/14/2023,9:27:39,30.8,57,0,2023-07-14 09:27:39
7/14/2023,9:27:44,30.8,57,0,2023-07-14 09:27:44
7/14/2023,9:27:48,30.8,57,0,2023-07-14 09:27:48
7/14/2023,9:27:53,30.8,58,0,2023-07-14 09:27:53
7/14/2023,9:27:58,30.8,58,0,2023-07-14 09:27:58
7/14/2023,9:28:02,30.8,57,0,2023-07-14 09:28:02
7/14/2023,9:28:06,30.8,57,0,2023-07-14 09:28:06
7/14/2023,9:28:11,30.9,57,0,2023-07-14 09:28:11
7/14/2023,9:28:15,30.9,57,0,2023-07-14 09:28:15
7/14/2023,9:28:19,30.9,57,0,2023-07-14 09:28:19
7/14/2023,9:28:24,30.9,57,0,2023-07-14 09:28:24
7/14/2023,9:28:29,30.9,57,0,2023-07-14 09:28:29
7/14/2023,9:28:33,30.9,57,0,2023-07-14 09:28:33
7/14/2023,9:28:38,30.9,58,0,2023-07-14 09:28:38
7/14/2023,9:28:43,30.9,58,0,2023-07-14 09:28:43
7/14/2023,9:28:47,30.9,58,0,2023-07-14 09:28:47
7/14/2023,9:28:51,31.0,58,0,2023-07-14 09:28:51
7/14/2023,9:28:55,31.0,58,0,2023-07-14 09:28:55
7/14/2023,9:29:00,31.0,58,0,2023-07-14 09:29:00
7/14/2023,9:29:04,31.0,58,0,2023-07-14 09:29:04
7/14/2023,9:29:08,31.0,58,0,2023-07-14 09:29:08
7/14/2023,9:29:13,31.0,58,0,2023-07-14 09:29:13
7/14/2023,9:29:18,31.0,58,0,2023-07-14 09:29:18
7/14/2023,9:30:11,31.1,58,0,2023-07-14 09:30:11
7/14/2023,9:30:15,31.2,59,0,2023-07-14 09:30:15
7/14/2023,9:30:19,31.3,59,0,2023-07-14 09:30:19
7/14/2023,9:30:24,31.3,59,0,2023-07-14 09:30:24
7/14/2023,9:30:29,31.3,59,0,2023-07-14 09:30:29
7/14/2023,9:30:34,31.4,59,0,2023-07-14 09:30:34
7/14/2023,9:30:39,31.4,59,0,2023-07-14 09:30:39
7/14/2023,9:30:43,31.4,59,0,2023-07-14 09:30:43
7/14/2023,9:30:48,31.4,59,0,2023-07-14 09:30:48
7/14/2023,9:30:52,31.4,58,0,2023-07-14 09:30:52
7/14/2023,9:30:56,31.4,58,0,2023-07-14 09:30:56
7/14/2023,9:31:01,31.4,58,0,2023-07-14 09:31:01
7/14/2023,9:31:05,31.4,57,0,2023-07-14 09:31:05
7/14/2023,9:31:09,31.4,57,0,2023-07-14 09:31:09
7/14/2023,9:31:16,31.4,57,0,2023-07-14 09:31:16
7/14/2023,9:31:21,31.4,57,0,2023-07-14 09:31:21
7/14/2023,9:31:26,31.4,57,0,2023-07-14 09:31:26
7/14/2023,9:31:31,31.4,57,0,2023-07-14 09:31:31
7/14/2023,9:31:35,31.4,57,0,2023-07-14 09:31:35
7/14/2023,9:31:41,31.4,57,0,2023-07-14 09:31:41
7/14/2023,9:31:45,31.4,57,0,2023-07-14 09:31:45
7/14/2023,9:31:50,31.4,57,0,2023-07-14 09:31:50
7/14/2023,9:31:54,31.4,57,0,2023-07-14 09:31:54
7/14/2023,9:32:00,31.4,57,0,2023-07-14 09:32:00
7/14/2023,9:32:04,31.4,56,0,2023-07-14 09:32:04
7/14/2023,9:32:08,31.4,57,0,2023-07-14 09:32:08
7/14/2023,9:32:13,31.4,57,0,2023-07-14 09:32:13
7/14/2023,9:32:17,31.4,57,0,2023-07-14 09:32:17
7/14/2023,9:32:22,31.4,56,0,2023-07-14 09:32:22
7/14/2023,9:32:27,31.4,56,0,2023-07-14 09:32:27
7/14/2023,9:32:31,31.4,56,0,2023-07-14 09:32:31
7/14/2023,9:32:36,31.5,56,0,2023-07-14 09:32:36
7/14/2023,9:32:40,31.5,56,0,2023-07-14 09:32:40
7/14/2023,9:32:45,31.5,56,0,2023-07-14 09:32:45
7/14/2023,9:32:49,31.5,56,0,2023-07-14 09:32:49
7/14/2023,9:32:55,31.5,56,0,2023-07-14 09:32:55
7/14/2023,9:32:59,31.6,56,0,2023-07-14 09:32:59
7/14/2023,9:33:04,31.6,56,0,2023-07-14 09:33:04
7/14/2023,9:33:09,31.6,56,0,2023-07-14 09:33:09
7/14/2023,9:33:13,31.6,56,0,2023-07-14 09:33:13
7/14/2023,9:33:17,31.7,56,0,2023-07-14 09:33:17
7/14/2023,9:33:22,31.7,56,0,2023-07-14 09:33:22
7/14/2023,9:33:26,31.7,56,0,2023-07-14 09:33:26
7/14/2023,9:33:30,31.8,56,0,2023-07-14 09:33:30
7/14/2023,9:33:35,31.8,56,0,2023-07-14 09:33:35
7/14/2023,9:33:40,31.8,56,0,2023-07-14 09:33:40
7/14/2023,9:33:45,31.8,56,0,2023-07-14 09:33:45
7/14/2023,9:33:50,31.9,56,0,2023-07-14 09:33:50
7/14/2023,9:33:54,31.9,56,0,2023-07-14 09:33:54
7/14/2023,9:33:59,31.9,56,0,2023-07-14 09:33:59
7/14/2023,9:34:04,31.9,56,0,2023-07-14 09:34:04
7/14/2023,9:34:08,32.0,55,0,2023-07-14 09:34:08
7/14/2023,9:34:13,32.0,55,0,2023-07-14 09:34:13
7/14/2023,9:34:18,32.0,55,0,2023-07-14 09:34:18
7/14/2023,9:34:22,32.0,54,0,2023-07-14 09:34:22
7/14/2023,9:34:26,32.0,53,0,2023-07-14 09:34:26
7/14/2023,9:34:30,32.0,52,0,2023-07-14 09:34:30
7/14/2023,9:34:35,32.0,52,0,2023-07-14 09:34:35
7/14/2023,9:34:39,32.0,52,0,2023-07-14 09:34:39
7/14/2023,9:34:44,32.0,52,0,2023-07-14 09:34:44
7/14/2023,9:34:48,31.9,52,0,2023-07-14 09:34:48
7/14/2023,9:34:52,31.9,52,0,2023-07-14 09:34:52
7/14/2023,9:34:57,31.9,52,0,2023-07-14 09:34:57
7/14/2023,9:35:01,31.9,52,0,2023-07-14 09:35:01
7/14/2023,9:35:06,31.9,52,0,2023-07-14 09:35:06
7/14/2023,22:38:51,26.8,67,0,2023-07-14 22:38:51
7/14/2023,22:38:55,26.8,67,0,2023-07-14 22:38:55
7/14/2023,22:39:00,26.8,67,0,2023-07-14 22:39:00
7/14/2023,22:39:04,26.8,67,0,2023-07-14 22:39:04
7/14/2023,22:39:08,26.8,67,0,2023-07-14 22:39:08
7/14/2023,22:39:13,26.8,67,0,2023-07-14 22:39:13
7/14/2023,22:39:17,26.8,67,0,2023-07-14 22:39:17
7/14/2023,22:39:22,26.8,67,0,2023-07-14 22:39:22
7/14/2023,22:39:26,26.8,67,0,2023-07-14 22:39:26
7/14/2023,22:39:31,26.8,67,0,2023-07-14 22:39:31
7/14/2023,22:39:38,26.8,67,0,2023-07-14 22:39:38
7/14/2023,22:39:43,26.8,67,0,2023-07-14 22:39:43
7/14/2023,22:39:48,26.8,67,0,2023-07-14 22:39:48
7/14/2023,22:39:52,26.8,67,0,2023-07-14 22:39:52
7/14/2023,22:39:56,26.8,67,0,2023-07-14 22:39:56
7/14/2023,22:40:01,26.9,67,0,2023-07-14 22:40:01
7/14/2023,22:40:05,26.9,67,0,2023-07-14 22:40:05
7/14/2023,22:40:10,26.9,67,0,2023-07-14 22:40:10
7/14/2023,22:40:15,26.9,67,0,2023-07-14 22:40:15
7/14/2023,22:40:18,26.9,67,0,2023-07-14 22:40:18
7/14/2023,22:40:23,26.9,67,0,2023-07-14 22:40:23
7/14/2023,22:40:29,26.9,67,0,2023-07-14 22:40:29
7/14/2023,22:40:33,26.8,67,0,2023-07-14 22:40:33
7/14/2023,22:40:37,26.8,67,0,2023-07-14 22:40:37
7/14/2023,22:40:42,26.8,67,0,2023-07-14 22:40:42
7/14/2023,22:41:33,26.8,67,0,2023-07-14 22:41:33
7/14/2023,22:41:38,27.0,66,0,2023-07-14 22:41:38
7/14/2023,22:41:43,27.0,66,0,2023-07-14 22:41:43
7/14/2023,22:41:47,27.0,66,0,2023-07-14 22:41:47
7/14/2023,22:41:52,27.0,66,0,2023-07-14 22:41:52
7/14/2023,22:41:56,26.9,66,0,2023-07-14 22:41:56
7/14/2023,22:42:01,26.9,66,0,2023-07-14 22:42:01
7/14/2023,22:42:05,26.9,66,0,2023-07-14 22:42:05
7/14/2023,22:42:10,26.9,66,0,2023-07-14 22:42:10
7/14/2023,22:42:15,26.9,66,0,2023-07-14 22:42:15
7/14/2023,22:42:20,26.9,66,0,2023-07-14 22:42:20
7/14/2023,22:42:25,26.8,66,0,2023-07-14 22:42:25
7/14/2023,22:42:30,26.8,66,0,2023-07-14 22:42:30
7/14/2023,22:42:35,26.8,66,0,2023-07-14 22:42:35
7/14/2023,22:42:40,26.8,67,0,2023-07-14 22:42:40
7/14/2023,22:42:45,26.8,67,0,2023-07-14 22:42:45
7/14/2023,22:42:50,26.8,67,0,2023-07-14 22:42:50
7/14/2023,22:42:56,26.7,67,0,2023-07-14 22:42:56
7/14/2023,22:43:01,26.7,67,0,2023-07-14 22:43:01
7/14/2023,22:43:06,26.7,67,0,2023-07-14 22:43:06
7/14/2023,22:43:12,26.7,67,0,2023-07-14 22:43:12
7/14/2023,22:43:16,26.7,67,0,2023-07-14 22:43:16
7/14/2023,22:43:21,26.7,67,0,2023-07-14 22:43:21
7/14/2023,22:43:25,26.7,67,0,2023-07-14 22:43:25
7/14/2023,22:43:29,26.7,67,0,2023-07-14 22:43:29
7/14/2023,22:43:33,26.7,67,0,2023-07-14 22:43:33
7/14/2023,22:43:37,26.6,67,0,2023-07-14 22:43:37
7/14/2023,22:43:42,26.6,67,0,2023-07-14 22:43:42
7/14/2023,22:43:46,26.6,67,0,2023-07-14 22:43:46
7/14/2023,22:43:51,26.6,67,0,2023-07-14 22:43:51
7/14/2023,22:43:55,26.6,67,0,2023-07-14 22:43:55
7/14/2023,22:44:47,26.6,67,0,2023-07-14 22:44:47
7/14/2023,22:44:57,26.5,68,0,2023-07-14 22:44:57
7/14/2023,22:45:03,26.5,68,0,2023-07-14 22:45:03
7/14/2023,22:45:11,26.5,68,0,2023-07-14 22:45:11
7/14/2023,22:45:18,26.5,68,0,2023-07-14 22:45:18
7/14/2023,22:45:24,26.5,68,0,2023-07-14 22:45:24
7/14/2023,22:45:29,26.5,68,0,2023-07-14 22:45:29
7/14/2023,22:45:34,26.5,68,0,2023-07-14 22:45:34
7/14/2023,22:45:38,26.5,68,0,2023-07-14 22:45:38
7/14/2023,22:45:44,26.5,68,0,2023-07-14 22:45:44
7/14/2023,22:45:50,26.5,68,0,2023-07-14 22:45:50
7/14/2023,22:45:57,26.5,68,0,2023-07-14 22:45:57
7/14/2023,22:46:02,26.5,68,0,2023-07-14 22:46:02
7/14/2023,22:46:07,26.5,68,0,2023-07-14 22:46:07
7/14/2023,22:46:13,26.5,69,0,2023-07-14 22:46:13
7/14/2023,22:46:21,26.5,69,0,2023-07-14 22:46:21
7/14/2023,22:46:27,26.5,69,0,2023-07-14 22:46:27
7/14/2023,22:46:32,26.5,69,0,2023-07-14 22:46:32
7/14/2023,22:46:37,26.5,69,0,2023-07-14 22:46:37
7/14/2023,22:46:41,26.5,69,0,2023-07-14 22:46:41
7/14/2023,22:46:49,26.5,69,0,2023-07-14 22:46:49
7/14/2023,22:46:54,26.5,69,0,2023-07-14 22:46:54
7/14/2023,22:46:58,26.5,69,0,2023-07-14 22:46:58
7/14/2023,22:47:03,26.5,69,0,2023-07-14 22:47:03
7/14/2023,22:47:07,26.5,69,0,2023-07-14 22:47:07
7/14/2023,22:47:11,26.5,69,0,2023-07-14 22:47:11
7/14/2023,22:47:16,26.5,69,0,2023-07-14 22:47:16
7/14/2023,22:47:21,26.5,69,0,2023-07-14 22:47:21
7/14/2023,22:47:26,26.5,69,0,2023-07-14 22:47:26
7/14/2023,22:47:30,26.5,69,0,2023-07-14 22:47:30
7/14/2023,22:47:35,26.5,69,0,2023-07-14 22:47:35
7/14/2023,22:47:46,26.5,69,0,2023-07-14 22:47:46
7/14/2023,22:47:52,26.5,69,0,2023-07-14 22:47:52
7/14/2023,22:47:59,26.5,69,0,2023-07-14 22:47:59
7/14/2023,22:48:04,26.5,69,0,2023-07-14 22:48:04
7/14/2023,22:48:09,26.5,69,0,2023-07-14 22:48:09
7/14/2023,22:48:13,26.5,69,0,2023-07-14 22:48:13
7/14/2023,22:48:18,26.5,69,0,2023-07-14 22:48:18
7/14/2023,22:48:23,26.5,69,0,2023-07-14 22:48:23
7/14/2023,22:48:28,26.5,69,0,2023-07-14 22:48:28
7/14/2023,22:48:32,26.5,69,0,2023-07-14 22:48:32
7/14/2023,22:48:37,26.5,69,0,2023-07-14 22:48:37
7/14/2023,22:48:42,26.5,69,0,2023-07-14 22:48:42
7/14/2023,22:48:47,26.4,69,0,2023-07-14 22:48:47
7/14/2023,22:48:52,26.4,69,0,2023-07-14 22:48:52
7/14/2023,22:48:56,26.4,69,0,2023-07-14 22:48:56
7/14/2023,22:49:00,26.4,69,0,2023-07-14 22:49:00
7/15/2023,19:03:19,26.1,71,0,2023-07-15 19:03:19
7/15/2023,19:03:24,26.7,71,0,2023-07-15 19:03:24
7/15/2023,19:03:28,26.7,71,0,2023-07-15 19:03:28
7/15/2023,19:03:33,26.7,71,0,2023-07-15 19:03:33
7/15/2023,19:03:37,26.7,71,0,2023-07-15 19:03:37
7/15/2023,19:03:42,26.8,71,0,2023-07-15 19:03:42
7/15/2023,19:03:46,26.8,71,0,2023-07-15 19:03:46
7/15/2023,19:03:50,26.8,71,0,2023-07-15 19:03:50
7/15/2023,19:03:55,26.8,71,0,2023-07-15 19:03:55
7/15/2023,19:03:59,26.8,71,0,2023-07-15 19:03:59
7/15/2023,19:04:04,26.8,71,0,2023-07-15 19:04:04
7/15/2023,19:04:08,26.8,71,0,2023-07-15 19:04:08
7/15/2023,19:04:14,26.8,71,0,2023-07-15 19:04:14
7/15/2023,19:04:18,26.8,71,0,2023-07-15 19:04:18
7/15/2023,19:04:22,26.8,71,0,2023-07-15 19:04:22
7/15/2023,19:04:27,26.8,71,0,2023-07-15 19:04:27
7/15/2023,19:04:32,26.8,70,0,2023-07-15 19:04:32
7/15/2023,19:04:36,26.8,70,0,2023-07-15 19:04:36
7/15/2023,19:04:41,26.8,70,0,2023-07-15 19:04:41
7/15/2023,19:04:45,26.9,70,0,2023-07-15 19:04:45
7/15/2023,19:04:50,26.8,70,0,2023-07-15 19:04:50
7/15/2023,19:04:54,26.9,70,0,2023-07-15 19:04:54
7/15/2023,19:04:59,26.9,70,0,2023-07-15 19:04:59
7/15/2023,19:05:04,26.9,70,0,2023-07-15 19:05:04
7/15/2023,19:05:08,26.9,70,0,2023-07-15 19:05:08
7/15/2023,19:05:12,26.9,70,0,2023-07-15 19:05:12
7/15/2023,19:05:16,26.9,70,0,2023-07-15 19:05:16
7/15/2023,19:05:21,26.9,70,0,2023-07-15 19:05:21
7/15/2023,19:05:25,26.9,70,0,2023-07-15 19:05:25
7/15/2023,19:05:29,26.9,70,0,2023-07-15 19:05:29
7/15/2023,19:05:33,26.9,69,0,2023-07-15 19:05:33
7/15/2023,19:05:37,26.9,69,0,2023-07-15 19:05:37
7/15/2023,19:05:42,26.9,69,0,2023-07-15 19:05:42
7/15/2023,19:05:46,26.9,69,0,2023-07-15 19:05:46
7/15/2023,19:05:50,26.9,69,0,2023-07-15 19:05:50
7/15/2023,19:05:55,26.9,69,0,2023-07-15 19:05:55
7/15/2023,19:05:59,26.9,69,0,2023-07-15 19:05:59
7/15/2023,19:06:04,26.9,69,0,2023-07-15 19:06:04
7/15/2023,19:06:08,26.9,69,0,2023-07-15 19:06:08
7/15/2023,19:06:12,26.9,69,0,2023-07-15 19:06:12
7/15/2023,19:06:16,26.9,69,0,2023-07-15 19:06:16
7/15/2023,19:06:21,26.9,69,0,2023-07-15 19:06:21
7/15/2023,19:06:25,26.9,69,0,2023-07-15 19:06:25
7/15/2023,19:06:30,26.9,69,0,2023-07-15 19:06:30
7/15/2023,19:06:35,26.9,69,0,2023-07-15 19:06:35
7/15/2023,19:06:40,27.0,69,0,2023-07-15 19:06:40
7/15/2023,19:06:44,27.0,69,0,2023-07-15 19:06:44
7/15/2023,19:06:50,27.0,69,0,2023-07-15 19:06:50
7/15/2023,19:06:55,27.0,69,0,2023-07-15 19:06:55
7/15/2023,19:06:59,27.0,69,0,2023-07-15 19:06:59
7/15/2023,19:07:04,27.0,69,0,2023-07-15 19:07:04
7/15/2023,19:07:08,27.0,69,0,2023-07-15 19:07:08
7/15/2023,19:07:12,27.0,69,0,2023-07-15 19:07:12
7/15/2023,19:07:17,27.0,69,0,2023-07-15 19:07:17
7/15/2023,19:07:21,27.0,69,0,2023-07-15 19:07:21
7/15/2023,19:07:25,27.0,69,0,2023-07-15 19:07:25
7/15/2023,19:07:29,27.0,69,0,2023-07-15 19:07:29
7/15/2023,19:07:34,27.0,69,0,2023-07-15 19:07:34
7/15/2023,19:07:38,27.0,69,0,2023-07-15 19:07:38
7/15/2023,19:07:42,27.0,69,0,2023-07-15 19:07:42
7/15/2023,19:07:47,27.1,69,0,2023-07-15 19:07:47
7/15/2023,19:07:51,27.1,69,0,2023-07-15 19:07:51
7/15/2023,19:07:55,27.1,69,0,2023-07-15 19:07:55
7/15/2023,19:07:59,27.1,69,0,2023-07-15 19:07:59
7/15/2023,19:08:04,27.1,69,0,2023-07-15 19:08:04
7/15/2023,19:08:08,27.1,69,0,2023-07-15 19:08:08
7/15/2023,19:08:12,27.1,69,0,2023-07-15 19:08:12
7/15/2023,19:08:16,27.1,68,0,2023-07-15 19:08:16
7/15/2023,19:08:21,27.1,69,0,2023-07-15 19:08:21
7/15/2023,19:08:25,27.1,68,0,2023-07-15 19:08:25
7/15/2023,19:08:29,27.1,68,0,2023-07-15 19:08:29
7/15/2023,19:08:33,27.1,68,0,2023-07-15 19:08:33
7/15/2023,19:08:38,27.1,68,0,2023-07-15 19:08:38
7/15/2023,19:08:42,27.1,68,0,2023-07-15 19:08:42
7/15/2023,19:08:47,27.1,68,0,2023-07-15 19:08:47
7/15/2023,19:08:51,27.1,68,0,2023-07-15 19:08:51
7/15/2023,19:08:55,27.1,68,0,2023-07-15 19:08:55
7/15/2023,19:08:59,27.1,68,0,2023-07-15 19:08:59
7/15/2023,19:09:03,27.1,68,0,2023-07-15 19:09:03
7/15/2023,19:09:08,27.1,68,0,2023-07-15 19:09:08
7/15/2023,19:09:12,27.1,68,0,2023-07-15 19:09:12
7/15/2023,19:09:17,27.1,68,0,2023-07-15 19:09:17
7/15/2023,19:09:21,27.1,69,0,2023-07-15 19:09:21
7/15/2023,19:09:25,27.1,68,0,2023-07-15 19:09:25
7/15/2023,19:09:30,27.2,68,0,2023-07-15 19:09:30
7/15/2023,19:09:34,27.2,68,0,2023-07-15 19:09:34
7/15/2023,19:09:39,27.2,68,0,2023-07-15 19:09:39
7/15/2023,19:09:43,27.2,68,0,2023-07-15 19:09:43
7/15/2023,19:09:47,27.2,68,0,2023-07-15 19:09:47
7/15/2023,19:09:51,27.2,68,0,2023-07-15 19:09:51
7/15/2023,19:09:56,27.2,68,0,2023-07-15 19:09:56
7/15/2023,19:10:00,27.2,68,0,2023-07-15 19:10:00
7/15/2023,19:10:04,27.2,68,0,2023-07-15 19:10:04
7/15/2023,19:10:08,27.2,68,0,2023-07-15 19:10:08
7/15/2023,19:10:12,27.2,68,0,2023-07-15 19:10:12
7/15/2023,19:10:17,27.2,68,0,2023-07-15 19:10:17
7/15/2023,19:10:21,27.2,68,0,2023-07-15 19:10:21
7/15/2023,19:10:25,27.2,68,0,2023-07-15 19:10:25
7/15/2023,19:10:30,27.2,68,1,2023-07-15 19:10:30
7/15/2023,19:10:34,27.2,68,2,2023-07-15 19:10:34
7/15/2023,19:10:39,27.2,68,2,2023-07-15 19:10:39
7/15/2023,19:10:43,27.2,68,2,2023-07-15 19:10:43
7/15/2023,19:10:48,27.2,68,2,2023-07-15 19:10:48
7/15/2023,19:10:52,27.3,68,2,2023-07-15 19:10:52
7/15/2023,19:10:57,27.3,68,2,2023-07-15 19:10:57
7/15/2023,19:11:01,27.3,68,3,2023-07-15 19:11:01
7/15/2023,19:11:06,27.3,68,0,2023-07-15 19:11:06
7/15/2023,19:11:10,27.3,68,0,2023-07-15 19:11:10
7/15/2023,19:11:15,27.3,68,0,2023-07-15 19:11:15
7/15/2023,19:11:19,27.3,68,0,2023-07-15 19:11:19
7/15/2023,19:11:24,27.3,68,1,2023-07-15 19:11:24
7/15/2023,19:11:28,27.3,68,1,2023-07-15 19:11:28
7/15/2023,19:11:32,27.3,68,0,2023-07-15 19:11:32
7/15/2023,19:11:36,27.3,68,3,2023-07-15 19:11:36
7/15/2023,19:11:41,27.3,68,4,2023-07-15 19:11:41
7/15/2023,19:11:45,27.3,68,0,2023-07-15 19:11:45
7/15/2023,19:11:49,27.3,68,0,2023-07-15 19:11:49
7/15/2023,19:11:54,27.3,68,0,2023-07-15 19:11:54
7/15/2023,19:11:58,27.3,68,0,2023-07-15 19:11:58
7/15/2023,19:12:03,27.4,68,0,2023-07-15 19:12:03
7/15/2023,19:12:07,27.4,68,0,2023-07-15 19:12:07
7/15/2023,19:12:12,27.4,68,0,2023-07-15 19:12:12
7/15/2023,19:12:16,27.4,68,0,2023-07-15 19:12:16
7/15/2023,19:12:20,27.4,68,0,2023-07-15 19:12:20
7/15/2023,19:12:24,27.4,68,0,2023-07-15 19:12:24
7/15/2023,19:12:29,27.4,67,0,2023-07-15 19:12:29
7/15/2023,19:12:33,27.4,67,0,2023-07-15 19:12:33
7/15/2023,19:12:37,27.4,67,0,2023-07-15 19:12:37
7/15/2023,19:12:41,27.4,67,0,2023-07-15 19:12:41
7/15/2023,19:12:46,27.4,67,0,2023-07-15 19:12:46
7/15/2023,19:12:51,27.4,67,0,2023-07-15 19:12:51
7/15/2023,19:12:55,27.4,67,0,2023-07-15 19:12:55
7/17/2023,17:39:37,29.3,63,0,2023-07-17 17:39:37
7/17/2023,17:39:42,29.3,63,0,2023-07-17 17:39:42
7/17/2023,17:39:46,29.3,63,0,2023-07-17 17:39:46
7/17/2023,17:39:50,29.3,63,0,2023-07-17 17:39:50
7/17/2023,17:39:58,29.3,63,0,2023-07-17 17:39:58
7/17/2023,17:40:02,29.3,63,0,2023-07-17 17:40:02
7/17/2023,17:40:07,29.2,63,0,2023-07-17 17:40:07
7/17/2023,17:40:11,29.3,63,0,2023-07-17 17:40:11
7/17/2023,17:40:15,29.2,63,0,2023-07-17 17:40:15
7/17/2023,17:40:20,29.2,63,0,2023-07-17 17:40:20
7/17/2023,17:40:24,29.2,63,0,2023-07-17 17:40:24
7/17/2023,17:40:29,29.3,63,0,2023-07-17 17:40:29
7/17/2023,17:40:33,29.2,63,0,2023-07-17 17:40:33
7/17/2023,17:40:37,29.2,63,0,2023-07-17 17:40:37
7/17/2023,17:40:41,29.3,63,0,2023-07-17 17:40:41
7/17/2023,17:40:46,29.2,63,0,2023-07-17 17:40:46
7/17/2023,17:40:50,29.3,63,0,2023-07-17 17:40:50
7/17/2023,17:40:55,29.2,63,0,2023-07-17 17:40:55
7/17/2023,17:40:59,29.2,63,0,2023-07-17 17:40:59
7/17/2023,17:41:04,29.2,63,0,2023-07-17 17:41:04
7/17/2023,17:41:09,29.2,63,0,2023-07-17 17:41:09
7/17/2023,17:41:14,29.2,63,0,2023-07-17 17:41:14
7/17/2023,17:41:19,29.2,63,0,2023-07-17 17:41:19
7/17/2023,17:41:24,29.2,63,0,2023-07-17 17:41:24
7/17/2023,17:41:29,29.3,63,0,2023-07-17 17:41:29
7/17/2023,17:41:33,29.2,63,0,2023-07-17 17:41:33
7/17/2023,17:41:37,29.2,63,0,2023-07-17 17:41:37
7/17/2023,17:41:42,29.2,63,0,2023-07-17 17:41:42
7/17/2023,17:41:46,29.2,63,0,2023-07-17 17:41:46
7/17/2023,17:41:50,29.2,63,0,2023-07-17 17:41:50
7/17/2023,17:41:54,29.2,63,0,2023-07-17 17:41:54
7/17/2023,17:41:59,29.2,63,0,2023-07-17 17:41:59
7/17/2023,17:42:03,29.2,63,0,2023-07-17 17:42:03
7/17/2023,17:42:08,29.2,63,0,2023-07-17 17:42:08
7/17/2023,17:42:13,29.2,63,0,2023-07-17 17:42:13
7/17/2023,17:42:17,29.2,63,0,2023-07-17 17:42:17
7/17/2023,17:42:22,29.2,63,0,2023-07-17 17:42:22
7/17/2023,17:42:26,29.2,63,0,2023-07-17 17:42:26
7/17/2023,17:42:31,29.2,63,0,2023-07-17 17:42:31
7/17/2023,17:42:35,29.2,63,0,2023-07-17 17:42:35
7/17/2023,17:42:39,29.2,63,0,2023-07-17 17:42:39
7/17/2023,17:42:43,29.2,63,0,2023-07-17 17:42:43
7/17/2023,17:42:47,29.2,63,0,2023-07-17 17:42:47
7/17/2023,17:42:52,29.2,63,0,2023-07-17 17:42:52
7/17/2023,17:42:56,29.2,63,0,2023-07-17 17:42:56
7/17/2023,17:43:01,29.2,63,0,2023-07-17 17:43:01
7/17/2023,17:43:58,29.2,63,0,2023-07-17 17:43:58
7/17/2023,17:44:07,29.2,63,0,2023-07-17 17:44:07
7/17/2023,17:44:16,29.2,63,0,2023-07-17 17:44:16
7/17/2023,17:44:25,29.2,63,0,2023-07-17 17:44:25
7/17/2023,17:44:34,29.2,63,0,2023-07-17 17:44:34
7/17/2023,17:44:43,29.2,63,0,2023-07-17 17:44:43
7/17/2023,17:44:51,29.2,63,0,2023-07-17 17:44:51
7/17/2023,17:45:00,29.2,63,0,2023-07-17 17:45:00
7/17/2023,17:45:09,29.2,63,0,2023-07-17 17:45:09
7/17/2023,17:45:18,29.2,63,0,2023-07-17 17:45:18
7/17/2023,17:45:27,29.2,63,0,2023-07-17 17:45:27
7/17/2023,17:45:36,29.2,63,0,2023-07-17 17:45:36
7/17/2023,17:45:45,29.2,63,0,2023-07-17 17:45:45
7/17/2023,17:45:53,29.2,63,0,2023-07-17 17:45:53
7/17/2023,17:46:02,29.2,63,0,2023-07-17 17:46:02
7/17/2023,17:46:10,29.2,63,0,2023-07-17 17:46:10
7/17/2023,17:46:20,29.2,63,0,2023-07-17 17:46:20
7/17/2023,17:46:28,29.2,63,0,2023-07-17 17:46:28
7/17/2023,17:46:38,29.2,63,0,2023-07-17 17:46:38
7/17/2023,17:46:46,29.2,63,0,2023-07-17 17:46:46
7/17/2023,17:46:56,29.2,63,0,2023-07-17 17:46:56
7/17/2023,17:47:05,29.2,63,0,2023-07-17 17:47:05
7/17/2023,17:47:14,29.2,63,0,2023-07-17 17:47:14
7/17/2023,17:47:22,29.2,63,0,2023-07-17 17:47:22
7/17/2023,17:47:31,29.2,63,0,2023-07-17 17:47:31
7/17/2023,17:47:40,29.2,63,0,2023-07-17 17:47:40
7/17/2023,17:47:49,29.1,63,0,2023-07-17 17:47:49
7/17/2023,17:47:58,29.2,63,0,2023-07-17 17:47:58
7/17/2023,17:48:07,29.1,63,0,2023-07-17 17:48:07
7/17/2023,17:48:16,29.1,63,0,2023-07-17 17:48:16
7/17/2023,17:48:25,29.1,63,0,2023-07-17 17:48:25
7/17/2023,17:48:34,29.1,62,0,2023-07-17 17:48:34
7/17/2023,17:48:43,29.1,62,0,2023-07-17 17:48:43
7/17/2023,17:48:52,29.1,62,0,2023-07-17 17:48:52
7/17/2023,17:49:04,29.1,62,0,2023-07-17 17:49:04
7/17/2023,17:50:05,29.1,62,0,2023-07-17 17:50:05
7/17/2023,17:50:15,29.0,62,0,2023-07-17 17:50:15
7/17/2023,17:50:24,29.0,62,0,2023-07-17 17:50:24
7/17/2023,17:50:33,29.0,62,0,2023-07-17 17:50:33
7/17/2023,17:50:42,29.0,62,0,2023-07-17 17:50:42
7/17/2023,17:50:51,29.0,62,0,2023-07-17 17:50:51
7/17/2023,17:51:00,28.9,62,0,2023-07-17 17:51:00
7/17/2023,17:51:09,28.9,62,0,2023-07-17 17:51:09
7/17/2023,17:51:18,28.9,62,0,2023-07-17 17:51:18
7/17/2023,17:51:27,28.9,62,0,2023-07-17 17:51:27
7/17/2023,17:51:35,28.9,62,0,2023-07-17 17:51:35
7/17/2023,17:53:46,28.7,62,0,2023-07-17 17:53:46
7/17/2023,17:54:43,28.7,62,0,2023-07-17 17:54:43
7/17/2023,17:54:47,28.7,62,0,2023-07-17 17:54:47
7/17/2023,17:54:51,28.7,62,0,2023-07-17 17:54:51
7/17/2023,17:54:57,28.7,62,0,2023-07-17 17:54:57
7/17/2023,17:55:01,28.6,62,0,2023-07-17 17:55:01
7/17/2023,17:55:05,28.6,62,0,2023-07-17 17:55:05
7/17/2023,17:55:10,28.6,62,0,2023-07-17 17:55:10
7/17/2023,21:24:01,26.8,68,0,2023-07-17 21:24:01
7/17/2023,21:24:05,26.8,68,0,2023-07-17 21:24:05
7/17/2023,21:24:09,26.8,69,0,2023-07-17 21:24:09
7/17/2023,21:24:14,26.8,69,0,2023-07-17 21:24:14
7/17/2023,21:24:18,26.8,69,0,2023-07-17 21:24:18
7/17/2023,21:24:22,26.8,70,0,2023-07-17 21:24:22
7/17/2023,21:24:26,26.8,70,0,2023-07-17 21:24:26
7/17/2023,21:24:30,26.8,70,0,2023-07-17 21:24:30
7/17/2023,21:24:34,26.8,70,0,2023-07-17 21:24:34
7/17/2023,21:24:38,26.8,70,0,2023-07-17 21:24:38
7/17/2023,21:24:42,26.8,70,0,2023-07-17 21:24:42
7/17/2023,21:24:46,26.8,70,0,2023-07-17 21:24:46
7/17/2023,21:24:50,26.8,70,0,2023-07-17 21:24:50
7/17/2023,21:24:55,26.7,70,0,2023-07-17 21:24:55
7/17/2023,21:24:59,26.7,70,0,2023-07-17 21:24:59
7/17/2023,21:25:03,26.7,70,0,2023-07-17 21:25:03
7/17/2023,21:25:08,26.7,70,0,2023-07-17 21:25:08
7/17/2023,21:25:12,26.7,71,0,2023-07-17 21:25:12
7/17/2023,21:29:00,26.6,71,0,2023-07-17 21:29:00
7/17/2023,21:29:04,26.5,71,0,2023-07-17 21:29:04
7/17/2023,21:29:09,26.5,71,0,2023-07-17 21:29:09
7/17/2023,21:29:13,26.5,71,0,2023-07-17 21:29:13
7/17/2023,21:29:17,26.5,71,0,2023-07-17 21:29:17
7/17/2023,21:29:22,26.5,71,0,2023-07-17 21:29:22
7/17/2023,21:29:26,26.5,71,0,2023-07-17 21:29:26
7/17/2023,21:29:30,26.5,71,0,2023-07-17 21:29:30
7/17/2023,21:29:34,26.5,71,0,2023-07-17 21:29:34
7/17/2023,21:29:38,26.5,71,0,2023-07-17 21:29:38
7/17/2023,21:29:42,26.5,71,0,2023-07-17 21:29:42
7/17/2023,21:29:46,26.5,71,0,2023-07-17 21:29:46
7/17/2023,21:29:50,26.5,71,0,2023-07-17 21:29:50
7/17/2023,21:29:54,26.5,71,0,2023-07-17 21:29:54
7/17/2023,21:29:59,26.5,71,0,2023-07-17 21:29:59
7/17/2023,21:30:03,26.5,71,0,2023-07-17 21:30:03
7/17/2023,21:30:07,26.5,71,0,2023-07-17 21:30:07
7/17/2023,21:30:11,26.5,71,0,2023-07-17 21:30:11
7/17/2023,21:30:15,26.5,71,0,2023-07-17 21:30:15
7/17/2023,21:30:20,26.5,71,0,2023-07-17 21:30:20
7/17/2023,21:30:25,26.5,71,0,2023-07-17 21:30:25
7/17/2023,21:30:29,26.5,71,0,2023-07-17 21:30:29
7/17/2023,21:30:34,26.5,71,0,2023-07-17 21:30:34
7/17/2023,21:30:38,26.5,71,0,2023-07-17 21:30:38
7/17/2023,21:30:42,26.5,71,0,2023-07-17 21:30:42
7/17/2023,21:30:47,26.5,71,0,2023-07-17 21:30:47
7/17/2023,21:30:51,26.5,71,0,2023-07-17 21:30:51
7/17/2023,21:30:55,26.5,71,0,2023-07-17 21:30:55
7/17/2023,21:30:59,26.5,71,0,2023-07-17 21:30:59
7/17/2023,21:31:04,26.5,71,0,2023-07-17 21:31:04
7/18/2023,22:08:16,27.5,73,0,2023-07-18 22:08:16
7/18/2023,22:08:22,27.5,74,0,2023-07-18 22:08:22
7/18/2023,22:08:26,27.5,74,0,2023-07-18 22:08:26
7/18/2023,22:08:30,27.5,74,0,2023-07-18 22:08:30
7/18/2023,22:08:34,27.5,74,0,2023-07-18 22:08:34
7/18/2023,22:08:38,27.6,74,0,2023-07-18 22:08:38
7/18/2023,22:08:43,27.6,74,0,2023-07-18 22:08:43
7/18/2023,22:08:47,27.6,74,0,2023-07-18 22:08:47
7/18/2023,22:08:52,27.6,74,0,2023-07-18 22:08:52
7/18/2023,22:08:56,27.6,74,0,2023-07-18 22:08:56
7/18/2023,22:09:00,27.6,74,0,2023-07-18 22:09:00
7/18/2023,22:09:05,27.6,74,0,2023-07-18 22:09:05
7/18/2023,22:09:09,27.6,74,0,2023-07-18 22:09:09
7/18/2023,22:09:13,27.6,75,0,2023-07-18 22:09:13
7/18/2023,22:09:18,27.6,75,0,2023-07-18 22:09:18
7/18/2023,22:09:22,27.6,75,0,2023-07-18 22:09:22
7/18/2023,22:09:26,27.6,75,0,2023-07-18 22:09:26
7/18/2023,22:09:30,27.7,75,0,2023-07-18 22:09:30
7/18/2023,22:09:34,27.7,75,0,2023-07-18 22:09:34
7/18/2023,22:09:38,27.7,75,0,2023-07-18 22:09:38
7/18/2023,22:09:42,27.7,75,0,2023-07-18 22:09:42
7/18/2023,22:09:47,27.7,75,0,2023-07-18 22:09:47
7/18/2023,22:09:51,27.7,75,0,2023-07-18 22:09:51
7/18/2023,22:09:56,27.8,75,0,2023-07-18 22:09:56
7/18/2023,22:10:01,27.8,75,0,2023-07-18 22:10:01
7/18/2023,22:10:05,27.8,75,0,2023-07-18 22:10:05
7/18/2023,22:10:10,27.8,75,0,2023-07-18 22:10:10
7/18/2023,22:10:13,27.8,75,0,2023-07-18 22:10:13
7/18/2023,22:10:18,27.8,75,0,2023-07-18 22:10:18
7/18/2023,22:10:22,27.8,75,0,2023-07-18 22:10:22
7/18/2023,22:10:26,27.8,75,0,2023-07-18 22:10:26
7/18/2023,22:10:30,27.8,75,0,2023-07-18 22:10:30
7/18/2023,22:10:35,27.8,75,0,2023-07-18 22:10:35
7/18/2023,22:10:39,27.8,75,0,2023-07-18 22:10:39
7/18/2023,22:10:43,27.8,75,0,2023-07-18 22:10:43
7/18/2023,22:10:47,27.9,75,0,2023-07-18 22:10:47
7/18/2023,22:10:52,27.9,75,0,2023-07-18 22:10:52
7/18/2023,22:10:56,27.9,75,0,2023-07-18 22:10:56
7/18/2023,22:11:06,27.9,75,0,2023-07-18 22:11:06
7/18/2023,22:11:10,27.9,75,0,2023-07-18 22:11:10
7/18/2023,22:11:16,27.9,75,0,2023-07-18 22:11:16
7/18/2023,22:11:20,27.9,75,0,2023-07-18 22:11:20
7/18/2023,22:11:24,27.9,74,0,2023-07-18 22:11:24
7/18/2023,22:11:28,27.9,74,0,2023-07-18 22:11:28
7/18/2023,22:11:33,27.9,74,0,2023-07-18 22:11:33
7/18/2023,22:11:37,27.9,74,0,2023-07-18 22:11:37
7/18/2023,22:11:41,27.9,74,0,2023-07-18 22:11:41
7/18/2023,22:11:45,27.9,74,0,2023-07-18 22:11:45
7/18/2023,22:11:50,27.9,74,0,2023-07-18 22:11:50
7/18/2023,22:11:54,27.9,74,0,2023-07-18 22:11:54
7/18/2023,22:11:58,27.9,74,0,2023-07-18 22:11:58
7/18/2023,22:12:03,27.9,74,0,2023-07-18 22:12:03
7/18/2023,22:12:07,27.8,74,0,2023-07-18 22:12:07
7/18/2023,22:12:11,27.8,74,0,2023-07-18 22:12:11
7/18/2023,22:12:15,27.8,74,0,2023-07-18 22:12:15
7/18/2023,22:12:20,27.8,74,0,2023-07-18 22:12:20
7/18/2023,22:12:24,27.8,75,0,2023-07-18 22:12:24
7/18/2023,22:12:29,27.8,75,0,2023-07-18 22:12:29
7/18/2023,22:12:33,27.9,75,0,2023-07-18 22:12:33
7/18/2023,22:12:37,27.9,75,0,2023-07-18 22:12:37
7/18/2023,22:12:42,27.9,75,0,2023-07-18 22:12:42
7/18/2023,22:12:46,27.9,75,0,2023-07-18 22:12:46
7/18/2023,22:12:50,27.9,75,0,2023-07-18 22:12:50
7/18/2023,22:12:55,27.9,74,0,2023-07-18 22:12:55
7/18/2023,22:12:59,27.9,74,0,2023-07-18 22:12:59
7/18/2023,22:13:04,27.9,74,0,2023-07-18 22:13:04
7/18/2023,22:13:08,27.9,75,0,2023-07-18 22:13:08
7/18/2023,22:13:13,27.9,75,0,2023-07-18 22:13:13
7/18/2023,22:13:17,27.9,74,0,2023-07-18 22:13:17
7/18/2023,22:13:21,27.9,74,0,2023-07-18 22:13:21
7/18/2023,22:13:26,27.9,74,0,2023-07-18 22:13:26
7/18/2023,22:13:30,27.9,74,0,2023-07-18 22:13:30
7/18/2023,22:13:35,27.9,74,0,2023-07-18 22:13:35
7/18/2023,22:14:23,27.9,74,0,2023-07-18 22:14:23
7/18/2023,22:14:27,27.8,75,0,2023-07-18 22:14:27
7/18/2023,22:14:31,27.8,75,0,2023-07-18 22:14:31
7/18/2023,22:14:36,27.8,75,0,2023-07-18 22:14:36
7/18/2023,22:14:43,27.7,75,0,2023-07-18 22:14:43
7/18/2023,22:14:48,27.8,75,0,2023-07-18 22:14:48
7/18/2023,22:14:53,27.7,75,0,2023-07-18 22:14:53
7/18/2023,22:14:57,27.7,75,0,2023-07-18 22:14:57
7/18/2023,22:15:01,27.7,75,0,2023-07-18 22:15:01
7/18/2023,22:15:05,27.7,75,0,2023-07-18 22:15:05
7/18/2023,22:15:09,27.7,75,0,2023-07-18 22:15:09
7/18/2023,22:15:14,27.7,75,0,2023-07-18 22:15:14
7/18/2023,22:15:18,27.7,75,0,2023-07-18 22:15:18
7/18/2023,22:15:23,27.7,75,0,2023-07-18 22:15:23
7/18/2023,22:15:27,27.7,75,0,2023-07-18 22:15:27
7/18/2023,22:15:31,27.7,75,0,2023-07-18 22:15:31
7/18/2023,22:15:35,27.7,75,0,2023-07-18 22:15:35
7/18/2023,22:15:40,27.7,75,0,2023-07-18 22:15:40
7/18/2023,22:15:44,27.7,75,0,2023-07-18 22:15:44
7/18/2023,22:15:51,27.7,75,0,2023-07-18 22:15:51
7/18/2023,22:15:56,27.7,75,0,2023-07-18 22:15:56
7/18/2023,22:16:01,27.7,75,0,2023-07-18 22:16:01
7/18/2023,22:16:05,27.7,75,0,2023-07-18 22:16:05
7/18/2023,22:16:10,27.7,75,0,2023-07-18 22:16:10
7/18/2023,22:16:14,27.7,75,0,2023-07-18 22:16:14
7/18/2023,22:16:18,27.7,75,0,2023-07-18 22:16:18
7/18/2023,22:16:22,27.7,75,0,2023-07-18 22:16:22
7/18/2023,22:16:26,27.7,75,0,2023-07-18 22:16:26
7/18/2023,22:16:31,27.7,75,0,2023-07-18 22:16:31
7/18/2023,22:16:35,27.7,75,0,2023-07-18 22:16:35
7/18/2023,22:16:38,27.7,75,0,2023-07-18 22:16:38
7/18/2023,22:16:42,27.7,75,0,2023-07-18 22:16:42
7/18/2023,22:16:46,27.7,75,0,2023-07-18 22:16:46
7/18/2023,22:16:50,27.7,75,0,2023-07-18 22:16:50
7/18/2023,22:16:54,27.7,75,0,2023-07-18 22:16:54
7/18/2023,22:16:58,27.7,75,0,2023-07-18 22:16:58
7/18/2023,22:17:03,27.7,75,0,2023-07-18 22:17:03
7/18/2023,22:17:09,27.7,75,0,2023-07-18 22:17:09
7/18/2023,22:17:12,27.7,75,0,2023-07-18 22:17:12
7/18/2023,22:17:16,27.7,75,0,2023-07-18 22:17:16
7/18/2023,22:17:20,27.7,75,0,2023-07-18 22:17:20
7/18/2023,22:17:25,27.7,75,0,2023-07-18 22:17:25
7/18/2023,22:17:29,27.7,75,0,2023-07-18 22:17:29
7/18/2023,22:17:33,27.7,75,0,2023-07-18 22:17:33
7/18/2023,22:17:37,27.7,75,0,2023-07-18 22:17:37
7/18/2023,22:17:41,27.7,75,0,2023-07-18 22:17:41
7/19/2023,12:19:39,28.0,74,0,2023-07-19 12:19:39
7/19/2023,12:19:43,28.0,74,0,2023-07-19 12:19:43
7/19/2023,12:19:47,28.0,74,0,2023-07-19 12:19:47
7/19/2023,12:19:51,28.0,74,0,2023-07-19 12:19:51
7/19/2023,12:19:56,28.0,74,0,2023-07-19 12:19:56
7/19/2023,12:20:51,28.0,74,0,2023-07-19 12:20:51
7/19/2023,12:20:55,28.1,74,0,2023-07-19 12:20:55
7/19/2023,12:20:59,28.1,74,0,2023-07-19 12:20:59
7/19/2023,12:21:04,28.1,74,0,2023-07-19 12:21:04
7/19/2023,12:21:08,28.1,74,0,2023-07-19 12:21:08
7/19/2023,12:21:12,28.1,74,0,2023-07-19 12:21:12
7/19/2023,12:21:16,28.1,74,0,2023-07-19 12:21:16
7/19/2023,12:21:20,28.1,74,0,2023-07-19 12:21:20
7/19/2023,12:21:24,28.1,74,0,2023-07-19 12:21:24
7/19/2023,12:21:28,28.1,74,0,2023-07-19 12:21:28
7/19/2023,12:21:33,28.1,74,0,2023-07-19 12:21:33
7/19/2023,12:21:37,28.1,74,0,2023-07-19 12:21:37
7/19/2023,12:21:41,28.1,74,0,2023-07-19 12:21:41
7/19/2023,12:21:45,28.1,74,0,2023-07-19 12:21:45
7/19/2023,12:21:49,28.1,74,0,2023-07-19 12:21:49
7/19/2023,12:21:54,28.1,74,0,2023-07-19 12:21:54
7/19/2023,12:21:58,28.1,74,0,2023-07-19 12:21:58
7/19/2023,12:22:49,28.1,74,0,2023-07-19 12:22:49
7/19/2023,12:22:53,28.1,74,0,2023-07-19 12:22:53
7/19/2023,12:22:57,28.1,74,0,2023-07-19 12:22:57
7/19/2023,12:23:02,28.1,74,0,2023-07-19 12:23:02
7/19/2023,12:23:06,28.1,74,0,2023-07-19 12:23:06
7/19/2023,12:23:10,28.1,74,0,2023-07-19 12:23:10
7/19/2023,12:23:15,28.1,74,0,2023-07-19 12:23:15
7/19/2023,12:23:19,28.1,74,0,2023-07-19 12:23:19
7/19/2023,12:23:23,28.1,74,0,2023-07-19 12:23:23
7/19/2023,12:23:27,28.1,74,0,2023-07-19 12:23:27
7/19/2023,12:23:31,28.1,74,7,2023-07-19 12:23:31
7/19/2023,12:23:35,28.1,74,0,2023-07-19 12:23:35
7/19/2023,12:23:39,28.1,74,0,2023-07-19 12:23:39
7/19/2023,12:23:43,28.1,74,0,2023-07-19 12:23:43
7/19/2023,12:23:47,28.1,74,0,2023-07-19 12:23:47
7/19/2023,12:23:51,28.1,74,0,2023-07-19 12:23:51
7/19/2023,12:23:56,28.1,74,0,2023-07-19 12:23:56
7/19/2023,12:24:00,28.1,74,0,2023-07-19 12:24:00
7/19/2023,12:24:04,28.1,74,0,2023-07-19 12:24:04
7/19/2023,12:24:08,28.1,74,0,2023-07-19 12:24:08
7/19/2023,12:24:13,28.1,74,0,2023-07-19 12:24:13
7/19/2023,12:24:18,28.1,74,0,2023-07-19 12:24:18
7/19/2023,12:24:22,28.1,74,0,2023-07-19 12:24:22
7/19/2023,12:24:26,28.1,74,0,2023-07-19 12:24:26
7/19/2023,12:24:30,28.1,74,0,2023-07-19 12:24:30
7/19/2023,12:24:34,28.1,74,0,2023-07-19 12:24:34
7/19/2023,12:24:38,28.1,74,0,2023-07-19 12:24:38
7/19/2023,12:24:43,28.1,74,0,2023-07-19 12:24:43
7/19/2023,12:25:38,28.1,74,0,2023-07-19 12:25:38
7/19/2023,12:25:42,28.1,74,0,2023-07-19 12:25:42
7/19/2023,12:25:46,28.1,74,0,2023-07-19 12:25:46
7/19/2023,12:25:50,28.1,74,0,2023-07-19 12:25:50
7/19/2023,12:25:57,28.1,74,0,2023-07-19 12:25:57
7/19/2023,12:26:01,28.1,74,0,2023-07-19 12:26:01
7/19/2023,12:26:05,28.1,74,0,2023-07-19 12:26:05
7/19/2023,12:26:10,28.1,74,0,2023-07-19 12:26:10
7/19/2023,12:26:14,28.1,74,0,2023-07-19 12:26:14
7/19/2023,12:26:18,28.1,74,0,2023-07-19 12:26:18
7/19/2023,12:26:22,28.1,74,0,2023-07-19 12:26:22
7/19/2023,12:26:26,28.1,74,0,2023-07-19 12:26:26
7/19/2023,12:26:31,28.1,74,0,2023-07-19 12:26:31
7/19/2023,12:26:35,28.1,74,0,2023-07-19 12:26:35
7/19/2023,12:26:39,28.1,74,0,2023-07-19 12:26:39
7/19/2023,12:26:43,28.1,74,0,2023-07-19 12:26:43
7/19/2023,12:26:48,28.1,74,0,2023-07-19 12:26:48
7/19/2023,12:26:52,28.1,74,0,2023-07-19 12:26:52
7/19/2023,12:26:56,28.1,74,0,2023-07-19 12:26:56
7/19/2023,12:27:00,28.1,74,0,2023-07-19 12:27:00
7/19/2023,12:27:04,28.1,74,0,2023-07-19 12:27:04
7/19/2023,12:27:08,28.1,74,0,2023-07-19 12:27:08
7/19/2023,12:27:12,28.1,74,0,2023-07-19 12:27:12
7/19/2023,12:27:17,28.1,74,0,2023-07-19 12:27:17
7/19/2023,12:27:21,28.1,74,0,2023-07-19 12:27:21
7/19/2023,12:27:25,28.1,74,0,2023-07-19 12:27:25
7/19/2023,12:27:30,28.1,74,0,2023-07-19 12:27:30
7/19/2023,12:27:35,28.1,74,0,2023-07-19 12:27:35
7/19/2023,12:27:39,28.1,74,0,2023-07-19 12:27:39
7/19/2023,12:27:43,28.1,74,0,2023-07-19 12:27:43
7/19/2023,12:27:47,28.1,74,0,2023-07-19 12:27:47
7/19/2023,12:27:51,28.1,74,0,2023-07-19 12:27:51
7/19/2023,12:27:55,28.1,74,0,2023-07-19 12:27:55
7/19/2023,12:28:00,28.1,74,0,2023-07-19 12:28:00
7/19/2023,12:28:04,28.1,74,0,2023-07-19 12:28:04
7/19/2023,12:28:08,28.1,74,0,2023-07-19 12:28:08
7/19/2023,12:28:13,28.1,74,0,2023-07-19 12:28:13
7/19/2023,12:28:17,28.1,74,0,2023-07-19 12:28:17
7/19/2023,12:28:21,28.1,74,0,2023-07-19 12:28:21
7/19/2023,12:28:25,28.1,74,0,2023-07-19 12:28:25
7/19/2023,12:28:29,28.1,74,0,2023-07-19 12:28:29
7/19/2023,12:28:34,28.1,74,0,2023-07-19 12:28:34
7/19/2023,12:28:38,28.1,74,0,2023-07-19 12:28:38
7/19/2023,12:28:42,28.1,74,0,2023-07-19 12:28:42
7/19/2023,12:28:46,28.1,74,0,2023-07-19 12:28:46
7/19/2023,12:28:51,28.1,74,0,2023-07-19 12:28:51
7/19/2023,12:28:55,28.1,74,0,2023-07-19 12:28:55
7/19/2023,12:28:59,28.1,74,0,2023-07-19 12:28:59
7/19/2023,12:29:03,28.1,74,0,2023-07-19 12:29:03
7/19/2023,12:29:07,28.1,74,0,2023-07-19 12:29:07
7/19/2023,12:29:12,28.1,74,0,2023-07-19 12:29:12
7/19/2023,12:29:17,28.1,74,0,2023-07-19 12:29:17
7/19/2023,12:29:21,28.1,74,0,2023-07-19 12:29:21
7/19/2023,12:29:25,28.1,74,0,2023-07-19 12:29:25
7/19/2023,12:29:29,28.1,74,0,2023-07-19 12:29:29
7/19/2023,12:29:33,28.1,74,0,2023-07-19 12:29:33
7/19/2023,12:29:37,28.1,74,0,2023-07-19 12:29:37
7/19/2023,12:29:42,28.1,74,0,2023-07-19 12:29:42
7/19/2023,12:29:46,28.1,74,0,2023-07-19 12:29:46
7/19/2023,12:29:50,28.1,74,0,2023-07-19 12:29:50
7/19/2023,12:29:54,28.1,74,0,2023-07-19 12:29:54
7/19/2023,12:29:58,28.1,74,0,2023-07-19 12:29:58
7/19/2023,12:30:02,28.1,74,0,2023-07-19 12:30:02
7/19/2023,12:30:07,28.1,74,0,2023-07-19 12:30:07
7/19/2023,12:30:11,28.2,74,0,2023-07-19 12:30:11
7/19/2023,12:30:15,28.1,74,0,2023-07-19 12:30:15
7/19/2023,12:30:19,28.1,74,0,2023-07-19 12:30:19
7/19/2023,12:30:23,28.1,74,0,2023-07-19 12:30:23
7/19/2023,12:30:27,28.2,74,0,2023-07-19 12:30:27
7/19/2023,12:30:32,28.1,74,0,2023-07-19 12:30:32
7/19/2023,12:30:36,28.2,74,0,2023-07-19 12:30:36
7/19/2023,12:30:40,28.2,74,0,2023-07-19 12:30:40
7/19/2023,12:30:45,28.1,74,0,2023-07-19 12:30:45
7/19/2023,12:30:49,28.1,74,0,2023-07-19 12:30:49
7/19/2023,12:30:53,28.2,74,0,2023-07-19 12:30:53
7/19/2023,12:30:57,28.1,74,0,2023-07-19 12:30:57
7/19/2023,12:31:01,28.2,74,0,2023-07-19 12:31:01
7/19/2023,12:31:05,28.2,74,0,2023-07-19 12:31:05
7/19/2023,12:31:09,28.2,74,0,2023-07-19 12:31:09
7/19/2023,12:31:14,28.2,74,0,2023-07-19 12:31:14
7/19/2023,12:31:18,28.2,74,0,2023-07-19 12:31:18
7/19/2023,12:31:22,28.2,74,0,2023-07-19 12:31:22
7/19/2023,12:31:27,28.2,74,0,2023-07-19 12:31:27
7/19/2023,12:31:31,28.2,74,0,2023-07-19 12:31:31
7/19/2023,12:31:36,28.2,74,0,2023-07-19 12:31:36
7/19/2023,12:31:41,28.2,74,0,2023-07-19 12:31:41
7/19/2023,12:31:45,28.2,74,0,2023-07-19 12:31:45
7/19/2023,12:31:50,28.2,74,0,2023-07-19 12:31:50
7/19/2023,12:31:54,28.2,74,0,2023-07-19 12:31:54
7/19/2023,12:31:59,28.2,74,0,2023-07-19 12:31:59
7/19/2023,12:32:03,28.2,74,0,2023-07-19 12:32:03
7/19/2023,12:32:07,28.2,74,0,2023-07-19 12:32:07
7/19/2023,12:32:11,28.2,74,0,2023-07-19 12:32:11
7/19/2023,12:32:16,28.2,74,0,2023-07-19 12:32:16
7/19/2023,12:32:20,28.2,74,0,2023-07-19 12:32:20
7/19/2023,12:32:25,28.2,74,0,2023-07-19 12:32:25
7/19/2023,12:32:30,28.2,74,0,2023-07-19 12:32:30
7/19/2023,12:32:35,28.2,74,0,2023-07-19 12:32:35
7/19/2023,12:32:40,28.2,74,0,2023-07-19 12:32:40
7/19/2023,12:32:45,28.2,74,0,2023-07-19 12:32:45
7/19/2023,12:32:49,28.2,74,0,2023-07-19 12:32:49
7/19/2023,12:32:56,28.2,74,0,2023-07-19 12:32:56
7/19/2023,12:33:01,28.2,74,0,2023-07-19 12:33:01
7/19/2023,12:33:05,28.2,74,0,2023-07-19 12:33:05
7/19/2023,12:33:10,28.2,74,0,2023-07-19 12:33:10
7/19/2023,12:33:15,28.2,74,0,2023-07-19 12:33:15
7/19/2023,12:33:20,28.2,74,0,2023-07-19 12:33:20
7/19/2023,12:33:24,28.2,74,0,2023-07-19 12:33:24
7/19/2023,12:33:29,28.2,74,0,2023-07-19 12:33:29
7/19/2023,12:33:34,28.2,74,0,2023-07-19 12:33:34
7/19/2023,12:33:38,28.2,74,0,2023-07-19 12:33:38
7/19/2023,12:33:43,28.2,74,0,2023-07-19 12:33:43
7/19/2023,12:33:48,28.2,74,0,2023-07-19 12:33:48
7/19/2023,12:33:53,28.2,74,0,2023-07-19 12:33:53
7/19/2023,12:33:58,28.2,74,0,2023-07-19 12:33:58
7/19/2023,12:34:02,28.2,74,0,2023-07-19 12:34:02
7/19/2023,12:34:06,28.2,74,0,2023-07-19 12:34:06
7/19/2023,12:34:11,28.2,74,0,2023-07-19 12:34:11
7/19/2023,12:34:15,28.2,74,0,2023-07-19 12:34:15
7/19/2023,12:34:19,28.2,74,0,2023-07-19 12:34:19
7/19/2023,12:34:24,28.2,74,0,2023-07-19 12:34:24
7/19/2023,12:34:28,28.2,74,0,2023-07-19 12:34:28
7/19/2023,12:34:32,28.2,74,0,2023-07-19 12:34:32
7/19/2023,12:34:37,28.2,74,0,2023-07-19 12:34:37
7/19/2023,12:34:41,28.2,74,0,2023-07-19 12:34:41
7/19/2023,12:34:46,28.2,74,0,2023-07-19 12:34:46
7/19/2023,12:34:50,28.2,74,0,2023-07-19 12:34:50
7/19/2023,12:34:55,28.2,74,0,2023-07-19 12:34:55
7/19/2023,12:34:59,28.2,74,0,2023-07-19 12:34:59
7/19/2023,12:35:04,28.2,74,0,2023-07-19 12:35:04
7/19/2023,12:35:08,28.2,74,0,2023-07-19 12:35:08
7/19/2023,12:35:12,28.2,74,0,2023-07-19 12:35:12
7/19/2023,12:35:16,28.2,74,0,2023-07-19 12:35:16
7/19/2023,12:35:24,28.2,74,0,2023-07-19 12:35:24
7/19/2023,12:35:29,28.2,74,0,2023-07-19 12:35:29
7/19/2023,12:35:34,28.2,74,0,2023-07-19 12:35:34
7/19/2023,12:35:39,28.2,74,0,2023-07-19 12:35:39
7/19/2023,12:36:29,28.2,74,0,2023-07-19 12:36:29
7/19/2023,12:36:33,28.2,74,0,2023-07-19 12:36:33
7/19/2023,12:36:37,28.2,74,0,2023-07-19 12:36:37
7/19/2023,12:36:41,28.2,74,0,2023-07-19 12:36:41
7/19/2023,12:36:45,28.2,74,0,2023-07-19 12:36:45
7/19/2023,12:36:49,28.2,74,0,2023-07-19 12:36:49
7/19/2023,12:36:54,28.2,74,0,2023-07-19 12:36:54
7/19/2023,12:36:58,28.2,74,0,2023-07-19 12:36:58
7/19/2023,12:37:02,28.2,74,0,2023-07-19 12:37:02
7/19/2023,12:37:06,28.2,74,0,2023-07-19 12:37:06
7/19/2023,12:37:10,28.2,74,0,2023-07-19 12:37:10
7/19/2023,12:37:14,28.2,74,0,2023-07-19 12:37:14
7/19/2023,12:37:19,28.2,74,0,2023-07-19 12:37:19
7/19/2023,12:37:23,28.2,74,0,2023-07-19 12:37:23
7/19/2023,12:37:27,28.2,74,0,2023-07-19 12:37:27
7/19/2023,12:37:31,28.2,74,0,2023-07-19 12:37:31
7/19/2023,12:37:35,28.2,74,0,2023-07-19 12:37:35
7/19/2023,12:37:40,28.2,74,0,2023-07-19 12:37:40
7/19/2023,12:37:44,28.2,74,0,2023-07-19 12:37:44
7/19/2023,12:37:48,28.2,74,0,2023-07-19 12:37:48
7/19/2023,12:37:52,28.2,74,0,2023-07-19 12:37:52
7/19/2023,12:37:56,28.2,74,0,2023-07-19 12:37:56
7/19/2023,12:38:00,28.2,74,0,2023-07-19 12:38:00
7/19/2023,12:38:04,28.2,74,0,2023-07-19 12:38:04
7/19/2023,12:38:08,28.2,74,0,2023-07-19 12:38:08
7/19/2023,12:38:13,28.2,74,0,2023-07-19 12:38:13
7/19/2023,12:38:17,28.2,74,0,2023-07-19 12:38:17
7/19/2023,12:38:22,28.2,74,0,2023-07-19 12:38:22
7/19/2023,12:38:27,28.2,74,0,2023-07-19 12:38:27
7/19/2023,12:38:31,28.2,74,0,2023-07-19 12:38:31
7/19/2023,12:38:35,28.2,74,0,2023-07-19 12:38:35
7/19/2023,12:38:39,28.2,74,0,2023-07-19 12:38:39
7/19/2023,12:38:43,28.2,74,0,2023-07-19 12:38:43
7/19/2023,12:38:47,28.2,74,0,2023-07-19 12:38:47
7/19/2023,12:38:51,28.2,74,0,2023-07-19 12:38:51
7/19/2023,12:38:56,28.2,74,0,2023-07-19 12:38:56
7/19/2023,12:39:00,28.2,74,0,2023-07-19 12:39:00
7/19/2023,12:39:04,28.2,74,0,2023-07-19 12:39:04
7/19/2023,12:39:07,28.2,74,0,2023-07-19 12:39:07
7/19/2023,12:39:11,28.2,74,0,2023-07-19 12:39:11
7/19/2023,12:39:15,28.2,74,0,2023-07-19 12:39:15
7/19/2023,12:39:19,28.2,74,0,2023-07-19 12:39:19
7/19/2023,12:39:23,28.2,74,0,2023-07-19 12:39:23
7/19/2023,12:39:27,28.2,74,0,2023-07-19 12:39:27
7/19/2023,12:39:31,28.2,74,0,2023-07-19 12:39:31
7/19/2023,12:39:35,28.2,74,0,2023-07-19 12:39:35
7/19/2023,12:39:43,28.2,74,0,2023-07-19 12:39:43
7/19/2023,12:39:47,28.2,74,0,2023-07-19 12:39:47
7/19/2023,12:39:51,28.2,74,0,2023-07-19 12:39:51
7/19/2023,12:39:55,28.2,74,0,2023-07-19 12:39:55
7/19/2023,12:39:59,28.2,74,0,2023-07-19 12:39:59
7/19/2023,12:40:06,28.2,74,0,2023-07-19 12:40:06
7/19/2023,12:40:10,28.2,74,0,2023-07-19 12:40:10
7/19/2023,12:40:14,28.2,74,0,2023-07-19 12:40:14
7/19/2023,12:40:18,28.2,74,0,2023-07-19 12:40:18
7/19/2023,12:40:22,28.2,74,0,2023-07-19 12:40:22
7/19/2023,12:40:29,28.2,74,0,2023-07-19 12:40:29
7/19/2023,12:40:34,28.2,74,0,2023-07-19 12:40:34
7/19/2023,12:40:37,28.2,74,0,2023-07-19 12:40:37
7/19/2023,12:40:41,28.2,74,0,2023-07-19 12:40:41
7/19/2023,12:40:46,28.2,74,0,2023-07-19 12:40:46
7/19/2023,12:40:50,28.2,74,0,2023-07-19 12:40:50
7/19/2023,12:40:54,28.2,74,0,2023-07-19 12:40:54
7/19/2023,12:40:59,28.2,74,0,2023-07-19 12:40:59
7/19/2023,12:41:03,28.2,74,0,2023-07-19 12:41:03
7/19/2023,12:41:08,28.2,74,0,2023-07-19 12:41:08
7/19/2023,12:41:12,28.2,74,0,2023-07-19 12:41:12
7/19/2023,12:41:16,28.2,74,0,2023-07-19 12:41:16
7/19/2023,12:41:20,28.2,74,0,2023-07-19 12:41:20
7/19/2023,12:41:24,28.2,74,0,2023-07-19 12:41:24
7/19/2023,12:41:29,28.2,74,0,2023-07-19 12:41:29
7/19/2023,12:41:33,28.2,74,0,2023-07-19 12:41:33
7/19/2023,12:41:38,28.2,74,0,2023-07-19 12:41:38
7/19/2023,12:41:43,28.2,74,0,2023-07-19 12:41:43
7/19/2023,12:41:47,28.2,74,0,2023-07-19 12:41:47
7/19/2023,12:41:51,28.2,74,0,2023-07-19 12:41:51
7/19/2023,12:41:56,28.2,74,0,2023-07-19 12:41:56
7/19/2023,12:42:01,28.2,74,0,2023-07-19 12:42:01
7/19/2023,12:42:05,28.2,74,0,2023-07-19 12:42:05
7/19/2023,12:42:10,28.2,74,0,2023-07-19 12:42:10
7/19/2023,12:42:14,28.2,74,0,2023-07-19 12:42:14
7/19/2023,12:42:18,28.2,74,0,2023-07-19 12:42:18
7/19/2023,12:42:23,28.2,74,0,2023-07-19 12:42:23
7/19/2023,12:42:27,28.2,74,0,2023-07-19 12:42:27
7/19/2023,12:42:31,28.2,74,0,2023-07-19 12:42:31
7/19/2023,12:42:35,28.2,74,0,2023-07-19 12:42:35
7/19/2023,12:42:39,28.2,74,0,2023-07-19 12:42:39
7/19/2023,12:42:43,28.2,74,0,2023-07-19 12:42:43
7/19/2023,12:42:47,28.2,74,0,2023-07-19 12:42:47
7/19/2023,12:42:51,28.2,74,0,2023-07-19 12:42:51
7/19/2023,12:42:55,28.2,74,0,2023-07-19 12:42:55
7/19/2023,12:42:59,28.2,74,0,2023-07-19 12:42:59
7/19/2023,12:43:03,28.2,74,0,2023-07-19 12:43:03
7/19/2023,12:43:07,28.2,74,0,2023-07-19 12:43:07
7/19/2023,12:43:11,28.2,74,0,2023-07-19 12:43:11
7/19/2023,12:43:15,28.2,74,0,2023-07-19 12:43:15
7/19/2023,12:43:20,28.2,74,0,2023-07-19 12:43:20
7/19/2023,12:43:24,28.2,74,0,2023-07-19 12:43:24
7/19/2023,12:43:28,28.2,74,0,2023-07-19 12:43:28
7/19/2023,12:43:32,28.2,74,0,2023-07-19 12:43:32
7/19/2023,12:43:37,28.2,74,0,2023-07-19 12:43:37
7/19/2023,12:43:42,28.2,74,0,2023-07-19 12:43:42
7/19/2023,12:43:46,28.2,74,0,2023-07-19 12:43:46
7/19/2023,12:43:50,28.2,74,0,2023-07-19 12:43:50
7/19/2023,12:43:54,28.2,74,0,2023-07-19 12:43:54
7/19/2023,12:43:58,28.2,74,0,2023-07-19 12:43:58
7/19/2023,12:44:02,28.2,74,0,2023-07-19 12:44:02
7/19/2023,12:44:07,28.2,74,0,2023-07-19 12:44:07
7/19/2023,12:44:11,28.2,74,0,2023-07-19 12:44:11
7/19/2023,12:44:15,28.2,74,0,2023-07-19 12:44:15
7/19/2023,12:44:19,28.2,74,0,2023-07-19 12:44:19
7/19/2023,12:44:23,28.2,74,0,2023-07-19 12:44:23
7/19/2023,12:44:27,28.2,74,0,2023-07-19 12:44:27
7/19/2023,12:44:31,28.2,74,0,2023-07-19 12:44:31
7/19/2023,12:44:35,28.2,74,0,2023-07-19 12:44:35
7/19/2023,12:44:40,28.2,74,0,2023-07-19 12:44:40
7/19/2023,12:44:44,28.2,74,0,2023-07-19 12:44:44
7/19/2023,12:44:48,28.2,74,0,2023-07-19 12:44:48
7/19/2023,12:44:52,28.2,74,0,2023-07-19 12:44:52
7/19/2023,12:44:56,28.2,74,0,2023-07-19 12:44:56
7/19/2023,12:45:00,28.2,74,0,2023-07-19 12:45:00
7/19/2023,12:45:03,28.2,74,0,2023-07-19 12:45:03
7/25/2023,19:23:16,25.9,71,0,2023-07-25 19:23:16
7/25/2023,19:23:20,27.1,70,0,2023-07-25 19:23:20
7/25/2023,19:23:24,27.1,70,0,2023-07-25 19:23:24
7/25/2023,19:23:28,27.1,70,0,2023-07-25 19:23:28
7/25/2023,19:23:32,27.1,69,0,2023-07-25 19:23:32
7/25/2023,19:23:37,27.1,69,0,2023-07-25 19:23:37
7/25/2023,19:23:40,27.1,69,0,2023-07-25 19:23:40
7/25/2023,19:23:45,27.1,69,0,2023-07-25 19:23:45
7/25/2023,19:23:49,27.1,69,0,2023-07-25 19:23:49
7/25/2023,19:23:53,27.1,69,0,2023-07-25 19:23:53
7/25/2023,19:23:58,27.1,69,0,2023-07-25 19:23:58
7/25/2023,19:24:02,27.1,69,0,2023-07-25 19:24:02
7/25/2023,19:24:06,27.1,69,0,2023-07-25 19:24:06
7/25/2023,19:24:10,27.1,69,0,2023-07-25 19:24:10
7/25/2023,19:24:14,27.1,68,0,2023-07-25 19:24:14
7/25/2023,19:24:19,27.1,68,0,2023-07-25 19:24:19
7/25/2023,19:24:23,27.1,69,0,2023-07-25 19:24:23
7/25/2023,19:24:28,27.1,69,0,2023-07-25 19:24:28
7/25/2023,19:24:32,27.1,69,0,2023-07-25 19:24:32
7/25/2023,19:24:36,27.1,69,0,2023-07-25 19:24:36
7/25/2023,19:24:41,27.1,69,0,2023-07-25 19:24:41
7/25/2023,19:24:45,27.1,69,0,2023-07-25 19:24:45
7/25/2023,19:24:50,27.2,69,0,2023-07-25 19:24:50
7/25/2023,19:24:54,27.1,69,0,2023-07-25 19:24:54
7/25/2023,19:24:58,27.1,69,0,2023-07-25 19:24:58
7/25/2023,19:25:02,27.2,69,0,2023-07-25 19:25:02
7/25/2023,19:25:07,27.2,68,0,2023-07-25 19:25:07
7/25/2023,19:25:11,27.2,68,0,2023-07-25 19:25:11
7/25/2023,19:25:15,27.2,68,0,2023-07-25 19:25:15
7/25/2023,19:25:19,27.2,69,0,2023-07-25 19:25:19
7/25/2023,19:25:23,27.2,68,0,2023-07-25 19:25:23
7/25/2023,19:25:28,27.2,68,0,2023-07-25 19:25:28
7/25/2023,19:25:32,27.2,68,0,2023-07-25 19:25:32
7/25/2023,19:25:37,27.2,68,0,2023-07-25 19:25:37
7/25/2023,19:25:41,27.2,68,0,2023-07-25 19:25:41
7/25/2023,19:25:45,27.2,68,0,2023-07-25 19:25:45
7/25/2023,19:25:50,27.2,69,0,2023-07-25 19:25:50
7/25/2023,19:25:54,27.2,69,0,2023-07-25 19:25:54
7/25/2023,19:25:58,27.2,69,0,2023-07-25 19:25:58
7/25/2023,19:26:02,27.2,69,0,2023-07-25 19:26:02
7/25/2023,19:26:08,27.2,69,0,2023-07-25 19:26:08
7/25/2023,19:26:12,27.2,69,0,2023-07-25 19:26:12
7/25/2023,19:26:16,27.2,68,0,2023-07-25 19:26:16
7/25/2023,19:26:20,27.2,69,0,2023-07-25 19:26:20
7/25/2023,19:26:25,27.2,69,0,2023-07-25 19:26:25
7/25/2023,19:26:29,27.2,69,0,2023-07-25 19:26:29
7/25/2023,19:26:33,27.2,69,0,2023-07-25 19:26:33
7/25/2023,19:26:38,27.2,69,0,2023-07-25 19:26:38
7/25/2023,19:26:42,27.2,68,0,2023-07-25 19:26:42
7/25/2023,19:26:47,27.2,68,0,2023-07-25 19:26:47
7/25/2023,19:26:52,27.2,68,0,2023-07-25 19:26:52
7/25/2023,19:26:57,27.2,68,0,2023-07-25 19:26:57
7/25/2023,19:27:01,27.2,68,0,2023-07-25 19:27:01
7/25/2023,19:27:05,27.2,68,0,2023-07-25 19:27:05
7/25/2023,19:27:09,27.2,68,0,2023-07-25 19:27:09
7/25/2023,19:27:14,27.2,68,0,2023-07-25 19:27:14
7/25/2023,19:27:18,27.2,68,0,2023-07-25 19:27:18
7/25/2023,19:27:22,27.2,68,0,2023-07-25 19:27:22
7/25/2023,19:27:26,27.2,68,0,2023-07-25 19:27:26
7/25/2023,19:27:30,27.2,68,0,2023-07-25 19:27:30
7/25/2023,19:27:34,27.2,68,0,2023-07-25 19:27:34
7/25/2023,19:27:38,27.2,68,0,2023-07-25 19:27:38
7/25/2023,19:27:43,27.2,68,0,2023-07-25 19:27:43
7/25/2023,19:27:47,27.2,68,0,2023-07-25 19:27:47
7/25/2023,19:27:51,27.2,68,0,2023-07-25 19:27:51
7/25/2023,19:27:55,27.2,67,0,2023-07-25 19:27:55
7/25/2023,19:27:59,27.2,67,0,2023-07-25 19:27:59
7/25/2023,19:28:04,27.2,67,0,2023-07-25 19:28:04
7/25/2023,19:28:08,27.2,68,0,2023-07-25 19:28:08
7/25/2023,19:28:13,27.2,68,0,2023-07-25 19:28:13
7/25/2023,19:28:17,27.2,68,0,2023-07-25 19:28:17
7/25/2023,19:28:22,27.2,68,0,2023-07-25 19:28:22
7/25/2023,19:28:26,27.2,68,0,2023-07-25 19:28:26
7/25/2023,19:28:31,27.2,68,0,2023-07-25 19:28:31
7/25/2023,19:28:35,27.2,68,0,2023-07-25 19:28:35
7/25/2023,19:28:40,27.2,68,0,2023-07-25 19:28:40
7/25/2023,19:28:45,27.2,68,0,2023-07-25 19:28:45
7/25/2023,19:28:49,27.2,68,0,2023-07-25 19:28:49
7/25/2023,19:28:54,27.2,68,0,2023-07-25 19:28:54
7/25/2023,19:28:58,27.2,68,0,2023-07-25 19:28:58
7/25/2023,19:29:02,27.2,68,0,2023-07-25 19:29:02
7/25/2023,19:29:06,27.2,68,0,2023-07-25 19:29:06
7/25/2023,19:29:11,27.2,68,0,2023-07-25 19:29:11
7/25/2023,19:29:15,27.2,68,0,2023-07-25 19:29:15
7/25/2023,19:29:20,27.2,68,0,2023-07-25 19:29:20
7/25/2023,19:29:24,27.2,68,0,2023-07-25 19:29:24
7/25/2023,19:29:28,27.2,68,0,2023-07-25 19:29:28
7/25/2023,19:29:32,27.2,68,0,2023-07-25 19:29:32
7/25/2023,19:29:37,27.2,68,0,2023-07-25 19:29:37
7/25/2023,19:29:42,27.2,68,0,2023-07-25 19:29:42
7/25/2023,19:29:46,27.2,68,0,2023-07-25 19:29:46
7/25/2023,19:29:50,27.2,68,0,2023-07-25 19:29:50
7/25/2023,19:29:55,27.2,68,0,2023-07-25 19:29:55
7/25/2023,19:29:59,27.2,68,0,2023-07-25 19:29:59
7/25/2023,19:30:03,27.2,68,0,2023-07-25 19:30:03
7/25/2023,19:30:07,27.2,67,0,2023-07-25 19:30:07
7/25/2023,19:30:11,27.2,68,0,2023-07-25 19:30:11
7/25/2023,19:30:16,27.2,68,0,2023-07-25 19:30:16
7/25/2023,19:30:20,27.2,67,0,2023-07-25 19:30:20
7/25/2023,19:30:24,27.2,67,0,2023-07-25 19:30:24
7/25/2023,19:30:28,27.2,67,0,2023-07-25 19:30:28
7/25/2023,19:30:33,27.1,67,0,2023-07-25 19:30:33
7/25/2023,19:30:37,27.1,68,0,2023-07-25 19:30:37
7/25/2023,19:30:42,27.2,68,0,2023-07-25 19:30:42
7/25/2023,19:30:46,27.1,68,0,2023-07-25 19:30:46
7/25/2023,19:30:50,27.2,68,0,2023-07-25 19:30:50
7/25/2023,19:30:55,27.2,68,0,2023-07-25 19:30:55
7/25/2023,19:30:59,27.1,67,0,2023-07-25 19:30:59
7/25/2023,19:31:03,27.1,67,0,2023-07-25 19:31:03
7/25/2023,19:31:07,27.1,67,0,2023-07-25 19:31:07
7/25/2023,19:31:11,27.1,67,0,2023-07-25 19:31:11
7/25/2023,19:31:15,27.1,67,0,2023-07-25 19:31:15
7/25/2023,19:31:19,27.1,67,0,2023-07-25 19:31:19
7/25/2023,19:31:24,27.1,67,0,2023-07-25 19:31:24
7/25/2023,19:31:28,27.1,67,0,2023-07-25 19:31:28
7/25/2023,19:31:32,27.1,67,0,2023-07-25 19:31:32
7/25/2023,19:31:39,27.1,67,0,2023-07-25 19:31:39
7/25/2023,19:31:43,27.1,67,0,2023-07-25 19:31:43
7/25/2023,19:31:48,27.1,67,0,2023-07-25 19:31:48
7/25/2023,19:31:52,27.1,67,0,2023-07-25 19:31:52
7/25/2023,19:31:56,27.1,67,0,2023-07-25 19:31:56
7/25/2023,19:32:00,27.1,67,0,2023-07-25 19:32:00
7/25/2023,19:32:04,27.1,67,0,2023-07-25 19:32:04
7/25/2023,19:32:08,27.1,67,0,2023-07-25 19:32:08
7/25/2023,19:32:12,27.1,67,0,2023-07-25 19:32:12
7/25/2023,19:32:16,27.1,68,0,2023-07-25 19:32:16
7/25/2023,19:32:21,27.1,68,0,2023-07-25 19:32:21
7/25/2023,19:32:25,27.1,68,0,2023-07-25 19:32:25
7/25/2023,19:32:30,27.1,68,0,2023-07-25 19:32:30
7/25/2023,19:32:34,27.1,68,0,2023-07-25 19:32:34
7/25/2023,19:32:38,27.1,68,0,2023-07-25 19:32:38
7/25/2023,19:32:42,27.1,68,0,2023-07-25 19:32:42
7/25/2023,19:32:47,27.1,68,0,2023-07-25 19:32:47
7/25/2023,19:32:51,27.1,68,0,2023-07-25 19:32:51
7/25/2023,19:32:55,27.1,68,0,2023-07-25 19:32:55
7/25/2023,19:33:04,27.1,68,2,2023-07-25 19:33:04
7/25/2023,19:33:09,27.1,68,0,2023-07-25 19:33:09
7/25/2023,19:33:13,27.1,68,0,2023-07-25 19:33:13
7/25/2023,19:33:18,27.1,68,0,2023-07-25 19:33:18
7/25/2023,19:33:22,27.1,68,0,2023-07-25 19:33:22
7/25/2023,19:33:26,27.1,68,1,2023-07-25 19:33:26
7/25/2023,19:33:30,27.1,68,1,2023-07-25 19:33:30
7/25/2023,19:33:35,27.1,68,1,2023-07-25 19:33:35
7/25/2023,19:33:39,27.1,68,1,2023-07-25 19:33:39
7/25/2023,19:33:43,27.2,68,1,2023-07-25 19:33:43
7/25/2023,19:33:47,27.2,69,1,2023-07-25 19:33:47
7/25/2023,19:33:51,27.2,69,1,2023-07-25 19:33:51
7/25/2023,19:33:55,27.2,69,1,2023-07-25 19:33:55
7/25/2023,19:33:59,27.2,69,1,2023-07-25 19:33:59
7/25/2023,19:34:03,27.2,69,0,2023-07-25 19:34:03
7/25/2023,19:34:07,27.2,69,0,2023-07-25 19:34:07
7/25/2023,19:34:13,27.3,68,0,2023-07-25 19:34:13
7/25/2023,19:34:18,27.3,68,0,2023-07-25 19:34:18
7/25/2023,19:34:22,27.3,68,0,2023-07-25 19:34:22
7/25/2023,19:34:26,27.3,68,1,2023-07-25 19:34:26
7/25/2023,19:34:31,27.3,68,1,2023-07-25 19:34:31
7/25/2023,19:34:35,27.3,68,1,2023-07-25 19:34:35
7/25/2023,19:34:40,27.3,68,1,2023-07-25 19:34:40
7/25/2023,19:34:44,27.3,68,1,2023-07-25 19:34:44
7/25/2023,19:34:48,27.4,67,1,2023-07-25 19:34:48
7/25/2023,19:34:52,27.4,67,1,2023-07-25 19:34:52
7/25/2023,19:34:56,27.4,67,0,2023-07-25 19:34:56
7/25/2023,19:35:01,27.4,67,0,2023-07-25 19:35:01
7/25/2023,19:35:05,27.4,67,0,2023-07-25 19:35:05
7/25/2023,19:35:09,27.4,67,0,2023-07-25 19:35:09
7/25/2023,19:35:14,27.4,67,0,2023-07-25 19:35:14
7/25/2023,19:35:18,27.4,67,0,2023-07-25 19:35:18
7/25/2023,19:35:21,27.4,67,0,2023-07-25 19:35:21
7/25/2023,19:35:26,27.4,67,0,2023-07-25 19:35:26
7/25/2023,19:35:31,27.4,67,0,2023-07-25 19:35:31
7/25/2023,19:35:37,27.4,67,0,2023-07-25 19:35:37
7/26/2023,10:45:47,25.6,71,0,2023-07-26 10:45:47
7/26/2023,10:45:51,26.3,72,0,2023-07-26 10:45:51
7/26/2023,10:45:55,26.3,72,0,2023-07-26 10:45:55
7/26/2023,10:45:59,26.3,72,0,2023-07-26 10:45:59
7/26/2023,10:46:03,26.3,72,0,2023-07-26 10:46:03
7/26/2023,10:46:07,26.3,72,0,2023-07-26 10:46:07
7/26/2023,10:46:11,26.4,72,0,2023-07-26 10:46:11
7/26/2023,10:46:15,26.4,72,0,2023-07-26 10:46:15
7/26/2023,10:46:18,26.4,72,0,2023-07-26 10:46:18
7/26/2023,10:46:23,26.4,72,0,2023-07-26 10:46:23
7/26/2023,10:46:26,26.4,72,0,2023-07-26 10:46:26
7/26/2023,10:46:30,26.4,72,0,2023-07-26 10:46:30
7/26/2023,10:46:34,26.4,72,0,2023-07-26 10:46:34
7/26/2023,10:46:38,26.4,72,0,2023-07-26 10:46:38
7/26/2023,10:46:42,26.4,72,0,2023-07-26 10:46:42
7/26/2023,10:46:46,26.5,72,0,2023-07-26 10:46:46
7/26/2023,10:46:50,26.5,72,0,2023-07-26 10:46:50
7/26/2023,10:46:53,26.5,72,0,2023-07-26 10:46:53
7/26/2023,10:46:57,26.5,72,0,2023-07-26 10:46:57
7/26/2023,10:47:01,26.5,72,0,2023-07-26 10:47:01
7/26/2023,10:47:05,26.5,72,0,2023-07-26 10:47:05
7/26/2023,10:47:08,26.5,72,0,2023-07-26 10:47:08
7/26/2023,10:47:13,26.6,72,0,2023-07-26 10:47:13
7/26/2023,10:47:17,26.6,72,0,2023-07-26 10:47:17
7/26/2023,10:47:21,26.6,72,0,2023-07-26 10:47:21
7/26/2023,10:47:24,26.6,72,0,2023-07-26 10:47:24
7/26/2023,10:47:28,26.6,72,0,2023-07-26 10:47:28
7/26/2023,10:47:32,26.6,72,0,2023-07-26 10:47:32
7/26/2023,10:47:37,26.6,72,0,2023-07-26 10:47:37
7/26/2023,10:47:41,26.6,72,0,2023-07-26 10:47:41
7/26/2023,10:47:45,26.6,72,0,2023-07-26 10:47:45
7/26/2023,10:47:49,26.7,72,0,2023-07-26 10:47:49
7/26/2023,10:47:53,26.7,72,0,2023-07-26 10:47:53
7/26/2023,10:47:57,26.7,72,0,2023-07-26 10:47:57
7/26/2023,10:48:01,26.7,72,0,2023-07-26 10:48:01
7/26/2023,10:48:05,26.7,72,0,2023-07-26 10:48:05
7/26/2023,10:48:10,26.7,72,0,2023-07-26 10:48:10
7/26/2023,10:48:14,26.7,72,0,2023-07-26 10:48:14
7/26/2023,10:48:18,26.7,72,0,2023-07-26 10:48:18
7/26/2023,10:48:22,26.8,72,0,2023-07-26 10:48:22
7/26/2023,10:48:26,26.8,72,0,2023-07-26 10:48:26
7/26/2023,10:48:30,26.8,72,0,2023-07-26 10:48:30
7/26/2023,10:48:34,26.8,72,0,2023-07-26 10:48:34
7/26/2023,10:48:39,26.8,72,0,2023-07-26 10:48:39
7/26/2023,10:48:43,26.8,72,0,2023-07-26 10:48:43
7/26/2023,10:48:47,26.8,72,0,2023-07-26 10:48:47
7/26/2023,10:48:51,26.8,72,0,2023-07-26 10:48:51
7/26/2023,10:48:55,26.8,72,0,2023-07-26 10:48:55
7/26/2023,10:48:59,26.8,72,0,2023-07-26 10:48:59
7/26/2023,10:49:04,26.8,72,0,2023-07-26 10:49:04
7/26/2023,10:49:08,26.8,72,0,2023-07-26 10:49:08
7/26/2023,10:49:12,26.8,72,0,2023-07-26 10:49:12
7/26/2023,10:49:16,26.9,71,0,2023-07-26 10:49:16
7/26/2023,10:49:20,26.9,71,0,2023-07-26 10:49:20
7/26/2023,10:49:25,26.9,71,0,2023-07-26 10:49:25
7/26/2023,10:49:29,26.9,71,0,2023-07-26 10:49:29
7/26/2023,10:49:34,26.9,71,0,2023-07-26 10:49:34
7/26/2023,10:49:38,26.9,71,0,2023-07-26 10:49:38
7/26/2023,10:49:44,26.9,71,0,2023-07-26 10:49:44
7/26/2023,10:49:49,26.9,71,0,2023-07-26 10:49:49
7/26/2023,10:49:53,26.9,71,0,2023-07-26 10:49:53
7/26/2023,10:49:57,26.9,71,0,2023-07-26 10:49:57
7/26/2023,10:50:01,26.9,71,0,2023-07-26 10:50:01
7/26/2023,10:50:06,26.9,71,0,2023-07-26 10:50:06
7/26/2023,10:50:10,26.9,71,0,2023-07-26 10:50:10
7/26/2023,10:50:14,26.9,71,0,2023-07-26 10:50:14
7/26/2023,10:50:19,26.9,71,0,2023-07-26 10:50:19
7/26/2023,10:50:23,26.9,71,0,2023-07-26 10:50:23
7/26/2023,10:50:27,26.9,71,0,2023-07-26 10:50:27
7/26/2023,10:50:30,26.9,71,0,2023-07-26 10:50:30
7/26/2023,10:50:34,26.9,71,0,2023-07-26 10:50:34
7/26/2023,10:50:39,26.9,71,0,2023-07-26 10:50:39
7/26/2023,10:50:43,26.9,71,0,2023-07-26 10:50:43
7/26/2023,10:50:47,26.9,71,0,2023-07-26 10:50:47
7/26/2023,10:50:51,26.9,71,0,2023-07-26 10:50:51
7/26/2023,10:50:55,26.9,71,0,2023-07-26 10:50:55
7/26/2023,10:50:59,26.9,71,0,2023-07-26 10:50:59
7/26/2023,10:51:03,26.9,71,0,2023-07-26 10:51:03
7/26/2023,10:51:07,26.9,71,0,2023-07-26 10:51:07
7/26/2023,10:51:11,26.9,71,0,2023-07-26 10:51:11
7/26/2023,10:51:15,26.9,71,0,2023-07-26 10:51:15
7/26/2023,10:51:19,26.9,71,0,2023-07-26 10:51:19
7/26/2023,10:51:22,27.0,71,0,2023-07-26 10:51:22
7/26/2023,10:51:27,27.0,71,0,2023-07-26 10:51:27
7/26/2023,10:51:31,27.0,71,0,2023-07-26 10:51:31
7/26/2023,10:51:35,27.0,71,0,2023-07-26 10:51:35
7/26/2023,10:51:39,27.0,71,0,2023-07-26 10:51:39
7/26/2023,10:51:43,27.0,71,0,2023-07-26 10:51:43
7/26/2023,10:51:47,27.0,71,0,2023-07-26 10:51:47
7/26/2023,10:51:51,27.0,70,0,2023-07-26 10:51:51
7/26/2023,10:51:55,27.0,70,0,2023-07-26 10:51:55
7/26/2023,10:51:58,27.0,70,0,2023-07-26 10:51:58
7/26/2023,10:52:02,27.0,70,0,2023-07-26 10:52:02
7/26/2023,10:52:06,27.0,70,0,2023-07-26 10:52:06
7/26/2023,10:52:10,27.0,70,0,2023-07-26 10:52:10
7/26/2023,10:52:15,27.0,70,0,2023-07-26 10:52:15
7/26/2023,10:52:18,27.0,70,0,2023-07-26 10:52:18
7/26/2023,10:52:22,27.0,70,0,2023-07-26 10:52:22
7/26/2023,10:52:26,27.0,70,0,2023-07-26 10:52:26
7/26/2023,10:52:30,27.0,70,0,2023-07-26 10:52:30
7/26/2023,10:52:34,27.0,70,0,2023-07-26 10:52:34
7/26/2023,10:52:38,27.0,70,0,2023-07-26 10:52:38
7/26/2023,10:52:42,27.0,70,0,2023-07-26 10:52:42
7/26/2023,10:52:46,27.0,70,0,2023-07-26 10:52:46
7/26/2023,10:52:50,27.0,70,0,2023-07-26 10:52:50
7/26/2023,10:52:54,27.0,70,0,2023-07-26 10:52:54
7/26/2023,10:52:59,27.0,70,0,2023-07-26 10:52:59
7/26/2023,10:53:03,27.0,70,0,2023-07-26 10:53:03
7/26/2023,10:53:07,27.0,70,0,2023-07-26 10:53:07
7/26/2023,10:53:12,27.1,70,0,2023-07-26 10:53:12
7/26/2023,10:53:21,27.0,70,0,2023-07-26 10:53:21
7/26/2023,10:53:27,27.0,70,0,2023-07-26 10:53:27
7/26/2023,10:53:31,27.0,70,0,2023-07-26 10:53:31
7/26/2023,10:53:35,27.0,70,0,2023-07-26 10:53:35
7/26/2023,10:53:39,27.0,70,0,2023-07-26 10:53:39
7/26/2023,10:53:43,27.0,70,0,2023-07-26 10:53:43
7/26/2023,10:53:47,27.0,70,0,2023-07-26 10:53:47
7/26/2023,10:53:51,27.0,70,0,2023-07-26 10:53:51
7/26/2023,10:53:55,27.0,70,0,2023-07-26 10:53:55
7/26/2023,10:53:59,27.0,70,0,2023-07-26 10:53:59
7/26/2023,10:54:03,27.0,70,0,2023-07-26 10:54:03
7/26/2023,10:54:07,27.0,70,0,2023-07-26 10:54:07
7/26/2023,10:54:11,27.0,70,0,2023-07-26 10:54:11
7/26/2023,10:54:16,27.0,70,0,2023-07-26 10:54:16
7/26/2023,10:54:20,27.0,70,0,2023-07-26 10:54:20
7/26/2023,10:54:24,27.0,70,0,2023-07-26 10:54:24
7/26/2023,10:54:27,27.0,70,0,2023-07-26 10:54:27
7/26/2023,10:54:32,27.0,70,0,2023-07-26 10:54:32
7/26/2023,10:54:36,27.0,70,0,2023-07-26 10:54:36
7/26/2023,10:54:40,27.0,70,0,2023-07-26 10:54:40
7/26/2023,10:54:44,27.0,70,0,2023-07-26 10:54:44
7/26/2023,10:54:48,27.0,70,0,2023-07-26 10:54:48
7/26/2023,10:54:51,27.0,70,0,2023-07-26 10:54:51
7/26/2023,10:54:56,27.0,70,0,2023-07-26 10:54:56
7/26/2023,10:55:00,27.0,70,0,2023-07-26 10:55:00
7/26/2023,10:55:03,27.0,70,0,2023-07-26 10:55:03
7/26/2023,10:55:07,27.0,70,0,2023-07-26 10:55:07
7/26/2023,10:55:12,27.0,70,0,2023-07-26 10:55:12
7/26/2023,10:55:16,27.1,70,0,2023-07-26 10:55:16
7/26/2023,10:55:24,27.0,70,0,2023-07-26 10:55:24
7/26/2023,10:55:28,27.1,70,0,2023-07-26 10:55:28
7/26/2023,10:55:32,27.1,70,0,2023-07-26 10:55:32
7/26/2023,10:55:36,27.1,70,0,2023-07-26 10:55:36
7/26/2023,10:55:41,27.1,70,0,2023-07-26 10:55:41
7/26/2023,10:55:45,27.1,70,0,2023-07-26 10:55:45
7/26/2023,10:55:49,27.1,70,0,2023-07-26 10:55:49
7/26/2023,10:55:53,27.1,70,0,2023-07-26 10:55:53
7/26/2023,10:55:58,27.1,70,0,2023-07-26 10:55:58
7/26/2023,10:56:01,27.1,70,0,2023-07-26 10:56:01
7/26/2023,10:56:05,27.1,70,0,2023-07-26 10:56:05
7/26/2023,10:56:09,27.1,70,0,2023-07-26 10:56:09
7/26/2023,10:56:13,27.1,70,0,2023-07-26 10:56:13
7/26/2023,10:56:17,27.1,70,0,2023-07-26 10:56:17
7/26/2023,10:56:21,27.1,70,0,2023-07-26 10:56:21
7/26/2023,10:56:25,27.1,70,0,2023-07-26 10:56:25
7/26/2023,10:56:29,27.1,70,0,2023-07-26 10:56:29
7/26/2023,10:56:33,27.1,70,0,2023-07-26 10:56:33
7/26/2023,10:56:37,27.1,70,0,2023-07-26 10:56:37
7/26/2023,10:56:42,27.1,70,0,2023-07-26 10:56:42
7/26/2023,10:56:45,27.1,70,0,2023-07-26 10:56:45
7/26/2023,10:56:50,27.1,70,0,2023-07-26 10:56:50
7/26/2023,10:56:54,27.1,70,0,2023-07-26 10:56:54
7/26/2023,10:56:58,27.1,70,0,2023-07-26 10:56:58
7/26/2023,10:57:02,27.1,70,0,2023-07-26 10:57:02
7/26/2023,10:57:07,27.1,70,0,2023-07-26 10:57:07
7/26/2023,10:57:13,27.1,70,0,2023-07-26 10:57:13
7/26/2023,10:57:17,27.1,70,0,2023-07-26 10:57:17
7/26/2023,10:57:22,27.1,69,0,2023-07-26 10:57:22
7/26/2023,10:57:26,27.1,69,0,2023-07-26 10:57:26
7/27/2023,8:18:22,25.6,71,0,2023-07-27 08:18:22
7/27/2023,8:18:26,25.7,72,0,2023-07-27 08:18:26
7/27/2023,8:18:31,25.7,72,0,2023-07-27 08:18:31
7/27/2023,8:18:35,25.7,72,0,2023-07-27 08:18:35
7/27/2023,8:18:40,25.7,72,0,2023-07-27 08:18:40
7/27/2023,8:18:45,25.7,72,0,2023-07-27 08:18:45
7/27/2023,8:18:50,25.7,72,0,2023-07-27 08:18:50
7/27/2023,8:18:54,25.7,72,0,2023-07-27 08:18:54
7/27/2023,8:18:58,25.7,72,0,2023-07-27 08:18:58
7/27/2023,8:19:03,25.7,72,0,2023-07-27 08:19:03
7/27/2023,8:19:08,25.7,72,0,2023-07-27 08:19:08
7/27/2023,8:19:12,25.7,72,0,2023-07-27 08:19:12
7/27/2023,8:19:17,25.7,72,0,2023-07-27 08:19:17
7/27/2023,8:19:21,25.7,72,0,2023-07-27 08:19:21
7/27/2023,8:19:25,25.7,72,0,2023-07-27 08:19:25
7/27/2023,8:19:29,25.7,72,0,2023-07-27 08:19:29
7/27/2023,8:19:34,25.7,72,0,2023-07-27 08:19:34
7/27/2023,8:19:38,25.7,72,0,2023-07-27 08:19:38
7/27/2023,8:19:42,25.7,72,0,2023-07-27 08:19:42
7/27/2023,8:19:46,25.7,72,0,2023-07-27 08:19:46
7/27/2023,8:19:51,25.7,72,0,2023-07-27 08:19:51
7/27/2023,8:19:55,25.7,72,0,2023-07-27 08:19:55
7/27/2023,8:20:00,25.7,72,0,2023-07-27 08:20:00
7/27/2023,8:20:05,25.7,72,0,2023-07-27 08:20:05
7/27/2023,8:20:09,25.7,72,0,2023-07-27 08:20:09
7/27/2023,8:20:14,25.7,72,0,2023-07-27 08:20:14
7/27/2023,8:20:18,25.7,72,0,2023-07-27 08:20:18
7/27/2023,8:20:22,25.7,72,0,2023-07-27 08:20:22
7/27/2023,8:20:28,25.7,72,0,2023-07-27 08:20:28
7/27/2023,8:20:32,25.7,72,0,2023-07-27 08:20:32
7/27/2023,8:20:37,25.7,72,0,2023-07-27 08:20:37
7/27/2023,8:20:41,25.7,72,0,2023-07-27 08:20:41
7/27/2023,8:20:45,25.7,72,0,2023-07-27 08:20:45
7/27/2023,8:20:50,25.7,72,0,2023-07-27 08:20:50
7/27/2023,8:20:55,25.7,72,0,2023-07-27 08:20:55
7/27/2023,8:20:59,25.7,72,0,2023-07-27 08:20:59
7/27/2023,8:21:03,25.7,72,0,2023-07-27 08:21:03
7/27/2023,8:21:07,25.7,72,0,2023-07-27 08:21:07
7/27/2023,8:21:11,25.7,72,0,2023-07-27 08:21:11
7/27/2023,8:21:16,25.7,72,0,2023-07-27 08:21:16
7/27/2023,8:21:21,25.7,72,0,2023-07-27 08:21:21
7/27/2023,8:21:26,25.7,72,0,2023-07-27 08:21:26
7/27/2023,8:21:30,25.7,72,0,2023-07-27 08:21:30
7/27/2023,8:21:35,25.7,72,0,2023-07-27 08:21:35
7/27/2023,8:21:39,25.7,72,0,2023-07-27 08:21:39
7/27/2023,8:21:43,25.7,72,0,2023-07-27 08:21:43
7/27/2023,8:21:48,25.7,72,0,2023-07-27 08:21:48
7/27/2023,8:21:52,25.7,72,0,2023-07-27 08:21:52
7/27/2023,8:21:57,25.7,72,0,2023-07-27 08:21:57
7/27/2023,8:22:01,25.7,72,0,2023-07-27 08:22:01
7/27/2023,8:22:06,25.7,72,0,2023-07-27 08:22:06
7/27/2023,8:22:10,25.7,72,0,2023-07-27 08:22:10
7/27/2023,8:22:14,25.7,72,0,2023-07-27 08:22:14
7/27/2023,8:22:19,25.7,72,0,2023-07-27 08:22:19
7/27/2023,8:22:23,25.7,72,0,2023-07-27 08:22:23
7/27/2023,8:22:28,25.7,72,0,2023-07-27 08:22:28
7/27/2023,8:22:32,25.7,72,0,2023-07-27 08:22:32
7/27/2023,8:22:36,25.7,72,0,2023-07-27 08:22:36
7/27/2023,8:22:40,25.7,72,0,2023-07-27 08:22:40
7/27/2023,8:22:44,25.7,72,0,2023-07-27 08:22:44
7/27/2023,8:22:48,25.7,72,0,2023-07-27 08:22:48
7/27/2023,8:22:52,25.7,72,0,2023-07-27 08:22:52
7/27/2023,8:22:57,25.7,72,0,2023-07-27 08:22:57
7/27/2023,8:23:01,25.7,72,0,2023-07-27 08:23:01
7/27/2023,8:23:05,25.7,72,0,2023-07-27 08:23:05
7/27/2023,8:23:09,25.7,72,0,2023-07-27 08:23:09
7/27/2023,8:23:13,25.7,72,0,2023-07-27 08:23:13
7/27/2023,8:23:20,25.7,72,0,2023-07-27 08:23:20
7/27/2023,8:23:24,25.7,72,0,2023-07-27 08:23:24
7/27/2023,8:23:29,25.7,72,0,2023-07-27 08:23:29
7/27/2023,8:23:33,25.7,72,0,2023-07-27 08:23:33
7/27/2023,8:23:37,25.7,72,0,2023-07-27 08:23:37
7/27/2023,8:23:41,25.7,72,0,2023-07-27 08:23:41
7/27/2023,8:23:46,25.7,72,0,2023-07-27 08:23:46
7/27/2023,8:23:50,25.7,72,0,2023-07-27 08:23:50
7/27/2023,8:23:54,25.7,72,0,2023-07-27 08:23:54
7/27/2023,8:23:59,25.7,72,0,2023-07-27 08:23:59
7/27/2023,8:24:03,25.7,72,0,2023-07-27 08:24:03
7/27/2023,8:24:08,25.7,72,0,2023-07-27 08:24:08
7/27/2023,8:24:13,25.7,72,0,2023-07-27 08:24:13
7/27/2023,8:24:17,25.7,72,0,2023-07-27 08:24:17
7/27/2023,8:24:21,25.7,72,0,2023-07-27 08:24:21
7/27/2023,8:24:25,25.7,72,0,2023-07-27 08:24:25
7/27/2023,8:24:30,25.7,72,0,2023-07-27 08:24:30
7/27/2023,8:24:34,25.7,72,0,2023-07-27 08:24:34
7/27/2023,8:24:39,25.7,72,0,2023-07-27 08:24:39
7/27/2023,8:24:43,25.7,72,0,2023-07-27 08:24:43
7/27/2023,8:24:47,25.7,72,0,2023-07-27 08:24:47
7/27/2023,8:24:51,25.7,72,0,2023-07-27 08:24:51
7/27/2023,8:24:56,25.7,72,0,2023-07-27 08:24:56
7/27/2023,8:25:00,25.7,72,0,2023-07-27 08:25:00
7/27/2023,8:25:05,25.7,72,0,2023-07-27 08:25:05
7/27/2023,8:25:09,25.7,72,0,2023-07-27 08:25:09
7/27/2023,8:25:14,25.7,72,0,2023-07-27 08:25:14
7/27/2023,8:25:18,25.7,72,0,2023-07-27 08:25:18
7/27/2023,8:25:23,25.7,72,0,2023-07-27 08:25:23
7/27/2023,8:25:27,25.7,72,0,2023-07-27 08:25:27
7/27/2023,8:25:31,25.7,72,0,2023-07-27 08:25:31
7/27/2023,8:25:36,25.7,72,0,2023-07-27 08:25:36
7/27/2023,8:25:41,25.7,72,0,2023-07-27 08:25:41
7/27/2023,8:25:46,25.7,72,0,2023-07-27 08:25:46
7/27/2023,8:25:50,25.7,72,0,2023-07-27 08:25:50
7/27/2023,8:25:54,25.7,72,0,2023-07-27 08:25:54
7/27/2023,8:25:58,25.7,72,0,2023-07-27 08:25:58
7/27/2023,8:26:02,25.7,72,0,2023-07-27 08:26:02
7/27/2023,8:26:06,25.7,72,0,2023-07-27 08:26:06
7/27/2023,8:26:11,25.7,72,0,2023-07-27 08:26:11
7/27/2023,8:26:15,25.7,72,0,2023-07-27 08:26:15
7/27/2023,8:26:19,25.7,72,0,2023-07-27 08:26:19
7/27/2023,8:26:24,25.7,72,0,2023-07-27 08:26:24
7/27/2023,8:26:28,25.7,72,0,2023-07-27 08:26:28
7/27/2023,8:26:33,25.7,72,0,2023-07-27 08:26:33
7/27/2023,8:26:37,25.7,72,0,2023-07-27 08:26:37
7/27/2023,8:26:41,25.7,72,0,2023-07-27 08:26:41
7/27/2023,8:26:46,25.7,72,0,2023-07-27 08:26:46
7/27/2023,8:26:51,25.7,72,0,2023-07-27 08:26:51
7/27/2023,8:26:55,25.7,72,0,2023-07-27 08:26:55
7/27/2023,8:26:59,25.7,72,0,2023-07-27 08:26:59
7/27/2023,8:27:03,25.7,72,0,2023-07-27 08:27:03
7/27/2023,8:27:08,25.7,72,0,2023-07-27 08:27:08
7/27/2023,8:27:12,25.7,72,0,2023-07-27 08:27:12
7/27/2023,8:27:17,25.8,72,0,2023-07-27 08:27:17
7/27/2023,8:27:21,25.8,72,0,2023-07-27 08:27:21
7/27/2023,8:27:26,25.8,72,0,2023-07-27 08:27:26
7/27/2023,8:27:30,25.8,72,0,2023-07-27 08:27:30
7/27/2023,8:27:35,25.8,72,0,2023-07-27 08:27:35
7/27/2023,8:27:39,25.8,72,0,2023-07-27 08:27:39
7/27/2023,8:27:43,25.8,72,0,2023-07-27 08:27:43
7/27/2023,8:27:48,25.8,72,0,2023-07-27 08:27:48
7/27/2023,8:27:52,25.8,72,0,2023-07-27 08:27:52
7/27/2023,8:27:56,25.8,72,0,2023-07-27 08:27:56
7/27/2023,8:28:00,25.8,72,0,2023-07-27 08:28:00
7/27/2023,8:28:04,25.8,72,0,2023-07-27 08:28:04
7/27/2023,8:28:09,25.8,72,1,2023-07-27 08:28:09
7/27/2023,8:28:14,25.8,72,1,2023-07-27 08:28:14
7/27/2023,8:28:18,25.8,72,1,2023-07-27 08:28:18
7/27/2023,8:28:22,25.8,72,1,2023-07-27 08:28:22
7/27/2023,8:28:27,25.8,72,1,2023-07-27 08:28:27
7/27/2023,8:28:36,25.8,72,2,2023-07-27 08:28:36
7/27/2023,8:28:41,25.8,72,2,2023-07-27 08:28:41
7/27/2023,8:28:46,25.8,72,2,2023-07-27 08:28:46
7/27/2023,8:28:50,25.8,72,2,2023-07-27 08:28:50
7/27/2023,8:28:55,25.8,72,2,2023-07-27 08:28:55
7/27/2023,8:29:00,25.8,73,2,2023-07-27 08:29:00
7/27/2023,8:29:04,25.8,72,1,2023-07-27 08:29:04
7/27/2023,8:29:13,25.9,72,2,2023-07-27 08:29:13
7/27/2023,8:29:22,25.9,72,0,2023-07-27 08:29:22
7/27/2023,8:29:27,25.9,72,0,2023-07-27 08:29:27
7/27/2023,8:29:31,25.9,73,0,2023-07-27 08:29:31
7/27/2023,8:29:36,25.9,73,0,2023-07-27 08:29:36
7/27/2023,8:29:40,25.9,73,0,2023-07-27 08:29:40
7/27/2023,8:29:45,25.9,73,0,2023-07-27 08:29:45
7/27/2023,8:29:50,25.9,72,0,2023-07-27 08:29:50
7/27/2023,8:29:54,25.9,72,0,2023-07-27 08:29:54
7/27/2023,8:29:59,25.9,72,0,2023-07-27 08:29:59
7/27/2023,8:30:03,25.9,72,0,2023-07-27 08:30:03
7/27/2023,8:30:08,25.9,72,0,2023-07-27 08:30:08
7/27/2023,8:30:13,25.9,72,0,2023-07-27 08:30:13
7/27/2023,8:30:22,25.9,72,0,2023-07-27 08:30:22
7/27/2023,8:30:27,25.9,72,2,2023-07-27 08:30:27
7/27/2023,8:30:32,26.0,72,1,2023-07-27 08:30:32
7/27/2023,8:30:42,26.0,72,2,2023-07-27 08:30:42
7/27/2023,8:30:47,26.0,73,2,2023-07-27 08:30:47
7/27/2023,8:30:52,26.0,73,1,2023-07-27 08:30:52
7/27/2023,8:30:56,26.0,73,1,2023-07-27 08:30:56
7/27/2023,8:31:05,26.1,73,2,2023-07-27 08:31:05
7/27/2023,8:31:09,26.1,72,2,2023-07-27 08:31:09
7/27/2023,8:31:13,26.1,72,1,2023-07-27 08:31:13
7/27/2023,8:31:22,26.1,72,2,2023-07-27 08:31:22
7/27/2023,8:31:31,26.1,72,0,2023-07-27 08:31:31
7/27/2023,8:31:35,26.1,72,0,2023-07-27 08:31:35
7/27/2023,8:31:41,26.1,72,0,2023-07-27 08:31:41
7/27/2023,8:31:45,26.1,72,0,2023-07-27 08:31:45
7/27/2023,8:31:50,26.1,72,0,2023-07-27 08:31:50
7/27/2023,8:31:54,26.1,72,0,2023-07-27 08:31:54
7/27/2023,8:31:58,26.2,72,0,2023-07-27 08:31:58
7/27/2023,8:32:02,26.2,72,0,2023-07-27 08:32:02
7/27/2023,8:32:07,26.2,72,0,2023-07-27 08:32:07
7/27/2023,8:32:11,26.2,72,0,2023-07-27 08:32:11
7/27/2023,8:32:15,26.2,72,0,2023-07-27 08:32:15
7/27/2023,8:32:19,26.2,72,0,2023-07-27 08:32:19
7/27/2023,8:32:24,26.2,72,0,2023-07-27 08:32:24
7/27/2023,8:32:28,26.2,72,0,2023-07-27 08:32:28
7/27/2023,8:32:32,26.2,72,0,2023-07-27 08:32:32
7/27/2023,8:32:36,26.2,72,0,2023-07-27 08:32:36
7/27/2023,8:32:41,26.2,72,0,2023-07-27 08:32:41
7/27/2023,8:32:45,26.2,72,0,2023-07-27 08:32:45
7/27/2023,8:32:49,26.2,72,0,2023-07-27 08:32:49
7/27/2023,8:32:54,26.2,72,0,2023-07-27 08:32:54
7/27/2023,8:32:58,26.2,72,0,2023-07-27 08:32:58
7/27/2023,8:33:03,26.2,72,0,2023-07-27 08:33:03
7/27/2023,8:33:07,26.2,72,0,2023-07-27 08:33:07
7/27/2023,8:33:11,26.2,72,0,2023-07-27 08:33:11
7/27/2023,8:33:15,26.2,72,0,2023-07-27 08:33:15
7/27/2023,8:33:20,26.2,72,0,2023-07-27 08:33:20
7/27/2023,8:33:24,26.2,72,0,2023-07-27 08:33:24
7/27/2023,8:33:29,26.1,72,0,2023-07-27 08:33:29
7/27/2023,8:33:34,26.2,72,0,2023-07-27 08:33:34
7/27/2023,8:33:39,26.2,72,0,2023-07-27 08:33:39
7/27/2023,8:33:43,26.2,72,0,2023-07-27 08:33:43
7/27/2023,8:33:48,26.2,72,0,2023-07-27 08:33:48
7/27/2023,8:33:52,26.2,72,0,2023-07-27 08:33:52
7/27/2023,8:33:57,26.2,72,0,2023-07-27 08:33:57
7/27/2023,8:34:01,26.2,72,0,2023-07-27 08:34:01
7/27/2023,8:34:06,26.1,72,0,2023-07-27 08:34:06
7/27/2023,8:34:10,26.1,72,0,2023-07-27 08:34:10
7/27/2023,8:34:14,26.2,72,0,2023-07-27 08:34:14
7/27/2023,8:34:18,26.1,72,0,2023-07-27 08:34:18
7/27/2023,8:34:23,26.1,72,0,2023-07-27 08:34:23
7/27/2023,8:34:27,26.1,72,0,2023-07-27 08:34:27
7/27/2023,8:34:31,26.1,72,0,2023-07-27 08:34:31
7/27/2023,8:34:36,26.1,72,0,2023-07-27 08:34:36
7/27/2023,8:34:40,26.1,72,0,2023-07-27 08:34:40
7/27/2023,8:34:44,26.1,72,0,2023-07-27 08:34:44
7/27/2023,8:34:49,26.1,72,0,2023-07-27 08:34:49
7/27/2023,8:34:53,26.1,72,0,2023-07-27 08:34:53
7/27/2023,8:34:57,26.1,72,0,2023-07-27 08:34:57
7/27/2023,8:35:02,26.1,72,0,2023-07-27 08:35:02
7/27/2023,8:35:07,26.1,72,0,2023-07-27 08:35:07
7/27/2023,8:35:12,26.1,72,0,2023-07-27 08:35:12
7/27/2023,8:35:17,26.1,72,0,2023-07-27 08:35:17
7/27/2023,8:35:21,26.1,72,0,2023-07-27 08:35:21
7/27/2023,8:35:25,26.1,72,0,2023-07-27 08:35:25
7/27/2023,8:35:30,26.1,72,0,2023-07-27 08:35:30
7/27/2023,8:35:34,26.1,72,0,2023-07-27 08:35:34
7/27/2023,8:35:39,26.1,72,0,2023-07-27 08:35:39
7/27/2023,8:35:43,26.1,72,0,2023-07-27 08:35:43
7/27/2023,8:35:48,26.1,72,0,2023-07-27 08:35:48
7/27/2023,8:35:52,26.1,72,0,2023-07-27 08:35:52
7/27/2023,8:35:56,26.1,72,0,2023-07-27 08:35:56
7/27/2023,8:36:01,26.1,72,0,2023-07-27 08:36:01
7/27/2023,8:36:05,26.1,72,0,2023-07-27 08:36:05
7/27/2023,8:36:10,26.1,72,0,2023-07-27 08:36:10
7/27/2023,8:36:14,26.1,72,0,2023-07-27 08:36:14
7/27/2023,8:36:19,26.1,72,0,2023-07-27 08:36:19
7/27/2023,8:36:24,26.1,72,0,2023-07-27 08:36:24
7/27/2023,8:36:29,26.1,72,0,2023-07-27 08:36:29
7/27/2023,8:36:34,26.1,72,0,2023-07-27 08:36:34
7/27/2023,8:36:38,26.1,72,0,2023-07-27 08:36:38
7/27/2023,8:36:42,26.1,72,0,2023-07-27 08:36:42
7/27/2023,8:36:47,26.1,72,0,2023-07-27 08:36:47
7/27/2023,8:36:51,26.1,72,0,2023-07-27 08:36:51
7/27/2023,8:36:55,26.1,72,0,2023-07-27 08:36:55
7/27/2023,8:36:59,26.1,72,0,2023-07-27 08:36:59
7/27/2023,8:37:03,26.0,72,0,2023-07-27 08:37:03
7/27/2023,8:37:07,26.0,72,0,2023-07-27 08:37:07
7/27/2023,8:37:12,26.0,72,0,2023-07-27 08:37:12
7/27/2023,8:37:16,26.0,72,0,2023-07-27 08:37:16
7/27/2023,8:37:21,26.0,72,0,2023-07-27 08:37:21
7/27/2023,8:37:26,26.0,72,0,2023-07-27 08:37:26
7/27/2023,8:37:31,26.0,72,0,2023-07-27 08:37:31
7/27/2023,8:37:36,26.0,72,0,2023-07-27 08:37:36
7/27/2023,8:37:40,26.0,72,0,2023-07-27 08:37:40
7/27/2023,8:37:45,26.0,72,0,2023-07-27 08:37:45
7/27/2023,8:37:49,26.0,72,0,2023-07-27 08:37:49
7/27/2023,8:37:54,26.0,72,0,2023-07-27 08:37:54
7/27/2023,8:37:58,26.0,72,0,2023-07-27 08:37:58
7/27/2023,8:38:02,26.0,72,0,2023-07-27 08:38:02
7/27/2023,8:38:07,26.0,72,0,2023-07-27 08:38:07
7/27/2023,8:38:11,26.0,72,0,2023-07-27 08:38:11
7/27/2023,8:38:16,26.0,72,0,2023-07-27 08:38:16
7/27/2023,8:38:21,26.0,72,0,2023-07-27 08:38:21
7/27/2023,8:38:25,26.0,72,0,2023-07-27 08:38:25
7/27/2023,8:38:30,26.0,72,0,2023-07-27 08:38:30
7/27/2023,8:38:35,26.0,72,0,2023-07-27 08:38:35
7/27/2023,8:38:39,26.0,72,0,2023-07-27 08:38:39
7/27/2023,8:38:44,26.0,72,0,2023-07-27 08:38:44
7/27/2023,8:38:48,26.0,72,0,2023-07-27 08:38:48
7/27/2023,8:38:53,26.0,72,0,2023-07-27 08:38:53
7/27/2023,8:38:58,26.0,72,4,2023-07-27 08:38:58
7/27/2023,8:39:06,26.0,72,3,2023-07-27 08:39:06
7/27/2023,8:39:11,26.0,72,3,2023-07-27 08:39:11
7/27/2023,8:39:15,26.0,72,2,2023-07-27 08:39:15
7/27/2023,8:39:20,26.0,72,2,2023-07-27 08:39:20
7/27/2023,8:39:24,26.0,72,2,2023-07-27 08:39:24
7/27/2023,8:39:29,26.0,72,2,2023-07-27 08:39:29
7/27/2023,8:39:33,26.0,72,2,2023-07-27 08:39:33
7/27/2023,8:39:37,26.0,72,8,2023-07-27 08:39:37
7/27/2023,8:39:42,26.0,72,8,2023-07-27 08:39:42
7/27/2023,8:39:46,26.0,73,8,2023-07-27 08:39:46
7/27/2023,8:39:55,26.0,73,0,2023-07-27 08:39:55
7/27/2023,8:40:00,26.0,73,0,2023-07-27 08:40:00
7/27/2023,8:40:05,26.0,73,0,2023-07-27 08:40:05
7/27/2023,8:40:10,26.0,73,0,2023-07-27 08:40:10
7/27/2023,8:40:14,26.0,73,0,2023-07-27 08:40:14
7/27/2023,8:40:19,26.0,73,0,2023-07-27 08:40:19
7/27/2023,8:40:23,26.0,72,0,2023-07-27 08:40:23
7/27/2023,8:40:27,26.0,72,0,2023-07-27 08:40:27
7/27/2023,8:40:32,26.0,72,0,2023-07-27 08:40:32
7/27/2023,8:40:36,26.0,72,0,2023-07-27 08:40:36
7/27/2023,8:40:40,26.0,72,0,2023-07-27 08:40:40
7/27/2023,8:40:45,26.0,72,0,2023-07-27 08:40:45
7/27/2023,8:40:49,26.0,72,0,2023-07-27 08:40:49
7/27/2023,8:40:53,26.0,72,0,2023-07-27 08:40:53
7/27/2023,8:40:58,26.0,72,0,2023-07-27 08:40:58
7/27/2023,8:41:02,26.0,72,0,2023-07-27 08:41:02
7/27/2023,8:41:06,26.0,72,0,2023-07-27 08:41:06
7/27/2023,18:40:24,25.7,73,0,2023-07-27 18:40:24
7/27/2023,18:40:29,25.7,73,0,2023-07-27 18:40:29
7/27/2023,18:40:34,25.7,73,0,2023-07-27 18:40:34
7/27/2023,18:40:38,25.7,73,0,2023-07-27 18:40:38
7/27/2023,18:40:43,25.7,73,0,2023-07-27 18:40:43
7/27/2023,18:40:47,25.8,73,0,2023-07-27 18:40:47
7/27/2023,18:40:52,25.8,73,0,2023-07-27 18:40:52
7/27/2023,18:40:57,25.8,73,0,2023-07-27 18:40:57
7/27/2023,18:41:01,25.8,73,0,2023-07-27 18:41:01
7/27/2023,18:41:05,25.8,73,0,2023-07-27 18:41:05
7/27/2023,18:41:09,25.8,73,0,2023-07-27 18:41:09
7/27/2023,18:41:14,25.8,73,0,2023-07-27 18:41:14
7/27/2023,18:41:19,25.8,73,0,2023-07-27 18:41:19
7/27/2023,18:41:23,25.8,73,0,2023-07-27 18:41:23
7/27/2023,18:41:27,25.8,73,0,2023-07-27 18:41:27
7/27/2023,18:41:31,25.8,73,0,2023-07-27 18:41:31
7/27/2023,18:41:36,25.8,73,0,2023-07-27 18:41:36
7/27/2023,18:41:41,25.8,73,0,2023-07-27 18:41:41
7/27/2023,18:41:45,25.8,73,0,2023-07-27 18:41:45
7/27/2023,18:41:50,25.8,73,0,2023-07-27 18:41:50
7/27/2023,18:41:54,25.8,73,0,2023-07-27 18:41:54
7/27/2023,18:41:59,25.8,73,0,2023-07-27 18:41:59
7/27/2023,18:42:03,25.9,73,0,2023-07-27 18:42:03
7/27/2023,18:42:08,25.9,73,0,2023-07-27 18:42:08
7/27/2023,18:42:12,25.9,73,0,2023-07-27 18:42:12
7/27/2023,18:42:16,25.9,73,0,2023-07-27 18:42:16
7/27/2023,18:42:20,25.9,73,0,2023-07-27 18:42:20
7/27/2023,18:42:24,25.9,73,0,2023-07-27 18:42:24
7/27/2023,18:42:29,25.9,73,0,2023-07-27 18:42:29
7/27/2023,18:42:33,25.9,73,0,2023-07-27 18:42:33
7/27/2023,18:42:38,25.9,74,0,2023-07-27 18:42:38
7/27/2023,18:42:42,25.9,74,1,2023-07-27 18:42:42
7/27/2023,18:42:51,26.0,74,2,2023-07-27 18:42:51
7/27/2023,18:42:56,26.0,73,2,2023-07-27 18:42:56
7/27/2023,18:43:01,26.1,73,2,2023-07-27 18:43:01
7/27/2023,18:43:05,26.1,73,2,2023-07-27 18:43:05
7/27/2023,18:43:14,26.1,73,0,2023-07-27 18:43:14
7/27/2023,18:43:19,26.1,73,2,2023-07-27 18:43:19
7/27/2023,18:43:23,26.1,73,2,2023-07-27 18:43:23
7/27/2023,18:43:28,26.1,73,3,2023-07-27 18:43:28
7/27/2023,18:43:32,26.1,73,3,2023-07-27 18:43:32
7/27/2023,18:43:36,26.1,73,3,2023-07-27 18:43:36
7/27/2023,18:43:40,26.1,73,0,2023-07-27 18:43:40
7/27/2023,18:43:44,26.2,73,2,2023-07-27 18:43:44
7/27/2023,18:43:48,26.2,73,2,2023-07-27 18:43:48
7/27/2023,18:43:53,26.2,73,2,2023-07-27 18:43:53
7/27/2023,18:43:57,26.2,73,0,2023-07-27 18:43:57
7/27/2023,18:44:02,26.2,73,0,2023-07-27 18:44:02
7/27/2023,18:44:06,26.2,73,0,2023-07-27 18:44:06
7/27/2023,18:44:11,26.2,73,0,2023-07-27 18:44:11
7/27/2023,18:44:16,26.2,73,0,2023-07-27 18:44:16
7/27/2023,18:44:21,26.2,73,0,2023-07-27 18:44:21
7/27/2023,18:44:26,26.2,73,0,2023-07-27 18:44:26
7/27/2023,18:44:30,26.2,73,0,2023-07-27 18:44:30
7/27/2023,18:44:35,26.2,73,0,2023-07-27 18:44:35
7/27/2023,18:44:39,26.3,73,0,2023-07-27 18:44:39
7/27/2023,18:44:44,26.3,73,0,2023-07-27 18:44:44
7/27/2023,18:44:48,26.3,73,0,2023-07-27 18:44:48
7/27/2023,18:44:52,26.3,73,0,2023-07-27 18:44:52
7/27/2023,18:44:56,26.4,73,0,2023-07-27 18:44:56
7/27/2023,18:45:01,26.4,73,4,2023-07-27 18:45:01
7/27/2023,18:45:06,26.4,73,5,2023-07-27 18:45:06
7/27/2023,18:45:14,26.5,73,0,2023-07-27 18:45:14
7/27/2023,18:45:23,26.5,73,2,2023-07-27 18:45:23
7/27/2023,18:45:27,26.5,72,2,2023-07-27 18:45:27
7/27/2023,18:45:31,26.6,72,2,2023-07-27 18:45:31
7/27/2023,18:45:35,26.6,72,0,2023-07-27 18:45:35
7/27/2023,18:45:40,26.6,72,0,2023-07-27 18:45:40
7/27/2023,18:45:44,26.6,72,0,2023-07-27 18:45:44
7/27/2023,18:45:49,26.6,72,0,2023-07-27 18:45:49
7/27/2023,18:45:53,26.6,72,0,2023-07-27 18:45:53
7/27/2023,18:45:57,26.6,72,0,2023-07-27 18:45:57
7/27/2023,18:46:02,26.6,72,0,2023-07-27 18:46:02
7/27/2023,18:46:06,26.6,72,0,2023-07-27 18:46:06
7/27/2023,18:46:10,26.6,72,0,2023-07-27 18:46:10
7/27/2023,18:46:14,26.6,72,0,2023-07-27 18:46:14
7/27/2023,18:46:19,26.6,72,0,2023-07-27 18:46:19
7/27/2023,18:46:24,26.6,72,0,2023-07-27 18:46:24
7/27/2023,18:46:29,26.6,72,0,2023-07-27 18:46:29
7/27/2023,18:46:33,26.6,72,0,2023-07-27 18:46:33
7/27/2023,18:46:38,26.6,72,0,2023-07-27 18:46:38
7/27/2023,18:46:43,26.6,72,0,2023-07-27 18:46:43
7/27/2023,18:46:47,26.6,71,0,2023-07-27 18:46:47
7/27/2023,18:46:52,26.6,71,0,2023-07-27 18:46:52
7/27/2023,18:46:56,26.6,71,0,2023-07-27 18:46:56
7/27/2023,18:47:01,26.6,71,0,2023-07-27 18:47:01
7/27/2023,18:47:06,26.6,72,0,2023-07-27 18:47:06
7/27/2023,18:47:11,26.6,72,0,2023-07-27 18:47:11
7/27/2023,18:47:16,26.6,72,0,2023-07-27 18:47:16
7/27/2023,18:47:21,26.6,72,0,2023-07-27 18:47:21
7/27/2023,18:47:24,26.6,72,0,2023-07-27 18:47:24
7/27/2023,18:47:28,26.6,72,0,2023-07-27 18:47:28
7/27/2023,18:47:33,26.6,72,0,2023-07-27 18:47:33
7/27/2023,18:47:37,26.6,72,0,2023-07-27 18:47:37
7/27/2023,18:47:41,26.6,72,0,2023-07-27 18:47:41
7/27/2023,18:47:46,26.6,72,0,2023-07-27 18:47:46
7/27/2023,18:47:50,26.6,72,0,2023-07-27 18:47:50
7/27/2023,18:47:54,26.6,72,0,2023-07-27 18:47:54
7/27/2023,18:47:58,26.6,71,0,2023-07-27 18:47:58
7/27/2023,18:48:03,26.7,71,0,2023-07-27 18:48:03
7/27/2023,18:48:07,26.6,71,0,2023-07-27 18:48:07
7/27/2023,18:48:12,26.7,71,0,2023-07-27 18:48:12
7/27/2023,18:48:16,26.7,71,0,2023-07-27 18:48:16
7/27/2023,18:48:21,26.7,71,0,2023-07-27 18:48:21
7/27/2023,18:48:25,26.7,71,0,2023-07-27 18:48:25
7/27/2023,18:48:30,26.7,71,0,2023-07-27 18:48:30
7/27/2023,18:48:36,26.7,71,0,2023-07-27 18:48:36
7/27/2023,18:48:41,26.7,71,0,2023-07-27 18:48:41
7/27/2023,18:48:45,26.7,71,0,2023-07-27 18:48:45
7/27/2023,18:48:49,26.7,71,0,2023-07-27 18:48:49
7/27/2023,18:48:54,26.7,71,0,2023-07-27 18:48:54
7/27/2023,18:48:58,26.7,71,0,2023-07-27 18:48:58
7/27/2023,18:49:02,26.7,71,0,2023-07-27 18:49:02
7/27/2023,18:49:06,26.7,71,0,2023-07-27 18:49:06
7/27/2023,18:49:11,26.7,71,0,2023-07-27 18:49:11
7/27/2023,18:49:16,26.7,71,0,2023-07-27 18:49:16
7/27/2023,18:49:20,26.7,71,0,2023-07-27 18:49:20
7/27/2023,18:49:24,26.7,71,0,2023-07-27 18:49:24
7/27/2023,18:49:28,26.7,71,0,2023-07-27 18:49:28
7/27/2023,18:49:33,26.7,71,0,2023-07-27 18:49:33
7/27/2023,18:49:37,26.7,71,0,2023-07-27 18:49:37
7/27/2023,18:49:41,26.7,71,0,2023-07-27 18:49:41
7/27/2023,18:49:45,26.7,71,0,2023-07-27 18:49:45
7/27/2023,18:49:49,26.7,71,0,2023-07-27 18:49:49
7/27/2023,18:49:54,26.7,71,0,2023-07-27 18:49:54
7/27/2023,18:49:58,26.7,71,0,2023-07-27 18:49:58
7/27/2023,18:50:03,26.7,71,0,2023-07-27 18:50:03
7/27/2023,18:50:08,26.7,71,0,2023-07-27 18:50:08
7/27/2023,18:50:13,26.7,71,0,2023-07-27 18:50:13
7/27/2023,18:50:17,26.7,71,0,2023-07-27 18:50:17
7/27/2023,18:50:21,26.7,71,0,2023-07-27 18:50:21
7/27/2023,18:50:25,26.7,71,0,2023-07-27 18:50:25
7/27/2023,18:50:30,26.7,71,0,2023-07-27 18:50:30
7/27/2023,18:50:34,26.7,71,0,2023-07-27 18:50:34
7/27/2023,18:50:39,26.7,71,0,2023-07-27 18:50:39
7/27/2023,18:50:43,26.7,71,0,2023-07-27 18:50:43
7/27/2023,18:50:48,26.7,71,0,2023-07-27 18:50:48
7/27/2023,18:50:52,26.7,71,0,2023-07-27 18:50:52
7/27/2023,18:50:57,26.7,71,0,2023-07-27 18:50:57
7/27/2023,18:51:01,26.7,71,0,2023-07-27 18:51:01
7/27/2023,18:51:05,26.7,71,4,2023-07-27 18:51:05
7/27/2023,18:51:15,26.7,71,0,2023-07-27 18:51:15
7/27/2023,18:51:20,26.7,71,0,2023-07-27 18:51:20
7/27/2023,18:51:24,26.7,71,0,2023-07-27 18:51:24
7/27/2023,18:51:29,26.7,71,0,2023-07-27 18:51:29
7/27/2023,18:51:34,26.7,71,0,2023-07-27 18:51:34
7/27/2023,18:51:38,26.8,71,0,2023-07-27 18:51:38
7/27/2023,18:51:43,26.8,71,0,2023-07-27 18:51:43
7/27/2023,18:51:47,26.8,71,0,2023-07-27 18:51:47
7/27/2023,18:51:52,26.8,71,0,2023-07-27 18:51:52
7/27/2023,18:51:56,26.8,71,0,2023-07-27 18:51:56
7/27/2023,18:52:01,26.8,71,0,2023-07-27 18:52:01
7/27/2023,18:52:05,26.8,71,0,2023-07-27 18:52:05
7/27/2023,18:52:09,26.8,71,0,2023-07-27 18:52:09
7/27/2023,18:52:14,26.8,71,0,2023-07-27 18:52:14
7/27/2023,18:52:18,26.8,71,0,2023-07-27 18:52:18
7/27/2023,18:52:23,26.8,71,0,2023-07-27 18:52:23
7/27/2023,18:52:27,26.8,71,0,2023-07-27 18:52:27
7/27/2023,18:52:31,26.8,71,0,2023-07-27 18:52:31
7/27/2023,18:52:36,26.8,71,0,2023-07-27 18:52:36
7/27/2023,18:52:40,26.8,71,0,2023-07-27 18:52:40
7/27/2023,18:52:45,26.8,71,0,2023-07-27 18:52:45
7/27/2023,18:52:49,26.8,71,0,2023-07-27 18:52:49
7/27/2023,18:52:53,26.8,71,0,2023-07-27 18:52:53
7/27/2023,18:52:57,26.8,71,0,2023-07-27 18:52:57
7/27/2023,18:53:03,26.8,71,0,2023-07-27 18:53:03
7/27/2023,18:53:08,26.8,71,0,2023-07-27 18:53:08
7/27/2023,18:53:12,26.8,71,0,2023-07-27 18:53:12
7/27/2023,18:53:17,26.8,71,0,2023-07-27 18:53:17
7/27/2023,18:53:21,26.8,71,0,2023-07-27 18:53:21
7/27/2023,18:53:25,26.8,71,0,2023-07-27 18:53:25
7/27/2023,18:53:30,26.9,71,0,2023-07-27 18:53:30
7/27/2023,18:53:34,26.9,71,0,2023-07-27 18:53:34
7/27/2023,18:53:38,26.9,71,0,2023-07-27 18:53:38
7/27/2023,18:53:43,26.9,71,0,2023-07-27 18:53:43
7/27/2023,18:53:48,26.9,71,0,2023-07-27 18:53:48
7/27/2023,18:53:52,26.9,71,0,2023-07-27 18:53:52
7/27/2023,18:53:57,26.9,71,0,2023-07-27 18:53:57
7/27/2023,18:54:02,26.9,71,0,2023-07-27 18:54:02
7/27/2023,18:54:07,26.9,71,0,2023-07-27 18:54:07
7/27/2023,18:54:11,26.9,71,0,2023-07-27 18:54:11
7/27/2023,18:54:15,26.9,71,0,2023-07-27 18:54:15
7/27/2023,18:54:20,26.9,71,0,2023-07-27 18:54:20
7/27/2023,18:54:24,26.9,71,0,2023-07-27 18:54:24
7/27/2023,18:54:28,26.9,71,0,2023-07-27 18:54:28
7/27/2023,18:54:33,26.9,71,0,2023-07-27 18:54:33
7/27/2023,18:54:38,26.9,71,0,2023-07-27 18:54:38
7/27/2023,18:54:42,26.9,71,0,2023-07-27 18:54:42
7/27/2023,18:54:47,26.9,71,0,2023-07-27 18:54:47
7/27/2023,18:54:51,26.9,71,0,2023-07-27 18:54:51
7/27/2023,18:54:55,26.9,71,0,2023-07-27 18:54:55
7/27/2023,18:55:00,26.9,71,0,2023-07-27 18:55:00
7/27/2023,18:55:05,26.9,71,0,2023-07-27 18:55:05
7/27/2023,18:55:09,26.9,71,0,2023-07-27 18:55:09
7/27/2023,18:55:13,26.9,71,0,2023-07-27 18:55:13
7/27/2023,18:55:18,26.9,71,0,2023-07-27 18:55:18
7/27/2023,18:55:23,26.9,71,0,2023-07-27 18:55:23
7/27/2023,18:55:27,27.0,71,0,2023-07-27 18:55:27
7/27/2023,18:55:32,27.0,71,0,2023-07-27 18:55:32
7/27/2023,18:55:39,27.0,71,0,2023-07-27 18:55:39
7/27/2023,18:55:44,27.0,71,0,2023-07-27 18:55:44
7/27/2023,18:55:49,27.0,71,0,2023-07-27 18:55:49
7/27/2023,18:55:56,27.0,71,0,2023-07-27 18:55:56
7/27/2023,18:56:00,27.0,71,0,2023-07-27 18:56:00
7/27/2023,18:56:11,27.0,71,0,2023-07-27 18:56:11
7/27/2023,18:56:17,27.0,71,0,2023-07-27 18:56:17
7/27/2023,18:56:39,27.0,71,0,2023-07-27 18:56:39
7/27/2023,18:57:19,27.0,71,0,2023-07-27 18:57:19
7/27/2023,18:58:47,27.0,71,0,2023-07-27 18:58:47
7/27/2023,18:58:53,27.0,71,0,2023-07-27 18:58:53
7/27/2023,18:58:57,27.1,71,0,2023-07-27 18:58:57
7/27/2023,18:59:01,27.1,71,0,2023-07-27 18:59:01
7/27/2023,18:59:06,27.1,71,0,2023-07-27 18:59:06
7/27/2023,18:59:11,27.1,71,0,2023-07-27 18:59:11
7/27/2023,18:59:15,27.1,70,0,2023-07-27 18:59:15
7/27/2023,18:59:20,27.1,71,0,2023-07-27 18:59:20
7/27/2023,18:59:24,27.1,70,0,2023-07-27 18:59:24
7/27/2023,18:59:29,27.1,70,0,2023-07-27 18:59:29
7/27/2023,18:59:34,27.1,70,0,2023-07-27 18:59:34
7/27/2023,18:59:38,27.1,70,0,2023-07-27 18:59:38
7/27/2023,18:59:46,27.1,70,0,2023-07-27 18:59:46
7/27/2023,18:59:51,27.1,70,0,2023-07-27 18:59:51
7/27/2023,18:59:55,27.1,70,0,2023-07-27 18:59:55
7/27/2023,19:00:00,27.1,70,0,2023-07-27 19:00:00
7/27/2023,19:00:04,27.1,70,0,2023-07-27 19:00:04
7/27/2023,19:00:09,27.1,70,0,2023-07-27 19:00:09
7/27/2023,19:00:13,27.1,70,0,2023-07-27 19:00:13
7/27/2023,19:00:18,27.1,70,0,2023-07-27 19:00:18
7/27/2023,19:00:22,27.1,70,0,2023-07-27 19:00:22
7/27/2023,19:00:27,27.1,70,0,2023-07-27 19:00:27
7/27/2023,19:00:30,27.1,70,0,2023-07-27 19:00:30
7/27/2023,19:00:34,27.1,70,0,2023-07-27 19:00:34
7/27/2023,19:00:39,27.1,70,0,2023-07-27 19:00:39
7/27/2023,19:00:43,27.1,70,0,2023-07-27 19:00:43
7/27/2023,19:00:47,27.1,70,0,2023-07-27 19:00:47
7/27/2023,19:00:52,27.1,70,0,2023-07-27 19:00:52
7/27/2023,19:00:56,27.1,70,0,2023-07-27 19:00:56
7/27/2023,19:01:01,27.1,70,0,2023-07-27 19:01:01
7/27/2023,19:01:05,27.1,70,0,2023-07-27 19:01:05
7/27/2023,19:01:09,27.1,70,0,2023-07-27 19:01:09
7/27/2023,19:01:13,27.1,70,0,2023-07-27 19:01:13
7/27/2023,19:01:17,27.1,70,0,2023-07-27 19:01:17
7/27/2023,19:01:21,27.1,70,0,2023-07-27 19:01:21
7/27/2023,19:01:26,27.1,70,0,2023-07-27 19:01:26
7/27/2023,19:01:31,27.1,70,0,2023-07-27 19:01:31
7/27/2023,19:01:35,27.1,70,0,2023-07-27 19:01:35
7/27/2023,19:01:39,27.1,70,0,2023-07-27 19:01:39
7/27/2023,19:01:43,27.1,70,0,2023-07-27 19:01:43
7/27/2023,19:01:48,27.1,70,0,2023-07-27 19:01:48
7/27/2023,19:01:52,27.1,70,0,2023-07-27 19:01:52
7/27/2023,19:01:57,27.1,70,0,2023-07-27 19:01:57
7/27/2023,19:02:01,27.1,70,0,2023-07-27 19:02:01
7/27/2023,19:02:05,27.1,70,0,2023-07-27 19:02:05
7/27/2023,19:02:09,27.1,70,0,2023-07-27 19:02:09
7/27/2023,19:02:14,27.1,70,0,2023-07-27 19:02:14
7/27/2023,19:02:18,27.1,70,0,2023-07-27 19:02:18
7/27/2023,19:02:22,27.1,70,0,2023-07-27 19:02:22
7/27/2023,19:02:26,27.1,70,0,2023-07-27 19:02:26
7/27/2023,19:02:31,27.1,70,0,2023-07-27 19:02:31
7/27/2023,19:02:35,27.1,70,0,2023-07-27 19:02:35
7/27/2023,19:02:39,27.1,70,0,2023-07-27 19:02:39
7/27/2023,19:02:44,27.1,70,0,2023-07-27 19:02:44
7/27/2023,19:02:48,27.1,70,0,2023-07-27 19:02:48
7/27/2023,19:02:53,27.1,70,0,2023-07-27 19:02:53
7/27/2023,19:02:57,27.1,70,0,2023-07-27 19:02:57
7/27/2023,19:03:01,27.1,70,0,2023-07-27 19:03:01
7/27/2023,19:03:05,27.1,70,0,2023-07-27 19:03:05
7/27/2023,19:03:09,27.1,70,0,2023-07-27 19:03:09
7/27/2023,19:03:13,27.1,70,0,2023-07-27 19:03:13
7/27/2023,19:03:18,27.1,70,0,2023-07-27 19:03:18
7/27/2023,19:03:22,27.1,70,0,2023-07-27 19:03:22
7/27/2023,19:03:27,27.1,70,0,2023-07-27 19:03:27
7/27/2023,19:03:31,27.1,70,0,2023-07-27 19:03:31
7/27/2023,19:03:35,27.1,70,0,2023-07-27 19:03:35
7/27/2023,19:03:40,27.1,70,0,2023-07-27 19:03:40
7/27/2023,19:03:44,27.1,70,0,2023-07-27 19:03:44
7/27/2023,19:03:48,27.1,70,0,2023-07-27 19:03:48
7/27/2023,19:03:52,27.1,70,0,2023-07-27 19:03:52
7/27/2023,19:03:57,27.1,70,0,2023-07-27 19:03:57
7/27/2023,19:04:01,27.1,70,0,2023-07-27 19:04:01
7/27/2023,19:04:06,27.1,70,0,2023-07-27 19:04:06
7/27/2023,19:04:10,27.1,70,0,2023-07-27 19:04:10
7/27/2023,19:04:14,27.1,70,0,2023-07-27 19:04:14
7/27/2023,19:04:18,27.1,70,0,2023-07-27 19:04:18
7/27/2023,19:04:23,27.1,70,0,2023-07-27 19:04:23
7/27/2023,19:04:27,27.1,70,0,2023-07-27 19:04:27
7/27/2023,19:04:31,27.1,70,0,2023-07-27 19:04:31
7/27/2023,19:04:36,27.1,69,0,2023-07-27 19:04:36
7/27/2023,19:04:41,27.1,69,0,2023-07-27 19:04:41
7/27/2023,19:04:45,27.1,69,0,2023-07-27 19:04:45
7/27/2023,19:04:50,27.1,69,0,2023-07-27 19:04:50
7/27/2023,19:04:54,27.1,69,0,2023-07-27 19:04:54
7/27/2023,19:04:59,27.1,69,0,2023-07-27 19:04:59
7/27/2023,19:05:03,27.1,70,0,2023-07-27 19:05:03
7/27/2023,19:05:07,27.1,69,0,2023-07-27 19:05:07
7/27/2023,19:05:12,27.1,69,0,2023-07-27 19:05:12
7/27/2023,19:05:17,27.1,70,0,2023-07-27 19:05:17
7/27/2023,19:05:21,27.1,70,0,2023-07-27 19:05:21
7/27/2023,19:05:26,27.1,69,0,2023-07-27 19:05:26
7/27/2023,19:05:30,27.1,69,0,2023-07-27 19:05:30
7/27/2023,19:05:35,27.1,69,0,2023-07-27 19:05:35
7/27/2023,19:05:40,27.1,69,0,2023-07-27 19:05:40
7/27/2023,19:05:44,27.1,69,0,2023-07-27 19:05:44
7/27/2023,19:05:48,27.1,69,0,2023-07-27 19:05:48
7/27/2023,19:05:55,27.1,69,0,2023-07-27 19:05:55
7/27/2023,19:06:00,27.1,69,0,2023-07-27 19:06:00
7/27/2023,19:06:04,27.1,69,0,2023-07-27 19:06:04
7/27/2023,19:06:08,27.1,69,0,2023-07-27 19:06:08
7/27/2023,19:06:12,27.1,69,0,2023-07-27 19:06:12
7/27/2023,19:06:17,27.1,69,0,2023-07-27 19:06:17
7/27/2023,19:06:21,27.1,69,0,2023-07-27 19:06:21
7/27/2023,19:06:26,27.1,69,0,2023-07-27 19:06:26
7/27/2023,19:06:32,27.1,69,0,2023-07-27 19:06:32
7/27/2023,19:06:36,27.1,69,0,2023-07-27 19:06:36
7/27/2023,19:06:40,27.1,69,0,2023-07-27 19:06:40
7/27/2023,19:06:44,27.1,69,0,2023-07-27 19:06:44
7/27/2023,19:06:48,27.1,69,0,2023-07-27 19:06:48
7/27/2023,19:06:53,27.1,69,0,2023-07-27 19:06:53
7/27/2023,19:06:58,27.1,69,0,2023-07-27 19:06:58
7/27/2023,19:07:02,27.1,69,0,2023-07-27 19:07:02
7/27/2023,19:07:07,27.1,69,0,2023-07-27 19:07:07
7/27/2023,19:07:11,27.1,69,0,2023-07-27 19:07:11
7/27/2023,19:07:15,27.1,69,0,2023-07-27 19:07:15
7/27/2023,19:07:19,27.1,69,0,2023-07-27 19:07:19
7/27/2023,19:07:23,27.1,69,0,2023-07-27 19:07:23
7/27/2023,19:07:28,27.1,69,0,2023-07-27 19:07:28
7/27/2023,19:07:33,27.1,69,0,2023-07-27 19:07:33
7/27/2023,19:07:37,27.1,69,0,2023-07-27 19:07:37
7/27/2023,19:07:41,27.1,69,0,2023-07-27 19:07:41
7/27/2023,19:07:45,27.1,69,0,2023-07-27 19:07:45
7/27/2023,19:07:50,27.1,69,0,2023-07-27 19:07:50
7/27/2023,19:07:54,27.1,69,0,2023-07-27 19:07:54
7/27/2023,19:07:59,27.1,69,0,2023-07-27 19:07:59
7/27/2023,19:08:03,27.1,69,0,2023-07-27 19:08:03
7/27/2023,19:08:07,27.1,69,0,2023-07-27 19:08:07
7/27/2023,19:08:11,27.1,69,0,2023-07-27 19:08:11
7/27/2023,19:08:15,27.1,69,0,2023-07-27 19:08:15
7/27/2023,19:08:20,27.1,69,0,2023-07-27 19:08:20
7/27/2023,19:08:24,27.1,69,0,2023-07-27 19:08:24
7/27/2023,19:08:28,27.1,69,0,2023-07-27 19:08:28
7/27/2023,19:08:37,27.0,69,0,2023-07-27 19:08:37
7/27/2023,19:08:41,27.0,69,0,2023-07-27 19:08:41
7/27/2023,19:08:45,27.0,69,0,2023-07-27 19:08:45
7/27/2023,19:08:50,27.1,69,0,2023-07-27 19:08:50
7/27/2023,19:08:59,27.0,69,0,2023-07-27 19:08:59
7/27/2023,19:09:04,27.0,69,0,2023-07-27 19:09:04
7/27/2023,19:09:08,27.0,69,0,2023-07-27 19:09:08
7/27/2023,19:09:17,27.0,69,3,2023-07-27 19:09:17
7/27/2023,19:09:21,27.0,70,5,2023-07-27 19:09:21
7/27/2023,19:09:25,27.0,70,1,2023-07-27 19:09:25
7/27/2023,19:09:34,27.0,70,0,2023-07-27 19:09:34
7/27/2023,19:09:39,27.0,70,0,2023-07-27 19:09:39
7/27/2023,19:09:43,27.0,70,0,2023-07-27 19:09:43
7/27/2023,19:09:47,27.0,70,0,2023-07-27 19:09:47
7/27/2023,19:09:51,27.0,70,0,2023-07-27 19:09:51
7/27/2023,19:09:56,27.0,69,0,2023-07-27 19:09:56
7/27/2023,19:10:01,27.0,69,0,2023-07-27 19:10:01
7/27/2023,19:10:06,27.0,70,0,2023-07-27 19:10:06
7/27/2023,19:10:14,27.0,70,0,2023-07-27 19:10:14
7/27/2023,19:10:19,27.0,70,0,2023-07-27 19:10:19
7/27/2023,19:10:24,27.0,70,0,2023-07-27 19:10:24
7/27/2023,19:10:28,27.0,70,0,2023-07-27 19:10:28
7/27/2023,19:10:32,27.0,70,0,2023-07-27 19:10:32
7/27/2023,19:10:37,27.0,70,0,2023-07-27 19:10:37
7/27/2023,19:10:41,27.0,70,0,2023-07-27 19:10:41
7/27/2023,19:10:45,27.0,70,0,2023-07-27 19:10:45
7/27/2023,19:10:49,27.0,70,0,2023-07-27 19:10:49
7/27/2023,19:10:53,27.0,70,0,2023-07-27 19:10:53
7/27/2023,19:10:58,27.0,70,0,2023-07-27 19:10:58
7/27/2023,19:11:02,27.0,70,0,2023-07-27 19:11:02
7/27/2023,19:11:07,27.0,70,0,2023-07-27 19:11:07
7/27/2023,19:11:11,27.0,70,0,2023-07-27 19:11:11
7/27/2023,19:11:16,27.0,70,0,2023-07-27 19:11:16
7/27/2023,19:11:20,27.0,70,0,2023-07-27 19:11:20
7/27/2023,19:11:24,27.0,70,0,2023-07-27 19:11:24
7/27/2023,19:11:30,27.0,70,0,2023-07-27 19:11:30
7/27/2023,19:11:34,27.0,69,0,2023-07-27 19:11:34
7/27/2023,19:11:39,27.0,69,0,2023-07-27 19:11:39
7/27/2023,19:11:43,27.0,69,0,2023-07-27 19:11:43
7/27/2023,19:11:47,27.0,69,0,2023-07-27 19:11:47
7/27/2023,19:11:52,27.0,69,0,2023-07-27 19:11:52
7/27/2023,19:11:57,27.0,69,0,2023-07-27 19:11:57
7/27/2023,19:12:01,27.0,69,0,2023-07-27 19:12:01
7/27/2023,19:12:05,27.0,69,0,2023-07-27 19:12:05
7/27/2023,19:12:09,27.0,69,0,2023-07-27 19:12:09
7/27/2023,19:12:14,27.0,69,0,2023-07-27 19:12:14
7/27/2023,19:12:19,27.0,69,0,2023-07-27 19:12:19
7/27/2023,19:12:23,27.0,69,0,2023-07-27 19:12:23
7/27/2023,19:12:27,27.0,69,0,2023-07-27 19:12:27
7/27/2023,19:12:31,27.0,69,0,2023-07-27 19:12:31
7/27/2023,19:12:36,27.0,69,0,2023-07-27 19:12:36
7/27/2023,19:12:40,27.0,69,0,2023-07-27 19:12:40
7/27/2023,19:12:45,27.0,69,0,2023-07-27 19:12:45
7/27/2023,19:12:49,27.0,69,0,2023-07-27 19:12:49
7/27/2023,19:12:53,27.0,69,0,2023-07-27 19:12:53
7/27/2023,19:12:58,27.0,69,0,2023-07-27 19:12:58
7/27/2023,19:13:02,27.0,69,0,2023-07-27 19:13:02
7/27/2023,19:13:08,27.0,69,0,2023-07-27 19:13:08
7/27/2023,19:13:13,27.0,69,0,2023-07-27 19:13:13
7/27/2023,19:13:17,27.0,69,0,2023-07-27 19:13:17
7/27/2023,19:13:21,27.0,69,0,2023-07-27 19:13:21
7/27/2023,19:13:25,27.0,69,0,2023-07-27 19:13:25
7/27/2023,19:13:29,27.0,69,0,2023-07-27 19:13:29
7/27/2023,19:13:34,27.0,69,0,2023-07-27 19:13:34
7/27/2023,19:13:39,27.0,69,0,2023-07-27 19:13:39
7/27/2023,19:13:43,26.9,69,0,2023-07-27 19:13:43
7/27/2023,19:13:47,27.0,69,0,2023-07-27 19:13:47
7/27/2023,19:13:52,26.9,69,0,2023-07-27 19:13:52
7/27/2023,19:13:56,27.0,69,0,2023-07-27 19:13:56
7/27/2023,19:14:01,26.9,69,0,2023-07-27 19:14:01
7/27/2023,19:14:05,26.9,69,0,2023-07-27 19:14:05
7/27/2023,19:14:09,26.9,69,0,2023-07-27 19:14:09
7/27/2023,19:14:13,26.9,69,0,2023-07-27 19:14:13
7/27/2023,19:14:17,26.9,69,0,2023-07-27 19:14:17
7/27/2023,19:14:22,26.9,69,0,2023-07-27 19:14:22
7/27/2023,19:14:26,26.9,69,0,2023-07-27 19:14:26
7/27/2023,19:14:30,27.0,69,0,2023-07-27 19:14:30
7/27/2023,19:14:34,26.9,69,0,2023-07-27 19:14:34
7/27/2023,19:14:38,26.9,69,0,2023-07-27 19:14:38
7/27/2023,19:14:42,26.9,69,0,2023-07-27 19:14:42
7/27/2023,19:14:46,26.9,69,0,2023-07-27 19:14:46
7/27/2023,19:14:51,26.9,69,0,2023-07-27 19:14:51
7/27/2023,19:14:55,26.9,69,0,2023-07-27 19:14:55
7/27/2023,19:15:00,26.9,69,0,2023-07-27 19:15:00
7/27/2023,19:15:05,26.9,69,0,2023-07-27 19:15:05
7/27/2023,19:15:09,26.9,69,0,2023-07-27 19:15:09
7/27/2023,19:15:14,26.9,69,0,2023-07-27 19:15:14
7/27/2023,19:15:18,26.9,69,0,2023-07-27 19:15:18
7/27/2023,19:15:23,26.9,69,0,2023-07-27 19:15:23
7/27/2023,19:15:27,26.9,69,0,2023-07-27 19:15:27
7/27/2023,19:15:32,26.9,69,0,2023-07-27 19:15:32
7/27/2023,19:15:36,26.9,70,0,2023-07-27 19:15:36
7/27/2023,19:15:40,26.9,70,0,2023-07-27 19:15:40
7/27/2023,19:15:45,26.9,70,0,2023-07-27 19:15:45
7/27/2023,19:15:49,26.9,70,0,2023-07-27 19:15:49
7/27/2023,19:15:53,26.9,70,0,2023-07-27 19:15:53
7/27/2023,19:15:58,26.9,70,0,2023-07-27 19:15:58
7/27/2023,19:16:02,26.9,70,0,2023-07-27 19:16:02
7/27/2023,19:16:07,26.9,70,0,2023-07-27 19:16:07
7/27/2023,19:16:12,26.9,70,0,2023-07-27 19:16:12
7/27/2023,19:16:17,26.9,70,0,2023-07-27 19:16:17
7/27/2023,19:16:21,26.9,70,0,2023-07-27 19:16:21
7/27/2023,19:16:26,26.9,70,0,2023-07-27 19:16:26
7/27/2023,19:16:30,26.9,70,0,2023-07-27 19:16:30
7/27/2023,19:16:34,26.9,70,0,2023-07-27 19:16:34
7/27/2023,19:16:39,26.9,70,0,2023-07-27 19:16:39
7/27/2023,19:16:44,26.9,70,0,2023-07-27 19:16:44
7/27/2023,19:16:48,26.9,70,0,2023-07-27 19:16:48
7/27/2023,19:16:52,26.9,70,0,2023-07-27 19:16:52
7/27/2023,19:16:57,26.9,70,0,2023-07-27 19:16:57
7/27/2023,19:17:01,26.9,69,0,2023-07-27 19:17:01
7/27/2023,19:17:06,26.9,69,0,2023-07-27 19:17:06
7/27/2023,19:17:11,26.9,69,0,2023-07-27 19:17:11
7/27/2023,19:17:15,26.9,69,0,2023-07-27 19:17:15
7/27/2023,19:17:20,26.9,69,0,2023-07-27 19:17:20
7/27/2023,19:17:25,26.9,69,0,2023-07-27 19:17:25
7/27/2023,19:17:29,26.9,69,0,2023-07-27 19:17:29
7/27/2023,19:17:34,26.9,69,0,2023-07-27 19:17:34
7/27/2023,19:17:38,26.9,69,0,2023-07-27 19:17:38
7/27/2023,19:17:42,26.9,69,0,2023-07-27 19:17:42
7/27/2023,19:17:46,26.9,69,0,2023-07-27 19:17:46
7/27/2023,19:17:50,26.9,70,0,2023-07-27 19:17:50
7/27/2023,19:17:55,26.9,69,0,2023-07-27 19:17:55
7/27/2023,19:17:59,26.9,69,0,2023-07-27 19:17:59
7/27/2023,19:18:03,26.9,69,0,2023-07-27 19:18:03
7/27/2023,19:18:07,26.9,69,0,2023-07-27 19:18:07
7/27/2023,19:18:11,26.9,69,0,2023-07-27 19:18:11
7/27/2023,19:18:16,26.9,69,0,2023-07-27 19:18:16
7/27/2023,19:18:20,26.9,70,0,2023-07-27 19:18:20
7/27/2023,19:18:25,26.9,70,0,2023-07-27 19:18:25
7/27/2023,19:18:29,26.9,70,0,2023-07-27 19:18:29
7/27/2023,19:18:34,26.9,70,0,2023-07-27 19:18:34
7/27/2023,19:18:38,26.9,70,0,2023-07-27 19:18:38
7/27/2023,19:18:42,26.9,70,0,2023-07-27 19:18:42
7/27/2023,19:18:47,26.9,70,0,2023-07-27 19:18:47
7/27/2023,19:18:51,26.9,70,0,2023-07-27 19:18:51
7/27/2023,19:18:56,27.0,69,0,2023-07-27 19:18:56
7/27/2023,19:19:01,26.9,69,0,2023-07-27 19:19:01
7/27/2023,19:19:05,26.9,69,0,2023-07-27 19:19:05
7/27/2023,19:19:11,26.9,69,0,2023-07-27 19:19:11
7/27/2023,19:19:15,26.9,69,0,2023-07-27 19:19:15
7/27/2023,19:19:19,26.9,69,0,2023-07-27 19:19:19
7/27/2023,19:19:23,26.9,69,0,2023-07-27 19:19:23
7/27/2023,19:19:27,26.9,69,0,2023-07-27 19:19:27
7/27/2023,19:19:32,26.9,69,0,2023-07-27 19:19:32
7/27/2023,19:19:36,26.9,69,0,2023-07-27 19:19:36
7/27/2023,19:19:40,26.9,69,0,2023-07-27 19:19:40
7/27/2023,19:19:45,26.9,69,0,2023-07-27 19:19:45
7/27/2023,19:19:49,26.9,69,0,2023-07-27 19:19:49
7/27/2023,19:19:54,26.9,69,0,2023-07-27 19:19:54
7/27/2023,19:19:59,26.9,69,0,2023-07-27 19:19:59
7/27/2023,19:20:03,26.9,69,0,2023-07-27 19:20:03
7/27/2023,19:20:08,26.9,70,0,2023-07-27 19:20:08
7/27/2023,19:20:12,26.9,70,0,2023-07-27 19:20:12
7/27/2023,19:20:17,26.9,69,0,2023-07-27 19:20:17
7/27/2023,19:20:22,26.9,69,0,2023-07-27 19:20:22
7/27/2023,19:20:27,26.9,69,0,2023-07-27 19:20:27
7/27/2023,19:20:32,26.9,69,0,2023-07-27 19:20:32
7/27/2023,19:20:36,26.9,70,0,2023-07-27 19:20:36
7/27/2023,19:20:40,26.9,70,0,2023-07-27 19:20:40
7/27/2023,19:20:45,26.9,70,0,2023-07-27 19:20:45
7/27/2023,19:20:50,26.9,70,0,2023-07-27 19:20:50
7/27/2023,19:20:54,26.9,70,0,2023-07-27 19:20:54
7/27/2023,19:20:58,26.9,70,0,2023-07-27 19:20:58
7/27/2023,19:21:03,26.9,70,0,2023-07-27 19:21:03
7/27/2023,19:21:07,26.9,70,0,2023-07-27 19:21:07
7/27/2023,19:21:11,26.9,70,0,2023-07-27 19:21:11
7/27/2023,19:21:16,26.9,69,0,2023-07-27 19:21:16
7/27/2023,19:21:20,26.9,69,0,2023-07-27 19:21:20
7/27/2023,19:21:24,26.9,69,0,2023-07-27 19:21:24
7/27/2023,19:21:29,26.9,69,0,2023-07-27 19:21:29
7/27/2023,19:21:33,26.9,69,0,2023-07-27 19:21:33
7/27/2023,19:21:38,26.9,69,0,2023-07-27 19:21:38
7/27/2023,19:21:42,26.9,69,0,2023-07-27 19:21:42
7/27/2023,19:21:46,26.9,69,0,2023-07-27 19:21:46
7/27/2023,19:21:51,26.9,69,0,2023-07-27 19:21:51
7/27/2023,19:21:55,26.9,69,0,2023-07-27 19:21:55
7/27/2023,19:22:00,26.9,69,0,2023-07-27 19:22:00
7/27/2023,19:22:04,26.9,69,0,2023-07-27 19:22:04
7/27/2023,19:22:09,26.9,69,0,2023-07-27 19:22:09
7/27/2023,19:22:14,26.9,69,0,2023-07-27 19:22:14
7/27/2023,19:22:18,26.9,69,0,2023-07-27 19:22:18
7/27/2023,19:22:22,26.9,70,0,2023-07-27 19:22:22
7/27/2023,19:22:27,26.9,70,0,2023-07-27 19:22:27
7/27/2023,19:22:31,26.9,70,0,2023-07-27 19:22:31
7/27/2023,19:22:35,26.9,70,0,2023-07-27 19:22:35
7/27/2023,19:22:39,26.9,70,0,2023-07-27 19:22:39
7/27/2023,19:22:44,27.0,70,0,2023-07-27 19:22:44
7/27/2023,19:22:48,27.0,70,0,2023-07-27 19:22:48
7/27/2023,19:22:53,27.0,70,0,2023-07-27 19:22:53
7/27/2023,19:22:57,27.0,70,0,2023-07-27 19:22:57
7/27/2023,19:23:02,27.0,70,0,2023-07-27 19:23:02
7/27/2023,19:23:06,27.0,70,0,2023-07-27 19:23:06
7/27/2023,19:23:10,27.0,70,0,2023-07-27 19:23:10
7/27/2023,19:23:14,27.0,70,0,2023-07-27 19:23:14
7/27/2023,19:23:19,27.0,70,0,2023-07-27 19:23:19
7/27/2023,19:23:23,27.0,70,0,2023-07-27 19:23:23
7/27/2023,19:23:27,27.0,70,0,2023-07-27 19:23:27
7/27/2023,19:23:31,27.0,70,0,2023-07-27 19:23:31
7/27/2023,19:23:36,27.0,70,0,2023-07-27 19:23:36
7/27/2023,19:23:40,27.0,70,0,2023-07-27 19:23:40
7/27/2023,19:23:45,27.0,70,0,2023-07-27 19:23:45
7/27/2023,19:23:49,27.0,70,0,2023-07-27 19:23:49
7/27/2023,19:23:54,27.0,70,0,2023-07-27 19:23:54
7/27/2023,19:23:58,27.0,70,0,2023-07-27 19:23:58
7/27/2023,19:24:03,27.0,70,0,2023-07-27 19:24:03
7/27/2023,19:24:07,27.0,70,0,2023-07-27 19:24:07
7/27/2023,19:24:11,27.0,70,0,2023-07-27 19:24:11
7/27/2023,19:24:16,27.0,70,0,2023-07-27 19:24:16
7/27/2023,19:24:20,27.0,70,0,2023-07-27 19:24:20
7/27/2023,19:24:24,27.0,70,0,2023-07-27 19:24:24
7/27/2023,19:24:29,27.0,70,0,2023-07-27 19:24:29
7/27/2023,19:24:34,27.0,70,0,2023-07-27 19:24:34
7/27/2023,19:24:38,27.0,70,0,2023-07-27 19:24:38
7/27/2023,19:24:43,27.0,70,0,2023-07-27 19:24:43
7/27/2023,19:24:48,27.0,70,0,2023-07-27 19:24:48
7/27/2023,19:24:52,27.0,70,0,2023-07-27 19:24:52
7/27/2023,19:24:57,27.0,70,0,2023-07-27 19:24:57
7/27/2023,19:25:01,27.0,70,0,2023-07-27 19:25:01
7/27/2023,19:25:07,27.0,70,0,2023-07-27 19:25:07
7/27/2023,19:25:11,27.0,70,0,2023-07-27 19:25:11
7/27/2023,19:25:17,27.0,70,0,2023-07-27 19:25:17
7/27/2023,19:25:22,27.0,70,0,2023-07-27 19:25:22
7/27/2023,19:25:27,27.0,70,0,2023-07-27 19:25:27
7/27/2023,19:25:32,27.0,70,0,2023-07-27 19:25:32
7/27/2023,19:25:36,27.0,70,0,2023-07-27 19:25:36
7/27/2023,19:25:42,27.0,70,0,2023-07-27 19:25:42
7/27/2023,19:25:48,27.0,70,0,2023-07-27 19:25:48
7/27/2023,19:25:53,27.0,70,0,2023-07-27 19:25:53
7/27/2023,19:25:57,27.0,70,0,2023-07-27 19:25:57
7/27/2023,19:26:01,27.0,70,0,2023-07-27 19:26:01
7/27/2023,19:26:05,27.0,70,0,2023-07-27 19:26:05
7/27/2023,19:26:09,27.0,70,0,2023-07-27 19:26:09
7/27/2023,19:26:13,27.0,70,0,2023-07-27 19:26:13
7/27/2023,19:26:20,27.0,70,0,2023-07-27 19:26:20
7/27/2023,19:26:25,27.0,70,0,2023-07-27 19:26:25
7/27/2023,19:26:29,27.0,70,0,2023-07-27 19:26:29
7/27/2023,19:26:35,27.0,70,0,2023-07-27 19:26:35
7/27/2023,19:26:40,27.0,70,0,2023-07-27 19:26:40
7/27/2023,19:26:44,27.0,70,0,2023-07-27 19:26:44
7/27/2023,19:26:49,27.0,70,0,2023-07-27 19:26:49
7/27/2023,19:26:53,27.0,70,0,2023-07-27 19:26:53
7/27/2023,19:26:57,27.1,70,0,2023-07-27 19:26:57
7/27/2023,19:27:02,27.1,70,0,2023-07-27 19:27:02
7/27/2023,19:27:06,27.1,70,0,2023-07-27 19:27:06
7/27/2023,19:27:11,27.1,70,0,2023-07-27 19:27:11
7/27/2023,19:27:15,27.1,70,0,2023-07-27 19:27:15
7/27/2023,19:27:20,27.1,70,0,2023-07-27 19:27:20
7/27/2023,19:27:24,27.1,70,0,2023-07-27 19:27:24
7/27/2023,19:27:28,27.1,70,0,2023-07-27 19:27:28
7/27/2023,19:27:33,27.1,70,0,2023-07-27 19:27:33
7/27/2023,19:27:37,27.1,70,0,2023-07-27 19:27:37
7/27/2023,19:27:41,27.1,70,0,2023-07-27 19:27:41
7/27/2023,19:27:45,27.1,70,0,2023-07-27 19:27:45
7/27/2023,19:27:50,27.1,70,0,2023-07-27 19:27:50
7/27/2023,19:27:54,27.1,70,0,2023-07-27 19:27:54
7/27/2023,19:27:59,27.1,70,0,2023-07-27 19:27:59
7/27/2023,19:28:03,27.1,70,0,2023-07-27 19:28:03
7/27/2023,19:28:08,27.1,70,0,2023-07-27 19:28:08
7/27/2023,19:28:12,27.1,70,0,2023-07-27 19:28:12
7/27/2023,19:28:16,27.1,70,0,2023-07-27 19:28:16
7/27/2023,19:28:21,27.1,69,0,2023-07-27 19:28:21
7/27/2023,19:28:26,27.1,69,0,2023-07-27 19:28:26
7/27/2023,19:28:30,27.1,69,0,2023-07-27 19:28:30
7/27/2023,19:28:35,27.1,69,0,2023-07-27 19:28:35
7/27/2023,19:28:40,27.1,69,0,2023-07-27 19:28:40
7/27/2023,19:28:44,27.1,69,0,2023-07-27 19:28:44
7/27/2023,19:28:48,27.1,69,0,2023-07-27 19:28:48
7/27/2023,19:28:52,27.1,69,0,2023-07-27 19:28:52
7/27/2023,19:28:57,27.1,69,0,2023-07-27 19:28:57
7/27/2023,19:29:01,27.1,69,0,2023-07-27 19:29:01
7/27/2023,19:29:05,27.1,69,0,2023-07-27 19:29:05
7/27/2023,19:29:10,27.1,70,0,2023-07-27 19:29:10
7/27/2023,19:29:14,27.1,70,0,2023-07-27 19:29:14
7/27/2023,19:29:19,27.1,69,0,2023-07-27 19:29:19
7/27/2023,19:29:24,27.1,69,0,2023-07-27 19:29:24
7/27/2023,19:29:28,27.1,69,0,2023-07-27 19:29:28
7/27/2023,19:29:33,27.1,69,0,2023-07-27 19:29:33
7/27/2023,19:29:37,27.1,69,0,2023-07-27 19:29:37
7/27/2023,19:29:41,27.1,69,0,2023-07-27 19:29:41
7/27/2023,19:29:46,27.1,69,0,2023-07-27 19:29:46
7/27/2023,19:29:51,27.1,69,0,2023-07-27 19:29:51
7/27/2023,19:29:55,27.1,69,0,2023-07-27 19:29:55
7/27/2023,19:29:59,27.1,69,0,2023-07-27 19:29:59
7/27/2023,19:30:03,27.1,69,0,2023-07-27 19:30:03
7/27/2023,19:30:08,27.1,69,0,2023-07-27 19:30:08
7/27/2023,19:30:13,27.1,69,0,2023-07-27 19:30:13
7/27/2023,19:30:18,27.1,69,0,2023-07-27 19:30:18
7/27/2023,19:30:22,27.1,69,0,2023-07-27 19:30:22
7/27/2023,19:30:26,27.1,69,0,2023-07-27 19:30:26
7/27/2023,19:30:31,27.1,69,0,2023-07-27 19:30:31
7/27/2023,19:30:40,27.0,69,0,2023-07-27 19:30:40
7/27/2023,19:30:45,27.0,69,0,2023-07-27 19:30:45
7/27/2023,19:30:49,27.0,69,0,2023-07-27 19:30:49
7/27/2023,19:30:54,27.0,69,0,2023-07-27 19:30:54
7/27/2023,19:30:58,27.0,69,0,2023-07-27 19:30:58
7/27/2023,19:31:03,27.0,69,0,2023-07-27 19:31:03
7/27/2023,19:31:08,27.0,69,0,2023-07-27 19:31:08
7/27/2023,19:31:14,27.0,69,0,2023-07-27 19:31:14
7/27/2023,19:31:19,27.1,69,0,2023-07-27 19:31:19
7/27/2023,19:31:28,27.0,70,0,2023-07-27 19:31:28
7/27/2023,19:31:37,27.1,70,0,2023-07-27 19:31:37
7/27/2023,19:31:42,27.1,70,0,2023-07-27 19:31:42
7/27/2023,19:31:47,27.1,69,0,2023-07-27 19:31:47
7/27/2023,19:31:51,27.1,69,0,2023-07-27 19:31:51
7/27/2023,19:31:56,27.1,69,0,2023-07-27 19:31:56
7/27/2023,19:32:00,27.1,69,0,2023-07-27 19:32:00
7/27/2023,19:32:09,27.0,69,0,2023-07-27 19:32:09
7/27/2023,19:32:14,27.0,69,0,2023-07-27 19:32:14
7/27/2023,19:32:18,27.0,69,0,2023-07-27 19:32:18
7/27/2023,19:32:23,27.0,69,0,2023-07-27 19:32:23
7/27/2023,19:32:27,27.0,70,0,2023-07-27 19:32:27
7/27/2023,19:32:31,27.0,70,0,2023-07-27 19:32:31
7/27/2023,19:32:36,27.0,70,0,2023-07-27 19:32:36
7/27/2023,19:32:41,27.0,70,0,2023-07-27 19:32:41
7/27/2023,19:32:45,27.0,69,0,2023-07-27 19:32:45
7/27/2023,19:32:50,27.0,69,0,2023-07-27 19:32:50
7/27/2023,19:32:54,27.0,69,0,2023-07-27 19:32:54
7/27/2023,19:32:59,27.0,69,0,2023-07-27 19:32:59
7/27/2023,19:33:04,27.0,69,0,2023-07-27 19:33:04
7/27/2023,19:33:09,27.0,69,0,2023-07-27 19:33:09
7/27/2023,19:33:13,27.0,69,0,2023-07-27 19:33:13
7/27/2023,19:33:18,27.0,69,0,2023-07-27 19:33:18
7/27/2023,19:33:21,27.0,69,0,2023-07-27 19:33:21
7/27/2023,19:33:26,27.0,69,0,2023-07-27 19:33:26
7/27/2023,19:33:30,27.0,69,0,2023-07-27 19:33:30
7/27/2023,19:33:35,27.0,69,0,2023-07-27 19:33:35
7/27/2023,19:33:39,27.0,69,0,2023-07-27 19:33:39
7/27/2023,19:33:44,27.0,69,0,2023-07-27 19:33:44
7/27/2023,19:33:49,27.0,69,0,2023-07-27 19:33:49
7/27/2023,19:33:54,27.0,69,0,2023-07-27 19:33:54
7/27/2023,19:33:59,27.0,69,0,2023-07-27 19:33:59
7/27/2023,19:34:03,27.0,69,0,2023-07-27 19:34:03
7/27/2023,19:34:08,27.0,69,0,2023-07-27 19:34:08
7/28/2023,11:49:54,25.2,71,0,2023-07-28 11:49:54
7/28/2023,11:49:59,25.3,72,0,2023-07-28 11:49:59
7/28/2023,11:50:03,25.3,72,0,2023-07-28 11:50:03
7/28/2023,11:50:07,25.3,72,0,2023-07-28 11:50:07
7/28/2023,11:50:12,25.3,72,0,2023-07-28 11:50:12
7/28/2023,11:50:16,25.3,72,0,2023-07-28 11:50:16
7/28/2023,11:50:20,25.3,72,0,2023-07-28 11:50:20
7/28/2023,11:50:24,25.3,72,0,2023-07-28 11:50:24
7/28/2023,11:50:29,25.3,72,0,2023-07-28 11:50:29
7/28/2023,11:50:33,25.3,72,0,2023-07-28 11:50:33
7/28/2023,11:50:37,25.3,72,0,2023-07-28 11:50:37
7/28/2023,11:50:42,25.3,72,0,2023-07-28 11:50:42
7/28/2023,11:50:46,25.3,72,0,2023-07-28 11:50:46
7/28/2023,11:50:51,25.3,72,0,2023-07-28 11:50:51
7/28/2023,11:50:56,25.4,72,0,2023-07-28 11:50:56
7/28/2023,11:51:00,25.4,72,0,2023-07-28 11:51:00
7/28/2023,11:51:05,25.4,72,0,2023-07-28 11:51:05
7/28/2023,11:51:09,25.4,72,0,2023-07-28 11:51:09
7/28/2023,11:51:13,25.4,72,0,2023-07-28 11:51:13
7/28/2023,11:51:17,25.4,72,0,2023-07-28 11:51:17
7/28/2023,11:51:21,25.4,72,0,2023-07-28 11:51:21
7/28/2023,11:51:26,25.4,72,0,2023-07-28 11:51:26
7/28/2023,11:51:30,25.4,72,0,2023-07-28 11:51:30
7/28/2023,11:51:35,25.4,72,0,2023-07-28 11:51:35
7/28/2023,11:51:38,25.4,72,0,2023-07-28 11:51:38
7/28/2023,11:51:43,25.4,72,0,2023-07-28 11:51:43
7/28/2023,11:51:47,25.4,72,0,2023-07-28 11:51:47
7/28/2023,11:51:52,25.5,72,1,2023-07-28 11:51:52
7/28/2023,11:51:56,25.5,72,1,2023-07-28 11:51:56
7/28/2023,11:52:00,25.5,72,1,2023-07-28 11:52:00
7/28/2023,11:52:05,25.5,72,1,2023-07-28 11:52:05
7/28/2023,11:52:09,25.5,72,1,2023-07-28 11:52:09
7/28/2023,11:52:18,25.5,72,0,2023-07-28 11:52:18
7/28/2023,11:52:23,25.5,72,0,2023-07-28 11:52:23
7/28/2023,11:52:27,25.6,72,1,2023-07-28 11:52:27
7/28/2023,11:52:36,25.6,72,2,2023-07-28 11:52:36
7/28/2023,11:52:41,25.6,72,2,2023-07-28 11:52:41
7/28/2023,11:52:45,25.6,72,2,2023-07-28 11:52:45
7/28/2023,11:52:50,25.6,72,3,2023-07-28 11:52:50
7/28/2023,11:52:58,25.6,72,0,2023-07-28 11:52:58
7/28/2023,11:53:03,25.6,72,3,2023-07-28 11:53:03
7/28/2023,11:53:08,25.7,72,0,2023-07-28 11:53:08
7/28/2023,11:53:12,25.7,72,0,2023-07-28 11:53:12
7/28/2023,11:53:16,25.7,72,0,2023-07-28 11:53:16
7/28/2023,11:53:20,25.7,72,0,2023-07-28 11:53:20
7/28/2023,11:53:25,25.7,72,0,2023-07-28 11:53:25
7/28/2023,11:53:29,25.7,72,0,2023-07-28 11:53:29
7/28/2023,11:53:34,25.7,72,0,2023-07-28 11:53:34
7/28/2023,11:53:38,25.7,72,0,2023-07-28 11:53:38
7/28/2023,11:53:42,25.7,72,0,2023-07-28 11:53:42
7/28/2023,11:53:47,25.7,72,0,2023-07-28 11:53:47
7/28/2023,11:53:51,25.7,71,0,2023-07-28 11:53:51
7/28/2023,11:53:55,25.7,72,0,2023-07-28 11:53:55
7/28/2023,11:53:59,25.8,72,0,2023-07-28 11:53:59
7/28/2023,11:54:03,25.8,72,0,2023-07-28 11:54:03
7/28/2023,11:54:07,25.8,71,0,2023-07-28 11:54:07
7/28/2023,11:54:11,25.8,71,0,2023-07-28 11:54:11
7/28/2023,11:54:15,25.8,71,0,2023-07-28 11:54:15
7/28/2023,11:54:19,25.8,71,0,2023-07-28 11:54:19
7/28/2023,11:54:24,25.8,71,0,2023-07-28 11:54:24
7/28/2023,11:54:28,25.8,71,0,2023-07-28 11:54:28
7/28/2023,11:54:32,25.8,71,0,2023-07-28 11:54:32
7/28/2023,11:54:36,25.8,71,0,2023-07-28 11:54:36
7/28/2023,11:54:41,25.8,71,0,2023-07-28 11:54:41
7/28/2023,11:54:45,25.9,71,0,2023-07-28 11:54:45
7/28/2023,11:54:49,25.9,71,0,2023-07-28 11:54:49
7/28/2023,11:54:53,25.9,71,0,2023-07-28 11:54:53
7/28/2023,11:54:57,25.9,71,0,2023-07-28 11:54:57
7/28/2023,11:55:02,25.9,71,0,2023-07-28 11:55:02
7/28/2023,11:55:06,25.9,71,0,2023-07-28 11:55:06
7/28/2023,11:55:10,25.9,71,0,2023-07-28 11:55:10
7/28/2023,11:55:14,25.9,71,0,2023-07-28 11:55:14
7/28/2023,11:55:19,25.9,71,0,2023-07-28 11:55:19
7/28/2023,11:55:24,25.9,71,0,2023-07-28 11:55:24
7/28/2023,11:55:28,25.9,71,0,2023-07-28 11:55:28
7/28/2023,11:55:32,25.9,71,0,2023-07-28 11:55:32
7/28/2023,11:55:36,25.9,71,0,2023-07-28 11:55:36
7/28/2023,11:55:40,25.9,71,0,2023-07-28 11:55:40
7/28/2023,11:55:44,25.9,71,0,2023-07-28 11:55:44
7/28/2023,11:55:48,25.9,71,0,2023-07-28 11:55:48
7/28/2023,11:55:53,26.0,71,0,2023-07-28 11:55:53
7/28/2023,11:55:57,26.0,71,0,2023-07-28 11:55:57
7/28/2023,11:56:02,26.0,71,0,2023-07-28 11:56:02
7/28/2023,11:56:06,26.0,71,0,2023-07-28 11:56:06
7/28/2023,11:56:10,26.0,71,0,2023-07-28 11:56:10
7/28/2023,11:56:15,26.0,71,0,2023-07-28 11:56:15
7/28/2023,11:56:19,26.0,71,0,2023-07-28 11:56:19
7/28/2023,11:56:23,26.0,71,0,2023-07-28 11:56:23
7/28/2023,11:56:27,26.0,71,0,2023-07-28 11:56:27
7/28/2023,11:56:32,26.0,71,0,2023-07-28 11:56:32
7/28/2023,11:56:36,26.0,71,0,2023-07-28 11:56:36
7/28/2023,11:56:40,26.0,71,0,2023-07-28 11:56:40
7/28/2023,11:56:44,26.0,71,0,2023-07-28 11:56:44
7/28/2023,11:56:48,26.1,71,0,2023-07-28 11:56:48
7/28/2023,11:56:53,26.1,71,0,2023-07-28 11:56:53
7/28/2023,11:56:57,26.1,71,0,2023-07-28 11:56:57
7/28/2023,11:57:01,26.1,71,0,2023-07-28 11:57:01
7/28/2023,11:57:05,26.1,71,0,2023-07-28 11:57:05
7/28/2023,11:57:10,26.1,71,0,2023-07-28 11:57:10
7/28/2023,11:57:14,26.1,71,0,2023-07-28 11:57:14
7/28/2023,11:57:18,26.1,71,0,2023-07-28 11:57:18
7/28/2023,11:57:23,26.1,70,0,2023-07-28 11:57:23
7/28/2023,11:57:28,26.1,70,0,2023-07-28 11:57:28
7/28/2023,11:57:32,26.1,71,0,2023-07-28 11:57:32
7/28/2023,11:57:36,26.1,71,0,2023-07-28 11:57:36
7/28/2023,11:57:41,26.1,70,0,2023-07-28 11:57:41
7/28/2023,11:57:45,26.1,70,0,2023-07-28 11:57:45
7/28/2023,11:57:50,26.1,70,0,2023-07-28 11:57:50
7/28/2023,11:57:54,26.1,70,0,2023-07-28 11:57:54
7/28/2023,11:57:58,26.1,70,0,2023-07-28 11:57:58
7/28/2023,11:58:03,26.1,70,0,2023-07-28 11:58:03
7/28/2023,11:58:07,26.1,70,0,2023-07-28 11:58:07
7/28/2023,11:58:12,26.1,71,0,2023-07-28 11:58:12
7/28/2023,11:58:16,26.2,71,0,2023-07-28 11:58:16
7/28/2023,11:58:21,26.2,71,0,2023-07-28 11:58:21
7/28/2023,11:58:25,26.2,71,0,2023-07-28 11:58:25
7/28/2023,11:58:30,26.2,71,0,2023-07-28 11:58:30
7/28/2023,11:58:35,26.2,71,0,2023-07-28 11:58:35
7/28/2023,11:58:39,26.2,71,0,2023-07-28 11:58:39
7/28/2023,11:58:43,26.2,70,0,2023-07-28 11:58:43
7/28/2023,11:58:47,26.2,70,0,2023-07-28 11:58:47
7/28/2023,11:58:52,26.2,70,0,2023-07-28 11:58:52
7/28/2023,11:58:56,26.2,70,0,2023-07-28 11:58:56
7/28/2023,11:59:00,26.2,70,0,2023-07-28 11:59:00
7/28/2023,11:59:04,26.2,70,0,2023-07-28 11:59:04
7/28/2023,11:59:09,26.2,70,0,2023-07-28 11:59:09
7/28/2023,11:59:13,26.2,70,0,2023-07-28 11:59:13
7/28/2023,11:59:18,26.2,70,0,2023-07-28 11:59:18
7/28/2023,11:59:22,26.2,70,0,2023-07-28 11:59:22
7/28/2023,11:59:27,26.2,70,0,2023-07-28 11:59:27
7/28/2023,11:59:32,26.2,70,0,2023-07-28 11:59:32
7/28/2023,11:59:36,26.3,70,0,2023-07-28 11:59:36
7/28/2023,11:59:41,26.3,70,0,2023-07-28 11:59:41
7/28/2023,11:59:45,26.3,70,0,2023-07-28 11:59:45
7/28/2023,11:59:50,26.3,70,0,2023-07-28 11:59:50
7/28/2023,11:59:55,26.3,70,0,2023-07-28 11:59:55
7/28/2023,11:59:59,26.3,70,0,2023-07-28 11:59:59
7/28/2023,12:00:04,26.3,70,0,2023-07-28 12:00:04
7/28/2023,12:00:08,26.3,70,0,2023-07-28 12:00:08
7/28/2023,12:00:13,26.3,70,0,2023-07-28 12:00:13
7/28/2023,12:00:17,26.3,70,0,2023-07-28 12:00:17
7/28/2023,12:00:22,26.3,70,0,2023-07-28 12:00:22
7/28/2023,12:00:26,26.3,70,0,2023-07-28 12:00:26
7/28/2023,12:00:30,26.3,70,4,2023-07-28 12:00:30
7/28/2023,12:00:39,26.3,70,0,2023-07-28 12:00:39
7/28/2023,12:00:44,26.3,70,4,2023-07-28 12:00:44
7/28/2023,12:00:53,26.3,70,3,2023-07-28 12:00:53
7/28/2023,12:01:02,26.3,70,0,2023-07-28 12:01:02
7/28/2023,12:01:07,26.3,70,0,2023-07-28 12:01:07
7/28/2023,12:01:12,26.3,70,0,2023-07-28 12:01:12
7/28/2023,12:01:16,26.3,70,0,2023-07-28 12:01:16
7/28/2023,12:01:20,26.4,70,0,2023-07-28 12:01:20
7/28/2023,12:01:25,26.3,70,0,2023-07-28 12:01:25
7/28/2023,12:01:29,26.4,70,0,2023-07-28 12:01:29
7/28/2023,12:01:34,26.4,70,0,2023-07-28 12:01:34
7/28/2023,12:01:39,26.4,70,0,2023-07-28 12:01:39
7/28/2023,12:01:43,26.4,70,0,2023-07-28 12:01:43
7/28/2023,12:01:48,26.4,70,0,2023-07-28 12:01:48
7/28/2023,12:01:52,26.4,70,0,2023-07-28 12:01:52
7/28/2023,12:01:57,26.4,70,0,2023-07-28 12:01:57
7/28/2023,12:02:01,26.4,69,0,2023-07-28 12:02:01
7/28/2023,12:02:05,26.4,69,0,2023-07-28 12:02:05
7/28/2023,12:02:10,26.4,70,0,2023-07-28 12:02:10
7/28/2023,12:02:14,26.4,69,0,2023-07-28 12:02:14
7/28/2023,12:02:18,26.4,69,0,2023-07-28 12:02:18
7/28/2023,12:02:22,26.4,69,0,2023-07-28 12:02:22
7/28/2023,12:02:27,26.4,69,0,2023-07-28 12:02:27
7/28/2023,12:02:31,26.4,69,0,2023-07-28 12:02:31
7/28/2023,12:02:36,26.4,69,0,2023-07-28 12:02:36
7/28/2023,12:02:40,26.4,69,0,2023-07-28 12:02:40
7/28/2023,12:02:44,26.4,69,0,2023-07-28 12:02:44
7/28/2023,12:02:49,26.4,69,0,2023-07-28 12:02:49
7/28/2023,12:02:53,26.4,69,0,2023-07-28 12:02:53
7/28/2023,12:02:57,26.4,69,0,2023-07-28 12:02:57
7/28/2023,12:03:01,26.4,69,0,2023-07-28 12:03:01
7/28/2023,12:03:06,26.4,69,0,2023-07-28 12:03:06
7/28/2023,12:03:11,26.4,69,0,2023-07-28 12:03:11
7/28/2023,12:03:16,26.4,69,0,2023-07-28 12:03:16
7/28/2023,12:03:20,26.4,69,0,2023-07-28 12:03:20
7/28/2023,12:03:25,26.4,69,0,2023-07-28 12:03:25
7/28/2023,12:03:29,26.4,69,0,2023-07-28 12:03:29
7/28/2023,12:03:33,26.4,69,0,2023-07-28 12:03:33
7/28/2023,12:03:37,26.4,69,0,2023-07-28 12:03:37
7/28/2023,12:03:42,26.4,69,0,2023-07-28 12:03:42
7/28/2023,12:03:46,26.4,69,0,2023-07-28 12:03:46
7/28/2023,12:03:50,26.4,69,0,2023-07-28 12:03:50
7/28/2023,12:03:55,26.4,70,0,2023-07-28 12:03:55
7/28/2023,12:03:59,26.5,70,0,2023-07-28 12:03:59
7/28/2023,12:04:03,26.5,70,0,2023-07-28 12:04:03
7/28/2023,12:04:08,26.5,70,0,2023-07-28 12:04:08
7/28/2023,12:04:13,26.5,70,0,2023-07-28 12:04:13
7/28/2023,12:04:17,26.5,69,0,2023-07-28 12:04:17
7/28/2023,12:04:22,26.5,70,0,2023-07-28 12:04:22
7/28/2023,12:04:33,26.5,69,0,2023-07-28 12:04:33
7/28/2023,12:04:38,26.5,69,0,2023-07-28 12:04:38
7/28/2023,12:04:43,26.5,69,0,2023-07-28 12:04:43
7/28/2023,12:04:47,26.5,70,0,2023-07-28 12:04:47
7/28/2023,12:04:52,26.5,70,0,2023-07-28 12:04:52
7/28/2023,12:04:56,26.5,70,0,2023-07-28 12:04:56
7/28/2023,12:05:01,26.5,70,0,2023-07-28 12:05:01
7/28/2023,12:05:05,26.6,70,0,2023-07-28 12:05:05
7/28/2023,12:05:09,26.6,70,1,2023-07-28 12:05:09
7/28/2023,12:05:14,26.6,70,1,2023-07-28 12:05:14
7/28/2023,12:05:18,26.6,70,1,2023-07-28 12:05:18
7/28/2023,12:05:22,26.6,70,1,2023-07-28 12:05:22
7/28/2023,12:05:26,26.6,70,1,2023-07-28 12:05:26
7/28/2023,12:05:35,26.6,69,1,2023-07-28 12:05:35
7/28/2023,12:05:40,26.6,69,1,2023-07-28 12:05:40
7/28/2023,12:05:44,26.6,69,1,2023-07-28 12:05:44
7/28/2023,12:05:48,26.6,69,1,2023-07-28 12:05:48
7/28/2023,12:05:52,26.6,69,1,2023-07-28 12:05:52
7/28/2023,12:05:56,26.6,69,1,2023-07-28 12:05:56
7/28/2023,12:06:05,26.6,69,2,2023-07-28 12:06:05
7/28/2023,12:06:09,26.6,69,2,2023-07-28 12:06:09
7/28/2023,12:06:14,26.6,69,2,2023-07-28 12:06:14
7/28/2023,12:06:18,26.6,68,2,2023-07-28 12:06:18
7/28/2023,12:06:22,26.6,68,2,2023-07-28 12:06:22
7/28/2023,12:06:31,26.6,68,0,2023-07-28 12:06:31
7/28/2023,12:06:35,26.7,68,0,2023-07-28 12:06:35
7/28/2023,12:06:40,26.7,68,0,2023-07-28 12:06:40
7/28/2023,12:06:44,26.7,68,0,2023-07-28 12:06:44
7/28/2023,12:06:49,26.7,68,0,2023-07-28 12:06:49
7/28/2023,12:06:53,26.7,68,0,2023-07-28 12:06:53
7/28/2023,12:06:59,26.7,68,0,2023-07-28 12:06:59
7/28/2023,12:07:03,26.7,68,0,2023-07-28 12:07:03
7/28/2023,12:07:07,26.7,68,0,2023-07-28 12:07:07
7/28/2023,12:07:11,26.7,68,0,2023-07-28 12:07:11
7/28/2023,12:07:15,26.7,68,0,2023-07-28 12:07:15
7/28/2023,12:07:19,26.7,68,0,2023-07-28 12:07:19
7/28/2023,12:07:24,26.7,68,0,2023-07-28 12:07:24
7/28/2023,12:07:28,26.7,68,0,2023-07-28 12:07:28
7/28/2023,12:07:32,26.7,68,0,2023-07-28 12:07:32
7/28/2023,12:07:36,26.7,68,0,2023-07-28 12:07:36
7/28/2023,12:07:40,26.7,68,0,2023-07-28 12:07:40
7/28/2023,12:07:44,26.7,68,0,2023-07-28 12:07:44
7/28/2023,12:07:48,26.7,68,0,2023-07-28 12:07:48
7/28/2023,12:07:52,26.7,68,0,2023-07-28 12:07:52
7/28/2023,12:07:57,26.7,69,0,2023-07-28 12:07:57
7/28/2023,12:08:01,26.7,69,0,2023-07-28 12:08:01
7/28/2023,12:08:06,26.7,69,0,2023-07-28 12:08:06
7/28/2023,12:08:10,26.7,69,0,2023-07-28 12:08:10
7/28/2023,12:08:15,26.7,69,0,2023-07-28 12:08:15
7/28/2023,12:08:19,26.7,69,0,2023-07-28 12:08:19
7/28/2023,12:08:23,26.7,69,0,2023-07-28 12:08:23
7/28/2023,12:08:27,26.7,68,0,2023-07-28 12:08:27
7/28/2023,12:08:32,26.7,68,0,2023-07-28 12:08:32
7/28/2023,12:08:36,26.7,68,0,2023-07-28 12:08:36
7/28/2023,12:08:40,26.7,68,0,2023-07-28 12:08:40
7/28/2023,12:08:44,26.7,68,0,2023-07-28 12:08:44
7/28/2023,12:08:49,26.7,68,0,2023-07-28 12:08:49
7/28/2023,12:08:54,26.7,68,0,2023-07-28 12:08:54
7/28/2023,12:08:58,26.7,68,0,2023-07-28 12:08:58
7/28/2023,12:09:02,26.7,68,0,2023-07-28 12:09:02
7/28/2023,12:09:07,26.7,68,0,2023-07-28 12:09:07
7/28/2023,12:09:11,26.7,67,0,2023-07-28 12:09:11
7/28/2023,12:09:15,26.7,67,0,2023-07-28 12:09:15
7/28/2023,12:09:19,26.7,67,0,2023-07-28 12:09:19
7/28/2023,12:09:23,26.7,67,0,2023-07-28 12:09:23
7/28/2023,12:09:28,26.7,67,0,2023-07-28 12:09:28
7/28/2023,12:09:33,26.7,68,0,2023-07-28 12:09:33
7/28/2023,12:09:38,26.8,67,0,2023-07-28 12:09:38
7/28/2023,12:09:42,26.7,67,0,2023-07-28 12:09:42
7/28/2023,12:09:47,26.7,67,0,2023-07-28 12:09:47
7/28/2023,12:09:52,26.7,67,0,2023-07-28 12:09:52
7/28/2023,12:09:56,26.7,67,0,2023-07-28 12:09:56
7/28/2023,12:10:00,26.7,67,0,2023-07-28 12:10:00
7/28/2023,12:10:05,26.7,67,0,2023-07-28 12:10:05
7/28/2023,12:10:09,26.7,67,0,2023-07-28 12:10:09
7/28/2023,12:10:20,26.7,67,0,2023-07-28 12:10:20
7/28/2023,12:10:24,26.7,67,0,2023-07-28 12:10:24
7/28/2023,12:10:29,26.7,67,0,2023-07-28 12:10:29
7/28/2023,12:10:33,26.7,67,0,2023-07-28 12:10:33
7/28/2023,12:10:38,26.7,67,0,2023-07-28 12:10:38
7/28/2023,12:10:42,26.7,67,0,2023-07-28 12:10:42
7/28/2023,12:10:47,26.7,67,0,2023-07-28 12:10:47
7/28/2023,12:10:51,26.7,67,0,2023-07-28 12:10:51
7/28/2023,12:10:56,26.7,67,0,2023-07-28 12:10:56
7/28/2023,12:11:00,26.7,67,0,2023-07-28 12:11:00
7/28/2023,12:11:04,26.7,67,0,2023-07-28 12:11:04
7/28/2023,12:11:09,26.7,67,0,2023-07-28 12:11:09
7/28/2023,12:11:13,26.7,67,0,2023-07-28 12:11:13
7/28/2023,12:11:17,26.7,67,0,2023-07-28 12:11:17
7/28/2023,12:11:21,26.7,67,0,2023-07-28 12:11:21
7/28/2023,12:11:25,26.7,67,0,2023-07-28 12:11:25
7/28/2023,12:11:29,26.7,67,0,2023-07-28 12:11:29
7/28/2023,12:11:33,26.7,66,0,2023-07-28 12:11:33
7/28/2023,12:11:37,26.7,67,0,2023-07-28 12:11:37
7/28/2023,12:11:42,26.7,67,0,2023-07-28 12:11:42
7/28/2023,12:11:47,26.7,67,0,2023-07-28 12:11:47
7/28/2023,12:11:51,26.7,67,0,2023-07-28 12:11:51
7/28/2023,12:11:55,26.7,67,0,2023-07-28 12:11:55
7/28/2023,12:11:59,26.7,67,0,2023-07-28 12:11:59
7/28/2023,12:12:04,26.7,67,0,2023-07-28 12:12:04
7/28/2023,12:12:08,26.7,67,0,2023-07-28 12:12:08
7/28/2023,12:12:12,26.7,67,0,2023-07-28 12:12:12
7/28/2023,12:12:17,26.7,67,0,2023-07-28 12:12:17
7/28/2023,12:12:21,26.7,67,0,2023-07-28 12:12:21
7/28/2023,12:12:25,26.7,67,0,2023-07-28 12:12:25
7/28/2023,12:12:29,26.7,67,0,2023-07-28 12:12:29
7/28/2023,12:12:34,26.7,67,0,2023-07-28 12:12:34
7/28/2023,12:12:38,26.7,67,0,2023-07-28 12:12:38
7/28/2023,12:12:43,26.7,67,0,2023-07-28 12:12:43
7/28/2023,12:12:48,26.7,67,0,2023-07-28 12:12:48
7/28/2023,12:12:52,26.7,67,0,2023-07-28 12:12:52
7/28/2023,12:12:57,26.7,67,0,2023-07-28 12:12:57
7/28/2023,12:13:01,26.7,67,0,2023-07-28 12:13:01
7/28/2023,12:13:06,26.7,67,0,2023-07-28 12:13:06
7/28/2023,12:13:11,26.7,67,0,2023-07-28 12:13:11
7/28/2023,12:13:15,26.7,67,0,2023-07-28 12:13:15
7/28/2023,12:13:19,26.7,67,0,2023-07-28 12:13:19
7/28/2023,12:13:23,26.7,67,0,2023-07-28 12:13:23
7/28/2023,12:13:27,26.7,67,0,2023-07-28 12:13:27
7/28/2023,12:13:31,26.7,67,0,2023-07-28 12:13:31
7/28/2023,12:13:35,26.7,67,0,2023-07-28 12:13:35
7/28/2023,12:13:39,26.7,67,0,2023-07-28 12:13:39
7/28/2023,12:13:43,26.8,67,0,2023-07-28 12:13:43
7/28/2023,12:13:47,26.7,67,0,2023-07-28 12:13:47
7/28/2023,12:13:51,26.8,67,0,2023-07-28 12:13:51
7/28/2023,12:13:55,26.7,67,0,2023-07-28 12:13:55
7/28/2023,12:14:00,26.8,67,0,2023-07-28 12:14:00
7/28/2023,12:14:05,26.8,67,0,2023-07-28 12:14:05
7/28/2023,12:14:09,26.8,67,0,2023-07-28 12:14:09
7/28/2023,12:14:13,26.8,67,0,2023-07-28 12:14:13
7/28/2023,12:14:18,26.8,67,0,2023-07-28 12:14:18
7/28/2023,12:14:22,26.8,68,0,2023-07-28 12:14:22
7/28/2023,12:14:27,26.8,68,0,2023-07-28 12:14:27
7/28/2023,12:14:31,26.8,68,0,2023-07-28 12:14:31
7/28/2023,12:14:36,26.8,68,0,2023-07-28 12:14:36
7/28/2023,12:14:40,26.8,67,0,2023-07-28 12:14:40
7/28/2023,12:14:44,26.8,67,0,2023-07-28 12:14:44
7/28/2023,12:14:48,26.8,67,0,2023-07-28 12:14:48
7/28/2023,12:14:52,26.8,67,0,2023-07-28 12:14:52
7/28/2023,12:14:56,26.8,67,0,2023-07-28 12:14:56
7/28/2023,12:15:01,26.8,67,0,2023-07-28 12:15:01
7/28/2023,12:15:05,26.8,67,0,2023-07-28 12:15:05
7/28/2023,12:15:09,26.8,67,0,2023-07-28 12:15:09
7/28/2023,12:15:13,26.8,68,0,2023-07-28 12:15:13
7/28/2023,12:15:17,26.8,68,0,2023-07-28 12:15:17
7/28/2023,12:15:22,26.8,68,0,2023-07-28 12:15:22
7/28/2023,12:15:26,26.8,68,0,2023-07-28 12:15:26
7/28/2023,12:15:30,26.8,68,0,2023-07-28 12:15:30
7/28/2023,12:15:35,26.8,68,0,2023-07-28 12:15:35
7/28/2023,12:15:39,26.8,68,0,2023-07-28 12:15:39
7/28/2023,12:15:43,26.8,68,0,2023-07-28 12:15:43
7/28/2023,12:15:47,26.8,68,0,2023-07-28 12:15:47
7/28/2023,12:15:51,26.8,68,0,2023-07-28 12:15:51
7/28/2023,12:15:55,26.8,67,0,2023-07-28 12:15:55
7/28/2023,12:15:59,26.8,67,0,2023-07-28 12:15:59
7/28/2023,12:16:04,26.8,67,0,2023-07-28 12:16:04
7/28/2023,12:16:09,26.8,67,0,2023-07-28 12:16:09
7/28/2023,12:16:13,26.8,67,0,2023-07-28 12:16:13
7/28/2023,12:16:17,26.8,67,0,2023-07-28 12:16:17
7/28/2023,12:16:22,26.8,67,0,2023-07-28 12:16:22
7/28/2023,12:16:26,26.8,67,0,2023-07-28 12:16:26
7/28/2023,12:16:30,26.8,67,0,2023-07-28 12:16:30
7/28/2023,12:16:33,26.8,67,0,2023-07-28 12:16:33
7/28/2023,12:16:38,26.8,67,0,2023-07-28 12:16:38
7/28/2023,12:16:42,26.8,67,0,2023-07-28 12:16:42
7/28/2023,12:16:47,26.8,67,0,2023-07-28 12:16:47
7/28/2023,12:16:51,26.8,66,0,2023-07-28 12:16:51
7/28/2023,12:16:56,26.8,66,0,2023-07-28 12:16:56
7/28/2023,12:17:01,26.8,67,0,2023-07-28 12:17:01
7/28/2023,12:17:05,26.8,67,0,2023-07-28 12:17:05
7/28/2023,12:17:10,26.8,67,0,2023-07-28 12:17:10
7/28/2023,12:17:15,26.8,66,0,2023-07-28 12:17:15
7/28/2023,12:17:19,26.8,67,0,2023-07-28 12:17:19
7/28/2023,12:17:24,26.8,67,0,2023-07-28 12:17:24
7/28/2023,12:17:28,26.8,66,0,2023-07-28 12:17:28
7/28/2023,12:17:32,26.8,66,0,2023-07-28 12:17:32
7/28/2023,12:17:37,26.8,66,0,2023-07-28 12:17:37
7/28/2023,12:17:41,26.8,66,0,2023-07-28 12:17:41
7/28/2023,12:17:45,26.8,66,0,2023-07-28 12:17:45
7/28/2023,12:17:49,26.8,66,0,2023-07-28 12:17:49
7/28/2023,12:17:54,26.8,66,0,2023-07-28 12:17:54
7/28/2023,12:17:58,26.8,66,0,2023-07-28 12:17:58
7/28/2023,12:18:02,26.8,66,0,2023-07-28 12:18:02
7/28/2023,12:18:07,26.8,66,0,2023-07-28 12:18:07
7/28/2023,12:18:11,26.8,66,0,2023-07-28 12:18:11
7/28/2023,12:18:15,26.8,66,0,2023-07-28 12:18:15
7/28/2023,12:18:20,26.8,66,0,2023-07-28 12:18:20
7/28/2023,12:18:24,26.8,66,0,2023-07-28 12:18:24
7/28/2023,12:18:28,26.8,66,0,2023-07-28 12:18:28
7/28/2023,12:18:32,26.8,66,2,2023-07-28 12:18:32
7/28/2023,12:18:36,26.8,66,3,2023-07-28 12:18:36
7/28/2023,12:18:41,26.8,66,4,2023-07-28 12:18:41
7/28/2023,12:18:50,26.8,66,3,2023-07-28 12:18:50
7/28/2023,12:18:54,26.8,66,3,2023-07-28 12:18:54
7/28/2023,12:18:58,26.8,66,4,2023-07-28 12:18:58
7/28/2023,12:19:08,26.8,66,0,2023-07-28 12:19:08
7/28/2023,12:19:12,26.8,66,0,2023-07-28 12:19:12
7/28/2023,12:19:17,26.8,66,0,2023-07-28 12:19:17
7/28/2023,12:19:21,26.8,66,0,2023-07-28 12:19:21
7/28/2023,12:19:25,26.8,66,0,2023-07-28 12:19:25
7/28/2023,12:19:29,26.8,66,0,2023-07-28 12:19:29
7/28/2023,12:19:33,26.8,66,0,2023-07-28 12:19:33
7/28/2023,12:19:37,26.8,66,0,2023-07-28 12:19:37
7/28/2023,12:19:42,26.8,66,0,2023-07-28 12:19:42
7/28/2023,12:19:46,26.8,66,0,2023-07-28 12:19:46
7/28/2023,12:19:50,26.8,66,0,2023-07-28 12:19:50
7/28/2023,12:19:55,26.8,66,0,2023-07-28 12:19:55
7/28/2023,12:19:59,26.8,66,0,2023-07-28 12:19:59
7/28/2023,12:20:04,26.8,66,0,2023-07-28 12:20:04
7/28/2023,12:20:08,26.8,66,0,2023-07-28 12:20:08
7/28/2023,12:20:13,26.8,66,0,2023-07-28 12:20:13
7/28/2023,12:20:17,26.8,66,0,2023-07-28 12:20:17
7/28/2023,12:20:21,26.8,66,0,2023-07-28 12:20:21
7/28/2023,12:20:26,26.8,66,0,2023-07-28 12:20:26
7/28/2023,12:20:30,26.8,66,0,2023-07-28 12:20:30
7/28/2023,12:20:35,26.8,66,0,2023-07-28 12:20:35
7/28/2023,12:20:39,26.8,66,0,2023-07-28 12:20:39
7/28/2023,12:20:43,26.8,66,0,2023-07-28 12:20:43
7/28/2023,12:20:47,26.8,66,0,2023-07-28 12:20:47
7/28/2023,12:20:51,26.8,66,0,2023-07-28 12:20:51
7/30/2023,9:12:29,25.4,71,0,2023-07-30 09:12:29
7/30/2023,9:12:34,25.4,71,0,2023-07-30 09:12:34
7/30/2023,9:12:38,25.4,71,0,2023-07-30 09:12:38
7/30/2023,9:12:42,25.4,71,0,2023-07-30 09:12:42
7/30/2023,9:12:46,25.4,71,0,2023-07-30 09:12:46
7/30/2023,9:12:50,25.4,71,0,2023-07-30 09:12:50
7/30/2023,9:13:12,25.4,71,0,2023-07-30 09:13:12
7/30/2023,9:13:17,25.4,71,0,2023-07-30 09:13:17
7/30/2023,9:13:21,25.4,71,0,2023-07-30 09:13:21
7/30/2023,9:13:26,25.4,71,0,2023-07-30 09:13:26
7/30/2023,9:13:30,25.4,71,0,2023-07-30 09:13:30
7/30/2023,9:13:35,25.4,71,0,2023-07-30 09:13:35
7/30/2023,9:13:39,25.4,71,0,2023-07-30 09:13:39
7/30/2023,9:13:44,25.4,71,0,2023-07-30 09:13:44
7/30/2023,9:13:48,25.4,71,0,2023-07-30 09:13:48
7/30/2023,9:13:52,25.4,71,0,2023-07-30 09:13:52
7/30/2023,9:13:57,25.4,71,0,2023-07-30 09:13:57
7/30/2023,9:14:02,25.4,71,0,2023-07-30 09:14:02
7/30/2023,9:14:06,25.4,71,0,2023-07-30 09:14:06
7/30/2023,9:14:10,25.4,71,0,2023-07-30 09:14:10
7/30/2023,9:14:14,25.4,71,0,2023-07-30 09:14:14
7/30/2023,9:14:18,25.4,71,0,2023-07-30 09:14:18
7/30/2023,9:14:23,25.4,71,0,2023-07-30 09:14:23
7/30/2023,9:14:27,25.4,71,0,2023-07-30 09:14:27
7/30/2023,9:14:32,25.4,71,0,2023-07-30 09:14:32
7/30/2023,9:14:36,25.4,71,0,2023-07-30 09:14:36
7/30/2023,9:14:40,25.4,71,0,2023-07-30 09:14:40
7/30/2023,9:14:44,25.4,71,0,2023-07-30 09:14:44
7/30/2023,9:14:48,25.4,71,0,2023-07-30 09:14:48
7/30/2023,9:14:52,25.4,71,0,2023-07-30 09:14:52
7/30/2023,9:14:56,25.4,71,0,2023-07-30 09:14:56
7/30/2023,9:15:01,25.4,71,0,2023-07-30 09:15:01
7/30/2023,9:15:05,25.4,71,0,2023-07-30 09:15:05
7/30/2023,9:15:10,25.4,71,0,2023-07-30 09:15:10
7/30/2023,9:15:14,25.4,71,0,2023-07-30 09:15:14
7/30/2023,9:15:18,25.4,71,0,2023-07-30 09:15:18
7/30/2023,9:15:23,25.4,71,0,2023-07-30 09:15:23
7/30/2023,9:15:27,25.4,71,0,2023-07-30 09:15:27
7/30/2023,9:15:31,25.4,71,0,2023-07-30 09:15:31
7/30/2023,9:15:35,25.4,71,0,2023-07-30 09:15:35
7/30/2023,9:15:40,25.4,71,0,2023-07-30 09:15:40
7/30/2023,9:15:43,25.4,71,0,2023-07-30 09:15:43
7/30/2023,9:15:48,25.4,71,0,2023-07-30 09:15:48
7/30/2023,9:15:52,25.4,71,0,2023-07-30 09:15:52
7/30/2023,9:15:56,25.4,71,0,2023-07-30 09:15:56
7/30/2023,9:16:01,25.4,71,0,2023-07-30 09:16:01
7/30/2023,9:16:05,25.4,71,0,2023-07-30 09:16:05
7/30/2023,9:16:09,25.4,71,0,2023-07-30 09:16:09
7/30/2023,9:16:13,25.4,71,0,2023-07-30 09:16:13
7/30/2023,9:16:18,25.4,71,0,2023-07-30 09:16:18
7/30/2023,9:16:22,25.4,71,0,2023-07-30 09:16:22
7/30/2023,9:16:26,25.4,71,0,2023-07-30 09:16:26
7/30/2023,9:16:31,25.4,71,0,2023-07-30 09:16:31
7/30/2023,9:16:35,25.4,71,0,2023-07-30 09:16:35
7/30/2023,9:16:39,25.4,71,0,2023-07-30 09:16:39
7/30/2023,9:16:44,25.4,71,0,2023-07-30 09:16:44
7/30/2023,9:16:48,25.4,71,0,2023-07-30 09:16:48
7/30/2023,9:16:52,25.4,71,0,2023-07-30 09:16:52
7/30/2023,9:16:57,25.4,71,0,2023-07-30 09:16:57
7/30/2023,9:17:01,25.4,71,0,2023-07-30 09:17:01
7/30/2023,9:17:06,25.4,71,0,2023-07-30 09:17:06
7/30/2023,9:17:10,25.4,71,0,2023-07-30 09:17:10
7/30/2023,9:17:14,25.4,71,0,2023-07-30 09:17:14
7/30/2023,9:17:19,25.4,71,0,2023-07-30 09:17:19
7/30/2023,9:17:23,25.4,71,0,2023-07-30 09:17:23
7/30/2023,9:17:27,25.4,71,0,2023-07-30 09:17:27
7/30/2023,9:17:31,25.4,71,0,2023-07-30 09:17:31
7/30/2023,9:17:35,25.4,71,0,2023-07-30 09:17:35
7/30/2023,9:17:39,25.4,71,0,2023-07-30 09:17:39
7/30/2023,9:17:44,25.4,71,0,2023-07-30 09:17:44
7/30/2023,9:17:48,25.4,71,0,2023-07-30 09:17:48
7/30/2023,9:17:53,25.4,71,0,2023-07-30 09:17:53
7/30/2023,9:17:57,25.4,71,0,2023-07-30 09:17:57
7/30/2023,9:18:01,25.4,71,0,2023-07-30 09:18:01
7/30/2023,9:18:06,25.4,71,0,2023-07-30 09:18:06
7/30/2023,9:18:10,25.4,71,0,2023-07-30 09:18:10
7/30/2023,9:18:14,25.4,71,0,2023-07-30 09:18:14
7/30/2023,9:18:19,25.4,71,0,2023-07-30 09:18:19
7/30/2023,9:18:23,25.4,71,0,2023-07-30 09:18:23
7/30/2023,9:18:27,25.4,71,0,2023-07-30 09:18:27
7/30/2023,9:18:31,25.4,71,0,2023-07-30 09:18:31
7/30/2023,9:18:36,25.4,71,0,2023-07-30 09:18:36
7/30/2023,9:18:40,25.4,71,0,2023-07-30 09:18:40
7/30/2023,9:18:44,25.4,70,0,2023-07-30 09:18:44
7/30/2023,9:18:53,25.4,70,2,2023-07-30 09:18:53
7/30/2023,9:18:57,25.4,70,2,2023-07-30 09:18:57
7/30/2023,9:19:01,25.4,70,4,2023-07-30 09:19:01
7/30/2023,9:19:06,25.4,70,4,2023-07-30 09:19:06
7/30/2023,9:19:10,25.4,70,4,2023-07-30 09:19:10
7/30/2023,9:19:19,25.4,71,3,2023-07-30 09:19:19
7/30/2023,9:19:27,25.4,70,0,2023-07-30 09:19:27
7/30/2023,9:19:32,25.4,70,0,2023-07-30 09:19:32
7/30/2023,9:19:36,25.4,70,0,2023-07-30 09:19:36
7/30/2023,9:19:40,25.4,70,0,2023-07-30 09:19:40
7/30/2023,9:19:45,25.4,70,0,2023-07-30 09:19:45
7/30/2023,9:19:49,25.4,70,0,2023-07-30 09:19:49
7/30/2023,9:19:54,25.4,70,0,2023-07-30 09:19:54
7/30/2023,9:19:58,25.4,70,0,2023-07-30 09:19:58
7/30/2023,9:20:03,25.4,70,0,2023-07-30 09:20:03
7/30/2023,9:20:08,25.4,70,0,2023-07-30 09:20:08
7/30/2023,9:20:12,25.4,70,0,2023-07-30 09:20:12
7/30/2023,9:20:17,25.4,70,0,2023-07-30 09:20:17
7/30/2023,9:20:21,25.4,70,0,2023-07-30 09:20:21
7/30/2023,9:20:25,25.4,70,0,2023-07-30 09:20:25
7/30/2023,9:20:30,25.4,70,0,2023-07-30 09:20:30
7/30/2023,9:20:34,25.4,70,0,2023-07-30 09:20:34
7/30/2023,9:20:39,25.4,70,0,2023-07-30 09:20:39
7/30/2023,9:20:43,25.4,70,0,2023-07-30 09:20:43
7/30/2023,9:20:48,25.4,70,0,2023-07-30 09:20:48
7/30/2023,9:20:52,25.4,70,0,2023-07-30 09:20:52
7/30/2023,9:20:57,25.4,70,0,2023-07-30 09:20:57
7/30/2023,9:21:02,25.4,70,0,2023-07-30 09:21:02
7/30/2023,9:21:07,25.4,70,0,2023-07-30 09:21:07
7/30/2023,9:21:12,25.4,70,0,2023-07-30 09:21:12
7/30/2023,9:21:16,25.4,70,0,2023-07-30 09:21:16
7/30/2023,9:21:20,25.4,70,0,2023-07-30 09:21:20
7/30/2023,9:21:25,25.4,70,0,2023-07-30 09:21:25
7/30/2023,9:21:29,25.4,70,0,2023-07-30 09:21:29
7/30/2023,9:21:34,25.4,70,0,2023-07-30 09:21:34
7/30/2023,9:21:38,25.4,70,0,2023-07-30 09:21:38
7/30/2023,9:21:42,25.4,70,0,2023-07-30 09:21:42
7/30/2023,9:21:46,25.4,70,0,2023-07-30 09:21:46
7/30/2023,9:21:50,25.4,70,0,2023-07-30 09:21:50
7/30/2023,9:21:55,25.4,70,0,2023-07-30 09:21:55
7/30/2023,9:21:59,25.4,70,0,2023-07-30 09:21:59
7/30/2023,9:22:03,25.3,70,0,2023-07-30 09:22:03
7/30/2023,9:22:07,25.4,70,0,2023-07-30 09:22:07
7/30/2023,9:22:12,25.3,70,0,2023-07-30 09:22:12
7/30/2023,9:22:16,25.3,70,0,2023-07-30 09:22:16
7/30/2023,9:22:21,25.4,70,0,2023-07-30 09:22:21
7/30/2023,9:22:25,25.4,70,0,2023-07-30 09:22:25
7/30/2023,9:22:29,25.4,70,0,2023-07-30 09:22:29
7/30/2023,9:22:33,25.3,70,0,2023-07-30 09:22:33
7/30/2023,9:22:37,25.3,70,0,2023-07-30 09:22:37
7/30/2023,9:22:41,25.4,70,0,2023-07-30 09:22:41
7/30/2023,9:22:45,25.3,70,0,2023-07-30 09:22:45
7/30/2023,9:22:50,25.3,70,0,2023-07-30 09:22:50
7/30/2023,9:22:54,25.3,70,0,2023-07-30 09:22:54
7/30/2023,9:22:59,25.3,70,0,2023-07-30 09:22:59
7/30/2023,9:23:03,25.3,70,0,2023-07-30 09:23:03
7/30/2023,9:23:08,25.3,70,0,2023-07-30 09:23:08
7/30/2023,9:23:12,25.3,70,0,2023-07-30 09:23:12
7/30/2023,9:23:16,25.3,70,0,2023-07-30 09:23:16
7/30/2023,9:23:20,25.3,70,0,2023-07-30 09:23:20
7/30/2023,9:23:24,25.3,70,0,2023-07-30 09:23:24
7/30/2023,9:23:29,25.3,70,0,2023-07-30 09:23:29
7/30/2023,9:23:33,25.3,70,0,2023-07-30 09:23:33
7/30/2023,9:23:37,25.3,70,0,2023-07-30 09:23:37
7/30/2023,9:23:41,25.3,70,0,2023-07-30 09:23:41
7/30/2023,9:23:45,25.3,70,0,2023-07-30 09:23:45
7/30/2023,9:23:49,25.3,70,0,2023-07-30 09:23:49
7/30/2023,9:23:54,25.3,70,0,2023-07-30 09:23:54
7/30/2023,9:23:58,25.3,70,0,2023-07-30 09:23:58
7/30/2023,9:24:03,25.3,70,0,2023-07-30 09:24:03
7/30/2023,9:24:07,25.3,70,0,2023-07-30 09:24:07
7/30/2023,9:24:11,25.3,70,0,2023-07-30 09:24:11
7/30/2023,9:24:16,25.3,70,0,2023-07-30 09:24:16
7/30/2023,9:24:20,25.3,70,0,2023-07-30 09:24:20
7/30/2023,9:24:24,25.3,70,0,2023-07-30 09:24:24
7/30/2023,9:24:28,25.3,70,0,2023-07-30 09:24:28
7/30/2023,9:24:32,25.3,70,0,2023-07-30 09:24:32
7/30/2023,9:24:36,25.3,70,0,2023-07-30 09:24:36
7/30/2023,9:24:40,25.3,70,0,2023-07-30 09:24:40
7/30/2023,9:24:44,25.3,70,0,2023-07-30 09:24:44
7/30/2023,9:24:48,25.3,70,0,2023-07-30 09:24:48
7/30/2023,9:24:52,25.3,70,0,2023-07-30 09:24:52
7/30/2023,9:24:56,25.3,70,0,2023-07-30 09:24:56
7/30/2023,9:25:01,25.3,70,0,2023-07-30 09:25:01
7/30/2023,9:25:05,25.3,70,0,2023-07-30 09:25:05
7/30/2023,9:25:09,25.3,70,0,2023-07-30 09:25:09
7/30/2023,9:25:13,25.3,70,0,2023-07-30 09:25:13
7/30/2023,9:25:17,25.3,70,0,2023-07-30 09:25:17
7/30/2023,9:25:20,25.3,70,0,2023-07-30 09:25:20
7/30/2023,9:25:24,25.3,70,0,2023-07-30 09:25:24
7/30/2023,9:25:28,25.3,70,0,2023-07-30 09:25:28
7/30/2023,9:25:32,25.3,70,0,2023-07-30 09:25:32
7/30/2023,9:25:37,25.3,70,0,2023-07-30 09:25:37
7/30/2023,9:25:41,25.3,70,0,2023-07-30 09:25:41
7/30/2023,9:25:45,25.3,70,0,2023-07-30 09:25:45
7/30/2023,9:25:49,25.3,70,0,2023-07-30 09:25:49
7/30/2023,9:25:53,25.3,70,0,2023-07-30 09:25:53
7/30/2023,9:25:57,25.3,70,0,2023-07-30 09:25:57
7/30/2023,9:26:02,25.3,70,0,2023-07-30 09:26:02
7/30/2023,9:26:06,25.3,70,0,2023-07-30 09:26:06
7/30/2023,9:26:11,25.3,70,0,2023-07-30 09:26:11
7/30/2023,9:26:15,25.3,70,0,2023-07-30 09:26:15
7/30/2023,9:26:19,25.3,70,0,2023-07-30 09:26:19
7/30/2023,9:26:23,25.3,70,0,2023-07-30 09:26:23
7/30/2023,9:26:27,25.3,70,0,2023-07-30 09:26:27
7/30/2023,9:26:31,25.3,70,0,2023-07-30 09:26:31
7/30/2023,9:26:35,25.3,70,0,2023-07-30 09:26:35
7/30/2023,9:26:39,25.3,70,0,2023-07-30 09:26:39
7/30/2023,9:26:44,25.3,70,0,2023-07-30 09:26:44
7/30/2023,9:26:48,25.3,70,0,2023-07-30 09:26:48
7/30/2023,9:26:53,25.3,70,0,2023-07-30 09:26:53
7/30/2023,9:26:58,25.3,70,0,2023-07-30 09:26:58
7/30/2023,9:27:02,25.3,70,0,2023-07-30 09:27:02
7/30/2023,9:27:06,25.3,70,0,2023-07-30 09:27:06
7/30/2023,9:27:11,25.3,70,0,2023-07-30 09:27:11
7/30/2023,9:27:16,25.3,70,0,2023-07-30 09:27:16
7/30/2023,9:27:21,25.3,70,0,2023-07-30 09:27:21
7/30/2023,9:27:25,25.3,70,0,2023-07-30 09:27:25
7/30/2023,9:27:29,25.3,70,0,2023-07-30 09:27:29
7/30/2023,9:27:33,25.3,70,0,2023-07-30 09:27:33
7/30/2023,9:27:38,25.3,70,0,2023-07-30 09:27:38
7/30/2023,9:27:42,25.3,70,0,2023-07-30 09:27:42
7/30/2023,9:27:46,25.3,70,0,2023-07-30 09:27:46
7/30/2023,9:27:51,25.3,70,0,2023-07-30 09:27:51
7/30/2023,9:27:55,25.3,70,0,2023-07-30 09:27:55
7/30/2023,9:28:00,25.3,70,0,2023-07-30 09:28:00
7/30/2023,9:28:04,25.3,70,0,2023-07-30 09:28:04
7/30/2023,9:28:08,25.3,70,0,2023-07-30 09:28:08
7/30/2023,9:28:12,25.3,70,0,2023-07-30 09:28:12
7/30/2023,9:28:17,25.3,70,0,2023-07-30 09:28:17
7/30/2023,9:28:21,25.3,70,0,2023-07-30 09:28:21
7/30/2023,9:28:25,25.3,70,0,2023-07-30 09:28:25
7/30/2023,9:28:30,25.3,70,0,2023-07-30 09:28:30
7/30/2023,9:28:34,25.3,70,0,2023-07-30 09:28:34
7/30/2023,9:28:39,25.3,70,0,2023-07-30 09:28:39
7/30/2023,9:28:44,25.3,70,0,2023-07-30 09:28:44
7/30/2023,9:28:48,25.3,70,0,2023-07-30 09:28:48
7/30/2023,9:28:53,25.3,70,0,2023-07-30 09:28:53
7/30/2023,9:28:57,25.3,70,0,2023-07-30 09:28:57
7/30/2023,9:29:02,25.3,70,0,2023-07-30 09:29:02
7/30/2023,9:29:06,25.3,70,0,2023-07-30 09:29:06
7/30/2023,9:29:10,25.3,70,0,2023-07-30 09:29:10
7/30/2023,9:29:14,25.3,70,0,2023-07-30 09:29:14
7/30/2023,9:29:19,25.3,70,0,2023-07-30 09:29:19
7/30/2023,9:29:23,25.3,70,0,2023-07-30 09:29:23
7/30/2023,9:29:27,25.3,70,0,2023-07-30 09:29:27
7/30/2023,9:29:32,25.3,70,0,2023-07-30 09:29:32
7/30/2023,9:29:37,25.3,70,0,2023-07-30 09:29:37
7/30/2023,9:29:41,25.3,70,0,2023-07-30 09:29:41
7/30/2023,9:29:46,25.3,70,0,2023-07-30 09:29:46
7/30/2023,9:29:51,25.3,70,0,2023-07-30 09:29:51
7/30/2023,9:29:55,25.3,70,0,2023-07-30 09:29:55
7/30/2023,9:30:00,25.3,70,0,2023-07-30 09:30:00
7/30/2023,9:30:04,25.3,71,0,2023-07-30 09:30:04
7/30/2023,9:30:09,25.3,71,0,2023-07-30 09:30:09
7/30/2023,9:30:13,25.3,70,0,2023-07-30 09:30:13
7/30/2023,9:30:17,25.3,71,0,2023-07-30 09:30:17
7/30/2023,9:30:21,25.3,71,0,2023-07-30 09:30:21
7/30/2023,9:30:26,25.3,70,0,2023-07-30 09:30:26
7/30/2023,9:30:30,25.3,71,0,2023-07-30 09:30:30
7/30/2023,9:30:35,25.3,71,0,2023-07-30 09:30:35
7/30/2023,9:30:39,25.3,71,0,2023-07-30 09:30:39
7/30/2023,9:30:43,25.3,71,0,2023-07-30 09:30:43
7/30/2023,9:30:47,25.3,71,0,2023-07-30 09:30:47
7/30/2023,9:30:51,25.3,71,0,2023-07-30 09:30:51
7/30/2023,9:30:56,25.3,71,0,2023-07-30 09:30:56
7/30/2023,9:31:00,25.3,71,0,2023-07-30 09:31:00
7/30/2023,9:31:04,25.3,71,0,2023-07-30 09:31:04
7/30/2023,9:31:09,25.3,71,0,2023-07-30 09:31:09
7/30/2023,9:31:13,25.3,71,0,2023-07-30 09:31:13
7/30/2023,9:31:17,25.3,71,0,2023-07-30 09:31:17
7/30/2023,9:31:21,25.3,71,0,2023-07-30 09:31:21
7/30/2023,9:31:25,25.3,71,0,2023-07-30 09:31:25
7/30/2023,9:31:30,25.3,71,0,2023-07-30 09:31:30
7/30/2023,9:31:34,25.3,71,0,2023-07-30 09:31:34
7/30/2023,9:31:39,25.3,71,0,2023-07-30 09:31:39
7/30/2023,9:31:43,25.3,71,0,2023-07-30 09:31:43
7/30/2023,9:31:48,25.3,71,0,2023-07-30 09:31:48
7/30/2023,9:31:52,25.3,71,0,2023-07-30 09:31:52
7/30/2023,9:31:56,25.3,71,0,2023-07-30 09:31:56
7/30/2023,9:32:00,25.3,71,0,2023-07-30 09:32:00
7/30/2023,9:32:04,25.3,71,0,2023-07-30 09:32:04
7/30/2023,9:32:09,25.3,71,0,2023-07-30 09:32:09
7/30/2023,9:32:13,25.3,71,0,2023-07-30 09:32:13
7/30/2023,9:32:17,25.3,71,0,2023-07-30 09:32:17
7/30/2023,9:32:22,25.3,71,0,2023-07-30 09:32:22
7/30/2023,9:32:26,25.3,71,0,2023-07-30 09:32:26
7/30/2023,9:32:31,25.3,71,0,2023-07-30 09:32:31
7/30/2023,9:32:36,25.3,71,0,2023-07-30 09:32:36
7/30/2023,9:32:40,25.3,71,0,2023-07-30 09:32:40
7/30/2023,9:32:44,25.3,71,0,2023-07-30 09:32:44
7/30/2023,9:32:48,25.3,71,0,2023-07-30 09:32:48
7/30/2023,9:32:53,25.3,71,0,2023-07-30 09:32:53
7/30/2023,9:32:57,25.3,71,0,2023-07-30 09:32:57
7/30/2023,9:33:02,25.3,71,0,2023-07-30 09:33:02
7/30/2023,9:33:07,25.3,71,0,2023-07-30 09:33:07
7/30/2023,9:33:11,25.3,71,0,2023-07-30 09:33:11
7/30/2023,9:33:15,25.3,71,0,2023-07-30 09:33:15
7/30/2023,9:33:20,25.3,71,0,2023-07-30 09:33:20
7/30/2023,9:33:24,25.3,71,0,2023-07-30 09:33:24
7/30/2023,9:33:28,25.3,71,0,2023-07-30 09:33:28
7/30/2023,9:33:32,25.3,71,0,2023-07-30 09:33:32
7/30/2023,9:33:36,25.3,71,0,2023-07-30 09:33:36
7/30/2023,9:33:40,25.3,71,0,2023-07-30 09:33:40
7/30/2023,9:33:45,25.3,71,0,2023-07-30 09:33:45
7/30/2023,9:33:49,25.3,71,0,2023-07-30 09:33:49
7/30/2023,9:33:53,25.3,71,0,2023-07-30 09:33:53
7/30/2023,9:33:57,25.3,71,0,2023-07-30 09:33:57
7/30/2023,9:34:02,25.3,71,0,2023-07-30 09:34:02
7/30/2023,9:34:07,25.3,71,0,2023-07-30 09:34:07
7/30/2023,9:34:12,25.3,71,0,2023-07-30 09:34:12
7/30/2023,9:34:16,25.3,71,0,2023-07-30 09:34:16
7/30/2023,9:34:20,25.3,71,0,2023-07-30 09:34:20
7/30/2023,9:34:25,25.3,71,0,2023-07-30 09:34:25
7/30/2023,9:34:29,25.3,71,0,2023-07-30 09:34:29
7/30/2023,9:34:33,25.3,71,0,2023-07-30 09:34:33
7/30/2023,9:34:37,25.3,71,0,2023-07-30 09:34:37
7/30/2023,9:34:41,25.3,71,0,2023-07-30 09:34:41
7/30/2023,9:34:46,25.3,71,0,2023-07-30 09:34:46
7/30/2023,9:34:50,25.3,71,0,2023-07-30 09:34:50
7/30/2023,9:34:54,25.3,71,0,2023-07-30 09:34:54
7/30/2023,9:34:58,25.3,71,0,2023-07-30 09:34:58
7/30/2023,9:35:02,25.3,71,0,2023-07-30 09:35:02
7/30/2023,9:35:06,25.3,71,0,2023-07-30 09:35:06
7/30/2023,9:35:10,25.3,71,0,2023-07-30 09:35:10
7/30/2023,9:35:14,25.3,71,0,2023-07-30 09:35:14
7/30/2023,9:35:18,25.3,71,0,2023-07-30 09:35:18
7/30/2023,9:35:23,25.3,71,0,2023-07-30 09:35:23
7/30/2023,9:35:27,25.3,71,0,2023-07-30 09:35:27
7/30/2023,9:35:32,25.3,71,0,2023-07-30 09:35:32
7/30/2023,9:35:36,25.3,71,0,2023-07-30 09:35:36
7/30/2023,9:35:41,25.3,71,0,2023-07-30 09:35:41
7/30/2023,9:35:45,25.3,71,0,2023-07-30 09:35:45
7/30/2023,9:35:49,25.3,71,0,2023-07-30 09:35:49
7/30/2023,9:35:54,25.3,71,0,2023-07-30 09:35:54
7/30/2023,9:35:58,25.3,71,0,2023-07-30 09:35:58
7/30/2023,9:36:03,25.3,71,0,2023-07-30 09:36:03
7/30/2023,9:36:07,25.3,71,0,2023-07-30 09:36:07
7/30/2023,9:36:11,25.3,71,0,2023-07-30 09:36:11
7/30/2023,9:36:16,25.3,71,0,2023-07-30 09:36:16
7/30/2023,9:36:20,25.3,71,0,2023-07-30 09:36:20
7/30/2023,9:36:25,25.3,71,0,2023-07-30 09:36:25
7/30/2023,9:36:30,25.3,71,0,2023-07-30 09:36:30
7/30/2023,9:36:34,25.3,71,0,2023-07-30 09:36:34
7/30/2023,9:36:41,25.3,71,0,2023-07-30 09:36:41
7/30/2023,9:36:45,25.3,71,0,2023-07-30 09:36:45
7/30/2023,9:36:50,25.3,71,0,2023-07-30 09:36:50
7/30/2023,9:36:54,25.3,71,0,2023-07-30 09:36:54
7/30/2023,9:36:59,25.3,71,0,2023-07-30 09:36:59
7/30/2023,9:37:03,25.3,71,0,2023-07-30 09:37:03
7/30/2023,9:37:07,25.3,71,0,2023-07-30 09:37:07
7/30/2023,9:37:12,25.3,71,0,2023-07-30 09:37:12
7/30/2023,9:37:16,25.3,71,0,2023-07-30 09:37:16
7/30/2023,9:37:21,25.3,71,0,2023-07-30 09:37:21
7/30/2023,9:37:25,25.3,71,0,2023-07-30 09:37:25
7/30/2023,9:37:29,25.3,71,0,2023-07-30 09:37:29
7/30/2023,9:37:33,25.3,71,0,2023-07-30 09:37:33
7/30/2023,9:37:38,25.3,71,0,2023-07-30 09:37:38
7/30/2023,9:37:42,25.3,71,0,2023-07-30 09:37:42
7/30/2023,9:37:47,25.3,71,0,2023-07-30 09:37:47
7/30/2023,9:37:51,25.3,71,0,2023-07-30 09:37:51
7/30/2023,9:37:56,25.3,71,0,2023-07-30 09:37:56
7/30/2023,9:38:01,25.3,71,0,2023-07-30 09:38:01
7/30/2023,9:38:05,25.3,71,0,2023-07-30 09:38:05
7/30/2023,9:38:09,25.3,71,0,2023-07-30 09:38:09
7/30/2023,9:38:14,25.3,71,0,2023-07-30 09:38:14
7/30/2023,9:38:18,25.3,71,0,2023-07-30 09:38:18
7/30/2023,9:38:22,25.3,71,0,2023-07-30 09:38:22
7/30/2023,9:38:27,25.3,71,0,2023-07-30 09:38:27
7/30/2023,9:38:31,25.3,71,0,2023-07-30 09:38:31
7/30/2023,9:38:36,25.3,71,0,2023-07-30 09:38:36
7/30/2023,9:38:40,25.3,71,0,2023-07-30 09:38:40
7/30/2023,9:38:44,25.3,71,0,2023-07-30 09:38:44
7/30/2023,9:38:48,25.3,71,0,2023-07-30 09:38:48
7/30/2023,9:38:53,25.3,71,0,2023-07-30 09:38:53
7/30/2023,9:38:57,25.3,71,0,2023-07-30 09:38:57
7/30/2023,9:39:02,25.3,71,0,2023-07-30 09:39:02
7/30/2023,9:39:06,25.3,71,0,2023-07-30 09:39:06
7/30/2023,9:39:10,25.3,71,0,2023-07-30 09:39:10
7/30/2023,9:39:15,25.3,71,0,2023-07-30 09:39:15
7/30/2023,9:39:19,25.3,71,0,2023-07-30 09:39:19
7/30/2023,9:39:23,25.3,71,0,2023-07-30 09:39:23
7/30/2023,9:39:28,25.3,71,0,2023-07-30 09:39:28
7/30/2023,9:39:32,25.3,71,0,2023-07-30 09:39:32
7/30/2023,9:39:36,25.3,71,0,2023-07-30 09:39:36
7/30/2023,9:39:41,25.3,71,0,2023-07-30 09:39:41
7/30/2023,9:39:45,25.3,71,0,2023-07-30 09:39:45
7/30/2023,9:39:50,25.3,71,0,2023-07-30 09:39:50
7/30/2023,9:39:54,25.3,71,0,2023-07-30 09:39:54
7/30/2023,9:39:59,25.3,71,0,2023-07-30 09:39:59
7/30/2023,9:40:03,25.3,71,0,2023-07-30 09:40:03
7/30/2023,9:40:08,25.3,71,0,2023-07-30 09:40:08
7/30/2023,9:40:12,25.3,71,0,2023-07-30 09:40:12
7/30/2023,9:40:16,25.3,71,0,2023-07-30 09:40:16
7/30/2023,9:40:20,25.3,71,0,2023-07-30 09:40:20
7/30/2023,9:40:25,25.3,71,0,2023-07-30 09:40:25
7/30/2023,9:40:29,25.3,71,0,2023-07-30 09:40:29
7/30/2023,9:40:33,25.3,71,0,2023-07-30 09:40:33
7/30/2023,9:40:38,25.3,71,0,2023-07-30 09:40:38
7/30/2023,9:40:42,25.3,71,0,2023-07-30 09:40:42
7/30/2023,9:40:47,25.3,71,0,2023-07-30 09:40:47
7/30/2023,9:40:51,25.3,71,0,2023-07-30 09:40:51
7/30/2023,9:40:56,25.3,71,0,2023-07-30 09:40:56
7/30/2023,9:41:00,25.3,71,0,2023-07-30 09:41:00
7/30/2023,9:41:04,25.3,71,0,2023-07-30 09:41:04
7/30/2023,9:41:09,25.3,71,0,2023-07-30 09:41:09
7/30/2023,9:41:14,25.3,71,0,2023-07-30 09:41:14
7/30/2023,9:41:18,25.3,71,0,2023-07-30 09:41:18
7/30/2023,9:41:23,25.3,71,0,2023-07-30 09:41:23
7/30/2023,9:41:27,25.3,71,0,2023-07-30 09:41:27
7/30/2023,9:41:32,25.3,71,0,2023-07-30 09:41:32
7/30/2023,9:41:36,25.3,71,0,2023-07-30 09:41:36
7/30/2023,9:41:40,25.3,71,0,2023-07-30 09:41:40
7/30/2023,9:41:45,25.3,71,0,2023-07-30 09:41:45
7/30/2023,9:41:49,25.3,71,0,2023-07-30 09:41:49
7/30/2023,9:41:54,25.3,71,0,2023-07-30 09:41:54
7/30/2023,9:41:58,25.3,71,0,2023-07-30 09:41:58
7/30/2023,9:42:03,25.3,71,0,2023-07-30 09:42:03
7/30/2023,9:42:07,25.3,71,0,2023-07-30 09:42:07
7/30/2023,9:42:12,25.3,71,0,2023-07-30 09:42:12
7/30/2023,9:42:16,25.3,71,0,2023-07-30 09:42:16
7/30/2023,9:42:20,25.3,71,0,2023-07-30 09:42:20
7/30/2023,9:42:24,25.3,71,0,2023-07-30 09:42:24
7/30/2023,9:42:28,25.3,71,0,2023-07-30 09:42:28
7/30/2023,9:42:32,25.3,71,0,2023-07-30 09:42:32
7/30/2023,9:42:36,25.3,71,0,2023-07-30 09:42:36
7/30/2023,9:42:40,25.3,71,0,2023-07-30 09:42:40
7/30/2023,9:42:44,25.3,71,4,2023-07-30 09:42:44
7/30/2023,9:42:48,25.3,71,4,2023-07-30 09:42:48
7/30/2023,9:42:52,25.3,71,4,2023-07-30 09:42:52
7/31/2023,6:59:55,25.4,72,0,2023-07-31 06:59:55
7/31/2023,7:00:00,25.4,72,0,2023-07-31 07:00:00
7/31/2023,7:00:09,25.5,72,2,2023-07-31 07:00:09
7/31/2023,7:00:14,25.5,72,4,2023-07-31 07:00:14
7/31/2023,7:00:23,25.5,72,3,2023-07-31 07:00:23
7/31/2023,7:00:32,25.5,72,0,2023-07-31 07:00:32
7/31/2023,7:00:36,25.5,72,0,2023-07-31 07:00:36
7/31/2023,7:00:41,25.5,72,0,2023-07-31 07:00:41
7/31/2023,7:00:45,25.5,72,0,2023-07-31 07:00:45
7/31/2023,7:00:50,25.5,72,0,2023-07-31 07:00:50
7/31/2023,7:00:54,25.5,72,0,2023-07-31 07:00:54
7/31/2023,7:00:59,25.5,72,0,2023-07-31 07:00:59
7/31/2023,7:01:03,25.5,72,0,2023-07-31 07:01:03
7/31/2023,7:01:07,25.5,72,0,2023-07-31 07:01:07
7/31/2023,7:01:11,25.5,72,0,2023-07-31 07:01:11
7/31/2023,7:01:16,25.5,72,0,2023-07-31 07:01:16
7/31/2023,7:01:21,25.5,72,0,2023-07-31 07:01:21
7/31/2023,7:01:27,25.5,72,0,2023-07-31 07:01:27
7/31/2023,7:01:31,25.5,72,0,2023-07-31 07:01:31
7/31/2023,7:01:36,25.5,72,0,2023-07-31 07:01:36
7/31/2023,7:01:40,25.6,72,0,2023-07-31 07:01:40
7/31/2023,7:01:45,25.6,72,0,2023-07-31 07:01:45
7/31/2023,7:01:49,25.6,72,0,2023-07-31 07:01:49
7/31/2023,7:01:53,25.6,72,0,2023-07-31 07:01:53
7/31/2023,7:02:49,25.6,72,0,2023-07-31 07:02:49
7/31/2023,7:02:54,25.6,72,0,2023-07-31 07:02:54
7/31/2023,7:02:59,25.7,73,0,2023-07-31 07:02:59
7/31/2023,7:03:03,25.7,73,0,2023-07-31 07:03:03
7/31/2023,7:03:07,25.7,73,0,2023-07-31 07:03:07
7/31/2023,7:03:11,25.7,73,0,2023-07-31 07:03:11
7/31/2023,7:03:18,25.7,73,0,2023-07-31 07:03:18
7/31/2023,7:03:23,25.7,73,0,2023-07-31 07:03:23
7/31/2023,7:03:28,25.7,73,0,2023-07-31 07:03:28
7/31/2023,7:03:33,25.7,73,0,2023-07-31 07:03:33
7/31/2023,7:03:37,25.8,73,0,2023-07-31 07:03:37
7/31/2023,7:03:42,25.8,73,0,2023-07-31 07:03:42
7/31/2023,7:03:46,25.8,73,0,2023-07-31 07:03:46
7/31/2023,7:03:50,25.8,73,0,2023-07-31 07:03:50
7/31/2023,7:03:55,25.8,73,0,2023-07-31 07:03:55
7/31/2023,7:03:59,25.8,73,0,2023-07-31 07:03:59
7/31/2023,7:04:03,25.8,73,0,2023-07-31 07:04:03
7/31/2023,7:04:08,25.8,73,0,2023-07-31 07:04:08
7/31/2023,7:04:12,25.8,73,0,2023-07-31 07:04:12
7/31/2023,7:04:17,25.8,73,0,2023-07-31 07:04:17
7/31/2023,7:04:21,25.8,73,0,2023-07-31 07:04:21
7/31/2023,7:04:26,25.8,73,0,2023-07-31 07:04:26
7/31/2023,7:04:30,25.8,73,0,2023-07-31 07:04:30
7/31/2023,7:04:34,25.8,73,0,2023-07-31 07:04:34
7/31/2023,7:04:39,25.9,73,0,2023-07-31 07:04:39
7/31/2023,7:04:43,25.9,73,0,2023-07-31 07:04:43
7/31/2023,7:04:48,25.9,73,0,2023-07-31 07:04:48
7/31/2023,7:04:53,25.9,73,0,2023-07-31 07:04:53
7/31/2023,7:04:57,25.9,73,0,2023-07-31 07:04:57
7/31/2023,7:05:02,25.9,73,0,2023-07-31 07:05:02
7/31/2023,7:05:06,25.9,73,0,2023-07-31 07:05:06
7/31/2023,7:05:10,25.9,73,0,2023-07-31 07:05:10
7/31/2023,7:05:15,25.9,73,0,2023-07-31 07:05:15
7/31/2023,7:05:20,25.9,73,0,2023-07-31 07:05:20
7/31/2023,7:05:24,25.9,73,0,2023-07-31 07:05:24
7/31/2023,7:05:29,25.9,73,0,2023-07-31 07:05:29
7/31/2023,7:05:33,25.9,73,0,2023-07-31 07:05:33
7/31/2023,7:05:38,25.9,73,0,2023-07-31 07:05:38
7/31/2023,7:05:42,25.9,73,0,2023-07-31 07:05:42
7/31/2023,7:05:47,25.9,73,0,2023-07-31 07:05:47
7/31/2023,7:05:51,25.9,73,0,2023-07-31 07:05:51
7/31/2023,7:05:55,26.0,73,0,2023-07-31 07:05:55
7/31/2023,7:05:59,26.0,72,0,2023-07-31 07:05:59
7/31/2023,7:06:04,26.0,72,0,2023-07-31 07:06:04
7/31/2023,7:06:08,26.0,72,0,2023-07-31 07:06:08
7/31/2023,7:06:12,26.0,72,0,2023-07-31 07:06:12
7/31/2023,7:06:16,26.0,72,0,2023-07-31 07:06:16
7/31/2023,7:06:21,26.0,72,0,2023-07-31 07:06:21
7/31/2023,7:06:25,26.0,72,0,2023-07-31 07:06:25
7/31/2023,7:06:30,26.0,72,0,2023-07-31 07:06:30
7/31/2023,7:06:34,26.0,72,0,2023-07-31 07:06:34
7/31/2023,7:06:39,26.0,72,0,2023-07-31 07:06:39
7/31/2023,7:06:44,26.0,72,0,2023-07-31 07:06:44
7/31/2023,7:06:48,26.0,72,0,2023-07-31 07:06:48
7/31/2023,7:06:53,26.0,72,0,2023-07-31 07:06:53
7/31/2023,7:06:56,26.0,72,0,2023-07-31 07:06:56
7/31/2023,7:07:01,26.0,72,0,2023-07-31 07:07:01
7/31/2023,7:07:05,26.0,72,0,2023-07-31 07:07:05
7/31/2023,7:07:10,26.0,72,0,2023-07-31 07:07:10
7/31/2023,7:07:14,26.0,72,0,2023-07-31 07:07:14
7/31/2023,7:07:18,26.0,72,0,2023-07-31 07:07:18
7/31/2023,7:07:23,26.0,72,0,2023-07-31 07:07:23
7/31/2023,7:07:27,26.0,72,0,2023-07-31 07:07:27
7/31/2023,7:07:31,26.0,72,0,2023-07-31 07:07:31
7/31/2023,7:07:36,26.0,72,0,2023-07-31 07:07:36
7/31/2023,7:07:41,26.0,72,0,2023-07-31 07:07:41
7/31/2023,7:07:45,26.0,72,0,2023-07-31 07:07:45
7/31/2023,7:07:50,26.0,72,0,2023-07-31 07:07:50
7/31/2023,7:07:54,26.0,72,0,2023-07-31 07:07:54
7/31/2023,7:07:59,26.0,72,0,2023-07-31 07:07:59
7/31/2023,7:08:03,26.0,72,0,2023-07-31 07:08:03
7/31/2023,7:08:08,26.0,72,0,2023-07-31 07:08:08
7/31/2023,7:08:12,26.0,72,0,2023-07-31 07:08:12
7/31/2023,7:08:16,26.0,72,0,2023-07-31 07:08:16
7/31/2023,7:08:20,26.0,72,0,2023-07-31 07:08:20
7/31/2023,7:08:25,26.0,72,0,2023-07-31 07:08:25
7/31/2023,7:08:30,26.0,72,0,2023-07-31 07:08:30
7/31/2023,7:08:34,26.0,72,0,2023-07-31 07:08:34
7/31/2023,7:08:39,26.0,72,0,2023-07-31 07:08:39
7/31/2023,7:08:43,26.0,72,0,2023-07-31 07:08:43
7/31/2023,7:08:47,26.0,72,0,2023-07-31 07:08:47
7/31/2023,7:08:51,26.1,72,0,2023-07-31 07:08:51
7/31/2023,7:08:55,26.1,72,0,2023-07-31 07:08:55
7/31/2023,7:09:00,26.1,72,0,2023-07-31 07:09:00
7/31/2023,7:09:04,26.1,72,0,2023-07-31 07:09:04
7/31/2023,7:09:08,26.0,72,0,2023-07-31 07:09:08
7/31/2023,7:09:13,26.0,72,0,2023-07-31 07:09:13
7/31/2023,7:09:17,26.0,72,0,2023-07-31 07:09:17
7/31/2023,7:09:22,26.0,72,0,2023-07-31 07:09:22
7/31/2023,7:09:26,26.1,72,0,2023-07-31 07:09:26
7/31/2023,7:09:31,26.1,72,0,2023-07-31 07:09:31
7/31/2023,7:09:35,26.0,72,0,2023-07-31 07:09:35
7/31/2023,7:09:40,26.0,72,0,2023-07-31 07:09:40
7/31/2023,7:09:44,26.1,72,0,2023-07-31 07:09:44
7/31/2023,7:09:49,26.0,72,0,2023-07-31 07:09:49
7/31/2023,7:09:53,26.1,72,0,2023-07-31 07:09:53
7/31/2023,7:09:57,26.1,72,0,2023-07-31 07:09:57
7/31/2023,7:10:02,26.0,72,0,2023-07-31 07:10:02
7/31/2023,7:10:07,26.0,72,0,2023-07-31 07:10:07
7/31/2023,7:10:11,26.1,72,0,2023-07-31 07:10:11
7/31/2023,7:10:16,26.0,72,0,2023-07-31 07:10:16
7/31/2023,7:10:20,26.0,72,0,2023-07-31 07:10:20
7/31/2023,7:10:25,26.0,72,0,2023-07-31 07:10:25
7/31/2023,7:10:29,26.0,72,0,2023-07-31 07:10:29
7/31/2023,7:10:34,26.0,72,0,2023-07-31 07:10:34
7/31/2023,7:10:39,26.0,72,0,2023-07-31 07:10:39
7/31/2023,7:10:43,26.0,72,0,2023-07-31 07:10:43
7/31/2023,7:10:48,26.0,72,0,2023-07-31 07:10:48
7/31/2023,7:10:53,26.0,72,0,2023-07-31 07:10:53
7/31/2023,7:10:57,26.0,71,0,2023-07-31 07:10:57
7/31/2023,7:11:02,26.0,71,0,2023-07-31 07:11:02
7/31/2023,7:11:06,26.0,71,0,2023-07-31 07:11:06
7/31/2023,7:11:11,26.0,71,0,2023-07-31 07:11:11
7/31/2023,7:11:16,26.0,71,0,2023-07-31 07:11:16
7/31/2023,7:11:20,26.0,71,0,2023-07-31 07:11:20
7/31/2023,7:11:24,26.0,71,0,2023-07-31 07:11:24
7/31/2023,7:11:29,26.0,71,0,2023-07-31 07:11:29
7/31/2023,7:11:33,26.0,71,0,2023-07-31 07:11:33
7/31/2023,7:11:37,26.0,71,0,2023-07-31 07:11:37
7/31/2023,7:11:41,26.0,71,0,2023-07-31 07:11:41
7/31/2023,7:11:45,26.0,71,0,2023-07-31 07:11:45
7/31/2023,7:11:50,26.0,71,0,2023-07-31 07:11:50
7/31/2023,7:11:54,26.0,71,0,2023-07-31 07:11:54
7/31/2023,7:11:59,26.0,71,0,2023-07-31 07:11:59
7/31/2023,7:12:04,26.0,71,0,2023-07-31 07:12:04
7/31/2023,7:12:08,26.0,71,0,2023-07-31 07:12:08
7/31/2023,7:12:12,26.0,71,0,2023-07-31 07:12:12
7/31/2023,7:12:17,26.0,71,0,2023-07-31 07:12:17
7/31/2023,7:12:21,26.0,71,0,2023-07-31 07:12:21
7/31/2023,7:12:26,26.0,71,0,2023-07-31 07:12:26
7/31/2023,7:12:30,26.0,71,0,2023-07-31 07:12:30
7/31/2023,7:12:34,26.0,71,0,2023-07-31 07:12:34
7/31/2023,7:12:39,26.0,71,0,2023-07-31 07:12:39
7/31/2023,7:12:43,26.0,71,0,2023-07-31 07:12:43
7/31/2023,7:12:48,26.0,71,0,2023-07-31 07:12:48
7/31/2023,7:12:52,26.0,71,0,2023-07-31 07:12:52
7/31/2023,7:12:57,26.0,71,0,2023-07-31 07:12:57
7/31/2023,7:13:01,26.0,71,0,2023-07-31 07:13:01
7/31/2023,7:13:06,26.0,71,0,2023-07-31 07:13:06
7/31/2023,7:13:10,26.0,71,0,2023-07-31 07:13:10
7/31/2023,7:13:14,26.0,71,0,2023-07-31 07:13:14
7/31/2023,7:13:18,26.0,71,0,2023-07-31 07:13:18
7/31/2023,7:13:22,26.0,71,0,2023-07-31 07:13:22
7/31/2023,7:13:27,26.0,71,0,2023-07-31 07:13:27
7/31/2023,7:13:31,26.0,71,0,2023-07-31 07:13:31
7/31/2023,7:13:35,26.0,71,0,2023-07-31 07:13:35
7/31/2023,7:13:39,26.0,71,0,2023-07-31 07:13:39
7/31/2023,7:13:44,26.0,71,0,2023-07-31 07:13:44
7/31/2023,7:13:48,26.0,71,0,2023-07-31 07:13:48
7/31/2023,7:13:53,26.0,71,0,2023-07-31 07:13:53
7/31/2023,7:13:57,26.0,71,0,2023-07-31 07:13:57
7/31/2023,7:14:02,26.0,71,0,2023-07-31 07:14:02
7/31/2023,7:14:06,26.0,71,0,2023-07-31 07:14:06
7/31/2023,7:14:11,26.0,71,0,2023-07-31 07:14:11
7/31/2023,7:14:15,26.0,71,0,2023-07-31 07:14:15
7/31/2023,7:14:19,26.0,71,0,2023-07-31 07:14:19
7/31/2023,7:14:23,26.0,71,0,2023-07-31 07:14:23
7/31/2023,7:14:28,26.0,71,0,2023-07-31 07:14:28
7/31/2023,7:14:33,26.0,71,0,2023-07-31 07:14:33
7/31/2023,7:14:38,26.0,71,0,2023-07-31 07:14:38
7/31/2023,7:14:42,26.0,71,0,2023-07-31 07:14:42
7/31/2023,7:14:46,26.0,71,0,2023-07-31 07:14:46
7/31/2023,7:14:50,26.0,71,0,2023-07-31 07:14:50
7/31/2023,7:14:54,26.0,71,0,2023-07-31 07:14:54
7/31/2023,7:14:58,26.0,71,0,2023-07-31 07:14:58
7/31/2023,7:15:03,26.0,71,0,2023-07-31 07:15:03
7/31/2023,7:15:07,25.9,71,0,2023-07-31 07:15:07
7/31/2023,7:15:11,25.9,71,0,2023-07-31 07:15:11
7/31/2023,7:15:16,26.0,71,0,2023-07-31 07:15:16
7/31/2023,7:15:20,25.9,71,0,2023-07-31 07:15:20
7/31/2023,7:15:26,25.9,71,0,2023-07-31 07:15:26
7/31/2023,7:15:30,25.9,71,0,2023-07-31 07:15:30
7/31/2023,7:15:34,25.9,71,0,2023-07-31 07:15:34
7/31/2023,7:15:39,25.9,71,0,2023-07-31 07:15:39
7/31/2023,7:15:43,25.9,71,0,2023-07-31 07:15:43
7/31/2023,7:15:48,25.9,71,0,2023-07-31 07:15:48
7/31/2023,7:15:53,25.9,71,0,2023-07-31 07:15:53
7/31/2023,7:15:57,25.9,71,0,2023-07-31 07:15:57
7/31/2023,7:16:01,25.9,71,0,2023-07-31 07:16:01
7/31/2023,7:16:06,25.9,71,0,2023-07-31 07:16:06
7/31/2023,7:16:10,25.9,71,0,2023-07-31 07:16:10
7/31/2023,7:16:15,25.9,71,0,2023-07-31 07:16:15
7/31/2023,7:16:19,25.9,71,0,2023-07-31 07:16:19
7/31/2023,7:16:23,25.9,71,0,2023-07-31 07:16:23
7/31/2023,7:16:28,25.9,71,0,2023-07-31 07:16:28
7/31/2023,7:16:32,25.9,71,0,2023-07-31 07:16:32
7/31/2023,7:16:37,25.9,71,0,2023-07-31 07:16:37
7/31/2023,7:16:42,25.9,71,0,2023-07-31 07:16:42
7/31/2023,7:16:47,25.9,71,0,2023-07-31 07:16:47
7/31/2023,7:16:51,25.9,71,0,2023-07-31 07:16:51
7/31/2023,7:16:55,25.9,71,0,2023-07-31 07:16:55
7/31/2023,7:17:00,25.9,71,0,2023-07-31 07:17:00
7/31/2023,7:17:04,25.9,71,0,2023-07-31 07:17:04
7/31/2023,7:17:09,25.9,71,0,2023-07-31 07:17:09
7/31/2023,7:17:13,25.9,71,0,2023-07-31 07:17:13
7/31/2023,7:17:26,25.9,71,0,2023-07-31 07:17:26
7/31/2023,7:17:32,25.9,71,0,2023-07-31 07:17:32
7/31/2023,7:17:37,25.9,71,0,2023-07-31 07:17:37
7/31/2023,7:17:41,25.9,71,0,2023-07-31 07:17:41
7/31/2023,7:17:46,25.9,71,0,2023-07-31 07:17:46
7/31/2023,7:17:50,25.9,71,0,2023-07-31 07:17:50
7/31/2023,7:17:55,25.9,71,0,2023-07-31 07:17:55
7/31/2023,7:18:00,25.9,71,0,2023-07-31 07:18:00
7/31/2023,7:18:04,25.9,71,0,2023-07-31 07:18:04
7/31/2023,7:18:08,25.9,71,0,2023-07-31 07:18:08
7/31/2023,7:18:13,25.9,71,0,2023-07-31 07:18:13
7/31/2023,7:18:17,25.9,71,0,2023-07-31 07:18:17
7/31/2023,7:18:22,25.9,71,0,2023-07-31 07:18:22
7/31/2023,7:18:26,25.9,71,0,2023-07-31 07:18:26
7/31/2023,7:18:30,25.9,71,0,2023-07-31 07:18:30
7/31/2023,7:18:35,25.9,71,0,2023-07-31 07:18:35
7/31/2023,7:18:39,25.9,71,0,2023-07-31 07:18:39
7/31/2023,7:18:43,25.9,71,0,2023-07-31 07:18:43
7/31/2023,7:18:47,25.9,71,0,2023-07-31 07:18:47
7/31/2023,7:18:52,25.9,71,0,2023-07-31 07:18:52
7/31/2023,7:18:56,25.9,71,0,2023-07-31 07:18:56
7/31/2023,7:19:00,25.9,71,0,2023-07-31 07:19:00
7/31/2023,7:19:05,25.9,71,0,2023-07-31 07:19:05
7/31/2023,7:19:09,25.9,71,0,2023-07-31 07:19:09
7/31/2023,7:19:13,25.9,71,0,2023-07-31 07:19:13
7/31/2023,7:19:18,25.9,71,0,2023-07-31 07:19:18
7/31/2023,7:19:22,25.9,71,0,2023-07-31 07:19:22
7/31/2023,7:19:26,25.9,71,0,2023-07-31 07:19:26
7/31/2023,7:19:31,25.9,71,0,2023-07-31 07:19:31
7/31/2023,7:19:36,25.9,71,0,2023-07-31 07:19:36
7/31/2023,7:19:40,25.9,71,0,2023-07-31 07:19:40
7/31/2023,7:19:45,25.9,71,0,2023-07-31 07:19:45
7/31/2023,7:19:49,25.9,71,0,2023-07-31 07:19:49
7/31/2023,7:19:53,25.9,71,0,2023-07-31 07:19:53
7/31/2023,7:19:58,25.9,71,0,2023-07-31 07:19:58
7/31/2023,7:20:03,25.9,71,0,2023-07-31 07:20:03
7/31/2023,7:20:07,25.9,71,0,2023-07-31 07:20:07
7/31/2023,7:20:12,25.9,71,0,2023-07-31 07:20:12
7/31/2023,7:20:16,25.9,71,0,2023-07-31 07:20:16
7/31/2023,7:20:20,25.9,71,0,2023-07-31 07:20:20
7/31/2023,7:20:25,25.9,71,0,2023-07-31 07:20:25
7/31/2023,7:20:30,25.9,71,0,2023-07-31 07:20:30
7/31/2023,7:20:34,25.9,71,0,2023-07-31 07:20:34
7/31/2023,7:20:39,25.9,71,0,2023-07-31 07:20:39
7/31/2023,7:20:43,25.8,71,0,2023-07-31 07:20:43
7/31/2023,7:20:47,25.9,71,0,2023-07-31 07:20:47
7/31/2023,7:20:51,25.8,71,0,2023-07-31 07:20:51
7/31/2023,7:20:55,25.9,71,0,2023-07-31 07:20:55
7/31/2023,7:20:59,25.9,71,0,2023-07-31 07:20:59
7/31/2023,7:21:04,25.9,71,0,2023-07-31 07:21:04
7/31/2023,7:21:08,25.8,71,0,2023-07-31 07:21:08
7/31/2023,7:21:12,25.8,71,0,2023-07-31 07:21:12
7/31/2023,7:21:17,25.8,71,0,2023-07-31 07:21:17
7/31/2023,7:21:21,25.8,71,0,2023-07-31 07:21:21
7/31/2023,7:21:26,25.8,71,0,2023-07-31 07:21:26
7/31/2023,7:21:31,25.8,71,0,2023-07-31 07:21:31
7/31/2023,7:21:35,25.8,71,0,2023-07-31 07:21:35
7/31/2023,7:21:39,25.8,71,0,2023-07-31 07:21:39
7/31/2023,7:21:44,25.8,71,0,2023-07-31 07:21:44
7/31/2023,7:21:48,25.8,71,0,2023-07-31 07:21:48
7/31/2023,7:21:53,25.8,71,0,2023-07-31 07:21:53
7/31/2023,7:21:57,25.8,71,0,2023-07-31 07:21:57
7/31/2023,7:22:02,25.8,71,0,2023-07-31 07:22:02
7/31/2023,7:22:06,25.8,71,0,2023-07-31 07:22:06
7/31/2023,7:22:11,25.8,71,0,2023-07-31 07:22:11
7/31/2023,7:22:15,25.8,71,0,2023-07-31 07:22:15
7/31/2023,7:22:20,25.8,71,0,2023-07-31 07:22:20
7/31/2023,7:22:24,25.8,71,0,2023-07-31 07:22:24
7/31/2023,7:22:29,25.8,71,0,2023-07-31 07:22:29
7/31/2023,7:22:33,25.8,71,0,2023-07-31 07:22:33
7/31/2023,7:22:37,25.8,71,0,2023-07-31 07:22:37
7/31/2023,7:22:42,25.8,71,0,2023-07-31 07:22:42
7/31/2023,7:22:47,25.8,71,0,2023-07-31 07:22:47
7/31/2023,7:22:51,25.8,71,0,2023-07-31 07:22:51
7/31/2023,7:22:55,25.8,71,0,2023-07-31 07:22:55
7/31/2023,7:23:00,25.8,71,0,2023-07-31 07:23:00
7/31/2023,7:23:04,25.8,71,0,2023-07-31 07:23:04
7/31/2023,7:23:09,25.8,71,0,2023-07-31 07:23:09
7/31/2023,7:23:13,25.8,71,0,2023-07-31 07:23:13
7/31/2023,7:23:17,25.8,71,0,2023-07-31 07:23:17
7/31/2023,7:23:22,25.8,71,0,2023-07-31 07:23:22
7/31/2023,7:23:26,25.8,71,0,2023-07-31 07:23:26
7/31/2023,7:23:30,25.8,71,0,2023-07-31 07:23:30
7/31/2023,7:23:34,25.8,71,0,2023-07-31 07:23:34
7/31/2023,7:23:39,25.8,71,0,2023-07-31 07:23:39
7/31/2023,7:23:43,25.8,71,0,2023-07-31 07:23:43
7/31/2023,7:23:48,25.8,71,0,2023-07-31 07:23:48
7/31/2023,7:23:52,25.8,71,0,2023-07-31 07:23:52
7/31/2023,7:23:56,25.8,71,0,2023-07-31 07:23:56
7/31/2023,7:24:01,25.8,71,0,2023-07-31 07:24:01
7/31/2023,7:24:05,25.8,71,0,2023-07-31 07:24:05
7/31/2023,7:24:10,25.8,71,0,2023-07-31 07:24:10
7/31/2023,7:24:14,25.8,71,0,2023-07-31 07:24:14
7/31/2023,7:24:19,25.8,71,0,2023-07-31 07:24:19
7/31/2023,7:24:24,25.8,71,0,2023-07-31 07:24:24
7/31/2023,7:24:28,25.8,71,0,2023-07-31 07:24:28
7/31/2023,7:24:33,25.8,71,0,2023-07-31 07:24:33
7/31/2023,7:24:38,25.8,71,0,2023-07-31 07:24:38
7/31/2023,7:24:44,25.8,71,0,2023-07-31 07:24:44
7/31/2023,7:24:48,25.8,71,0,2023-07-31 07:24:48
7/31/2023,7:24:53,25.9,71,0,2023-07-31 07:24:53
7/31/2023,7:24:58,25.9,71,0,2023-07-31 07:24:58
7/31/2023,7:25:02,25.9,71,0,2023-07-31 07:25:02
7/31/2023,7:25:06,25.9,71,0,2023-07-31 07:25:06
7/31/2023,7:25:11,25.9,71,0,2023-07-31 07:25:11
7/31/2023,7:25:15,25.9,71,0,2023-07-31 07:25:15
7/31/2023,7:25:19,25.9,71,0,2023-07-31 07:25:19
7/31/2023,7:25:25,25.9,71,0,2023-07-31 07:25:25
7/31/2023,7:41:30,26.3,70,0,2023-07-31 07:41:30
7/31/2023,7:41:34,26.3,70,0,2023-07-31 07:41:34
7/31/2023,7:41:39,26.3,70,0,2023-07-31 07:41:39
7/31/2023,7:41:43,26.3,70,0,2023-07-31 07:41:43
7/31/2023,7:41:48,26.3,70,0,2023-07-31 07:41:48
7/31/2023,7:41:52,26.3,70,0,2023-07-31 07:41:52
7/31/2023,7:41:56,26.3,70,0,2023-07-31 07:41:56
7/31/2023,7:42:00,26.3,70,0,2023-07-31 07:42:00
7/31/2023,7:42:05,26.3,70,4,2023-07-31 07:42:05
7/31/2023,7:42:10,26.3,70,4,2023-07-31 07:42:10
7/31/2023,7:42:14,26.3,70,4,2023-07-31 07:42:14
7/31/2023,7:42:18,26.3,70,4,2023-07-31 07:42:18
7/31/2023,7:42:23,26.3,70,4,2023-07-31 07:42:23
7/31/2023,7:42:32,26.3,70,0,2023-07-31 07:42:32
7/31/2023,7:42:36,26.3,70,0,2023-07-31 07:42:36
7/31/2023,7:42:41,26.3,70,0,2023-07-31 07:42:41
7/31/2023,7:42:45,26.3,70,0,2023-07-31 07:42:45
7/31/2023,7:42:49,26.3,70,0,2023-07-31 07:42:49
7/31/2023,7:42:54,26.3,70,0,2023-07-31 07:42:54
7/31/2023,7:42:59,26.3,70,0,2023-07-31 07:42:59
7/31/2023,7:43:03,26.3,70,0,2023-07-31 07:43:03
7/31/2023,7:43:07,26.3,70,0,2023-07-31 07:43:07
7/31/2023,7:43:12,26.4,70,0,2023-07-31 07:43:12
7/31/2023,7:43:16,26.4,70,0,2023-07-31 07:43:16
7/31/2023,7:43:21,26.4,70,0,2023-07-31 07:43:21
7/31/2023,7:43:25,26.4,70,0,2023-07-31 07:43:25
7/31/2023,7:43:29,26.4,70,0,2023-07-31 07:43:29
7/31/2023,7:43:33,26.4,70,0,2023-07-31 07:43:33
7/31/2023,7:43:37,26.4,70,0,2023-07-31 07:43:37
7/31/2023,7:43:42,26.4,70,0,2023-07-31 07:43:42
7/31/2023,7:43:46,26.4,70,0,2023-07-31 07:43:46
7/31/2023,7:43:51,26.4,70,0,2023-07-31 07:43:51
7/31/2023,7:43:55,26.4,70,0,2023-07-31 07:43:55
7/31/2023,7:44:00,26.4,70,0,2023-07-31 07:44:00
7/31/2023,7:44:04,26.4,70,0,2023-07-31 07:44:04
7/31/2023,7:44:09,26.4,70,0,2023-07-31 07:44:09
7/31/2023,7:44:13,26.4,70,0,2023-07-31 07:44:13
7/31/2023,7:44:17,26.4,70,0,2023-07-31 07:44:17
7/31/2023,7:44:21,26.5,70,0,2023-07-31 07:44:21
7/31/2023,7:44:26,26.5,70,0,2023-07-31 07:44:26
7/31/2023,7:44:30,26.5,70,0,2023-07-31 07:44:30
7/31/2023,7:44:35,26.5,70,0,2023-07-31 07:44:35
7/31/2023,7:44:39,26.5,70,0,2023-07-31 07:44:39
7/31/2023,7:44:43,26.5,69,0,2023-07-31 07:44:43
7/31/2023,7:44:47,26.5,69,0,2023-07-31 07:44:47
7/31/2023,7:44:51,26.5,69,0,2023-07-31 07:44:51
7/31/2023,7:44:56,26.5,69,0,2023-07-31 07:44:56
7/31/2023,7:45:00,26.5,69,0,2023-07-31 07:45:00
7/31/2023,7:45:04,26.5,69,0,2023-07-31 07:45:04
7/31/2023,7:45:09,26.5,69,0,2023-07-31 07:45:09
7/31/2023,7:45:13,26.5,69,0,2023-07-31 07:45:13
7/31/2023,7:45:18,26.5,69,0,2023-07-31 07:45:18
7/31/2023,7:45:22,26.5,69,0,2023-07-31 07:45:22
7/31/2023,7:45:27,26.5,69,0,2023-07-31 07:45:27
7/31/2023,7:45:32,26.5,69,0,2023-07-31 07:45:32
7/31/2023,7:45:36,26.5,69,0,2023-07-31 07:45:36
7/31/2023,7:45:40,26.5,69,0,2023-07-31 07:45:40
7/31/2023,7:45:44,26.5,69,0,2023-07-31 07:45:44
7/31/2023,7:45:49,26.5,69,0,2023-07-31 07:45:49
7/31/2023,7:45:54,26.5,69,0,2023-07-31 07:45:54
7/31/2023,7:45:58,26.5,69,0,2023-07-31 07:45:58
7/31/2023,7:46:02,26.5,69,0,2023-07-31 07:46:02
7/31/2023,7:46:06,26.5,69,0,2023-07-31 07:46:06
7/31/2023,7:46:11,26.5,69,0,2023-07-31 07:46:11
7/31/2023,7:46:15,26.5,69,0,2023-07-31 07:46:15
7/31/2023,7:46:20,26.5,69,0,2023-07-31 07:46:20
7/31/2023,7:46:24,26.5,69,0,2023-07-31 07:46:24
7/31/2023,7:46:29,26.5,69,0,2023-07-31 07:46:29
7/31/2023,7:46:33,26.5,69,0,2023-07-31 07:46:33
7/31/2023,7:46:38,26.5,69,0,2023-07-31 07:46:38
7/31/2023,7:46:43,26.5,69,0,2023-07-31 07:46:43
7/31/2023,7:46:47,26.5,69,0,2023-07-31 07:46:47
7/31/2023,7:46:51,26.5,69,0,2023-07-31 07:46:51
7/31/2023,7:46:56,26.5,69,0,2023-07-31 07:46:56
7/31/2023,7:47:00,26.5,69,0,2023-07-31 07:47:00
7/31/2023,7:47:04,26.5,69,0,2023-07-31 07:47:04
7/31/2023,7:47:09,26.5,69,0,2023-07-31 07:47:09
7/31/2023,7:47:13,26.5,69,0,2023-07-31 07:47:13
7/31/2023,7:47:18,26.5,69,0,2023-07-31 07:47:18
7/31/2023,7:47:22,26.5,69,0,2023-07-31 07:47:22
7/31/2023,7:47:27,26.5,70,0,2023-07-31 07:47:27
7/31/2023,7:47:31,26.5,69,0,2023-07-31 07:47:31
7/31/2023,7:47:36,26.5,70,0,2023-07-31 07:47:36
7/31/2023,7:47:41,26.5,69,0,2023-07-31 07:47:41
7/31/2023,7:47:46,26.5,70,1,2023-07-31 07:47:46
7/31/2023,7:47:50,26.5,70,1,2023-07-31 07:47:50
7/31/2023,7:47:54,26.5,69,1,2023-07-31 07:47:54
7/31/2023,7:48:03,26.5,70,0,2023-07-31 07:48:03
7/31/2023,7:48:08,26.5,70,0,2023-07-31 07:48:08
7/31/2023,7:48:12,26.5,69,5,2023-07-31 07:48:12
7/31/2023,7:48:17,26.5,69,1,2023-07-31 07:48:17
7/31/2023,7:48:25,26.5,69,0,2023-07-31 07:48:25
7/31/2023,7:48:30,26.5,69,1,2023-07-31 07:48:30
7/31/2023,7:48:34,26.5,69,1,2023-07-31 07:48:34
7/31/2023,7:48:38,26.5,69,1,2023-07-31 07:48:38
7/31/2023,7:48:43,26.5,69,1,2023-07-31 07:48:43
7/31/2023,7:48:47,26.5,69,1,2023-07-31 07:48:47
7/31/2023,7:48:51,26.5,69,1,2023-07-31 07:48:51
7/31/2023,7:48:56,26.6,69,1,2023-07-31 07:48:56
7/31/2023,7:49:00,26.6,69,1,2023-07-31 07:49:00
7/31/2023,7:49:09,26.6,69,2,2023-07-31 07:49:09
7/31/2023,7:49:14,26.6,69,2,2023-07-31 07:49:14
7/31/2023,7:49:18,26.6,69,2,2023-07-31 07:49:18
7/31/2023,7:49:22,26.6,69,2,2023-07-31 07:49:22
7/31/2023,7:49:27,26.6,69,2,2023-07-31 07:49:27
7/31/2023,7:49:32,26.6,69,2,2023-07-31 07:49:32
7/31/2023,7:49:36,26.6,69,1,2023-07-31 07:49:36
7/31/2023,7:49:40,26.6,69,1,2023-07-31 07:49:40
7/31/2023,7:49:45,26.6,69,1,2023-07-31 07:49:45
7/31/2023,7:49:49,26.6,69,1,2023-07-31 07:49:49
7/31/2023,7:49:53,26.6,69,1,2023-07-31 07:49:53
7/31/2023,7:49:58,26.6,68,1,2023-07-31 07:49:58
7/31/2023,7:50:07,26.6,68,0,2023-07-31 07:50:07
7/31/2023,7:50:12,26.6,68,0,2023-07-31 07:50:12
7/31/2023,7:50:16,26.6,68,0,2023-07-31 07:50:16
7/31/2023,7:50:20,26.6,68,0,2023-07-31 07:50:20
7/31/2023,7:50:24,26.7,68,0,2023-07-31 07:50:24
7/31/2023,7:50:28,26.7,68,0,2023-07-31 07:50:28
7/31/2023,7:50:33,26.7,68,0,2023-07-31 07:50:33
7/31/2023,7:50:38,26.7,68,0,2023-07-31 07:50:38
7/31/2023,7:50:42,26.7,68,0,2023-07-31 07:50:42
7/31/2023,7:50:46,26.7,68,0,2023-07-31 07:50:46
7/31/2023,7:50:51,26.7,68,0,2023-07-31 07:50:51
7/31/2023,7:50:56,26.7,68,0,2023-07-31 07:50:56
7/31/2023,7:51:00,26.7,68,0,2023-07-31 07:51:00
7/31/2023,7:51:05,26.7,68,0,2023-07-31 07:51:05
7/31/2023,7:51:10,26.6,68,0,2023-07-31 07:51:10
7/31/2023,7:51:14,26.7,68,0,2023-07-31 07:51:14
7/31/2023,7:51:18,26.6,68,0,2023-07-31 07:51:18
7/31/2023,7:51:23,26.7,68,0,2023-07-31 07:51:23
7/31/2023,7:51:27,26.6,68,0,2023-07-31 07:51:27
7/31/2023,7:51:32,26.6,68,0,2023-07-31 07:51:32
7/31/2023,7:51:38,26.6,69,0,2023-07-31 07:51:38
7/31/2023,7:51:42,26.6,69,0,2023-07-31 07:51:42
7/31/2023,7:51:48,26.7,69,0,2023-07-31 07:51:48
7/31/2023,7:51:52,26.7,69,0,2023-07-31 07:51:52
7/31/2023,7:51:56,26.7,70,0,2023-07-31 07:51:56
7/31/2023,7:52:01,26.7,70,0,2023-07-31 07:52:01
7/31/2023,7:52:05,26.7,69,0,2023-07-31 07:52:05
7/31/2023,7:52:10,26.7,69,0,2023-07-31 07:52:10
7/31/2023,7:52:14,26.7,69,0,2023-07-31 07:52:14
7/31/2023,7:52:18,26.7,69,0,2023-07-31 07:52:18
7/31/2023,7:52:23,26.7,69,0,2023-07-31 07:52:23
7/31/2023,7:52:27,26.7,69,0,2023-07-31 07:52:27
7/31/2023,7:52:32,26.7,69,0,2023-07-31 07:52:32
7/31/2023,7:52:36,26.7,69,0,2023-07-31 07:52:36
7/31/2023,7:52:40,26.7,69,0,2023-07-31 07:52:40
7/31/2023,7:52:44,26.7,69,0,2023-07-31 07:52:44
7/31/2023,7:52:49,26.7,69,0,2023-07-31 07:52:49
7/31/2023,7:52:53,26.7,69,0,2023-07-31 07:52:53
7/31/2023,7:52:58,26.7,69,0,2023-07-31 07:52:58
7/31/2023,7:53:02,26.7,69,0,2023-07-31 07:53:02
7/31/2023,7:53:07,26.7,69,0,2023-07-31 07:53:07
7/31/2023,7:53:11,26.7,69,0,2023-07-31 07:53:11
7/31/2023,7:53:15,26.7,69,0,2023-07-31 07:53:15
7/31/2023,7:53:19,26.7,69,0,2023-07-31 07:53:19
7/31/2023,7:53:23,26.7,69,0,2023-07-31 07:53:23
7/31/2023,7:53:28,26.7,69,0,2023-07-31 07:53:28
7/31/2023,7:53:32,26.6,69,0,2023-07-31 07:53:32
7/31/2023,7:53:36,26.7,69,0,2023-07-31 07:53:36
7/31/2023,7:53:40,26.7,69,0,2023-07-31 07:53:40
7/31/2023,7:53:45,26.7,69,0,2023-07-31 07:53:45
7/31/2023,7:53:49,26.6,69,0,2023-07-31 07:53:49
7/31/2023,7:53:53,26.6,69,0,2023-07-31 07:53:53
7/31/2023,7:53:57,26.6,69,0,2023-07-31 07:53:57
7/31/2023,7:54:01,26.6,69,0,2023-07-31 07:54:01
7/31/2023,7:54:05,26.6,69,0,2023-07-31 07:54:05
7/31/2023,7:54:09,26.6,69,0,2023-07-31 07:54:09
7/31/2023,7:54:14,26.6,69,0,2023-07-31 07:54:14
7/31/2023,7:54:22,26.6,69,0,2023-07-31 07:54:22
7/31/2023,7:54:26,26.6,69,0,2023-07-31 07:54:26
7/31/2023,7:54:30,26.6,69,0,2023-07-31 07:54:30
7/31/2023,7:54:35,26.6,69,0,2023-07-31 07:54:35
7/31/2023,7:54:39,26.6,69,0,2023-07-31 07:54:39
7/31/2023,7:54:42,26.6,69,0,2023-07-31 07:54:42
7/31/2023,7:54:47,26.6,69,0,2023-07-31 07:54:47
7/31/2023,7:54:51,26.6,69,0,2023-07-31 07:54:51
7/31/2023,7:54:55,26.6,69,0,2023-07-31 07:54:55
7/31/2023,7:55:00,26.6,68,0,2023-07-31 07:55:00
7/31/2023,7:55:04,26.6,68,0,2023-07-31 07:55:04
7/31/2023,7:55:08,26.6,69,0,2023-07-31 07:55:08
7/31/2023,7:55:13,26.6,68,0,2023-07-31 07:55:13
7/31/2023,7:55:17,26.6,68,0,2023-07-31 07:55:17
7/31/2023,7:55:22,26.6,69,0,2023-07-31 07:55:22
7/31/2023,7:55:26,26.6,69,0,2023-07-31 07:55:26
7/31/2023,7:55:30,26.6,69,0,2023-07-31 07:55:30
7/31/2023,7:55:34,26.6,69,0,2023-07-31 07:55:34
7/31/2023,7:55:39,26.6,69,0,2023-07-31 07:55:39
7/31/2023,7:55:44,26.6,69,0,2023-07-31 07:55:44
7/31/2023,7:55:48,26.6,69,0,2023-07-31 07:55:48
7/31/2023,7:55:52,26.6,69,0,2023-07-31 07:55:52
7/31/2023,7:55:57,26.6,69,0,2023-07-31 07:55:57
7/31/2023,7:56:01,26.6,69,0,2023-07-31 07:56:01
7/31/2023,7:56:05,26.5,69,0,2023-07-31 07:56:05
7/31/2023,7:56:10,26.5,69,0,2023-07-31 07:56:10
7/31/2023,7:56:14,26.5,69,0,2023-07-31 07:56:14
7/31/2023,7:56:19,26.5,69,0,2023-07-31 07:56:19
7/31/2023,7:56:23,26.5,69,0,2023-07-31 07:56:23
7/31/2023,7:56:27,26.5,69,0,2023-07-31 07:56:27
7/31/2023,7:56:32,26.5,69,0,2023-07-31 07:56:32
7/31/2023,7:56:36,26.5,69,0,2023-07-31 07:56:36
7/31/2023,7:56:40,26.5,69,0,2023-07-31 07:56:40
7/31/2023,7:56:45,26.5,69,0,2023-07-31 07:56:45
7/31/2023,7:56:49,26.5,69,0,2023-07-31 07:56:49
7/31/2023,7:56:53,26.5,69,0,2023-07-31 07:56:53
7/31/2023,7:56:58,26.5,69,0,2023-07-31 07:56:58
7/31/2023,7:57:02,26.5,69,0,2023-07-31 07:57:02
7/31/2023,7:57:06,26.5,69,0,2023-07-31 07:57:06
7/31/2023,7:57:15,26.5,69,0,2023-07-31 07:57:15
7/31/2023,7:57:19,26.5,69,0,2023-07-31 07:57:19
7/31/2023,7:57:24,26.4,69,0,2023-07-31 07:57:24
7/31/2023,7:57:28,26.4,69,0,2023-07-31 07:57:28
7/31/2023,7:57:33,26.4,69,0,2023-07-31 07:57:33
7/31/2023,7:57:37,26.4,69,0,2023-07-31 07:57:37
7/31/2023,7:57:42,26.4,69,0,2023-07-31 07:57:42
7/31/2023,7:57:46,26.4,69,0,2023-07-31 07:57:46
7/31/2023,7:57:50,26.4,69,0,2023-07-31 07:57:50
7/31/2023,7:57:55,26.4,69,0,2023-07-31 07:57:55
7/31/2023,7:58:00,26.4,69,0,2023-07-31 07:58:00
7/31/2023,7:58:04,26.4,69,0,2023-07-31 07:58:04
7/31/2023,7:58:09,26.4,69,0,2023-07-31 07:58:09
7/31/2023,7:58:13,26.4,69,0,2023-07-31 07:58:13
7/31/2023,7:58:18,26.4,69,0,2023-07-31 07:58:18
7/31/2023,7:58:22,26.4,69,0,2023-07-31 07:58:22
7/31/2023,7:58:26,26.4,69,0,2023-07-31 07:58:26
7/31/2023,7:58:31,26.4,69,0,2023-07-31 07:58:31
7/31/2023,7:58:36,26.4,69,0,2023-07-31 07:58:36
7/31/2023,7:58:40,26.4,69,0,2023-07-31 07:58:40
7/31/2023,7:58:44,26.4,69,0,2023-07-31 07:58:44
7/31/2023,7:58:54,26.4,70,3,2023-07-31 07:58:54
7/31/2023,7:58:58,26.4,70,4,2023-07-31 07:58:58
7/31/2023,7:59:03,26.4,70,4,2023-07-31 07:59:03
7/31/2023,7:59:07,26.4,70,4,2023-07-31 07:59:07
7/31/2023,7:59:11,26.4,70,4,2023-07-31 07:59:11
7/31/2023,7:59:16,26.4,70,4,2023-07-31 07:59:16
7/31/2023,7:59:21,26.4,70,4,2023-07-31 07:59:21
7/31/2023,7:59:25,26.4,70,4,2023-07-31 07:59:25
7/31/2023,7:59:30,26.5,70,4,2023-07-31 07:59:30
7/31/2023,7:59:34,26.5,70,5,2023-07-31 07:59:34
7/31/2023,7:59:43,26.5,70,0,2023-07-31 07:59:43
7/31/2023,7:59:48,26.5,69,0,2023-07-31 07:59:48
7/31/2023,7:59:52,26.5,70,0,2023-07-31 07:59:52
7/31/2023,7:59:56,26.5,70,0,2023-07-31 07:59:56
7/31/2023,8:00:00,26.5,70,0,2023-07-31 08:00:00
7/31/2023,8:00:05,26.5,70,0,2023-07-31 08:00:05
7/31/2023,8:00:09,26.6,70,0,2023-07-31 08:00:09
7/31/2023,8:00:14,26.6,70,0,2023-07-31 08:00:14
7/31/2023,8:00:18,26.6,70,0,2023-07-31 08:00:18
7/31/2023,8:00:22,26.5,70,0,2023-07-31 08:00:22
8/1/2023,8:13:01,25.5,71,0,2023-08-01 08:13:01
8/1/2023,8:13:05,25.5,71,0,2023-08-01 08:13:05
8/1/2023,8:13:10,25.5,71,0,2023-08-01 08:13:10
8/1/2023,8:13:14,25.5,71,0,2023-08-01 08:13:14
8/1/2023,8:13:18,25.5,71,0,2023-08-01 08:13:18
8/1/2023,8:13:25,25.5,71,0,2023-08-01 08:13:25
8/1/2023,8:13:30,25.5,71,0,2023-08-01 08:13:30
8/1/2023,8:13:34,25.5,71,0,2023-08-01 08:13:34
8/1/2023,8:13:38,25.5,71,0,2023-08-01 08:13:38
8/1/2023,8:13:42,25.5,71,0,2023-08-01 08:13:42
8/1/2023,8:13:47,25.5,71,0,2023-08-01 08:13:47
8/1/2023,8:13:52,25.5,71,0,2023-08-01 08:13:52
8/1/2023,8:13:57,25.5,71,0,2023-08-01 08:13:57
8/1/2023,8:14:02,25.5,71,0,2023-08-01 08:14:02
8/1/2023,8:14:07,25.5,71,0,2023-08-01 08:14:07
8/1/2023,8:14:11,25.5,71,0,2023-08-01 08:14:11
8/1/2023,8:14:15,25.5,71,0,2023-08-01 08:14:15
8/1/2023,8:14:19,25.6,71,0,2023-08-01 08:14:19
8/1/2023,8:14:23,25.6,71,0,2023-08-01 08:14:23
8/1/2023,8:14:28,25.6,71,0,2023-08-01 08:14:28
8/1/2023,8:14:32,25.6,71,0,2023-08-01 08:14:32
8/1/2023,8:14:36,25.6,71,0,2023-08-01 08:14:36
8/1/2023,8:14:41,25.6,71,0,2023-08-01 08:14:41
8/1/2023,8:14:45,25.6,71,0,2023-08-01 08:14:45
8/1/2023,8:14:49,25.6,71,0,2023-08-01 08:14:49
8/1/2023,8:14:54,25.6,71,0,2023-08-01 08:14:54
8/1/2023,8:14:59,25.6,71,0,2023-08-01 08:14:59
8/1/2023,8:15:04,25.6,71,0,2023-08-01 08:15:04
8/1/2023,8:15:09,25.6,71,0,2023-08-01 08:15:09
8/1/2023,8:15:13,25.6,71,0,2023-08-01 08:15:13
8/1/2023,8:15:17,25.6,71,0,2023-08-01 08:15:17
8/1/2023,8:15:22,25.6,71,0,2023-08-01 08:15:22
8/1/2023,8:15:26,25.6,71,0,2023-08-01 08:15:26
8/1/2023,8:15:31,25.6,71,0,2023-08-01 08:15:31
8/1/2023,8:15:35,25.6,71,0,2023-08-01 08:15:35
8/1/2023,8:15:39,25.6,71,0,2023-08-01 08:15:39
8/1/2023,8:15:44,25.6,71,0,2023-08-01 08:15:44
8/1/2023,8:15:48,25.6,71,0,2023-08-01 08:15:48
8/1/2023,8:15:53,25.6,71,0,2023-08-01 08:15:53
8/1/2023,8:15:57,25.6,71,0,2023-08-01 08:15:57
8/1/2023,8:16:02,25.6,71,0,2023-08-01 08:16:02
8/1/2023,8:16:06,25.6,71,0,2023-08-01 08:16:06
8/1/2023,8:16:10,25.6,71,0,2023-08-01 08:16:10
8/1/2023,8:16:15,25.6,71,0,2023-08-01 08:16:15
8/1/2023,8:16:19,25.6,71,0,2023-08-01 08:16:19
8/1/2023,8:16:24,25.6,71,0,2023-08-01 08:16:24
8/1/2023,8:16:28,25.6,71,0,2023-08-01 08:16:28
8/1/2023,8:16:32,25.6,71,0,2023-08-01 08:16:32
8/1/2023,8:16:37,25.6,71,0,2023-08-01 08:16:37
8/1/2023,8:16:41,25.6,71,0,2023-08-01 08:16:41
8/1/2023,8:16:46,25.6,71,0,2023-08-01 08:16:46
8/1/2023,8:16:50,25.6,71,0,2023-08-01 08:16:50
8/1/2023,8:16:55,25.6,71,0,2023-08-01 08:16:55
8/1/2023,8:16:59,25.6,71,0,2023-08-01 08:16:59
8/1/2023,8:17:03,25.6,71,0,2023-08-01 08:17:03
8/1/2023,8:17:08,25.6,71,0,2023-08-01 08:17:08
8/1/2023,8:17:12,25.6,71,0,2023-08-01 08:17:12
8/1/2023,8:17:17,25.6,71,0,2023-08-01 08:17:17
8/1/2023,8:17:26,25.6,71,0,2023-08-01 08:17:26
8/1/2023,8:17:30,25.7,71,0,2023-08-01 08:17:30
8/1/2023,8:17:35,25.6,71,0,2023-08-01 08:17:35
8/1/2023,8:17:39,25.7,71,0,2023-08-01 08:17:39
8/1/2023,8:17:44,25.7,71,0,2023-08-01 08:17:44
8/1/2023,8:17:49,25.7,71,0,2023-08-01 08:17:49
8/1/2023,8:17:54,25.7,71,0,2023-08-01 08:17:54
8/1/2023,8:17:58,25.7,71,0,2023-08-01 08:17:58
8/1/2023,8:18:03,25.7,71,0,2023-08-01 08:18:03
8/1/2023,8:18:07,25.7,71,0,2023-08-01 08:18:07
8/1/2023,8:18:12,25.7,71,0,2023-08-01 08:18:12
8/1/2023,8:18:16,25.7,71,0,2023-08-01 08:18:16
8/1/2023,8:18:20,25.7,71,0,2023-08-01 08:18:20
8/1/2023,8:18:25,25.7,71,0,2023-08-01 08:18:25
8/1/2023,8:18:30,25.7,71,0,2023-08-01 08:18:30
8/1/2023,8:18:34,25.7,71,0,2023-08-01 08:18:34
8/1/2023,8:18:39,25.7,71,0,2023-08-01 08:18:39
8/1/2023,8:18:43,25.7,71,0,2023-08-01 08:18:43
8/1/2023,8:18:48,25.7,71,0,2023-08-01 08:18:48
8/1/2023,8:18:52,25.7,71,0,2023-08-01 08:18:52
8/1/2023,8:19:13,25.7,71,0,2023-08-01 08:19:13
8/1/2023,8:19:17,25.7,71,0,2023-08-01 08:19:17
8/1/2023,8:19:21,25.8,71,0,2023-08-01 08:19:21
8/1/2023,8:19:28,25.8,72,0,2023-08-01 08:19:28
8/1/2023,8:19:32,25.8,72,0,2023-08-01 08:19:32
8/1/2023,8:19:38,25.7,71,0,2023-08-01 08:19:38
8/1/2023,8:19:43,25.7,71,0,2023-08-01 08:19:43
8/1/2023,8:19:47,25.8,71,0,2023-08-01 08:19:47
8/1/2023,8:19:52,25.8,71,0,2023-08-01 08:19:52
8/1/2023,8:19:56,25.7,71,0,2023-08-01 08:19:56
8/1/2023,8:20:01,25.7,71,0,2023-08-01 08:20:01
8/1/2023,8:20:05,25.8,71,0,2023-08-01 08:20:05
8/1/2023,8:20:11,25.8,71,0,2023-08-01 08:20:11
8/1/2023,8:20:15,25.8,71,0,2023-08-01 08:20:15
8/1/2023,8:20:20,25.8,71,0,2023-08-01 08:20:20
8/1/2023,8:20:25,25.9,72,0,2023-08-01 08:20:25
8/1/2023,8:20:34,25.7,71,2,2023-08-01 08:20:34
8/1/2023,8:20:38,25.8,71,0,2023-08-01 08:20:38
8/1/2023,8:20:43,25.8,71,2,2023-08-01 08:20:43
8/1/2023,8:20:47,25.8,71,0,2023-08-01 08:20:47
8/1/2023,8:20:51,25.8,71,0,2023-08-01 08:20:51
8/1/2023,8:20:55,25.8,71,0,2023-08-01 08:20:55
8/1/2023,8:20:59,25.8,71,0,2023-08-01 08:20:59
8/1/2023,8:21:04,25.8,71,0,2023-08-01 08:21:04
8/1/2023,8:21:11,25.8,71,0,2023-08-01 08:21:11
8/1/2023,8:21:15,25.8,71,0,2023-08-01 08:21:15
8/1/2023,8:21:20,25.8,71,0,2023-08-01 08:21:20
8/1/2023,8:21:25,25.8,71,0,2023-08-01 08:21:25
8/1/2023,8:21:32,25.9,71,0,2023-08-01 08:21:32
8/1/2023,8:21:37,25.9,71,0,2023-08-01 08:21:37
8/1/2023,8:21:41,25.9,71,0,2023-08-01 08:21:41
8/1/2023,8:21:45,25.9,71,0,2023-08-01 08:21:45
8/1/2023,8:21:50,25.9,71,0,2023-08-01 08:21:50
8/1/2023,8:21:54,25.9,71,0,2023-08-01 08:21:54
8/1/2023,8:21:58,25.9,71,0,2023-08-01 08:21:58
8/1/2023,8:22:02,25.9,71,0,2023-08-01 08:22:02
8/1/2023,8:22:07,25.9,71,0,2023-08-01 08:22:07
8/1/2023,8:22:11,25.9,71,0,2023-08-01 08:22:11
8/1/2023,8:22:15,25.9,71,6,2023-08-01 08:22:15
8/1/2023,8:22:19,25.9,71,6,2023-08-01 08:22:19
8/1/2023,8:22:24,25.9,71,5,2023-08-01 08:22:24
8/1/2023,8:22:30,25.9,71,5,2023-08-01 08:22:30
8/1/2023,8:22:37,26.0,71,4,2023-08-01 08:22:37
8/1/2023,8:22:46,26.0,71,0,2023-08-01 08:22:46
8/1/2023,8:22:50,26.0,71,0,2023-08-01 08:22:50
8/1/2023,8:22:55,26.1,71,0,2023-08-01 08:22:55
8/1/2023,8:22:59,26.1,71,0,2023-08-01 08:22:59
8/1/2023,8:23:03,26.1,71,0,2023-08-01 08:23:03
8/1/2023,8:23:07,26.1,71,0,2023-08-01 08:23:07
8/1/2023,8:23:11,26.1,71,0,2023-08-01 08:23:11
8/1/2023,8:23:16,26.1,71,0,2023-08-01 08:23:16
8/1/2023,8:23:20,26.1,71,0,2023-08-01 08:23:20
8/1/2023,8:23:24,26.1,71,0,2023-08-01 08:23:24
8/1/2023,8:23:28,26.1,71,0,2023-08-01 08:23:28
8/1/2023,8:23:32,26.1,71,0,2023-08-01 08:23:32
8/1/2023,8:23:36,26.1,71,0,2023-08-01 08:23:36
8/1/2023,8:23:41,26.1,71,0,2023-08-01 08:23:41
8/1/2023,8:23:46,26.1,71,0,2023-08-01 08:23:46
8/1/2023,8:23:50,26.1,71,0,2023-08-01 08:23:50
8/1/2023,8:23:54,26.1,70,0,2023-08-01 08:23:54
8/1/2023,8:23:58,26.1,70,0,2023-08-01 08:23:58
8/1/2023,8:24:03,26.1,70,0,2023-08-01 08:24:03
8/1/2023,8:24:07,26.1,70,0,2023-08-01 08:24:07
8/1/2023,8:24:11,26.1,70,0,2023-08-01 08:24:11
8/1/2023,8:24:16,26.1,70,0,2023-08-01 08:24:16
8/1/2023,8:24:20,26.1,70,0,2023-08-01 08:24:20
8/1/2023,8:24:24,26.1,70,0,2023-08-01 08:24:24
8/1/2023,8:24:28,26.1,70,0,2023-08-01 08:24:28
8/1/2023,8:24:32,26.1,70,0,2023-08-01 08:24:32
8/1/2023,8:24:37,26.1,70,0,2023-08-01 08:24:37
8/1/2023,8:24:41,26.1,70,0,2023-08-01 08:24:41
8/1/2023,8:24:45,26.1,70,0,2023-08-01 08:24:45
8/1/2023,8:24:49,26.1,70,0,2023-08-01 08:24:49
8/1/2023,8:24:53,26.1,70,0,2023-08-01 08:24:53
8/1/2023,8:24:58,26.1,70,0,2023-08-01 08:24:58
8/1/2023,8:25:02,26.1,70,0,2023-08-01 08:25:02
8/1/2023,8:25:06,26.1,70,0,2023-08-01 08:25:06
8/1/2023,8:25:10,26.1,70,0,2023-08-01 08:25:10
8/1/2023,8:25:14,26.1,70,0,2023-08-01 08:25:14
8/1/2023,8:25:18,26.1,70,0,2023-08-01 08:25:18
8/1/2023,8:25:22,26.1,70,0,2023-08-01 08:25:22
8/1/2023,8:25:26,26.1,70,0,2023-08-01 08:25:26
8/1/2023,8:25:30,26.1,70,0,2023-08-01 08:25:30
8/1/2023,8:25:34,26.1,70,0,2023-08-01 08:25:34
8/1/2023,8:25:38,26.1,70,0,2023-08-01 08:25:38
8/1/2023,8:25:43,26.1,70,0,2023-08-01 08:25:43
8/1/2023,8:25:47,26.1,70,0,2023-08-01 08:25:47
8/1/2023,8:25:51,26.1,70,0,2023-08-01 08:25:51
8/1/2023,8:25:55,26.1,70,0,2023-08-01 08:25:55
8/1/2023,8:25:59,26.1,70,0,2023-08-01 08:25:59
8/1/2023,8:26:04,26.1,70,0,2023-08-01 08:26:04
8/1/2023,8:26:08,26.1,70,0,2023-08-01 08:26:08
8/1/2023,8:26:12,26.1,70,0,2023-08-01 08:26:12
8/1/2023,8:26:16,26.1,70,0,2023-08-01 08:26:16
8/1/2023,8:26:20,26.1,70,0,2023-08-01 08:26:20
8/1/2023,8:26:24,26.1,70,0,2023-08-01 08:26:24
8/1/2023,8:26:28,26.1,70,0,2023-08-01 08:26:28
8/1/2023,8:26:32,26.1,70,0,2023-08-01 08:26:32
8/1/2023,8:26:36,26.1,70,0,2023-08-01 08:26:36
8/1/2023,8:26:41,26.2,70,0,2023-08-01 08:26:41
8/1/2023,8:26:45,26.1,70,0,2023-08-01 08:26:45
8/1/2023,8:26:50,26.1,70,0,2023-08-01 08:26:50
8/1/2023,8:26:54,26.1,70,1,2023-08-01 08:26:54
8/1/2023,8:26:58,26.1,70,1,2023-08-01 08:26:58
8/1/2023,8:27:03,26.1,70,1,2023-08-01 08:27:03
8/1/2023,8:27:07,26.1,70,1,2023-08-01 08:27:07
8/1/2023,8:27:16,26.1,70,0,2023-08-01 08:27:16
8/1/2023,8:27:20,26.1,70,0,2023-08-01 08:27:20
8/1/2023,8:27:24,26.1,70,0,2023-08-01 08:27:24
8/1/2023,8:27:29,26.1,70,0,2023-08-01 08:27:29
8/1/2023,8:27:33,26.1,70,0,2023-08-01 08:27:33
8/1/2023,8:27:37,26.1,70,0,2023-08-01 08:27:37
8/1/2023,8:27:42,26.1,70,0,2023-08-01 08:27:42
8/1/2023,8:27:46,26.1,70,0,2023-08-01 08:27:46
8/1/2023,8:27:52,26.1,70,0,2023-08-01 08:27:52
8/1/2023,8:27:56,26.1,70,0,2023-08-01 08:27:56
8/1/2023,8:28:00,26.1,70,0,2023-08-01 08:28:00
8/1/2023,8:28:04,26.1,70,0,2023-08-01 08:28:04
8/1/2023,8:28:09,26.1,70,0,2023-08-01 08:28:09
8/1/2023,8:28:13,26.1,70,0,2023-08-01 08:28:13
8/1/2023,8:28:17,26.1,70,0,2023-08-01 08:28:17
8/1/2023,8:28:21,26.1,70,0,2023-08-01 08:28:21
8/1/2023,8:28:25,26.1,70,0,2023-08-01 08:28:25
8/1/2023,8:28:30,26.1,70,0,2023-08-01 08:28:30
8/1/2023,8:28:34,26.1,70,0,2023-08-01 08:28:34
8/1/2023,8:28:38,26.1,70,0,2023-08-01 08:28:38
8/1/2023,8:28:42,26.1,70,0,2023-08-01 08:28:42
8/1/2023,8:28:46,26.1,70,0,2023-08-01 08:28:46
8/1/2023,8:28:50,26.1,70,0,2023-08-01 08:28:50
8/1/2023,8:28:54,26.1,70,0,2023-08-01 08:28:54
8/1/2023,8:28:58,26.1,70,0,2023-08-01 08:28:58
8/1/2023,8:29:03,26.1,70,0,2023-08-01 08:29:03
8/1/2023,8:29:07,26.1,70,0,2023-08-01 08:29:07
8/1/2023,8:29:11,26.1,70,0,2023-08-01 08:29:11
8/1/2023,8:29:15,26.1,70,0,2023-08-01 08:29:15
8/1/2023,8:29:19,26.1,70,0,2023-08-01 08:29:19
8/1/2023,8:29:24,26.1,70,0,2023-08-01 08:29:24
8/1/2023,8:29:28,26.1,70,0,2023-08-01 08:29:28
8/1/2023,8:29:32,26.1,70,0,2023-08-01 08:29:32
8/1/2023,8:29:36,26.1,70,0,2023-08-01 08:29:36
8/1/2023,8:29:40,26.1,70,0,2023-08-01 08:29:40
8/1/2023,8:29:44,26.1,70,0,2023-08-01 08:29:44
8/1/2023,8:29:48,26.1,70,0,2023-08-01 08:29:48
8/1/2023,8:29:54,26.1,70,0,2023-08-01 08:29:54
8/1/2023,8:29:59,26.1,70,0,2023-08-01 08:29:59
8/1/2023,8:30:03,26.1,70,0,2023-08-01 08:30:03
8/1/2023,8:30:07,26.1,70,0,2023-08-01 08:30:07
8/1/2023,8:30:11,26.1,70,0,2023-08-01 08:30:11
8/1/2023,8:30:15,26.1,70,0,2023-08-01 08:30:15
8/1/2023,8:30:19,26.1,70,0,2023-08-01 08:30:19
8/1/2023,8:30:24,26.1,70,0,2023-08-01 08:30:24
8/1/2023,8:30:28,26.1,70,0,2023-08-01 08:30:28
8/1/2023,8:30:33,26.1,70,0,2023-08-01 08:30:33
8/1/2023,8:30:44,26.1,70,0,2023-08-01 08:30:44
8/1/2023,8:30:48,26.1,70,0,2023-08-01 08:30:48
8/1/2023,8:30:52,26.1,70,0,2023-08-01 08:30:52
8/1/2023,8:30:57,26.1,70,0,2023-08-01 08:30:57
8/1/2023,8:31:01,26.1,70,0,2023-08-01 08:31:01
8/1/2023,8:31:05,26.1,70,0,2023-08-01 08:31:05
8/1/2023,8:31:09,26.1,70,0,2023-08-01 08:31:09
8/1/2023,8:31:13,26.1,70,0,2023-08-01 08:31:13
8/1/2023,8:31:18,26.1,70,0,2023-08-01 08:31:18
8/1/2023,8:31:22,26.1,70,0,2023-08-01 08:31:22
8/1/2023,8:31:26,26.1,70,0,2023-08-01 08:31:26
8/1/2023,8:31:31,26.1,70,0,2023-08-01 08:31:31
8/1/2023,8:31:36,26.1,70,0,2023-08-01 08:31:36
8/1/2023,8:31:40,26.1,70,0,2023-08-01 08:31:40
8/1/2023,8:31:45,26.1,70,0,2023-08-01 08:31:45
8/1/2023,8:31:49,26.1,70,0,2023-08-01 08:31:49
8/1/2023,8:31:53,26.0,70,0,2023-08-01 08:31:53
8/1/2023,8:31:57,26.0,70,0,2023-08-01 08:31:57
8/1/2023,8:32:01,26.0,70,0,2023-08-01 08:32:01
8/1/2023,8:32:05,26.0,70,0,2023-08-01 08:32:05
8/1/2023,8:32:09,26.0,70,0,2023-08-01 08:32:09
8/1/2023,8:32:13,26.0,70,0,2023-08-01 08:32:13
8/1/2023,8:32:18,26.0,70,0,2023-08-01 08:32:18
8/1/2023,8:32:22,26.0,70,0,2023-08-01 08:32:22
8/1/2023,8:32:26,26.0,70,0,2023-08-01 08:32:26
8/1/2023,8:32:31,26.0,70,0,2023-08-01 08:32:31
8/1/2023,8:32:35,26.0,70,0,2023-08-01 08:32:35
8/1/2023,8:32:39,26.0,70,0,2023-08-01 08:32:39
8/1/2023,8:32:43,26.0,70,0,2023-08-01 08:32:43
8/1/2023,8:32:47,26.0,70,0,2023-08-01 08:32:47
8/1/2023,8:32:52,26.0,70,0,2023-08-01 08:32:52
8/1/2023,8:32:56,26.0,70,0,2023-08-01 08:32:56
8/1/2023,8:33:01,26.0,70,0,2023-08-01 08:33:01
8/1/2023,8:33:05,26.0,70,0,2023-08-01 08:33:05
8/1/2023,8:33:09,26.0,70,0,2023-08-01 08:33:09
8/1/2023,8:33:13,26.0,70,0,2023-08-01 08:33:13
8/1/2023,8:33:17,26.0,70,0,2023-08-01 08:33:17
8/1/2023,8:33:22,26.0,70,0,2023-08-01 08:33:22
8/1/2023,8:33:26,26.0,70,0,2023-08-01 08:33:26
8/1/2023,8:33:30,26.0,70,0,2023-08-01 08:33:30
8/1/2023,8:33:35,26.0,70,0,2023-08-01 08:33:35
8/1/2023,8:33:39,26.0,70,0,2023-08-01 08:33:39
8/1/2023,8:33:43,26.0,70,0,2023-08-01 08:33:43
8/1/2023,8:33:47,26.0,70,0,2023-08-01 08:33:47
8/1/2023,8:33:51,26.0,70,0,2023-08-01 08:33:51
8/1/2023,8:33:55,26.0,70,0,2023-08-01 08:33:55
8/1/2023,8:34:00,26.0,70,0,2023-08-01 08:34:00
8/1/2023,8:34:04,26.0,70,0,2023-08-01 08:34:04
8/1/2023,8:34:08,26.0,70,0,2023-08-01 08:34:08
8/1/2023,8:34:12,26.0,70,0,2023-08-01 08:34:12
8/1/2023,8:34:16,26.0,70,0,2023-08-01 08:34:16
8/1/2023,8:34:21,26.0,70,0,2023-08-01 08:34:21
8/1/2023,8:34:25,26.0,70,0,2023-08-01 08:34:25
8/1/2023,8:34:29,26.0,70,0,2023-08-01 08:34:29
8/1/2023,8:34:33,26.0,70,0,2023-08-01 08:34:33
8/1/2023,8:34:37,26.0,70,0,2023-08-01 08:34:37
8/1/2023,8:34:42,26.0,70,0,2023-08-01 08:34:42
8/1/2023,8:34:46,26.0,70,0,2023-08-01 08:34:46
8/1/2023,8:34:50,26.0,70,0,2023-08-01 08:34:50
8/1/2023,8:34:54,26.0,70,0,2023-08-01 08:34:54
8/1/2023,8:34:58,26.0,70,0,2023-08-01 08:34:58
8/1/2023,8:35:02,26.0,70,0,2023-08-01 08:35:02
8/1/2023,8:35:06,26.0,70,0,2023-08-01 08:35:06
8/1/2023,8:35:11,26.0,70,0,2023-08-01 08:35:11
8/1/2023,8:35:15,26.0,70,0,2023-08-01 08:35:15
8/1/2023,8:35:20,26.0,70,0,2023-08-01 08:35:20
8/1/2023,8:35:24,26.0,70,0,2023-08-01 08:35:24
8/1/2023,8:35:28,26.0,70,0,2023-08-01 08:35:28
8/1/2023,8:35:33,26.0,70,0,2023-08-01 08:35:33
8/1/2023,8:35:37,26.0,70,0,2023-08-01 08:35:37
8/1/2023,8:35:41,26.0,70,0,2023-08-01 08:35:41
8/1/2023,8:35:46,26.0,70,0,2023-08-01 08:35:46
8/1/2023,8:35:50,26.0,70,0,2023-08-01 08:35:50
8/1/2023,8:35:54,26.0,70,0,2023-08-01 08:35:54
8/1/2023,8:35:59,26.0,70,0,2023-08-01 08:35:59
8/1/2023,8:36:03,26.0,70,0,2023-08-01 08:36:03
8/1/2023,8:36:07,26.0,70,0,2023-08-01 08:36:07
8/1/2023,8:36:11,26.0,70,0,2023-08-01 08:36:11
8/1/2023,8:36:15,26.0,70,0,2023-08-01 08:36:15
8/1/2023,8:36:19,26.0,70,0,2023-08-01 08:36:19
8/1/2023,8:36:24,26.0,70,0,2023-08-01 08:36:24
8/1/2023,8:36:28,26.0,70,0,2023-08-01 08:36:28
8/1/2023,8:36:34,26.0,70,0,2023-08-01 08:36:34
8/1/2023,8:36:39,26.0,70,0,2023-08-01 08:36:39
8/1/2023,8:36:43,26.0,70,0,2023-08-01 08:36:43
8/1/2023,8:36:48,26.0,70,0,2023-08-01 08:36:48
8/1/2023,8:36:52,26.0,70,0,2023-08-01 08:36:52
8/1/2023,8:36:56,26.0,70,0,2023-08-01 08:36:56
8/1/2023,8:37:01,26.0,70,0,2023-08-01 08:37:01
8/1/2023,8:37:05,26.0,70,0,2023-08-01 08:37:05
8/1/2023,8:37:09,26.0,70,0,2023-08-01 08:37:09
8/1/2023,8:37:13,26.0,70,0,2023-08-01 08:37:13
8/1/2023,8:37:17,26.0,70,0,2023-08-01 08:37:17
8/1/2023,8:37:21,26.0,70,0,2023-08-01 08:37:21
8/1/2023,8:37:26,26.0,70,0,2023-08-01 08:37:26
8/1/2023,8:37:31,26.0,70,0,2023-08-01 08:37:31
8/1/2023,8:37:35,26.0,70,0,2023-08-01 08:37:35
8/1/2023,8:37:39,26.0,70,0,2023-08-01 08:37:39
8/1/2023,8:37:44,26.0,70,0,2023-08-01 08:37:44
8/1/2023,8:37:48,26.0,70,0,2023-08-01 08:37:48
8/1/2023,8:37:52,26.0,70,0,2023-08-01 08:37:52
8/1/2023,8:37:57,26.0,70,0,2023-08-01 08:37:57
8/1/2023,8:38:01,26.0,70,0,2023-08-01 08:38:01
8/1/2023,8:38:05,26.0,70,0,2023-08-01 08:38:05
8/1/2023,8:38:09,26.0,70,0,2023-08-01 08:38:09
8/1/2023,8:39:02,26.0,70,0,2023-08-01 08:39:02
8/1/2023,8:39:07,26.0,70,0,2023-08-01 08:39:07
8/1/2023,8:39:11,25.9,70,0,2023-08-01 08:39:11
8/1/2023,8:39:15,25.9,70,0,2023-08-01 08:39:15
8/1/2023,8:39:20,25.9,70,0,2023-08-01 08:39:20
8/1/2023,8:39:24,25.9,70,0,2023-08-01 08:39:24
8/1/2023,8:39:28,25.9,70,0,2023-08-01 08:39:28
8/1/2023,8:39:33,25.9,70,0,2023-08-01 08:39:33
8/1/2023,8:39:37,25.9,70,0,2023-08-01 08:39:37
8/1/2023,8:39:42,25.9,70,0,2023-08-01 08:39:42
8/1/2023,8:39:47,25.9,70,0,2023-08-01 08:39:47
8/1/2023,8:39:52,25.9,70,0,2023-08-01 08:39:52
8/1/2023,8:40:00,25.9,70,0,2023-08-01 08:40:00
8/1/2023,8:40:05,25.9,70,0,2023-08-01 08:40:05
8/1/2023,8:40:10,25.9,70,0,2023-08-01 08:40:10
8/1/2023,8:40:14,25.9,70,0,2023-08-01 08:40:14
8/1/2023,8:40:19,25.9,70,0,2023-08-01 08:40:19
8/1/2023,8:40:24,25.9,70,0,2023-08-01 08:40:24
8/1/2023,8:40:28,25.9,70,0,2023-08-01 08:40:28
8/1/2023,8:40:33,25.9,70,0,2023-08-01 08:40:33
8/1/2023,8:40:38,25.9,70,0,2023-08-01 08:40:38
8/1/2023,8:40:42,25.9,70,0,2023-08-01 08:40:42
8/1/2023,8:40:47,25.9,70,0,2023-08-01 08:40:47
8/1/2023,8:40:51,25.9,70,0,2023-08-01 08:40:51
8/1/2023,8:40:55,25.9,70,0,2023-08-01 08:40:55
8/1/2023,8:40:59,25.9,70,0,2023-08-01 08:40:59
8/1/2023,8:41:04,25.9,70,0,2023-08-01 08:41:04
8/1/2023,8:41:09,25.9,70,0,2023-08-01 08:41:09
8/1/2023,8:41:13,25.9,70,0,2023-08-01 08:41:13
8/1/2023,8:41:18,25.9,70,0,2023-08-01 08:41:18
8/1/2023,8:41:22,25.9,70,0,2023-08-01 08:41:22
8/1/2023,8:41:26,25.9,70,0,2023-08-01 08:41:26
8/1/2023,8:41:31,25.9,70,0,2023-08-01 08:41:31
8/1/2023,8:41:36,25.9,70,0,2023-08-01 08:41:36
8/1/2023,8:41:41,25.9,70,0,2023-08-01 08:41:41
8/1/2023,8:41:45,25.9,70,0,2023-08-01 08:41:45
8/1/2023,8:41:50,25.9,70,0,2023-08-01 08:41:50
8/1/2023,8:41:55,25.9,70,0,2023-08-01 08:41:55
8/1/2023,8:41:59,25.9,70,0,2023-08-01 08:41:59
8/1/2023,8:42:03,25.9,70,0,2023-08-01 08:42:03
8/1/2023,8:42:08,25.9,70,0,2023-08-01 08:42:08
8/1/2023,8:42:13,25.9,70,0,2023-08-01 08:42:13
8/1/2023,8:42:18,25.9,70,0,2023-08-01 08:42:18
8/1/2023,8:42:23,25.9,70,0,2023-08-01 08:42:23
8/1/2023,8:42:27,25.9,70,0,2023-08-01 08:42:27
8/1/2023,8:42:31,25.9,70,0,2023-08-01 08:42:31
8/1/2023,8:42:36,25.9,70,0,2023-08-01 08:42:36
8/1/2023,8:42:40,25.9,70,0,2023-08-01 08:42:40
8/1/2023,8:42:45,25.9,70,0,2023-08-01 08:42:45
8/1/2023,8:42:49,25.9,70,0,2023-08-01 08:42:49
8/1/2023,8:42:53,25.9,70,0,2023-08-01 08:42:53
8/1/2023,8:42:58,25.9,70,0,2023-08-01 08:42:58
8/1/2023,8:43:03,25.9,70,0,2023-08-01 08:43:03
8/1/2023,8:43:07,25.9,70,0,2023-08-01 08:43:07
8/1/2023,8:43:11,25.9,70,0,2023-08-01 08:43:11
8/1/2023,8:43:16,25.9,70,0,2023-08-01 08:43:16
8/1/2023,8:43:20,25.9,70,0,2023-08-01 08:43:20
8/1/2023,8:43:24,25.9,70,0,2023-08-01 08:43:24
8/1/2023,8:43:29,25.9,70,0,2023-08-01 08:43:29
8/1/2023,8:43:34,25.9,70,0,2023-08-01 08:43:34
8/1/2023,8:43:38,25.9,70,0,2023-08-01 08:43:38
8/1/2023,8:43:45,25.9,70,0,2023-08-01 08:43:45
8/1/2023,8:43:50,25.9,70,0,2023-08-01 08:43:50
8/1/2023,8:43:55,25.9,70,0,2023-08-01 08:43:55
8/1/2023,8:44:00,25.9,70,0,2023-08-01 08:44:00
8/1/2023,8:44:04,25.9,70,0,2023-08-01 08:44:04
8/1/2023,8:44:08,25.9,70,0,2023-08-01 08:44:08
8/1/2023,8:44:13,25.9,70,0,2023-08-01 08:44:13
8/1/2023,8:44:18,25.9,70,0,2023-08-01 08:44:18
8/1/2023,8:44:23,25.9,70,0,2023-08-01 08:44:23
8/1/2023,8:44:27,25.9,70,0,2023-08-01 08:44:27
8/1/2023,8:44:31,25.9,70,0,2023-08-01 08:44:31
8/1/2023,8:44:35,25.9,70,0,2023-08-01 08:44:35
8/1/2023,8:44:40,25.9,70,0,2023-08-01 08:44:40
8/1/2023,8:44:45,25.9,70,0,2023-08-01 08:44:45
8/1/2023,8:44:49,25.9,70,1,2023-08-01 08:44:49
8/1/2023,8:44:58,25.9,70,0,2023-08-01 08:44:58
8/1/2023,8:45:04,25.9,70,7,2023-08-01 08:45:04
8/1/2023,8:45:13,26.0,70,0,2023-08-01 08:45:13
8/1/2023,8:45:17,25.9,70,1,2023-08-01 08:45:17
8/1/2023,8:45:21,26.0,70,1,2023-08-01 08:45:21
8/1/2023,8:45:25,25.9,70,1,2023-08-01 08:45:25
8/1/2023,8:45:29,26.0,70,1,2023-08-01 08:45:29
8/1/2023,8:45:38,26.0,71,2,2023-08-01 08:45:38
8/1/2023,8:45:42,26.0,71,1,2023-08-01 08:45:42
8/1/2023,8:45:46,26.0,71,1,2023-08-01 08:45:46
8/1/2023,8:45:51,26.0,70,1,2023-08-01 08:45:51
8/1/2023,8:46:00,26.0,70,2,2023-08-01 08:46:00
8/1/2023,8:46:04,26.0,70,2,2023-08-01 08:46:04
8/1/2023,8:46:09,26.0,70,2,2023-08-01 08:46:09
8/1/2023,8:46:13,26.0,70,2,2023-08-01 08:46:13
8/1/2023,8:46:17,26.0,70,1,2023-08-01 08:46:17
8/1/2023,8:46:21,26.0,70,1,2023-08-01 08:46:21
8/1/2023,8:46:29,26.0,70,2,2023-08-01 08:46:29
8/1/2023,8:46:34,26.0,70,2,2023-08-01 08:46:34
8/1/2023,8:46:38,26.0,70,1,2023-08-01 08:46:38
8/1/2023,8:46:42,26.0,70,1,2023-08-01 08:46:42
8/1/2023,8:46:52,26.0,70,2,2023-08-01 08:46:52
8/1/2023,8:46:56,26.0,70,2,2023-08-01 08:46:56
8/1/2023,8:47:00,26.0,70,1,2023-08-01 08:47:00
8/1/2023,8:47:04,26.0,70,1,2023-08-01 08:47:04
8/1/2023,8:47:13,26.0,70,2,2023-08-01 08:47:13
8/1/2023,8:47:22,26.0,70,0,2023-08-01 08:47:22
8/1/2023,8:47:26,26.0,70,0,2023-08-01 08:47:26
8/1/2023,8:47:31,26.0,70,0,2023-08-01 08:47:31
8/1/2023,8:47:35,26.0,70,0,2023-08-01 08:47:35
8/1/2023,8:47:39,26.0,70,0,2023-08-01 08:47:39
8/1/2023,8:47:44,26.0,70,0,2023-08-01 08:47:44
8/1/2023,8:47:48,26.0,70,0,2023-08-01 08:47:48
8/1/2023,8:47:52,26.0,70,0,2023-08-01 08:47:52
8/1/2023,8:47:57,26.0,70,0,2023-08-01 08:47:57
8/1/2023,8:48:01,26.0,70,0,2023-08-01 08:48:01
8/1/2023,8:48:05,26.0,70,0,2023-08-01 08:48:05
8/1/2023,8:48:10,26.0,70,0,2023-08-01 08:48:10
8/1/2023,8:48:14,26.0,70,0,2023-08-01 08:48:14
8/1/2023,8:48:18,26.0,70,0,2023-08-01 08:48:18
8/1/2023,8:48:23,26.0,70,0,2023-08-01 08:48:23
8/1/2023,8:48:27,26.0,70,0,2023-08-01 08:48:27
8/1/2023,8:48:32,26.0,70,0,2023-08-01 08:48:32
8/1/2023,8:48:36,26.0,70,0,2023-08-01 08:48:36
8/1/2023,8:48:41,26.0,70,0,2023-08-01 08:48:41
8/1/2023,8:48:45,26.0,70,0,2023-08-01 08:48:45
8/1/2023,8:48:50,26.0,70,0,2023-08-01 08:48:50
8/1/2023,8:48:54,26.0,70,0,2023-08-01 08:48:54
8/1/2023,8:48:59,26.0,70,0,2023-08-01 08:48:59
8/1/2023,8:49:04,26.1,70,0,2023-08-01 08:49:04
8/2/2023,7:49:26,25.4,71,0,2023-08-02 07:49:26
8/2/2023,7:49:31,25.4,71,0,2023-08-02 07:49:31
8/2/2023,7:49:35,25.5,71,0,2023-08-02 07:49:35
8/2/2023,7:49:40,25.5,71,0,2023-08-02 07:49:40
8/2/2023,7:49:44,25.5,71,0,2023-08-02 07:49:44
8/2/2023,7:49:49,25.5,71,0,2023-08-02 07:49:49
8/2/2023,7:49:53,25.5,71,0,2023-08-02 07:49:53
8/2/2023,7:49:57,25.5,71,0,2023-08-02 07:49:57
8/2/2023,7:50:01,25.5,71,0,2023-08-02 07:50:01
8/2/2023,7:50:06,25.5,71,0,2023-08-02 07:50:06
8/2/2023,7:50:10,25.5,71,0,2023-08-02 07:50:10
8/2/2023,7:50:15,25.5,71,0,2023-08-02 07:50:15
8/2/2023,7:50:19,25.5,71,0,2023-08-02 07:50:19
8/2/2023,7:50:24,25.5,71,0,2023-08-02 07:50:24
8/2/2023,7:50:28,25.5,71,0,2023-08-02 07:50:28
8/2/2023,7:50:33,25.5,71,0,2023-08-02 07:50:33
8/2/2023,7:50:37,25.5,71,0,2023-08-02 07:50:37
8/2/2023,7:50:41,25.5,71,0,2023-08-02 07:50:41
8/2/2023,7:50:46,25.5,71,0,2023-08-02 07:50:46
8/2/2023,7:50:50,25.6,71,0,2023-08-02 07:50:50
8/2/2023,7:50:54,25.6,71,0,2023-08-02 07:50:54
8/2/2023,7:50:59,25.6,71,0,2023-08-02 07:50:59
8/2/2023,7:51:03,25.6,71,0,2023-08-02 07:51:03
8/2/2023,7:51:08,25.6,71,0,2023-08-02 07:51:08
8/2/2023,7:51:12,25.6,71,0,2023-08-02 07:51:12
8/2/2023,7:51:17,25.6,71,0,2023-08-02 07:51:17
8/2/2023,7:51:21,25.6,71,0,2023-08-02 07:51:21
8/2/2023,7:51:25,25.6,71,0,2023-08-02 07:51:25
8/2/2023,7:51:30,25.6,71,0,2023-08-02 07:51:30
8/2/2023,7:51:34,25.6,71,0,2023-08-02 07:51:34
8/2/2023,7:51:38,25.6,71,0,2023-08-02 07:51:38
8/2/2023,7:51:43,25.6,71,0,2023-08-02 07:51:43
8/2/2023,7:51:48,25.6,71,0,2023-08-02 07:51:48
8/2/2023,7:51:52,25.6,71,0,2023-08-02 07:51:52
8/2/2023,7:51:57,25.6,71,0,2023-08-02 07:51:57
8/2/2023,7:52:01,25.6,71,0,2023-08-02 07:52:01
8/2/2023,7:52:06,25.6,71,0,2023-08-02 07:52:06
8/2/2023,7:52:10,25.6,71,0,2023-08-02 07:52:10
8/2/2023,7:52:14,25.6,71,0,2023-08-02 07:52:14
8/2/2023,7:52:19,25.6,71,0,2023-08-02 07:52:19
8/2/2023,7:52:23,25.6,71,0,2023-08-02 07:52:23
8/2/2023,7:52:27,25.6,71,0,2023-08-02 07:52:27
8/2/2023,7:52:32,25.7,71,0,2023-08-02 07:52:32
8/2/2023,7:52:37,25.7,71,0,2023-08-02 07:52:37
8/2/2023,7:52:41,25.7,71,0,2023-08-02 07:52:41
8/2/2023,7:52:45,25.7,71,0,2023-08-02 07:52:45
8/2/2023,7:52:50,25.7,71,0,2023-08-02 07:52:50
8/2/2023,7:52:54,25.7,71,0,2023-08-02 07:52:54
8/2/2023,7:52:59,25.7,71,0,2023-08-02 07:52:59
8/2/2023,7:53:03,25.7,71,0,2023-08-02 07:53:03
8/2/2023,7:53:08,25.7,71,0,2023-08-02 07:53:08
8/2/2023,7:53:12,25.7,71,0,2023-08-02 07:53:12
8/2/2023,7:53:17,25.7,71,0,2023-08-02 07:53:17
8/2/2023,7:53:21,25.7,71,0,2023-08-02 07:53:21
8/2/2023,7:53:26,25.7,71,0,2023-08-02 07:53:26
8/2/2023,7:53:30,25.7,71,0,2023-08-02 07:53:30
8/2/2023,7:53:34,25.7,71,0,2023-08-02 07:53:34
8/2/2023,7:53:39,25.8,71,0,2023-08-02 07:53:39
8/2/2023,7:53:43,25.8,71,0,2023-08-02 07:53:43
8/2/2023,7:53:47,25.8,71,0,2023-08-02 07:53:47
8/2/2023,7:53:52,25.8,71,0,2023-08-02 07:53:52
8/2/2023,7:53:57,25.8,71,0,2023-08-02 07:53:57
8/2/2023,7:54:01,25.8,71,0,2023-08-02 07:54:01
8/2/2023,7:54:06,25.8,71,0,2023-08-02 07:54:06
8/2/2023,7:54:10,25.8,71,0,2023-08-02 07:54:10
8/2/2023,7:54:15,25.8,71,0,2023-08-02 07:54:15
8/2/2023,7:54:19,25.9,71,0,2023-08-02 07:54:19
8/2/2023,7:54:23,25.9,71,0,2023-08-02 07:54:23
8/2/2023,7:54:28,25.9,71,0,2023-08-02 07:54:28
8/2/2023,7:54:32,25.9,71,0,2023-08-02 07:54:32
8/2/2023,7:54:37,25.9,71,0,2023-08-02 07:54:37
8/2/2023,7:54:41,25.9,71,0,2023-08-02 07:54:41
8/2/2023,7:54:46,25.9,71,0,2023-08-02 07:54:46
8/2/2023,7:54:50,25.9,71,0,2023-08-02 07:54:50
8/2/2023,7:54:55,25.9,71,0,2023-08-02 07:54:55
8/2/2023,7:55:00,25.9,71,0,2023-08-02 07:55:00
8/2/2023,7:55:04,25.9,71,0,2023-08-02 07:55:04
8/2/2023,7:55:09,25.9,71,0,2023-08-02 07:55:09
8/2/2023,7:55:13,26.0,71,0,2023-08-02 07:55:13
8/2/2023,7:55:18,26.0,71,0,2023-08-02 07:55:18
8/2/2023,7:55:22,26.0,71,0,2023-08-02 07:55:22
8/2/2023,7:55:27,26.0,71,0,2023-08-02 07:55:27
8/2/2023,7:55:31,26.0,71,0,2023-08-02 07:55:31
8/2/2023,7:55:36,26.0,71,0,2023-08-02 07:55:36
8/2/2023,7:55:41,26.0,71,0,2023-08-02 07:55:41
8/2/2023,7:55:45,26.0,71,0,2023-08-02 07:55:45
8/2/2023,7:55:49,26.0,71,0,2023-08-02 07:55:49
8/2/2023,7:55:53,26.0,70,0,2023-08-02 07:55:53
8/2/2023,7:55:57,26.1,70,0,2023-08-02 07:55:57
8/2/2023,7:56:01,26.1,70,0,2023-08-02 07:56:01
8/2/2023,7:56:05,26.1,70,0,2023-08-02 07:56:05
8/2/2023,7:56:10,26.1,70,0,2023-08-02 07:56:10
8/2/2023,7:56:14,26.1,70,0,2023-08-02 07:56:14
8/2/2023,7:56:18,26.1,70,0,2023-08-02 07:56:18
8/2/2023,7:56:23,26.1,70,0,2023-08-02 07:56:23
8/2/2023,7:56:27,26.1,70,0,2023-08-02 07:56:27
8/2/2023,7:56:31,26.1,70,0,2023-08-02 07:56:31
8/2/2023,7:56:35,26.1,70,0,2023-08-02 07:56:35
8/2/2023,7:56:40,26.1,70,0,2023-08-02 07:56:40
8/2/2023,7:56:44,26.1,70,0,2023-08-02 07:56:44
8/2/2023,7:56:48,26.1,70,0,2023-08-02 07:56:48
8/2/2023,7:56:52,26.1,70,0,2023-08-02 07:56:52
8/2/2023,7:56:57,26.1,70,0,2023-08-02 07:56:57
8/2/2023,7:57:01,26.1,70,0,2023-08-02 07:57:01
8/2/2023,7:57:06,26.1,70,0,2023-08-02 07:57:06
8/2/2023,7:57:10,26.1,70,0,2023-08-02 07:57:10
8/2/2023,7:57:15,26.1,70,0,2023-08-02 07:57:15
8/2/2023,7:57:19,26.1,70,0,2023-08-02 07:57:19
8/2/2023,7:57:24,26.1,70,0,2023-08-02 07:57:24
8/2/2023,7:57:27,26.1,70,0,2023-08-02 07:57:27
8/2/2023,7:57:32,26.2,70,0,2023-08-02 07:57:32
8/2/2023,7:57:36,26.2,70,0,2023-08-02 07:57:36
8/2/2023,7:57:41,26.2,70,0,2023-08-02 07:57:41
8/2/2023,7:57:45,26.2,70,0,2023-08-02 07:57:45
8/2/2023,7:57:50,26.2,70,0,2023-08-02 07:57:50
8/2/2023,7:57:54,26.2,70,0,2023-08-02 07:57:54
8/2/2023,7:57:58,26.2,70,0,2023-08-02 07:57:58
8/2/2023,7:58:03,26.2,70,0,2023-08-02 07:58:03
8/2/2023,7:58:07,26.2,70,0,2023-08-02 07:58:07
8/2/2023,7:58:11,26.2,70,0,2023-08-02 07:58:11
8/2/2023,7:58:15,26.2,70,0,2023-08-02 07:58:15
8/2/2023,7:58:20,26.2,70,0,2023-08-02 07:58:20
8/2/2023,7:58:25,26.2,70,0,2023-08-02 07:58:25
8/2/2023,7:58:29,26.2,70,0,2023-08-02 07:58:29
8/2/2023,7:58:33,26.2,70,0,2023-08-02 07:58:33
8/2/2023,7:58:38,26.2,69,0,2023-08-02 07:58:38
8/2/2023,7:58:42,26.2,69,0,2023-08-02 07:58:42
8/2/2023,7:58:47,26.2,69,0,2023-08-02 07:58:47
8/2/2023,7:58:51,26.2,69,0,2023-08-02 07:58:51
8/2/2023,7:58:56,26.2,69,0,2023-08-02 07:58:56
8/2/2023,7:59:00,26.2,69,0,2023-08-02 07:59:00
8/2/2023,7:59:04,26.2,69,0,2023-08-02 07:59:04
8/2/2023,7:59:08,26.2,69,0,2023-08-02 07:59:08
8/2/2023,7:59:13,26.2,69,0,2023-08-02 07:59:13
8/2/2023,7:59:17,26.2,69,0,2023-08-02 07:59:17
8/2/2023,7:59:21,26.2,69,0,2023-08-02 07:59:21
8/2/2023,7:59:25,26.2,69,0,2023-08-02 07:59:25
8/2/2023,7:59:30,26.2,69,0,2023-08-02 07:59:30
8/2/2023,7:59:34,26.2,69,0,2023-08-02 07:59:34
8/2/2023,7:59:38,26.2,69,0,2023-08-02 07:59:38
8/2/2023,7:59:42,26.2,69,0,2023-08-02 07:59:42
8/2/2023,7:59:46,26.2,69,0,2023-08-02 07:59:46
8/2/2023,7:59:51,26.2,69,0,2023-08-02 07:59:51
8/2/2023,7:59:55,26.2,69,0,2023-08-02 07:59:55
8/2/2023,7:59:59,26.2,69,0,2023-08-02 07:59:59
8/2/2023,8:00:03,26.2,69,0,2023-08-02 08:00:03
8/2/2023,8:00:07,26.2,69,0,2023-08-02 08:00:07
8/2/2023,8:00:12,26.2,69,0,2023-08-02 08:00:12
8/2/2023,8:00:16,26.2,69,0,2023-08-02 08:00:16
8/2/2023,8:00:20,26.2,69,0,2023-08-02 08:00:20
8/2/2023,8:00:25,26.2,69,0,2023-08-02 08:00:25
8/2/2023,8:00:29,26.2,69,0,2023-08-02 08:00:29
8/2/2023,8:00:33,26.2,69,0,2023-08-02 08:00:33
8/2/2023,8:00:38,26.2,69,0,2023-08-02 08:00:38
8/2/2023,8:00:42,26.2,69,0,2023-08-02 08:00:42
8/2/2023,8:00:46,26.2,69,0,2023-08-02 08:00:46
8/2/2023,8:00:50,26.2,69,0,2023-08-02 08:00:50
8/2/2023,8:00:55,26.2,69,0,2023-08-02 08:00:55
8/2/2023,8:00:59,26.2,69,0,2023-08-02 08:00:59
8/2/2023,8:01:04,26.2,69,0,2023-08-02 08:01:04
8/2/2023,8:01:08,26.2,69,0,2023-08-02 08:01:08
8/2/2023,8:01:12,26.2,69,0,2023-08-02 08:01:12
8/2/2023,8:01:17,26.2,69,0,2023-08-02 08:01:17
8/2/2023,8:01:21,26.2,69,0,2023-08-02 08:01:21
8/2/2023,8:01:26,26.2,69,0,2023-08-02 08:01:26
8/2/2023,8:01:30,26.2,69,0,2023-08-02 08:01:30
8/2/2023,8:01:35,26.2,69,0,2023-08-02 08:01:35
8/2/2023,8:01:39,26.2,69,0,2023-08-02 08:01:39
8/2/2023,8:01:44,26.2,69,0,2023-08-02 08:01:44
8/2/2023,8:01:48,26.2,69,0,2023-08-02 08:01:48
8/2/2023,8:01:52,26.2,69,0,2023-08-02 08:01:52
8/2/2023,8:01:56,26.2,69,0,2023-08-02 08:01:56
8/2/2023,8:02:00,26.2,69,0,2023-08-02 08:02:00
8/2/2023,8:02:05,26.2,69,0,2023-08-02 08:02:05
8/2/2023,8:02:09,26.1,69,0,2023-08-02 08:02:09
8/2/2023,8:02:13,26.1,68,0,2023-08-02 08:02:13
8/2/2023,8:02:17,26.1,68,0,2023-08-02 08:02:17
8/2/2023,8:02:22,26.1,69,0,2023-08-02 08:02:22
8/2/2023,8:02:27,26.1,68,0,2023-08-02 08:02:27
8/2/2023,8:02:31,26.1,68,0,2023-08-02 08:02:31
8/2/2023,8:02:35,26.1,68,0,2023-08-02 08:02:35
8/2/2023,8:02:40,26.1,68,0,2023-08-02 08:02:40
8/2/2023,8:02:44,26.1,68,0,2023-08-02 08:02:44
8/2/2023,8:02:49,26.1,68,0,2023-08-02 08:02:49
8/2/2023,8:02:53,26.1,68,0,2023-08-02 08:02:53
8/2/2023,8:02:57,26.1,68,0,2023-08-02 08:02:57
8/2/2023,8:03:01,26.1,68,0,2023-08-02 08:03:01
8/2/2023,8:03:05,26.1,68,0,2023-08-02 08:03:05
8/2/2023,8:03:10,26.1,68,0,2023-08-02 08:03:10
8/2/2023,8:03:14,26.1,68,0,2023-08-02 08:03:14
8/2/2023,8:03:19,26.1,68,0,2023-08-02 08:03:19
8/2/2023,8:03:24,26.1,68,0,2023-08-02 08:03:24
8/2/2023,8:03:28,26.1,68,0,2023-08-02 08:03:28
8/2/2023,8:03:32,26.1,68,0,2023-08-02 08:03:32
8/2/2023,8:03:37,26.1,69,0,2023-08-02 08:03:37
8/2/2023,8:03:41,26.1,69,0,2023-08-02 08:03:41
8/2/2023,8:03:45,26.1,69,0,2023-08-02 08:03:45
8/2/2023,8:03:50,26.1,69,0,2023-08-02 08:03:50
8/2/2023,8:03:54,26.1,69,0,2023-08-02 08:03:54
8/2/2023,8:03:58,26.1,69,0,2023-08-02 08:03:58
8/2/2023,8:04:02,26.1,69,0,2023-08-02 08:04:02
8/2/2023,8:04:07,26.1,69,0,2023-08-02 08:04:07
8/2/2023,8:04:11,26.1,69,0,2023-08-02 08:04:11
8/2/2023,8:04:16,26.1,69,0,2023-08-02 08:04:16
8/2/2023,8:04:20,26.1,69,0,2023-08-02 08:04:20
8/2/2023,8:04:25,26.1,69,0,2023-08-02 08:04:25
8/2/2023,8:04:30,26.1,69,0,2023-08-02 08:04:30
8/2/2023,8:04:34,26.1,69,0,2023-08-02 08:04:34
8/2/2023,8:04:39,26.1,69,0,2023-08-02 08:04:39
8/2/2023,8:04:44,26.1,69,0,2023-08-02 08:04:44
8/2/2023,8:04:48,26.1,69,0,2023-08-02 08:04:48
8/2/2023,8:04:52,26.1,69,0,2023-08-02 08:04:52
8/2/2023,8:04:57,26.1,69,0,2023-08-02 08:04:57
8/2/2023,8:05:01,26.1,69,0,2023-08-02 08:05:01
8/2/2023,8:05:05,26.1,69,0,2023-08-02 08:05:05
8/2/2023,8:05:09,26.1,69,0,2023-08-02 08:05:09
8/2/2023,8:05:14,26.1,69,0,2023-08-02 08:05:14
8/2/2023,8:05:18,26.1,69,0,2023-08-02 08:05:18
8/2/2023,8:05:23,26.1,69,0,2023-08-02 08:05:23
8/2/2023,8:05:28,26.1,69,0,2023-08-02 08:05:28
8/2/2023,8:05:32,26.1,69,0,2023-08-02 08:05:32
8/2/2023,8:05:37,26.1,69,0,2023-08-02 08:05:37
8/2/2023,8:05:41,26.1,69,0,2023-08-02 08:05:41
8/2/2023,8:05:45,26.1,69,0,2023-08-02 08:05:45
8/2/2023,8:05:50,26.1,69,0,2023-08-02 08:05:50
8/2/2023,8:05:54,26.1,69,0,2023-08-02 08:05:54
8/2/2023,8:05:58,26.1,69,0,2023-08-02 08:05:58
8/2/2023,8:06:03,26.1,69,0,2023-08-02 08:06:03
8/2/2023,8:06:07,26.1,69,0,2023-08-02 08:06:07
8/2/2023,8:06:11,26.1,69,0,2023-08-02 08:06:11
8/2/2023,8:06:16,26.1,69,0,2023-08-02 08:06:16
8/2/2023,8:06:20,26.1,69,0,2023-08-02 08:06:20
8/2/2023,8:06:25,26.1,69,0,2023-08-02 08:06:25
8/2/2023,8:06:29,26.1,69,0,2023-08-02 08:06:29
8/2/2023,8:06:34,26.1,69,0,2023-08-02 08:06:34
8/2/2023,8:06:38,26.1,69,0,2023-08-02 08:06:38
8/2/2023,8:06:43,26.1,69,0,2023-08-02 08:06:43
8/2/2023,8:06:47,26.1,69,0,2023-08-02 08:06:47
8/2/2023,8:06:51,26.1,69,0,2023-08-02 08:06:51
8/2/2023,8:06:56,26.1,69,0,2023-08-02 08:06:56
8/2/2023,8:07:00,26.1,69,0,2023-08-02 08:07:00
8/2/2023,8:07:04,26.1,69,0,2023-08-02 08:07:04
8/2/2023,8:07:09,26.1,69,0,2023-08-02 08:07:09
8/2/2023,8:07:13,26.1,69,0,2023-08-02 08:07:13
8/2/2023,8:07:17,26.1,69,0,2023-08-02 08:07:17
8/2/2023,8:07:22,26.1,69,0,2023-08-02 08:07:22
8/2/2023,8:07:27,26.1,69,0,2023-08-02 08:07:27
8/2/2023,8:07:31,26.1,69,0,2023-08-02 08:07:31
8/2/2023,8:07:36,26.1,69,0,2023-08-02 08:07:36
8/2/2023,8:07:41,26.1,69,0,2023-08-02 08:07:41
8/2/2023,8:07:46,26.1,69,0,2023-08-02 08:07:46
8/2/2023,8:07:50,26.1,69,0,2023-08-02 08:07:50
8/2/2023,8:07:54,26.1,69,0,2023-08-02 08:07:54
8/2/2023,8:07:59,26.1,69,0,2023-08-02 08:07:59
8/2/2023,8:08:03,26.1,69,0,2023-08-02 08:08:03
8/2/2023,8:08:08,26.1,69,0,2023-08-02 08:08:08
8/2/2023,8:08:12,26.1,69,0,2023-08-02 08:08:12
8/2/2023,8:08:16,26.1,69,0,2023-08-02 08:08:16
8/2/2023,8:08:20,26.1,69,0,2023-08-02 08:08:20
8/2/2023,8:08:24,26.1,69,0,2023-08-02 08:08:24
8/2/2023,8:08:29,26.1,69,0,2023-08-02 08:08:29
8/2/2023,8:08:33,26.1,69,0,2023-08-02 08:08:33
8/2/2023,8:08:38,26.1,69,0,2023-08-02 08:08:38
8/2/2023,8:08:42,26.1,69,0,2023-08-02 08:08:42
8/2/2023,8:08:46,26.1,69,0,2023-08-02 08:08:46
8/2/2023,8:08:51,26.1,69,0,2023-08-02 08:08:51
8/2/2023,8:08:55,26.1,69,0,2023-08-02 08:08:55
8/2/2023,8:08:59,26.1,69,0,2023-08-02 08:08:59
8/2/2023,8:09:04,26.1,69,0,2023-08-02 08:09:04
8/2/2023,8:09:09,26.1,69,0,2023-08-02 08:09:09
8/2/2023,8:09:14,26.1,69,0,2023-08-02 08:09:14
8/2/2023,8:09:19,26.1,69,0,2023-08-02 08:09:19
8/2/2023,8:09:24,26.1,69,0,2023-08-02 08:09:24
8/2/2023,8:09:28,26.1,69,0,2023-08-02 08:09:28
8/2/2023,8:09:32,26.1,69,0,2023-08-02 08:09:32
8/2/2023,8:09:37,26.1,69,0,2023-08-02 08:09:37
8/2/2023,8:09:41,26.1,69,0,2023-08-02 08:09:41
8/2/2023,8:09:46,26.1,69,0,2023-08-02 08:09:46
8/2/2023,8:09:50,26.1,69,0,2023-08-02 08:09:50
8/2/2023,8:09:54,26.1,69,0,2023-08-02 08:09:54
8/2/2023,8:09:59,26.1,69,0,2023-08-02 08:09:59
8/2/2023,8:10:03,26.1,69,0,2023-08-02 08:10:03
8/2/2023,8:10:07,26.1,69,0,2023-08-02 08:10:07
8/2/2023,8:10:12,26.1,69,0,2023-08-02 08:10:12
8/2/2023,8:10:16,26.1,69,0,2023-08-02 08:10:16
8/2/2023,8:10:20,26.1,69,0,2023-08-02 08:10:20
8/2/2023,8:10:25,26.1,69,0,2023-08-02 08:10:25
8/2/2023,8:10:29,26.1,69,0,2023-08-02 08:10:29
8/2/2023,8:10:34,26.1,69,0,2023-08-02 08:10:34
8/2/2023,8:10:38,26.1,69,0,2023-08-02 08:10:38
8/2/2023,8:10:42,26.1,69,0,2023-08-02 08:10:42
8/2/2023,8:10:46,26.1,69,0,2023-08-02 08:10:46
8/2/2023,8:10:51,26.1,69,0,2023-08-02 08:10:51
8/2/2023,8:10:55,26.1,69,0,2023-08-02 08:10:55
8/2/2023,8:10:59,26.1,69,0,2023-08-02 08:10:59
8/2/2023,8:11:04,26.1,69,0,2023-08-02 08:11:04
8/2/2023,8:11:08,26.1,69,0,2023-08-02 08:11:08
8/2/2023,8:11:13,26.1,69,0,2023-08-02 08:11:13
8/2/2023,8:11:17,26.1,69,0,2023-08-02 08:11:17
8/2/2023,8:11:22,26.1,69,0,2023-08-02 08:11:22
8/2/2023,8:11:26,26.1,69,0,2023-08-02 08:11:26
8/2/2023,8:11:31,26.1,69,0,2023-08-02 08:11:31
8/2/2023,8:11:35,26.1,69,0,2023-08-02 08:11:35
8/2/2023,8:11:39,26.1,69,0,2023-08-02 08:11:39
8/2/2023,8:11:43,26.1,69,0,2023-08-02 08:11:43
8/2/2023,8:11:47,26.1,69,0,2023-08-02 08:11:47
8/2/2023,8:12:26,26.1,69,0,2023-08-02 08:12:26
8/2/2023,8:12:32,26.1,69,0,2023-08-02 08:12:32
8/2/2023,8:12:36,26.0,69,0,2023-08-02 08:12:36
8/2/2023,8:12:40,26.0,69,0,2023-08-02 08:12:40
8/2/2023,8:12:45,26.0,69,0,2023-08-02 08:12:45
8/2/2023,8:12:49,26.0,69,0,2023-08-02 08:12:49
8/2/2023,8:12:54,26.0,69,0,2023-08-02 08:12:54
8/2/2023,8:12:58,26.0,69,0,2023-08-02 08:12:58
8/2/2023,8:13:02,26.0,69,0,2023-08-02 08:13:02
8/2/2023,8:13:07,26.0,69,0,2023-08-02 08:13:07
8/2/2023,8:13:11,26.0,69,0,2023-08-02 08:13:11
8/2/2023,8:13:15,26.0,69,0,2023-08-02 08:13:15
8/2/2023,8:13:20,26.0,69,0,2023-08-02 08:13:20
8/2/2023,8:13:24,26.0,69,0,2023-08-02 08:13:24
8/2/2023,8:13:28,26.0,69,0,2023-08-02 08:13:28
8/2/2023,8:13:33,26.0,69,0,2023-08-02 08:13:33
8/2/2023,8:13:37,26.0,69,0,2023-08-02 08:13:37
8/2/2023,8:13:41,26.0,69,0,2023-08-02 08:13:41
8/2/2023,8:13:46,26.0,69,0,2023-08-02 08:13:46
8/2/2023,8:13:51,26.0,69,0,2023-08-02 08:13:51
8/2/2023,8:13:56,26.0,69,0,2023-08-02 08:13:56
8/2/2023,8:14:00,26.0,69,0,2023-08-02 08:14:00
8/2/2023,8:14:05,26.0,69,0,2023-08-02 08:14:05
8/2/2023,8:14:09,26.0,69,0,2023-08-02 08:14:09
8/2/2023,8:14:13,26.0,69,0,2023-08-02 08:14:13
8/2/2023,8:14:18,26.0,69,0,2023-08-02 08:14:18
8/2/2023,8:14:23,26.0,69,0,2023-08-02 08:14:23
8/2/2023,8:14:27,26.0,69,0,2023-08-02 08:14:27
8/2/2023,8:14:31,26.0,69,0,2023-08-02 08:14:31
8/2/2023,8:14:35,26.0,69,0,2023-08-02 08:14:35
8/2/2023,8:14:40,26.0,69,0,2023-08-02 08:14:40
8/2/2023,8:14:45,26.0,69,0,2023-08-02 08:14:45
8/2/2023,8:14:49,26.0,69,0,2023-08-02 08:14:49
8/2/2023,8:14:54,26.0,69,0,2023-08-02 08:14:54
8/2/2023,8:14:58,26.0,69,0,2023-08-02 08:14:58
8/2/2023,8:15:04,26.0,69,0,2023-08-02 08:15:04
8/2/2023,8:15:09,26.0,69,0,2023-08-02 08:15:09
8/2/2023,8:15:13,26.0,69,0,2023-08-02 08:15:13
8/2/2023,8:15:18,26.0,69,0,2023-08-02 08:15:18
8/2/2023,8:15:22,26.0,69,0,2023-08-02 08:15:22
8/2/2023,8:15:26,26.0,69,0,2023-08-02 08:15:26
8/2/2023,8:15:31,26.0,69,0,2023-08-02 08:15:31
8/2/2023,8:15:36,26.0,69,0,2023-08-02 08:15:36
8/2/2023,8:15:40,26.0,69,0,2023-08-02 08:15:40
8/2/2023,8:15:45,26.0,69,0,2023-08-02 08:15:45
8/2/2023,8:15:49,26.0,69,0,2023-08-02 08:15:49
8/2/2023,8:15:54,26.0,69,0,2023-08-02 08:15:54
8/2/2023,8:15:58,26.0,69,0,2023-08-02 08:15:58
8/2/2023,8:16:02,26.0,69,0,2023-08-02 08:16:02
8/2/2023,8:16:07,26.0,69,0,2023-08-02 08:16:07
8/2/2023,8:16:17,26.0,69,0,2023-08-02 08:16:17
8/2/2023,8:16:22,25.9,69,0,2023-08-02 08:16:22
8/2/2023,8:16:26,25.9,69,0,2023-08-02 08:16:26
8/2/2023,8:16:31,25.9,69,0,2023-08-02 08:16:31
8/2/2023,8:16:36,25.9,69,0,2023-08-02 08:16:36
8/2/2023,8:16:40,25.9,69,0,2023-08-02 08:16:40
8/2/2023,8:16:45,25.9,69,0,2023-08-02 08:16:45
8/2/2023,8:16:49,25.9,68,0,2023-08-02 08:16:49
8/2/2023,8:16:53,25.9,68,0,2023-08-02 08:16:53
8/2/2023,8:16:58,25.9,68,0,2023-08-02 08:16:58
8/2/2023,8:17:02,25.9,68,0,2023-08-02 08:17:02
8/2/2023,8:17:07,25.9,68,0,2023-08-02 08:17:07
8/2/2023,8:17:11,25.9,68,0,2023-08-02 08:17:11
8/2/2023,8:17:16,25.9,68,0,2023-08-02 08:17:16
8/2/2023,8:17:20,25.9,68,0,2023-08-02 08:17:20
8/2/2023,8:17:24,25.9,68,0,2023-08-02 08:17:24
8/2/2023,8:17:29,25.9,68,0,2023-08-02 08:17:29
8/2/2023,8:17:33,25.9,68,0,2023-08-02 08:17:33
8/2/2023,8:17:38,25.9,68,0,2023-08-02 08:17:38
8/2/2023,8:17:42,25.9,68,0,2023-08-02 08:17:42
8/2/2023,8:17:47,25.9,68,0,2023-08-02 08:17:47
8/2/2023,8:17:51,25.9,68,0,2023-08-02 08:17:51
8/2/2023,8:17:56,25.9,68,0,2023-08-02 08:17:56
8/2/2023,8:18:00,25.9,68,0,2023-08-02 08:18:00
8/2/2023,8:18:05,25.9,68,0,2023-08-02 08:18:05
8/2/2023,8:18:09,25.9,68,0,2023-08-02 08:18:09
8/2/2023,8:18:14,25.9,68,0,2023-08-02 08:18:14
8/2/2023,8:18:18,25.9,68,0,2023-08-02 08:18:18
8/2/2023,8:18:22,25.9,69,0,2023-08-02 08:18:22
8/2/2023,8:18:27,25.9,68,0,2023-08-02 08:18:27
8/2/2023,8:18:32,25.9,68,0,2023-08-02 08:18:32
8/2/2023,8:18:36,25.9,68,0,2023-08-02 08:18:36
8/2/2023,8:18:40,25.9,68,0,2023-08-02 08:18:40
8/2/2023,8:18:45,25.9,68,0,2023-08-02 08:18:45
8/2/2023,8:18:49,25.9,68,0,2023-08-02 08:18:49
8/2/2023,8:18:54,25.9,69,0,2023-08-02 08:18:54
8/2/2023,8:18:59,25.9,68,0,2023-08-02 08:18:59
8/2/2023,8:19:04,25.9,68,0,2023-08-02 08:19:04
8/2/2023,8:19:08,25.9,68,0,2023-08-02 08:19:08
8/2/2023,8:19:12,25.9,68,0,2023-08-02 08:19:12
8/2/2023,8:19:17,25.9,68,0,2023-08-02 08:19:17
8/2/2023,8:19:21,25.9,68,0,2023-08-02 08:19:21
8/2/2023,8:19:25,25.9,68,0,2023-08-02 08:19:25
8/2/2023,8:19:29,25.9,68,0,2023-08-02 08:19:29
8/2/2023,8:19:34,25.9,68,0,2023-08-02 08:19:34
8/2/2023,8:19:38,25.9,68,0,2023-08-02 08:19:38
8/2/2023,8:19:42,25.9,68,0,2023-08-02 08:19:42
8/2/2023,8:19:46,25.9,68,0,2023-08-02 08:19:46
8/2/2023,8:19:51,25.9,68,0,2023-08-02 08:19:51
8/2/2023,8:19:56,25.9,68,0,2023-08-02 08:19:56
8/2/2023,8:20:00,25.8,68,0,2023-08-02 08:20:00
8/2/2023,8:20:05,25.9,68,0,2023-08-02 08:20:05
8/2/2023,8:20:09,25.9,68,0,2023-08-02 08:20:09
8/2/2023,8:20:13,25.8,68,0,2023-08-02 08:20:13
8/2/2023,8:20:18,25.8,68,0,2023-08-02 08:20:18
8/2/2023,8:20:22,25.8,68,0,2023-08-02 08:20:22
8/2/2023,8:20:27,25.8,68,0,2023-08-02 08:20:27
8/2/2023,8:20:31,25.8,68,0,2023-08-02 08:20:31
8/2/2023,8:20:36,25.8,68,0,2023-08-02 08:20:36
8/2/2023,8:20:41,25.8,68,0,2023-08-02 08:20:41
8/2/2023,8:20:45,25.8,68,0,2023-08-02 08:20:45
8/2/2023,8:20:50,25.8,68,0,2023-08-02 08:20:50
8/2/2023,8:20:54,25.8,68,0,2023-08-02 08:20:54
8/2/2023,8:20:58,25.8,68,0,2023-08-02 08:20:58
8/2/2023,8:21:03,25.8,68,0,2023-08-02 08:21:03
8/2/2023,8:21:07,25.8,68,0,2023-08-02 08:21:07
8/2/2023,8:21:12,25.8,68,0,2023-08-02 08:21:12
8/2/2023,8:21:16,25.8,68,0,2023-08-02 08:21:16
8/2/2023,8:21:21,25.8,68,0,2023-08-02 08:21:21
8/2/2023,8:21:26,25.8,68,0,2023-08-02 08:21:26
8/2/2023,8:21:31,25.8,68,0,2023-08-02 08:21:31
8/2/2023,8:21:35,25.8,68,0,2023-08-02 08:21:35
8/2/2023,8:21:40,25.8,68,0,2023-08-02 08:21:40
8/2/2023,8:21:45,25.8,68,0,2023-08-02 08:21:45
8/2/2023,8:21:49,25.8,68,0,2023-08-02 08:21:49
8/2/2023,8:21:54,25.8,68,0,2023-08-02 08:21:54
8/2/2023,8:21:59,25.8,68,0,2023-08-02 08:21:59
8/2/2023,8:22:03,25.8,68,0,2023-08-02 08:22:03
8/2/2023,8:22:08,25.8,68,0,2023-08-02 08:22:08
8/2/2023,8:22:12,25.8,68,0,2023-08-02 08:22:12
8/2/2023,8:22:16,25.8,68,0,2023-08-02 08:22:16
8/2/2023,8:22:20,25.8,68,0,2023-08-02 08:22:20
8/2/2023,8:22:25,25.8,68,0,2023-08-02 08:22:25
8/2/2023,8:22:29,25.8,68,0,2023-08-02 08:22:29
8/2/2023,8:22:33,25.8,68,0,2023-08-02 08:22:33
8/2/2023,8:22:38,25.8,68,0,2023-08-02 08:22:38
8/2/2023,8:22:42,25.8,68,0,2023-08-02 08:22:42
8/2/2023,8:22:47,25.8,68,0,2023-08-02 08:22:47
8/2/2023,8:22:51,25.8,68,0,2023-08-02 08:22:51
8/2/2023,8:22:56,25.8,68,0,2023-08-02 08:22:56
8/2/2023,8:23:01,25.8,68,0,2023-08-02 08:23:01
8/2/2023,8:23:05,25.8,68,0,2023-08-02 08:23:05
8/2/2023,8:23:10,25.8,68,0,2023-08-02 08:23:10
8/2/2023,8:23:14,25.8,68,0,2023-08-02 08:23:14
8/2/2023,8:23:19,25.8,68,0,2023-08-02 08:23:19
8/2/2023,8:23:24,25.8,68,0,2023-08-02 08:23:24
8/2/2023,8:23:28,25.8,68,0,2023-08-02 08:23:28
8/2/2023,8:23:32,25.8,68,0,2023-08-02 08:23:32
8/2/2023,8:23:37,25.8,68,0,2023-08-02 08:23:37
8/2/2023,8:23:42,25.8,68,0,2023-08-02 08:23:42
8/2/2023,8:23:46,25.8,68,0,2023-08-02 08:23:46
8/2/2023,8:23:50,25.8,68,0,2023-08-02 08:23:50
8/2/2023,8:23:55,25.8,68,0,2023-08-02 08:23:55
8/2/2023,8:23:59,25.8,68,0,2023-08-02 08:23:59
8/2/2023,8:24:03,25.8,68,0,2023-08-02 08:24:03
8/2/2023,8:24:08,25.8,68,0,2023-08-02 08:24:08
8/2/2023,8:24:13,25.8,68,0,2023-08-02 08:24:13
8/2/2023,8:24:17,25.8,68,0,2023-08-02 08:24:17
8/2/2023,8:24:22,25.8,68,0,2023-08-02 08:24:22
8/2/2023,8:24:26,25.8,68,0,2023-08-02 08:24:26
8/2/2023,8:24:31,25.8,68,0,2023-08-02 08:24:31
8/2/2023,8:24:35,25.8,69,0,2023-08-02 08:24:35
8/2/2023,8:24:40,25.8,69,0,2023-08-02 08:24:40
8/2/2023,8:24:45,25.8,69,0,2023-08-02 08:24:45
8/3/2023,8:06:24,25.4,70,0,2023-08-03 08:06:24
8/3/2023,8:06:28,25.4,70,0,2023-08-03 08:06:28
8/3/2023,8:06:33,25.4,70,0,2023-08-03 08:06:33
8/3/2023,8:06:37,25.5,71,0,2023-08-03 08:06:37
8/3/2023,8:06:41,25.5,71,0,2023-08-03 08:06:41
8/3/2023,8:06:46,25.5,71,0,2023-08-03 08:06:46
8/3/2023,8:06:50,25.5,71,0,2023-08-03 08:06:50
8/3/2023,8:06:54,25.5,71,0,2023-08-03 08:06:54
8/3/2023,8:06:59,25.5,71,0,2023-08-03 08:06:59
8/3/2023,8:07:03,25.5,71,0,2023-08-03 08:07:03
8/3/2023,8:07:08,25.6,71,0,2023-08-03 08:07:08
8/3/2023,8:07:12,25.6,71,0,2023-08-03 08:07:12
8/3/2023,8:07:21,25.6,71,0,2023-08-03 08:07:21
8/3/2023,8:07:31,25.6,71,0,2023-08-03 08:07:31
8/3/2023,8:07:35,25.6,71,0,2023-08-03 08:07:35
8/3/2023,8:07:39,25.6,71,0,2023-08-03 08:07:39
8/3/2023,8:07:43,25.7,71,0,2023-08-03 08:07:43
8/3/2023,8:07:48,25.7,71,0,2023-08-03 08:07:48
8/3/2023,8:07:52,25.7,71,0,2023-08-03 08:07:52
8/3/2023,8:07:57,25.7,71,0,2023-08-03 08:07:57
8/3/2023,8:08:01,25.7,71,0,2023-08-03 08:08:01
8/3/2023,8:08:06,25.7,71,0,2023-08-03 08:08:06
8/3/2023,8:08:11,25.7,71,0,2023-08-03 08:08:11
8/3/2023,8:08:16,25.7,71,0,2023-08-03 08:08:16
8/3/2023,8:08:20,25.7,71,0,2023-08-03 08:08:20
8/3/2023,8:08:25,25.8,71,0,2023-08-03 08:08:25
8/3/2023,8:08:29,25.8,71,0,2023-08-03 08:08:29
8/3/2023,8:08:33,25.8,71,0,2023-08-03 08:08:33
8/3/2023,8:08:37,25.8,71,0,2023-08-03 08:08:37
8/3/2023,8:08:42,25.8,71,0,2023-08-03 08:08:42
8/3/2023,8:08:46,25.8,71,0,2023-08-03 08:08:46
8/3/2023,8:08:50,25.8,71,0,2023-08-03 08:08:50
8/3/2023,8:08:55,25.8,71,0,2023-08-03 08:08:55
8/3/2023,8:08:59,25.8,71,0,2023-08-03 08:08:59
8/3/2023,8:09:04,25.9,71,0,2023-08-03 08:09:04
8/3/2023,8:09:08,25.9,71,0,2023-08-03 08:09:08
8/3/2023,8:09:12,25.9,71,0,2023-08-03 08:09:12
8/3/2023,8:09:16,25.9,71,0,2023-08-03 08:09:16
8/3/2023,8:09:21,25.9,71,0,2023-08-03 08:09:21
8/3/2023,8:09:25,25.9,71,0,2023-08-03 08:09:25
8/3/2023,8:09:29,25.9,71,0,2023-08-03 08:09:29
8/3/2023,8:09:34,25.9,71,0,2023-08-03 08:09:34
8/3/2023,8:09:38,25.9,71,0,2023-08-03 08:09:38
8/3/2023,8:09:42,25.9,71,0,2023-08-03 08:09:42
8/3/2023,8:09:46,25.9,71,0,2023-08-03 08:09:46
8/3/2023,8:09:50,25.9,71,0,2023-08-03 08:09:50
8/3/2023,8:09:54,25.9,70,0,2023-08-03 08:09:54
8/3/2023,8:09:59,25.9,70,0,2023-08-03 08:09:59
8/3/2023,8:10:03,26.0,70,0,2023-08-03 08:10:03
8/3/2023,8:10:07,26.0,70,0,2023-08-03 08:10:07
8/3/2023,8:10:11,26.0,70,0,2023-08-03 08:10:11
8/3/2023,8:10:15,26.0,70,0,2023-08-03 08:10:15
8/3/2023,8:10:20,26.0,70,0,2023-08-03 08:10:20
8/3/2023,8:10:25,26.0,70,0,2023-08-03 08:10:25
8/3/2023,8:10:29,26.0,70,0,2023-08-03 08:10:29
8/3/2023,8:10:33,26.0,70,0,2023-08-03 08:10:33
8/3/2023,8:10:37,26.0,70,0,2023-08-03 08:10:37
8/3/2023,8:10:42,26.0,70,0,2023-08-03 08:10:42
8/3/2023,8:10:46,26.0,70,0,2023-08-03 08:10:46
8/3/2023,8:10:50,26.0,70,0,2023-08-03 08:10:50
8/3/2023,8:10:55,26.0,70,0,2023-08-03 08:10:55
8/3/2023,8:10:59,26.0,70,0,2023-08-03 08:10:59
8/3/2023,8:11:03,26.0,70,0,2023-08-03 08:11:03
8/3/2023,8:11:08,26.1,70,0,2023-08-03 08:11:08
8/3/2023,8:11:12,26.1,70,0,2023-08-03 08:11:12
8/3/2023,8:11:16,26.1,70,0,2023-08-03 08:11:16
8/3/2023,8:11:20,26.1,70,0,2023-08-03 08:11:20
8/3/2023,8:11:25,26.1,70,0,2023-08-03 08:11:25
8/3/2023,8:11:29,26.1,70,0,2023-08-03 08:11:29
8/3/2023,8:11:34,26.1,70,0,2023-08-03 08:11:34
8/3/2023,8:11:39,26.1,70,0,2023-08-03 08:11:39
8/3/2023,8:11:43,26.1,69,0,2023-08-03 08:11:43
8/3/2023,8:11:47,26.1,69,0,2023-08-03 08:11:47
8/3/2023,8:11:52,26.1,69,0,2023-08-03 08:11:52
8/3/2023,8:11:56,26.1,69,0,2023-08-03 08:11:56
8/3/2023,8:12:00,26.1,69,0,2023-08-03 08:12:00
8/3/2023,8:12:04,26.1,69,0,2023-08-03 08:12:04
8/3/2023,8:12:09,26.1,69,0,2023-08-03 08:12:09
8/3/2023,8:12:13,26.1,69,0,2023-08-03 08:12:13
8/3/2023,8:12:17,26.1,69,0,2023-08-03 08:12:17
8/3/2023,8:12:22,26.1,69,0,2023-08-03 08:12:22
8/3/2023,8:12:26,26.1,69,0,2023-08-03 08:12:26
8/3/2023,8:12:30,26.1,69,0,2023-08-03 08:12:30
8/3/2023,8:12:35,26.1,69,0,2023-08-03 08:12:35
8/3/2023,8:12:40,26.1,69,0,2023-08-03 08:12:40
8/3/2023,8:12:44,26.1,69,0,2023-08-03 08:12:44
8/3/2023,8:12:49,26.1,69,0,2023-08-03 08:12:49
8/3/2023,8:12:53,26.1,69,0,2023-08-03 08:12:53
8/3/2023,8:12:57,26.1,69,0,2023-08-03 08:12:57
8/3/2023,8:13:02,26.1,69,0,2023-08-03 08:13:02
8/3/2023,8:13:06,26.1,69,0,2023-08-03 08:13:06
8/3/2023,8:13:11,26.1,69,0,2023-08-03 08:13:11
8/3/2023,8:13:15,26.1,69,0,2023-08-03 08:13:15
8/3/2023,8:13:20,26.1,69,0,2023-08-03 08:13:20
8/3/2023,8:13:24,26.1,69,0,2023-08-03 08:13:24
8/3/2023,8:13:28,26.1,69,0,2023-08-03 08:13:28
8/3/2023,8:13:32,26.1,69,0,2023-08-03 08:13:32
8/3/2023,8:13:36,26.1,69,0,2023-08-03 08:13:36
8/3/2023,8:13:41,26.1,69,0,2023-08-03 08:13:41
8/3/2023,8:13:45,26.1,69,0,2023-08-03 08:13:45
8/3/2023,8:13:49,26.1,69,0,2023-08-03 08:13:49
8/3/2023,8:13:53,26.1,69,0,2023-08-03 08:13:53
8/3/2023,8:13:57,26.1,69,0,2023-08-03 08:13:57
8/3/2023,8:14:02,26.1,69,0,2023-08-03 08:14:02
8/3/2023,8:14:06,26.1,69,0,2023-08-03 08:14:06
8/3/2023,8:14:10,26.1,69,0,2023-08-03 08:14:10
8/3/2023,8:14:14,26.1,69,0,2023-08-03 08:14:14
8/3/2023,8:14:19,26.1,69,0,2023-08-03 08:14:19
8/3/2023,8:14:22,26.1,69,0,2023-08-03 08:14:22
8/3/2023,8:14:27,26.1,69,0,2023-08-03 08:14:27
8/3/2023,8:14:31,26.1,69,0,2023-08-03 08:14:31
8/3/2023,8:14:35,26.1,69,0,2023-08-03 08:14:35
8/3/2023,8:14:39,26.1,69,0,2023-08-03 08:14:39
8/3/2023,8:14:43,26.1,69,0,2023-08-03 08:14:43
8/3/2023,8:14:48,26.1,69,0,2023-08-03 08:14:48
8/3/2023,8:14:53,26.1,69,0,2023-08-03 08:14:53
8/3/2023,8:14:56,26.1,69,0,2023-08-03 08:14:56
8/3/2023,8:15:00,26.1,69,0,2023-08-03 08:15:00
8/3/2023,8:15:05,26.1,69,0,2023-08-03 08:15:05
8/3/2023,8:15:10,26.1,69,0,2023-08-03 08:15:10
8/3/2023,8:15:14,26.2,69,0,2023-08-03 08:15:14
8/3/2023,8:15:18,26.1,69,0,2023-08-03 08:15:18
8/3/2023,8:15:22,26.2,69,0,2023-08-03 08:15:22
8/3/2023,8:15:27,26.1,69,0,2023-08-03 08:15:27
8/3/2023,8:15:31,26.2,69,0,2023-08-03 08:15:31
8/3/2023,8:15:35,26.1,69,0,2023-08-03 08:15:35
8/3/2023,8:15:39,26.1,69,0,2023-08-03 08:15:39
8/3/2023,8:15:44,26.1,69,0,2023-08-03 08:15:44
8/3/2023,8:15:48,26.1,68,0,2023-08-03 08:15:48
8/3/2023,8:15:53,26.1,69,0,2023-08-03 08:15:53
8/3/2023,8:15:57,26.1,68,0,2023-08-03 08:15:57
8/3/2023,8:16:01,26.1,68,0,2023-08-03 08:16:01
8/3/2023,8:16:05,26.2,68,0,2023-08-03 08:16:05
8/3/2023,8:16:09,26.1,68,0,2023-08-03 08:16:09
8/3/2023,8:16:13,26.1,68,0,2023-08-03 08:16:13
8/3/2023,8:16:17,26.1,68,0,2023-08-03 08:16:17
8/3/2023,8:16:21,26.1,68,0,2023-08-03 08:16:21
8/3/2023,8:16:26,26.1,68,0,2023-08-03 08:16:26
8/3/2023,8:16:29,26.1,68,0,2023-08-03 08:16:29
8/3/2023,8:16:34,26.1,68,0,2023-08-03 08:16:34
8/3/2023,8:16:38,26.1,68,0,2023-08-03 08:16:38
8/3/2023,8:16:42,26.1,68,0,2023-08-03 08:16:42
8/3/2023,8:16:47,26.1,68,0,2023-08-03 08:16:47
8/3/2023,8:16:51,26.1,68,0,2023-08-03 08:16:51
8/3/2023,8:16:55,26.1,68,0,2023-08-03 08:16:55
8/3/2023,8:16:59,26.1,68,0,2023-08-03 08:16:59
8/3/2023,8:17:04,26.1,68,0,2023-08-03 08:17:04
8/3/2023,8:17:08,26.1,68,0,2023-08-03 08:17:08
8/3/2023,8:17:13,26.1,68,0,2023-08-03 08:17:13
8/3/2023,8:17:17,26.1,68,0,2023-08-03 08:17:17
8/3/2023,8:17:21,26.1,68,0,2023-08-03 08:17:21
8/3/2023,8:17:26,26.1,68,0,2023-08-03 08:17:26
8/3/2023,8:17:30,26.1,68,0,2023-08-03 08:17:30
8/3/2023,8:17:34,26.1,68,0,2023-08-03 08:17:34
8/3/2023,8:17:39,26.1,68,0,2023-08-03 08:17:39
8/3/2023,8:17:43,26.1,68,0,2023-08-03 08:17:43
8/3/2023,8:17:47,26.1,68,0,2023-08-03 08:17:47
8/3/2023,8:17:52,26.1,68,0,2023-08-03 08:17:52
8/3/2023,8:17:56,26.1,68,0,2023-08-03 08:17:56
8/3/2023,8:18:00,26.1,68,0,2023-08-03 08:18:00
8/3/2023,8:18:04,26.1,68,0,2023-08-03 08:18:04
8/3/2023,8:18:09,26.1,68,0,2023-08-03 08:18:09
8/3/2023,8:18:13,26.1,68,0,2023-08-03 08:18:13
8/3/2023,8:18:17,26.1,68,0,2023-08-03 08:18:17
8/3/2023,8:18:22,26.1,68,0,2023-08-03 08:18:22
8/3/2023,8:18:27,26.1,68,0,2023-08-03 08:18:27
8/3/2023,8:18:31,26.1,68,0,2023-08-03 08:18:31
8/3/2023,8:18:35,26.1,68,0,2023-08-03 08:18:35
8/3/2023,8:18:39,26.1,68,0,2023-08-03 08:18:39
8/3/2023,8:18:43,26.1,68,0,2023-08-03 08:18:43
8/3/2023,8:18:48,26.1,68,0,2023-08-03 08:18:48
8/3/2023,8:18:53,26.1,68,0,2023-08-03 08:18:53
8/3/2023,8:18:57,26.1,68,0,2023-08-03 08:18:57
8/3/2023,8:19:01,26.1,68,0,2023-08-03 08:19:01
8/3/2023,8:19:05,26.1,68,0,2023-08-03 08:19:05
8/3/2023,8:19:09,26.1,68,0,2023-08-03 08:19:09
8/3/2023,8:19:13,26.1,68,0,2023-08-03 08:19:13
8/3/2023,8:19:18,26.1,68,0,2023-08-03 08:19:18
8/3/2023,8:19:23,26.1,68,0,2023-08-03 08:19:23
8/3/2023,8:19:27,26.1,68,0,2023-08-03 08:19:27
8/3/2023,8:19:31,26.1,68,0,2023-08-03 08:19:31
8/3/2023,8:19:36,26.1,68,0,2023-08-03 08:19:36
8/3/2023,8:19:40,26.1,68,0,2023-08-03 08:19:40
8/3/2023,8:19:44,26.1,68,0,2023-08-03 08:19:44
8/3/2023,8:19:49,26.1,68,0,2023-08-03 08:19:49
8/3/2023,8:19:53,26.1,68,0,2023-08-03 08:19:53
8/3/2023,8:19:58,26.1,68,0,2023-08-03 08:19:58
8/3/2023,8:20:02,26.1,68,0,2023-08-03 08:20:02
8/3/2023,8:20:07,26.1,68,0,2023-08-03 08:20:07
8/3/2023,8:20:11,26.1,68,0,2023-08-03 08:20:11
8/3/2023,8:20:15,26.1,68,0,2023-08-03 08:20:15
8/3/2023,8:20:19,26.1,68,0,2023-08-03 08:20:19
8/3/2023,8:20:24,26.1,68,0,2023-08-03 08:20:24
8/3/2023,8:20:29,26.1,68,0,2023-08-03 08:20:29
8/3/2023,8:20:33,26.1,68,0,2023-08-03 08:20:33
8/3/2023,8:20:37,26.1,68,0,2023-08-03 08:20:37
8/3/2023,8:20:41,26.1,68,0,2023-08-03 08:20:41
8/3/2023,8:20:46,26.1,68,0,2023-08-03 08:20:46
8/3/2023,8:20:50,26.1,68,0,2023-08-03 08:20:50
8/3/2023,8:20:54,26.1,68,0,2023-08-03 08:20:54
8/3/2023,8:20:58,26.1,68,0,2023-08-03 08:20:58
8/3/2023,8:21:02,26.1,68,0,2023-08-03 08:21:02
8/3/2023,8:21:07,26.1,68,0,2023-08-03 08:21:07
8/3/2023,8:21:12,26.1,68,0,2023-08-03 08:21:12
8/3/2023,8:21:16,26.1,68,0,2023-08-03 08:21:16
8/3/2023,8:21:20,26.1,68,0,2023-08-03 08:21:20
8/3/2023,8:21:25,26.1,68,0,2023-08-03 08:21:25
8/3/2023,8:21:29,26.1,68,0,2023-08-03 08:21:29
8/3/2023,8:21:33,26.1,68,0,2023-08-03 08:21:33
8/3/2023,8:21:38,26.1,68,0,2023-08-03 08:21:38
8/3/2023,8:21:42,26.1,68,0,2023-08-03 08:21:42
8/3/2023,8:21:46,26.1,68,0,2023-08-03 08:21:46
8/3/2023,8:21:50,26.1,68,0,2023-08-03 08:21:50
8/3/2023,8:21:55,26.1,68,0,2023-08-03 08:21:55
8/3/2023,8:21:59,26.1,68,0,2023-08-03 08:21:59
8/3/2023,8:22:04,26.1,68,0,2023-08-03 08:22:04
8/3/2023,8:22:08,26.1,68,0,2023-08-03 08:22:08
8/3/2023,8:22:12,26.1,68,0,2023-08-03 08:22:12
8/3/2023,8:22:16,26.1,68,0,2023-08-03 08:22:16
8/3/2023,8:22:20,26.1,68,0,2023-08-03 08:22:20
8/3/2023,8:22:25,26.1,68,0,2023-08-03 08:22:25
8/3/2023,8:22:30,26.1,68,0,2023-08-03 08:22:30
8/3/2023,8:22:34,26.1,68,0,2023-08-03 08:22:34
8/3/2023,8:22:39,26.1,68,0,2023-08-03 08:22:39
8/3/2023,8:22:43,26.1,68,0,2023-08-03 08:22:43
8/3/2023,8:22:47,26.1,69,0,2023-08-03 08:22:47
8/3/2023,8:22:52,26.1,69,0,2023-08-03 08:22:52
8/3/2023,8:22:56,26.1,68,0,2023-08-03 08:22:56
8/3/2023,8:23:01,26.1,69,0,2023-08-03 08:23:01
8/3/2023,8:23:05,26.1,68,0,2023-08-03 08:23:05
8/3/2023,8:23:09,26.1,69,0,2023-08-03 08:23:09
8/3/2023,8:23:14,26.1,69,0,2023-08-03 08:23:14
8/3/2023,8:23:18,26.1,69,0,2023-08-03 08:23:18
8/3/2023,8:23:22,26.1,69,0,2023-08-03 08:23:22
8/3/2023,8:23:26,26.1,69,0,2023-08-03 08:23:26
8/3/2023,8:23:31,26.1,69,0,2023-08-03 08:23:31
8/3/2023,8:23:35,26.1,69,0,2023-08-03 08:23:35
8/3/2023,8:23:39,26.1,69,0,2023-08-03 08:23:39
8/3/2023,8:23:43,26.1,69,0,2023-08-03 08:23:43
8/3/2023,8:23:48,26.1,69,0,2023-08-03 08:23:48
8/3/2023,8:23:52,26.1,69,0,2023-08-03 08:23:52
8/3/2023,8:23:57,26.1,69,0,2023-08-03 08:23:57
8/3/2023,8:24:01,26.1,69,0,2023-08-03 08:24:01
8/3/2023,8:24:04,26.1,69,0,2023-08-03 08:24:04
8/3/2023,8:24:09,26.1,69,0,2023-08-03 08:24:09
8/3/2023,8:24:14,26.1,69,0,2023-08-03 08:24:14
8/3/2023,8:24:18,26.1,69,0,2023-08-03 08:24:18
8/3/2023,8:24:22,26.1,69,0,2023-08-03 08:24:22
8/3/2023,8:24:27,26.1,68,0,2023-08-03 08:24:27
8/3/2023,8:24:30,26.1,68,0,2023-08-03 08:24:30
8/3/2023,8:24:35,26.1,68,0,2023-08-03 08:24:35
8/3/2023,8:24:39,26.1,68,0,2023-08-03 08:24:39
8/3/2023,8:24:43,26.1,68,0,2023-08-03 08:24:43
8/3/2023,8:24:47,26.1,68,0,2023-08-03 08:24:47
8/3/2023,8:24:51,26.1,68,0,2023-08-03 08:24:51
8/3/2023,8:24:56,26.1,68,0,2023-08-03 08:24:56
8/3/2023,8:25:00,26.1,68,0,2023-08-03 08:25:00
8/3/2023,8:25:04,26.1,68,0,2023-08-03 08:25:04
8/3/2023,8:25:09,26.1,68,0,2023-08-03 08:25:09
8/3/2023,8:25:13,26.1,68,0,2023-08-03 08:25:13
8/3/2023,8:25:17,26.1,68,0,2023-08-03 08:25:17
8/3/2023,8:25:21,26.1,68,0,2023-08-03 08:25:21
8/3/2023,8:25:25,26.1,68,0,2023-08-03 08:25:25
8/3/2023,8:25:29,26.1,68,0,2023-08-03 08:25:29
8/3/2023,8:25:34,26.1,68,0,2023-08-03 08:25:34
8/3/2023,8:25:38,26.1,68,0,2023-08-03 08:25:38
8/3/2023,8:25:43,26.1,68,0,2023-08-03 08:25:43
8/3/2023,8:25:47,26.1,68,0,2023-08-03 08:25:47
8/3/2023,8:25:52,26.1,68,0,2023-08-03 08:25:52
8/3/2023,8:25:56,26.1,68,0,2023-08-03 08:25:56
8/3/2023,8:26:01,26.0,68,0,2023-08-03 08:26:01
8/3/2023,8:26:05,26.0,68,0,2023-08-03 08:26:05
8/3/2023,8:26:09,26.0,68,0,2023-08-03 08:26:09
8/3/2023,8:26:13,26.0,68,0,2023-08-03 08:26:13
8/3/2023,8:26:18,26.0,68,0,2023-08-03 08:26:18
8/3/2023,8:26:22,26.0,68,0,2023-08-03 08:26:22
8/3/2023,8:26:26,26.0,68,0,2023-08-03 08:26:26
8/3/2023,8:26:31,26.0,68,0,2023-08-03 08:26:31
8/3/2023,8:26:36,26.0,68,0,2023-08-03 08:26:36
8/3/2023,8:26:40,26.0,68,0,2023-08-03 08:26:40
8/3/2023,8:26:45,26.0,68,0,2023-08-03 08:26:45
8/3/2023,8:26:49,26.0,68,0,2023-08-03 08:26:49
8/3/2023,8:26:53,26.0,68,0,2023-08-03 08:26:53
8/3/2023,8:26:57,26.0,68,0,2023-08-03 08:26:57
8/3/2023,8:27:01,26.0,68,0,2023-08-03 08:27:01
8/3/2023,8:27:06,26.0,68,0,2023-08-03 08:27:06
8/3/2023,8:27:10,26.0,68,0,2023-08-03 08:27:10
8/3/2023,8:27:14,26.0,68,0,2023-08-03 08:27:14
8/3/2023,8:27:18,26.0,68,0,2023-08-03 08:27:18
8/3/2023,8:27:22,26.0,68,0,2023-08-03 08:27:22
8/3/2023,8:27:26,26.0,68,0,2023-08-03 08:27:26
8/3/2023,8:27:31,26.0,68,0,2023-08-03 08:27:31
8/3/2023,8:27:35,26.0,69,0,2023-08-03 08:27:35
8/3/2023,8:27:39,26.0,69,0,2023-08-03 08:27:39
8/3/2023,8:27:44,26.0,68,0,2023-08-03 08:27:44
8/3/2023,8:27:48,26.0,68,0,2023-08-03 08:27:48
8/3/2023,8:27:52,26.0,69,0,2023-08-03 08:27:52
8/3/2023,8:27:56,26.0,69,0,2023-08-03 08:27:56
8/3/2023,8:28:00,26.0,68,0,2023-08-03 08:28:00
8/3/2023,8:28:05,26.0,69,0,2023-08-03 08:28:05
8/3/2023,8:28:09,26.0,68,0,2023-08-03 08:28:09
8/3/2023,8:28:13,26.0,68,0,2023-08-03 08:28:13
8/3/2023,8:28:18,26.0,68,0,2023-08-03 08:28:18
8/3/2023,8:28:22,26.0,68,0,2023-08-03 08:28:22
8/3/2023,8:28:27,26.0,68,0,2023-08-03 08:28:27
8/3/2023,8:28:31,26.0,68,0,2023-08-03 08:28:31
8/3/2023,8:28:35,26.0,69,0,2023-08-03 08:28:35
8/3/2023,8:28:40,26.0,69,0,2023-08-03 08:28:40
8/3/2023,8:28:44,26.0,69,0,2023-08-03 08:28:44
8/3/2023,8:28:48,26.0,69,0,2023-08-03 08:28:48
8/3/2023,8:28:52,26.0,69,0,2023-08-03 08:28:52
8/3/2023,8:28:56,26.0,69,0,2023-08-03 08:28:56
8/3/2023,8:29:00,26.0,69,0,2023-08-03 08:29:00
8/3/2023,8:29:05,26.0,69,0,2023-08-03 08:29:05
8/3/2023,8:29:09,26.0,69,0,2023-08-03 08:29:09
8/3/2023,8:29:13,26.0,69,0,2023-08-03 08:29:13
8/3/2023,8:29:17,26.0,69,0,2023-08-03 08:29:17
8/3/2023,8:29:21,26.0,69,0,2023-08-03 08:29:21
8/3/2023,8:29:25,26.0,69,0,2023-08-03 08:29:25
8/3/2023,8:29:29,26.1,69,0,2023-08-03 08:29:29
8/3/2023,8:29:33,26.1,69,0,2023-08-03 08:29:33
8/3/2023,8:29:38,26.1,69,0,2023-08-03 08:29:38
8/3/2023,8:29:43,26.1,69,0,2023-08-03 08:29:43
8/3/2023,8:29:47,26.1,69,0,2023-08-03 08:29:47
8/3/2023,8:29:51,26.1,69,0,2023-08-03 08:29:51
8/3/2023,8:29:55,26.1,69,0,2023-08-03 08:29:55
8/3/2023,8:29:59,26.1,69,0,2023-08-03 08:29:59
8/3/2023,8:30:03,26.1,69,0,2023-08-03 08:30:03
8/3/2023,8:30:12,26.1,69,0,2023-08-03 08:30:12
8/3/2023,8:30:18,26.1,69,0,2023-08-03 08:30:18
8/3/2023,8:30:22,26.1,69,0,2023-08-03 08:30:22
8/3/2023,8:30:26,26.1,69,0,2023-08-03 08:30:26
8/3/2023,8:30:32,26.1,69,0,2023-08-03 08:30:32
8/3/2023,8:30:37,26.1,69,0,2023-08-03 08:30:37
8/3/2023,8:30:42,26.1,69,0,2023-08-03 08:30:42
8/3/2023,8:30:47,26.1,69,0,2023-08-03 08:30:47
8/3/2023,8:30:51,26.1,69,0,2023-08-03 08:30:51
8/3/2023,8:30:54,26.1,69,0,2023-08-03 08:30:54
8/3/2023,8:30:58,26.1,69,0,2023-08-03 08:30:58
8/3/2023,8:31:02,26.1,69,0,2023-08-03 08:31:02
8/3/2023,8:31:06,26.1,69,0,2023-08-03 08:31:06
8/3/2023,8:31:11,26.1,69,0,2023-08-03 08:31:11
8/3/2023,8:31:15,26.1,69,0,2023-08-03 08:31:15
8/3/2023,8:31:19,26.1,69,0,2023-08-03 08:31:19
8/3/2023,8:31:24,26.1,69,0,2023-08-03 08:31:24
8/3/2023,8:31:28,26.1,69,0,2023-08-03 08:31:28
8/3/2023,8:31:32,26.1,69,0,2023-08-03 08:31:32
8/3/2023,8:31:36,26.1,69,0,2023-08-03 08:31:36
8/3/2023,8:31:40,26.1,69,0,2023-08-03 08:31:40
8/3/2023,8:31:44,26.1,69,0,2023-08-03 08:31:44
8/3/2023,8:31:47,26.1,69,0,2023-08-03 08:31:47
8/3/2023,8:31:51,26.1,69,0,2023-08-03 08:31:51
8/3/2023,8:31:56,26.1,69,0,2023-08-03 08:31:56
8/3/2023,8:32:00,26.1,69,0,2023-08-03 08:32:00
8/3/2023,8:32:04,26.1,69,0,2023-08-03 08:32:04
8/3/2023,8:32:08,26.2,69,0,2023-08-03 08:32:08
8/3/2023,8:32:12,26.2,69,0,2023-08-03 08:32:12
8/3/2023,8:32:16,26.2,69,0,2023-08-03 08:32:16
8/3/2023,8:32:20,26.2,69,0,2023-08-03 08:32:20
8/3/2023,8:32:25,26.2,69,0,2023-08-03 08:32:25
8/3/2023,8:32:29,26.2,69,0,2023-08-03 08:32:29
8/4/2023,8:31:31,25.7,70,0,2023-08-04 08:31:31
8/4/2023,8:31:35,25.7,70,0,2023-08-04 08:31:35
8/4/2023,8:31:39,25.7,70,0,2023-08-04 08:31:39
8/4/2023,8:31:43,25.7,70,0,2023-08-04 08:31:43
8/4/2023,8:31:47,25.7,70,0,2023-08-04 08:31:47
8/4/2023,8:31:51,25.7,70,0,2023-08-04 08:31:51
8/4/2023,8:31:55,25.7,70,0,2023-08-04 08:31:55
8/4/2023,8:31:59,25.7,70,0,2023-08-04 08:31:59
8/4/2023,8:32:03,25.7,70,0,2023-08-04 08:32:03
8/4/2023,8:32:07,25.7,70,0,2023-08-04 08:32:07
8/4/2023,8:32:12,25.7,70,0,2023-08-04 08:32:12
8/4/2023,8:32:16,25.7,70,0,2023-08-04 08:32:16
8/4/2023,8:32:20,25.7,70,0,2023-08-04 08:32:20
8/4/2023,8:32:24,25.7,70,0,2023-08-04 08:32:24
8/4/2023,8:32:28,25.7,70,0,2023-08-04 08:32:28
8/4/2023,8:32:33,25.7,70,0,2023-08-04 08:32:33
8/4/2023,8:32:38,25.7,70,0,2023-08-04 08:32:38
8/4/2023,8:32:42,25.7,70,0,2023-08-04 08:32:42
8/4/2023,8:32:46,25.7,70,0,2023-08-04 08:32:46
8/4/2023,8:32:50,25.7,70,0,2023-08-04 08:32:50
8/4/2023,8:32:55,25.7,70,0,2023-08-04 08:32:55
8/4/2023,8:32:59,25.7,70,0,2023-08-04 08:32:59
8/4/2023,8:33:03,25.7,70,0,2023-08-04 08:33:03
8/4/2023,8:33:07,25.7,70,0,2023-08-04 08:33:07
8/4/2023,8:33:11,25.7,71,0,2023-08-04 08:33:11
8/4/2023,8:33:15,25.7,71,0,2023-08-04 08:33:15
8/4/2023,8:33:20,25.7,71,0,2023-08-04 08:33:20
8/4/2023,8:33:24,25.7,71,0,2023-08-04 08:33:24
8/4/2023,8:33:28,25.7,71,0,2023-08-04 08:33:28
8/4/2023,8:33:32,25.7,71,0,2023-08-04 08:33:32
8/4/2023,8:33:36,25.7,71,0,2023-08-04 08:33:36
8/4/2023,8:33:40,25.7,71,0,2023-08-04 08:33:40
8/4/2023,8:33:44,25.7,71,0,2023-08-04 08:33:44
8/4/2023,8:33:48,25.7,71,0,2023-08-04 08:33:48
8/4/2023,8:33:52,25.7,71,0,2023-08-04 08:33:52
8/4/2023,8:33:56,25.7,71,0,2023-08-04 08:33:56
8/4/2023,8:34:00,25.7,71,0,2023-08-04 08:34:00
8/4/2023,8:34:04,25.7,71,0,2023-08-04 08:34:04
8/4/2023,8:34:09,25.7,71,0,2023-08-04 08:34:09
8/4/2023,8:34:13,25.7,71,0,2023-08-04 08:34:13
8/4/2023,8:34:17,25.7,71,0,2023-08-04 08:34:17
8/4/2023,8:34:21,25.7,71,0,2023-08-04 08:34:21
8/4/2023,8:34:24,25.7,71,0,2023-08-04 08:34:24
8/4/2023,8:34:28,25.7,71,0,2023-08-04 08:34:28
8/4/2023,8:34:32,25.7,71,0,2023-08-04 08:34:32
8/4/2023,8:34:36,25.7,71,0,2023-08-04 08:34:36
8/4/2023,8:34:40,25.7,71,0,2023-08-04 08:34:40
8/4/2023,8:34:44,25.7,71,0,2023-08-04 08:34:44
8/4/2023,8:34:48,25.7,71,0,2023-08-04 08:34:48
8/4/2023,8:34:52,25.7,71,0,2023-08-04 08:34:52
8/4/2023,8:34:56,25.7,71,0,2023-08-04 08:34:56
8/4/2023,8:35:00,25.7,71,0,2023-08-04 08:35:00
8/4/2023,8:35:04,25.7,71,0,2023-08-04 08:35:04
8/4/2023,8:35:08,25.7,71,0,2023-08-04 08:35:08
8/4/2023,8:35:13,25.7,71,0,2023-08-04 08:35:13
8/4/2023,8:35:17,25.7,71,0,2023-08-04 08:35:17
8/4/2023,8:35:20,25.7,71,0,2023-08-04 08:35:20
8/4/2023,8:35:24,25.7,71,0,2023-08-04 08:35:24
8/4/2023,8:35:28,25.7,71,0,2023-08-04 08:35:28
8/4/2023,8:35:32,25.7,71,0,2023-08-04 08:35:32
8/4/2023,8:35:36,25.7,71,0,2023-08-04 08:35:36
8/4/2023,8:35:40,25.7,71,0,2023-08-04 08:35:40
8/4/2023,8:35:45,25.7,71,0,2023-08-04 08:35:45
8/4/2023,8:35:49,25.7,71,0,2023-08-04 08:35:49
8/4/2023,8:35:53,25.7,71,0,2023-08-04 08:35:53
8/4/2023,8:35:58,25.7,71,0,2023-08-04 08:35:58
8/4/2023,8:36:02,25.7,71,0,2023-08-04 08:36:02
8/4/2023,8:36:06,25.7,71,0,2023-08-04 08:36:06
8/4/2023,8:36:10,25.7,71,0,2023-08-04 08:36:10
8/4/2023,8:36:14,25.7,71,0,2023-08-04 08:36:14
8/4/2023,8:36:18,25.7,71,0,2023-08-04 08:36:18
8/4/2023,8:36:22,25.7,71,0,2023-08-04 08:36:22
8/4/2023,8:36:27,25.7,71,0,2023-08-04 08:36:27
8/4/2023,8:36:30,25.7,71,0,2023-08-04 08:36:30
8/4/2023,8:36:35,25.7,71,0,2023-08-04 08:36:35
8/4/2023,8:36:39,25.7,71,0,2023-08-04 08:36:39
8/4/2023,8:36:43,25.7,71,0,2023-08-04 08:36:43
8/4/2023,8:36:47,25.7,71,0,2023-08-04 08:36:47
8/4/2023,8:36:51,25.7,71,0,2023-08-04 08:36:51
8/4/2023,8:36:55,25.7,71,0,2023-08-04 08:36:55
8/4/2023,8:36:59,25.7,71,0,2023-08-04 08:36:59
8/4/2023,8:37:03,25.7,71,0,2023-08-04 08:37:03
8/4/2023,8:37:08,25.7,71,0,2023-08-04 08:37:08
8/4/2023,8:37:12,25.7,71,0,2023-08-04 08:37:12
8/4/2023,8:37:16,25.7,71,0,2023-08-04 08:37:16
8/4/2023,8:37:20,25.7,71,0,2023-08-04 08:37:20
8/4/2023,8:37:24,25.7,71,0,2023-08-04 08:37:24
8/4/2023,8:37:29,25.7,71,0,2023-08-04 08:37:29
8/4/2023,8:37:33,25.7,71,0,2023-08-04 08:37:33
8/4/2023,8:37:37,25.7,71,0,2023-08-04 08:37:37
8/4/2023,8:37:42,25.7,71,0,2023-08-04 08:37:42
8/4/2023,8:37:46,25.7,71,0,2023-08-04 08:37:46
8/4/2023,8:37:49,25.7,71,0,2023-08-04 08:37:49
8/4/2023,8:37:53,25.7,71,0,2023-08-04 08:37:53
8/4/2023,8:37:58,25.7,71,0,2023-08-04 08:37:58
8/4/2023,8:38:02,25.7,71,0,2023-08-04 08:38:02
8/4/2023,8:38:06,25.7,71,0,2023-08-04 08:38:06
8/4/2023,8:38:10,25.7,71,0,2023-08-04 08:38:10
8/4/2023,8:38:14,25.7,71,0,2023-08-04 08:38:14
8/4/2023,8:38:18,25.7,71,0,2023-08-04 08:38:18
8/4/2023,8:38:22,25.7,71,0,2023-08-04 08:38:22
8/4/2023,8:38:26,25.7,71,0,2023-08-04 08:38:26
8/4/2023,8:38:30,25.7,71,0,2023-08-04 08:38:30
8/4/2023,8:38:34,25.7,71,0,2023-08-04 08:38:34
8/4/2023,8:38:38,25.7,71,0,2023-08-04 08:38:38
8/4/2023,8:38:42,25.7,71,0,2023-08-04 08:38:42
8/4/2023,8:38:47,25.7,71,0,2023-08-04 08:38:47
8/4/2023,8:38:51,25.7,71,0,2023-08-04 08:38:51
8/4/2023,8:38:56,25.7,71,0,2023-08-04 08:38:56
8/4/2023,8:39:00,25.7,71,0,2023-08-04 08:39:00
8/4/2023,8:39:04,25.7,71,0,2023-08-04 08:39:04
8/4/2023,8:39:09,25.7,71,0,2023-08-04 08:39:09
8/4/2023,8:39:13,25.7,71,0,2023-08-04 08:39:13
8/4/2023,8:39:17,25.7,71,0,2023-08-04 08:39:17
8/4/2023,8:39:22,25.7,71,0,2023-08-04 08:39:22
8/4/2023,8:39:26,25.7,71,0,2023-08-04 08:39:26
8/4/2023,8:39:29,25.7,71,0,2023-08-04 08:39:29
8/4/2023,8:39:34,25.7,71,0,2023-08-04 08:39:34
8/4/2023,8:39:38,25.7,71,0,2023-08-04 08:39:38
8/4/2023,8:39:42,25.7,71,0,2023-08-04 08:39:42
8/4/2023,8:39:46,25.7,71,0,2023-08-04 08:39:46
8/4/2023,8:39:50,25.7,71,0,2023-08-04 08:39:50
8/4/2023,8:39:54,25.7,71,0,2023-08-04 08:39:54
8/4/2023,8:39:58,25.7,71,0,2023-08-04 08:39:58
8/4/2023,8:40:02,25.7,71,0,2023-08-04 08:40:02
8/4/2023,8:40:06,25.7,71,0,2023-08-04 08:40:06
8/4/2023,8:40:10,25.7,71,0,2023-08-04 08:40:10
8/4/2023,8:40:14,25.7,71,0,2023-08-04 08:40:14
8/4/2023,8:40:18,25.7,71,0,2023-08-04 08:40:18
8/4/2023,8:40:22,25.7,71,0,2023-08-04 08:40:22
8/4/2023,8:40:26,25.7,71,0,2023-08-04 08:40:26
8/4/2023,8:40:30,25.7,71,0,2023-08-04 08:40:30
8/4/2023,8:40:34,25.7,71,0,2023-08-04 08:40:34
8/4/2023,8:40:39,25.7,71,0,2023-08-04 08:40:39
8/4/2023,8:40:43,25.7,71,0,2023-08-04 08:40:43
8/4/2023,8:40:47,25.7,71,0,2023-08-04 08:40:47
8/4/2023,8:40:51,25.7,71,0,2023-08-04 08:40:51
8/4/2023,8:40:54,25.7,71,0,2023-08-04 08:40:54
8/4/2023,8:40:58,25.7,71,0,2023-08-04 08:40:58
8/4/2023,8:41:03,25.7,71,0,2023-08-04 08:41:03
8/4/2023,8:41:06,25.7,71,0,2023-08-04 08:41:06
8/4/2023,8:41:11,25.7,71,0,2023-08-04 08:41:11
8/4/2023,8:41:15,25.7,71,0,2023-08-04 08:41:15
8/4/2023,8:41:19,25.7,71,0,2023-08-04 08:41:19
8/4/2023,8:41:23,25.7,71,0,2023-08-04 08:41:23
8/4/2023,8:41:27,25.7,71,0,2023-08-04 08:41:27
8/4/2023,8:41:31,25.7,71,0,2023-08-04 08:41:31
8/4/2023,8:41:36,25.7,71,0,2023-08-04 08:41:36
8/4/2023,8:41:40,25.7,71,0,2023-08-04 08:41:40
8/4/2023,8:41:43,25.7,71,0,2023-08-04 08:41:43
8/4/2023,8:41:47,25.7,71,0,2023-08-04 08:41:47
8/4/2023,8:41:51,25.7,71,0,2023-08-04 08:41:51
8/4/2023,8:41:55,25.7,71,0,2023-08-04 08:41:55
8/4/2023,8:41:59,25.7,71,0,2023-08-04 08:41:59
8/4/2023,8:42:04,25.7,71,0,2023-08-04 08:42:04
8/4/2023,8:42:08,25.7,71,0,2023-08-04 08:42:08
8/4/2023,8:42:12,25.7,71,0,2023-08-04 08:42:12
8/4/2023,8:42:16,25.7,71,0,2023-08-04 08:42:16
8/4/2023,8:42:20,25.7,71,0,2023-08-04 08:42:20
8/4/2023,8:42:24,25.7,71,0,2023-08-04 08:42:24
8/4/2023,8:42:28,25.7,71,0,2023-08-04 08:42:28
8/4/2023,8:42:33,25.7,71,0,2023-08-04 08:42:33
8/4/2023,8:42:37,25.7,71,0,2023-08-04 08:42:37
8/4/2023,8:42:41,25.7,71,0,2023-08-04 08:42:41
8/4/2023,8:42:45,25.7,71,0,2023-08-04 08:42:45
8/4/2023,8:42:49,25.7,71,0,2023-08-04 08:42:49
8/4/2023,8:42:53,25.7,71,0,2023-08-04 08:42:53
8/4/2023,8:42:57,25.7,71,0,2023-08-04 08:42:57
8/4/2023,8:43:01,25.7,71,0,2023-08-04 08:43:01
8/4/2023,8:43:05,25.7,71,0,2023-08-04 08:43:05
8/4/2023,8:43:10,25.7,71,0,2023-08-04 08:43:10
8/4/2023,8:43:14,25.7,71,0,2023-08-04 08:43:14
8/4/2023,8:43:18,25.7,71,0,2023-08-04 08:43:18
8/4/2023,8:43:22,25.7,71,0,2023-08-04 08:43:22
8/4/2023,8:43:26,25.7,71,0,2023-08-04 08:43:26
8/4/2023,8:43:30,25.7,71,0,2023-08-04 08:43:30
8/4/2023,8:43:34,25.7,71,0,2023-08-04 08:43:34
8/4/2023,8:43:39,25.7,71,0,2023-08-04 08:43:39
8/4/2023,8:43:43,25.7,71,0,2023-08-04 08:43:43
8/4/2023,8:43:47,25.7,71,0,2023-08-04 08:43:47
8/4/2023,8:43:52,25.7,71,0,2023-08-04 08:43:52
8/4/2023,8:43:56,25.7,71,0,2023-08-04 08:43:56
8/4/2023,8:44:00,25.7,71,0,2023-08-04 08:44:00
8/4/2023,8:44:04,25.7,71,0,2023-08-04 08:44:04
8/4/2023,8:44:08,25.7,71,0,2023-08-04 08:44:08
8/4/2023,8:44:12,25.7,71,0,2023-08-04 08:44:12
8/4/2023,8:44:16,25.7,71,0,2023-08-04 08:44:16
8/4/2023,8:44:20,25.7,71,0,2023-08-04 08:44:20
8/4/2023,8:44:24,25.7,71,0,2023-08-04 08:44:24
8/4/2023,8:44:28,25.7,71,0,2023-08-04 08:44:28
8/4/2023,8:44:33,25.7,71,0,2023-08-04 08:44:33
8/4/2023,8:44:37,25.7,71,0,2023-08-04 08:44:37
8/4/2023,8:44:41,25.7,71,0,2023-08-04 08:44:41
8/4/2023,8:44:45,25.7,71,0,2023-08-04 08:44:45
8/4/2023,8:44:49,25.7,71,0,2023-08-04 08:44:49
8/4/2023,8:44:53,25.7,71,0,2023-08-04 08:44:53
8/4/2023,8:44:58,25.7,71,0,2023-08-04 08:44:58
8/4/2023,8:45:02,25.7,71,0,2023-08-04 08:45:02
8/4/2023,8:45:06,25.7,71,0,2023-08-04 08:45:06
8/4/2023,8:45:10,25.7,71,0,2023-08-04 08:45:10
8/4/2023,8:45:14,25.7,71,0,2023-08-04 08:45:14
8/4/2023,8:45:18,25.7,71,0,2023-08-04 08:45:18
8/4/2023,8:45:22,25.7,71,0,2023-08-04 08:45:22
8/4/2023,8:45:26,25.7,71,0,2023-08-04 08:45:26
8/4/2023,8:45:31,25.7,71,0,2023-08-04 08:45:31
8/4/2023,8:45:35,25.7,71,0,2023-08-04 08:45:35
8/4/2023,8:45:39,25.7,71,0,2023-08-04 08:45:39
8/4/2023,8:45:43,25.7,71,0,2023-08-04 08:45:43
8/4/2023,8:45:47,25.7,71,0,2023-08-04 08:45:47
8/4/2023,8:45:51,25.7,71,0,2023-08-04 08:45:51
8/4/2023,8:45:55,25.7,71,0,2023-08-04 08:45:55
8/4/2023,8:45:59,25.7,71,0,2023-08-04 08:45:59
8/4/2023,8:46:04,25.7,71,0,2023-08-04 08:46:04
8/4/2023,8:46:08,25.7,71,0,2023-08-04 08:46:08
8/4/2023,8:46:12,25.7,71,0,2023-08-04 08:46:12
8/4/2023,8:46:16,25.7,71,0,2023-08-04 08:46:16
8/4/2023,8:46:20,25.7,71,0,2023-08-04 08:46:20
8/4/2023,8:46:24,25.7,71,0,2023-08-04 08:46:24
8/4/2023,8:46:28,25.7,71,0,2023-08-04 08:46:28
8/4/2023,8:46:32,25.7,71,0,2023-08-04 08:46:32
8/4/2023,8:46:36,25.7,71,0,2023-08-04 08:46:36
8/4/2023,8:46:39,25.7,71,0,2023-08-04 08:46:39
8/4/2023,8:46:44,25.7,71,0,2023-08-04 08:46:44
8/4/2023,8:46:48,25.7,71,0,2023-08-04 08:46:48
8/4/2023,8:46:52,25.7,71,0,2023-08-04 08:46:52
8/4/2023,8:46:56,25.7,71,0,2023-08-04 08:46:56
8/4/2023,8:46:59,25.7,71,0,2023-08-04 08:46:59
8/4/2023,8:47:04,25.7,71,0,2023-08-04 08:47:04
8/4/2023,8:47:08,25.7,71,0,2023-08-04 08:47:08
8/4/2023,8:47:11,25.7,71,0,2023-08-04 08:47:11
8/4/2023,8:47:15,25.7,71,0,2023-08-04 08:47:15
8/4/2023,8:47:20,25.7,71,0,2023-08-04 08:47:20
8/4/2023,8:47:23,25.7,71,0,2023-08-04 08:47:23
8/4/2023,8:47:27,25.7,71,0,2023-08-04 08:47:27
8/4/2023,8:47:31,25.7,71,0,2023-08-04 08:47:31
8/4/2023,8:47:35,25.7,71,0,2023-08-04 08:47:35
8/4/2023,8:47:39,25.7,71,0,2023-08-04 08:47:39
8/4/2023,8:47:45,25.7,71,0,2023-08-04 08:47:45
8/4/2023,8:47:49,25.7,71,0,2023-08-04 08:47:49
8/4/2023,8:47:53,25.7,71,0,2023-08-04 08:47:53
8/4/2023,8:47:57,25.7,71,0,2023-08-04 08:47:57
8/4/2023,8:48:01,25.7,71,0,2023-08-04 08:48:01
8/4/2023,8:48:05,25.7,71,0,2023-08-04 08:48:05
8/4/2023,8:48:09,25.7,71,0,2023-08-04 08:48:09
8/4/2023,8:48:13,25.7,71,0,2023-08-04 08:48:13
8/4/2023,8:48:18,25.7,71,0,2023-08-04 08:48:18
8/4/2023,8:48:22,25.7,71,0,2023-08-04 08:48:22
8/4/2023,8:48:27,25.7,71,0,2023-08-04 08:48:27
8/4/2023,8:48:31,25.7,71,0,2023-08-04 08:48:31
8/4/2023,8:48:35,25.7,71,0,2023-08-04 08:48:35
8/4/2023,8:48:39,25.7,71,0,2023-08-04 08:48:39
8/4/2023,8:48:44,25.7,71,0,2023-08-04 08:48:44
8/4/2023,8:48:48,25.7,71,0,2023-08-04 08:48:48
8/4/2023,8:48:51,25.7,71,0,2023-08-04 08:48:51
8/4/2023,8:48:56,25.7,71,0,2023-08-04 08:48:56
8/4/2023,8:49:00,25.7,71,0,2023-08-04 08:49:00
8/4/2023,8:49:04,25.7,71,0,2023-08-04 08:49:04
8/4/2023,8:49:08,25.7,71,0,2023-08-04 08:49:08
8/4/2023,8:49:12,25.7,71,0,2023-08-04 08:49:12
8/4/2023,8:49:16,25.7,71,0,2023-08-04 08:49:16
8/4/2023,8:49:20,25.7,71,0,2023-08-04 08:49:20
8/4/2023,8:49:24,25.7,71,0,2023-08-04 08:49:24
8/4/2023,8:49:27,25.7,71,0,2023-08-04 08:49:27
8/4/2023,8:49:32,25.7,71,0,2023-08-04 08:49:32
8/4/2023,8:49:36,25.7,71,0,2023-08-04 08:49:36
8/4/2023,8:49:41,25.7,71,0,2023-08-04 08:49:41
8/4/2023,8:49:45,25.7,71,0,2023-08-04 08:49:45
8/4/2023,8:49:49,25.7,71,0,2023-08-04 08:49:49
8/4/2023,8:49:53,25.7,71,0,2023-08-04 08:49:53
8/4/2023,8:49:57,25.7,71,0,2023-08-04 08:49:57
8/4/2023,8:50:01,25.7,71,0,2023-08-04 08:50:01
8/4/2023,8:50:06,25.7,71,0,2023-08-04 08:50:06
8/4/2023,8:50:11,25.7,71,0,2023-08-04 08:50:11
8/4/2023,8:50:15,25.7,71,0,2023-08-04 08:50:15
8/4/2023,8:50:19,25.7,71,0,2023-08-04 08:50:19
8/4/2023,8:50:24,25.7,71,0,2023-08-04 08:50:24
8/4/2023,8:50:28,25.7,71,0,2023-08-04 08:50:28
8/4/2023,8:50:32,25.7,71,0,2023-08-04 08:50:32
8/4/2023,8:50:37,25.7,71,0,2023-08-04 08:50:37
8/4/2023,8:50:42,25.7,71,0,2023-08-04 08:50:42
8/4/2023,8:50:46,25.7,71,0,2023-08-04 08:50:46
8/4/2023,8:50:50,25.7,71,0,2023-08-04 08:50:50
8/4/2023,8:50:54,25.7,71,0,2023-08-04 08:50:54
8/4/2023,8:50:59,25.7,71,0,2023-08-04 08:50:59
8/4/2023,8:51:03,25.7,71,0,2023-08-04 08:51:03
8/4/2023,8:51:07,25.7,71,0,2023-08-04 08:51:07
8/4/2023,8:51:11,25.7,71,0,2023-08-04 08:51:11
8/4/2023,8:51:15,25.7,71,0,2023-08-04 08:51:15
8/4/2023,8:51:19,25.7,71,0,2023-08-04 08:51:19
8/4/2023,8:51:23,25.7,71,0,2023-08-04 08:51:23
8/4/2023,8:51:27,25.7,71,0,2023-08-04 08:51:27
8/4/2023,8:51:31,25.7,71,0,2023-08-04 08:51:31
8/4/2023,8:51:35,25.7,71,0,2023-08-04 08:51:35
8/4/2023,8:51:39,25.7,71,0,2023-08-04 08:51:39
8/4/2023,8:51:43,25.7,71,0,2023-08-04 08:51:43
8/4/2023,8:51:47,25.7,71,0,2023-08-04 08:51:47
8/4/2023,8:51:51,25.7,71,0,2023-08-04 08:51:51
8/4/2023,8:51:55,25.7,71,0,2023-08-04 08:51:55
8/4/2023,8:51:59,25.7,71,0,2023-08-04 08:51:59
8/4/2023,8:52:03,25.7,71,0,2023-08-04 08:52:03
8/4/2023,8:52:08,25.7,71,0,2023-08-04 08:52:08
8/4/2023,8:52:11,25.7,71,0,2023-08-04 08:52:11
8/4/2023,8:52:15,25.7,71,0,2023-08-04 08:52:15
8/4/2023,8:52:19,25.7,71,0,2023-08-04 08:52:19
8/4/2023,8:52:24,25.7,71,0,2023-08-04 08:52:24
8/4/2023,8:52:28,25.7,71,0,2023-08-04 08:52:28
8/4/2023,8:52:32,25.7,71,0,2023-08-04 08:52:32
8/4/2023,8:52:37,25.7,71,0,2023-08-04 08:52:37
8/4/2023,8:52:41,25.7,71,0,2023-08-04 08:52:41
8/4/2023,8:52:45,25.7,71,0,2023-08-04 08:52:45
8/4/2023,8:52:50,25.7,71,0,2023-08-04 08:52:50
8/4/2023,8:52:54,25.7,71,0,2023-08-04 08:52:54
8/4/2023,8:52:58,25.7,71,0,2023-08-04 08:52:58
8/4/2023,8:53:03,25.7,71,0,2023-08-04 08:53:03
8/4/2023,8:53:07,25.7,71,0,2023-08-04 08:53:07
8/4/2023,8:53:12,25.7,71,0,2023-08-04 08:53:12
8/4/2023,8:53:16,25.7,71,0,2023-08-04 08:53:16
8/4/2023,8:53:20,25.7,71,0,2023-08-04 08:53:20
8/4/2023,8:53:24,25.7,71,0,2023-08-04 08:53:24
8/4/2023,8:53:28,25.7,71,0,2023-08-04 08:53:28
8/4/2023,8:53:32,25.7,71,0,2023-08-04 08:53:32
8/4/2023,8:53:36,25.7,71,0,2023-08-04 08:53:36
8/4/2023,8:53:41,25.7,71,0,2023-08-04 08:53:41
8/4/2023,8:53:45,25.7,71,0,2023-08-04 08:53:45
8/4/2023,8:53:49,25.7,71,0,2023-08-04 08:53:49
8/4/2023,8:53:53,25.7,71,0,2023-08-04 08:53:53
8/4/2023,8:53:58,25.7,71,0,2023-08-04 08:53:58
8/4/2023,8:54:02,25.7,71,0,2023-08-04 08:54:02
8/4/2023,8:54:07,25.7,71,0,2023-08-04 08:54:07
8/4/2023,8:54:11,25.7,71,0,2023-08-04 08:54:11
8/4/2023,8:54:15,25.7,71,0,2023-08-04 08:54:15
8/4/2023,8:54:19,25.7,71,0,2023-08-04 08:54:19
8/4/2023,8:54:23,25.7,71,0,2023-08-04 08:54:23
8/4/2023,8:54:27,25.7,71,0,2023-08-04 08:54:27
8/4/2023,8:54:31,25.7,71,0,2023-08-04 08:54:31
8/4/2023,8:54:35,25.7,71,0,2023-08-04 08:54:35
8/4/2023,8:54:39,25.7,71,0,2023-08-04 08:54:39
8/4/2023,8:54:43,25.7,71,0,2023-08-04 08:54:43
8/4/2023,8:54:47,25.7,71,0,2023-08-04 08:54:47
8/4/2023,8:54:51,25.7,71,0,2023-08-04 08:54:51
8/4/2023,8:54:55,25.7,71,0,2023-08-04 08:54:55
8/4/2023,8:55:00,25.7,71,0,2023-08-04 08:55:00
8/4/2023,8:55:05,25.7,71,0,2023-08-04 08:55:05
8/4/2023,8:55:08,25.7,71,0,2023-08-04 08:55:08
8/4/2023,8:55:12,25.7,71,0,2023-08-04 08:55:12
8/4/2023,8:55:16,25.7,71,0,2023-08-04 08:55:16
8/4/2023,8:55:20,25.7,71,0,2023-08-04 08:55:20
8/4/2023,8:55:24,25.7,71,0,2023-08-04 08:55:24
8/4/2023,8:55:29,25.7,71,0,2023-08-04 08:55:29
8/4/2023,8:55:33,25.7,71,0,2023-08-04 08:55:33
8/4/2023,8:55:37,25.7,71,0,2023-08-04 08:55:37
8/4/2023,8:55:42,25.7,71,0,2023-08-04 08:55:42
8/4/2023,8:55:46,25.7,71,0,2023-08-04 08:55:46
8/4/2023,8:55:50,25.7,71,0,2023-08-04 08:55:50
8/4/2023,8:55:55,25.7,71,0,2023-08-04 08:55:55
8/4/2023,8:55:59,25.7,71,0,2023-08-04 08:55:59
8/4/2023,8:56:04,25.7,71,0,2023-08-04 08:56:04
8/4/2023,8:56:08,25.7,71,0,2023-08-04 08:56:08
8/4/2023,8:56:12,25.7,71,0,2023-08-04 08:56:12
8/4/2023,8:56:17,25.7,71,0,2023-08-04 08:56:17
8/4/2023,8:56:21,25.7,71,0,2023-08-04 08:56:21
8/4/2023,8:56:25,25.7,71,0,2023-08-04 08:56:25
8/4/2023,8:56:30,25.7,71,0,2023-08-04 08:56:30
8/4/2023,8:56:34,25.7,71,0,2023-08-04 08:56:34
8/4/2023,8:56:39,25.7,71,0,2023-08-04 08:56:39
8/4/2023,8:56:43,25.7,71,0,2023-08-04 08:56:43
8/4/2023,8:56:46,25.7,71,0,2023-08-04 08:56:46
8/4/2023,8:56:50,25.7,71,0,2023-08-04 08:56:50
8/4/2023,8:56:54,25.7,71,0,2023-08-04 08:56:54
8/4/2023,8:56:59,25.7,71,0,2023-08-04 08:56:59
8/4/2023,8:57:04,25.7,71,0,2023-08-04 08:57:04
8/4/2023,8:57:07,25.7,71,0,2023-08-04 08:57:07
8/4/2023,8:57:11,25.7,71,0,2023-08-04 08:57:11
8/4/2023,8:57:16,25.6,71,0,2023-08-04 08:57:16
8/4/2023,8:57:20,25.7,71,0,2023-08-04 08:57:20
8/4/2023,8:57:24,25.6,71,0,2023-08-04 08:57:24
8/4/2023,8:57:29,25.6,71,0,2023-08-04 08:57:29
8/4/2023,8:57:33,25.7,71,0,2023-08-04 08:57:33
8/4/2023,8:57:37,25.7,71,0,2023-08-04 08:57:37
8/4/2023,8:57:41,25.6,71,0,2023-08-04 08:57:41
8/4/2023,8:57:46,25.7,71,0,2023-08-04 08:57:46
8/4/2023,8:57:50,25.6,71,0,2023-08-04 08:57:50
8/4/2023,8:57:54,25.7,71,0,2023-08-04 08:57:54
8/4/2023,8:57:58,25.6,71,0,2023-08-04 08:57:58
8/4/2023,9:06:58,25.9,70,0,2023-08-04 09:06:58
8/4/2023,9:07:03,25.9,70,0,2023-08-04 09:07:03
8/4/2023,9:07:07,25.9,70,0,2023-08-04 09:07:07
8/4/2023,9:07:11,25.9,70,0,2023-08-04 09:07:11
8/4/2023,9:07:15,25.9,70,0,2023-08-04 09:07:15
8/4/2023,9:07:19,25.9,70,0,2023-08-04 09:07:19
8/4/2023,9:07:23,25.9,70,0,2023-08-04 09:07:23
8/4/2023,9:07:27,25.9,70,0,2023-08-04 09:07:27
8/4/2023,9:07:31,25.9,70,0,2023-08-04 09:07:31
8/4/2023,9:07:35,25.9,70,0,2023-08-04 09:07:35
8/4/2023,9:07:40,25.9,70,0,2023-08-04 09:07:40
8/4/2023,9:07:44,25.9,70,0,2023-08-04 09:07:44
8/4/2023,9:07:49,25.9,70,0,2023-08-04 09:07:49
8/4/2023,9:07:53,25.9,70,0,2023-08-04 09:07:53
8/4/2023,9:07:57,25.9,70,0,2023-08-04 09:07:57
8/4/2023,9:08:02,25.9,70,0,2023-08-04 09:08:02
8/4/2023,9:08:06,25.8,70,0,2023-08-04 09:08:06
8/4/2023,9:08:10,25.8,70,0,2023-08-04 09:08:10
8/4/2023,9:08:14,25.8,70,0,2023-08-04 09:08:14
8/4/2023,9:08:18,25.8,70,0,2023-08-04 09:08:18
8/4/2023,9:08:22,25.8,70,0,2023-08-04 09:08:22
8/4/2023,9:08:26,25.8,70,0,2023-08-04 09:08:26
8/4/2023,9:08:31,25.8,70,0,2023-08-04 09:08:31
8/4/2023,9:08:35,25.8,70,0,2023-08-04 09:08:35
8/4/2023,9:08:38,25.8,70,0,2023-08-04 09:08:38
8/4/2023,9:08:42,25.8,70,0,2023-08-04 09:08:42
8/4/2023,9:08:47,25.8,70,0,2023-08-04 09:08:47
8/4/2023,9:08:51,25.8,70,0,2023-08-04 09:08:51
8/4/2023,9:08:55,25.8,70,0,2023-08-04 09:08:55
8/4/2023,9:08:59,25.8,70,0,2023-08-04 09:08:59
8/4/2023,9:09:03,25.8,70,0,2023-08-04 09:09:03
8/4/2023,9:09:07,25.8,70,0,2023-08-04 09:09:07
8/4/2023,9:09:12,25.8,70,0,2023-08-04 09:09:12
8/4/2023,9:09:16,25.8,70,0,2023-08-04 09:09:16
8/4/2023,9:09:20,25.8,70,0,2023-08-04 09:09:20
8/4/2023,9:09:24,25.8,70,0,2023-08-04 09:09:24
8/4/2023,9:09:29,25.8,70,0,2023-08-04 09:09:29
8/4/2023,9:09:33,25.8,70,0,2023-08-04 09:09:33
8/4/2023,9:09:38,25.8,70,0,2023-08-04 09:09:38
8/4/2023,9:09:42,25.8,70,0,2023-08-04 09:09:42
8/4/2023,9:09:46,25.8,70,0,2023-08-04 09:09:46
8/4/2023,9:09:50,25.8,70,0,2023-08-04 09:09:50
8/4/2023,9:09:55,25.8,70,0,2023-08-04 09:09:55
8/4/2023,9:09:59,25.8,70,0,2023-08-04 09:09:59
8/4/2023,9:10:04,25.8,70,0,2023-08-04 09:10:04
8/4/2023,9:10:09,25.8,70,0,2023-08-04 09:10:09
8/4/2023,9:10:14,25.8,70,0,2023-08-04 09:10:14
8/4/2023,9:10:18,25.8,70,0,2023-08-04 09:10:18
8/4/2023,9:10:23,25.8,70,0,2023-08-04 09:10:23
8/4/2023,9:10:27,25.8,70,0,2023-08-04 09:10:27
8/4/2023,9:10:31,25.8,70,0,2023-08-04 09:10:31
8/4/2023,9:10:35,25.8,70,0,2023-08-04 09:10:35
8/4/2023,9:10:39,25.8,70,0,2023-08-04 09:10:39
8/4/2023,9:10:44,25.8,70,0,2023-08-04 09:10:44
8/4/2023,9:10:49,25.8,70,0,2023-08-04 09:10:49
8/4/2023,9:10:53,25.8,70,0,2023-08-04 09:10:53
8/4/2023,9:10:56,25.8,70,0,2023-08-04 09:10:56
8/4/2023,9:11:00,25.8,70,0,2023-08-04 09:11:00
8/4/2023,9:11:05,25.8,70,0,2023-08-04 09:11:05
8/4/2023,9:11:09,25.8,70,0,2023-08-04 09:11:09
8/4/2023,9:11:13,25.8,70,0,2023-08-04 09:11:13
8/4/2023,9:11:17,25.8,70,0,2023-08-04 09:11:17
8/4/2023,9:11:22,25.8,70,0,2023-08-04 09:11:22
8/4/2023,9:11:26,25.8,70,0,2023-08-04 09:11:26
8/4/2023,9:11:30,25.8,70,0,2023-08-04 09:11:30
8/4/2023,9:11:34,25.8,70,0,2023-08-04 09:11:34
8/4/2023,9:11:38,25.8,70,0,2023-08-04 09:11:38
8/4/2023,9:11:42,25.8,70,0,2023-08-04 09:11:42
8/4/2023,9:11:46,25.8,70,0,2023-08-04 09:11:46
8/4/2023,9:11:51,25.8,70,0,2023-08-04 09:11:51
8/4/2023,9:11:56,25.8,70,0,2023-08-04 09:11:56
8/4/2023,9:12:00,25.8,70,0,2023-08-04 09:12:00
8/4/2023,9:12:04,25.8,70,0,2023-08-04 09:12:04
8/4/2023,9:12:08,25.8,70,0,2023-08-04 09:12:08
8/4/2023,9:12:12,25.8,70,0,2023-08-04 09:12:12
8/4/2023,9:12:15,25.8,70,0,2023-08-04 09:12:15
8/4/2023,9:12:19,25.8,70,0,2023-08-04 09:12:19
8/4/2023,9:12:23,25.8,70,0,2023-08-04 09:12:23
8/4/2023,9:12:27,25.8,70,0,2023-08-04 09:12:27
8/4/2023,9:12:31,25.8,70,0,2023-08-04 09:12:31
8/4/2023,9:12:35,25.8,70,0,2023-08-04 09:12:35
8/4/2023,9:12:39,25.8,70,0,2023-08-04 09:12:39
8/4/2023,9:12:43,25.8,70,0,2023-08-04 09:12:43
8/4/2023,9:12:47,25.8,70,0,2023-08-04 09:12:47
8/4/2023,9:12:51,25.8,70,0,2023-08-04 09:12:51
8/4/2023,9:12:55,25.8,70,0,2023-08-04 09:12:55
8/4/2023,9:12:59,25.8,70,0,2023-08-04 09:12:59
8/4/2023,9:13:03,25.8,70,0,2023-08-04 09:13:03
8/4/2023,9:13:07,25.8,70,0,2023-08-04 09:13:07
8/4/2023,9:13:11,25.8,70,0,2023-08-04 09:13:11
8/4/2023,9:13:14,25.8,70,0,2023-08-04 09:13:14
8/4/2023,9:13:18,25.8,70,0,2023-08-04 09:13:18
8/4/2023,9:13:22,25.8,70,0,2023-08-04 09:13:22
8/4/2023,9:13:26,25.8,70,0,2023-08-04 09:13:26
8/4/2023,9:13:31,25.8,70,0,2023-08-04 09:13:31
8/4/2023,9:13:35,25.8,70,0,2023-08-04 09:13:35
8/4/2023,9:13:39,25.8,70,0,2023-08-04 09:13:39
8/4/2023,9:13:43,25.8,70,0,2023-08-04 09:13:43
8/4/2023,9:13:47,25.8,70,0,2023-08-04 09:13:47
8/4/2023,9:13:51,25.8,70,0,2023-08-04 09:13:51
8/4/2023,9:13:55,25.8,70,0,2023-08-04 09:13:55
8/4/2023,9:13:59,25.8,70,0,2023-08-04 09:13:59
8/4/2023,9:14:03,25.8,70,0,2023-08-04 09:14:03
8/4/2023,9:14:07,25.8,70,0,2023-08-04 09:14:07
8/4/2023,9:14:12,25.8,70,0,2023-08-04 09:14:12
8/4/2023,9:14:16,25.8,70,0,2023-08-04 09:14:16
8/4/2023,9:14:20,25.8,70,0,2023-08-04 09:14:20
8/4/2023,9:14:24,25.8,70,0,2023-08-04 09:14:24
8/4/2023,9:14:28,25.8,70,0,2023-08-04 09:14:28
8/4/2023,9:14:31,25.8,70,0,2023-08-04 09:14:31
8/4/2023,9:14:35,25.8,70,0,2023-08-04 09:14:35
8/4/2023,9:14:39,25.8,70,0,2023-08-04 09:14:39
8/4/2023,9:14:43,25.8,70,0,2023-08-04 09:14:43
8/4/2023,9:14:47,25.8,70,0,2023-08-04 09:14:47
8/4/2023,9:14:52,25.8,70,0,2023-08-04 09:14:52
8/4/2023,9:14:56,25.8,70,0,2023-08-04 09:14:56
8/4/2023,9:15:00,25.8,70,0,2023-08-04 09:15:00
8/4/2023,9:15:04,25.8,70,0,2023-08-04 09:15:04
8/4/2023,9:15:08,25.8,70,0,2023-08-04 09:15:08
8/4/2023,9:15:12,25.8,70,0,2023-08-04 09:15:12
8/4/2023,9:15:16,25.8,70,0,2023-08-04 09:15:16
8/4/2023,9:15:20,25.8,70,0,2023-08-04 09:15:20
8/4/2023,9:15:25,25.8,70,0,2023-08-04 09:15:25
8/4/2023,9:15:29,25.8,70,0,2023-08-04 09:15:29
8/4/2023,9:15:33,25.8,70,0,2023-08-04 09:15:33
8/4/2023,9:15:37,25.8,70,0,2023-08-04 09:15:37
8/4/2023,9:15:41,25.8,70,0,2023-08-04 09:15:41
8/4/2023,9:15:45,25.8,70,0,2023-08-04 09:15:45
8/4/2023,9:15:49,25.8,70,0,2023-08-04 09:15:49
8/4/2023,9:15:53,25.8,70,0,2023-08-04 09:15:53
8/4/2023,9:15:58,25.7,70,0,2023-08-04 09:15:58
8/4/2023,9:16:02,25.8,70,0,2023-08-04 09:16:02
8/4/2023,9:16:06,25.8,70,0,2023-08-04 09:16:06
8/4/2023,9:16:11,25.8,70,0,2023-08-04 09:16:11
8/4/2023,9:16:15,25.8,70,0,2023-08-04 09:16:15
8/4/2023,9:16:20,25.8,70,0,2023-08-04 09:16:20
8/4/2023,9:16:24,25.7,70,0,2023-08-04 09:16:24
8/4/2023,9:16:28,25.8,70,0,2023-08-04 09:16:28
8/4/2023,9:16:32,25.8,70,0,2023-08-04 09:16:32
8/4/2023,9:16:36,25.8,70,0,2023-08-04 09:16:36
8/4/2023,9:16:40,25.8,70,0,2023-08-04 09:16:40
8/4/2023,9:16:45,25.8,70,0,2023-08-04 09:16:45
8/4/2023,9:16:49,25.8,70,0,2023-08-04 09:16:49
8/4/2023,9:16:53,25.8,70,0,2023-08-04 09:16:53
8/4/2023,9:16:57,25.7,70,0,2023-08-04 09:16:57
8/4/2023,9:17:01,25.7,70,0,2023-08-04 09:17:01
8/4/2023,9:17:05,25.8,70,0,2023-08-04 09:17:05
8/4/2023,9:17:09,25.7,70,0,2023-08-04 09:17:09
8/4/2023,9:17:14,25.7,70,0,2023-08-04 09:17:14
8/4/2023,9:17:19,25.7,70,0,2023-08-04 09:17:19
8/4/2023,9:17:23,25.7,70,0,2023-08-04 09:17:23
8/4/2023,9:17:27,25.8,70,0,2023-08-04 09:17:27
8/4/2023,9:17:31,25.8,70,0,2023-08-04 09:17:31
8/4/2023,9:17:35,25.8,70,0,2023-08-04 09:17:35
8/4/2023,9:17:39,25.7,70,0,2023-08-04 09:17:39
8/4/2023,9:17:43,25.8,70,0,2023-08-04 09:17:43
8/4/2023,9:17:47,25.8,70,0,2023-08-04 09:17:47
8/4/2023,9:17:52,25.7,70,0,2023-08-04 09:17:52
8/4/2023,9:17:56,25.8,70,0,2023-08-04 09:17:56
8/4/2023,9:18:00,25.8,70,0,2023-08-04 09:18:00
8/4/2023,9:18:04,25.7,70,0,2023-08-04 09:18:04
8/4/2023,9:18:08,25.8,70,0,2023-08-04 09:18:08
8/4/2023,9:18:13,25.7,70,0,2023-08-04 09:18:13
8/4/2023,9:18:17,25.7,70,0,2023-08-04 09:18:17
8/4/2023,9:18:21,25.7,70,0,2023-08-04 09:18:21
8/4/2023,9:18:26,25.7,70,0,2023-08-04 09:18:26
8/4/2023,9:18:30,25.7,70,0,2023-08-04 09:18:30
8/4/2023,9:18:34,25.7,70,0,2023-08-04 09:18:34
8/4/2023,9:18:39,25.8,70,0,2023-08-04 09:18:39
8/4/2023,9:18:43,25.7,70,0,2023-08-04 09:18:43
8/4/2023,9:18:47,25.8,70,0,2023-08-04 09:18:47
8/4/2023,9:18:52,25.7,70,0,2023-08-04 09:18:52
8/4/2023,9:18:56,25.7,70,0,2023-08-04 09:18:56
8/4/2023,9:19:00,25.8,70,0,2023-08-04 09:19:00
8/4/2023,9:19:04,25.7,70,0,2023-08-04 09:19:04
8/4/2023,9:19:08,25.8,70,0,2023-08-04 09:19:08
8/4/2023,9:19:12,25.8,70,0,2023-08-04 09:19:12
8/4/2023,9:19:16,25.7,70,0,2023-08-04 09:19:16
8/4/2023,9:19:20,25.7,70,0,2023-08-04 09:19:20
8/4/2023,9:19:24,25.7,70,0,2023-08-04 09:19:24
8/4/2023,9:19:28,25.7,70,0,2023-08-04 09:19:28
8/4/2023,9:19:32,25.8,70,0,2023-08-04 09:19:32
8/4/2023,9:19:35,25.7,70,0,2023-08-04 09:19:35
8/4/2023,9:19:39,25.7,70,0,2023-08-04 09:19:39
8/4/2023,9:19:43,25.7,70,0,2023-08-04 09:19:43
8/4/2023,9:19:48,25.7,70,0,2023-08-04 09:19:48
8/4/2023,9:19:51,25.7,70,0,2023-08-04 09:19:51
8/4/2023,9:19:55,25.7,70,0,2023-08-04 09:19:55
8/4/2023,9:20:00,25.8,70,0,2023-08-04 09:20:00
8/4/2023,9:20:03,25.7,70,0,2023-08-04 09:20:03
8/4/2023,9:20:08,25.8,70,0,2023-08-04 09:20:08
8/4/2023,9:20:11,25.7,70,0,2023-08-04 09:20:11
8/4/2023,9:20:15,25.7,70,0,2023-08-04 09:20:15
8/4/2023,9:20:19,25.7,70,0,2023-08-04 09:20:19
8/4/2023,9:20:23,25.7,70,0,2023-08-04 09:20:23
8/4/2023,9:20:27,25.8,70,0,2023-08-04 09:20:27
8/4/2023,9:20:31,25.7,70,0,2023-08-04 09:20:31
8/4/2023,9:20:36,25.7,70,0,2023-08-04 09:20:36
8/4/2023,9:20:40,25.7,70,0,2023-08-04 09:20:40
8/4/2023,9:20:44,25.7,70,0,2023-08-04 09:20:44
8/4/2023,9:20:48,25.7,70,0,2023-08-04 09:20:48
8/4/2023,9:20:52,25.7,70,0,2023-08-04 09:20:52
8/4/2023,9:20:56,25.7,70,0,2023-08-04 09:20:56
8/4/2023,9:21:00,25.7,70,0,2023-08-04 09:21:00
8/4/2023,9:21:03,25.7,70,0,2023-08-04 09:21:03
8/4/2023,9:21:07,25.7,70,0,2023-08-04 09:21:07
8/4/2023,9:21:11,25.7,70,0,2023-08-04 09:21:11
8/4/2023,9:21:15,25.7,70,0,2023-08-04 09:21:15
8/4/2023,9:21:19,25.7,70,0,2023-08-04 09:21:19
8/4/2023,9:21:24,25.7,70,0,2023-08-04 09:21:24
8/4/2023,9:21:27,25.7,70,0,2023-08-04 09:21:27
8/4/2023,9:21:31,25.7,70,0,2023-08-04 09:21:31
8/4/2023,9:21:35,25.7,70,0,2023-08-04 09:21:35
8/4/2023,9:21:39,25.7,70,0,2023-08-04 09:21:39
8/4/2023,9:21:44,25.7,70,0,2023-08-04 09:21:44
8/4/2023,9:21:48,25.7,70,0,2023-08-04 09:21:48
8/4/2023,9:21:52,25.7,70,0,2023-08-04 09:21:52
8/4/2023,9:21:56,25.7,70,0,2023-08-04 09:21:56
8/4/2023,9:22:00,25.7,70,0,2023-08-04 09:22:00
8/4/2023,9:22:05,25.7,70,0,2023-08-04 09:22:05
8/4/2023,9:22:09,25.7,70,0,2023-08-04 09:22:09
8/4/2023,9:22:13,25.7,70,0,2023-08-04 09:22:13
8/4/2023,9:22:17,25.7,70,0,2023-08-04 09:22:17
8/4/2023,9:22:21,25.7,70,0,2023-08-04 09:22:21
8/4/2023,9:22:26,25.7,70,0,2023-08-04 09:22:26
8/4/2023,9:22:30,25.7,70,0,2023-08-04 09:22:30
8/4/2023,9:22:34,25.7,70,0,2023-08-04 09:22:34
8/4/2023,9:22:38,25.7,70,0,2023-08-04 09:22:38
8/4/2023,9:22:43,25.7,70,0,2023-08-04 09:22:43
8/4/2023,9:22:47,25.7,70,0,2023-08-04 09:22:47
8/4/2023,9:22:51,25.7,70,0,2023-08-04 09:22:51
8/4/2023,9:23:30,25.7,70,0,2023-08-04 09:23:30
8/4/2023,9:23:36,25.7,70,0,2023-08-04 09:23:36
8/4/2023,9:23:40,25.7,70,0,2023-08-04 09:23:40
8/4/2023,9:23:44,25.7,70,0,2023-08-04 09:23:44
8/4/2023,9:23:48,25.7,70,0,2023-08-04 09:23:48
8/4/2023,9:23:52,25.7,70,0,2023-08-04 09:23:52
8/4/2023,9:23:57,25.7,70,0,2023-08-04 09:23:57
8/4/2023,9:24:01,25.7,70,0,2023-08-04 09:24:01
8/4/2023,9:24:05,25.7,70,0,2023-08-04 09:24:05
8/4/2023,9:24:09,25.7,70,0,2023-08-04 09:24:09
8/4/2023,9:24:13,25.7,70,0,2023-08-04 09:24:13
8/4/2023,9:24:17,25.7,70,0,2023-08-04 09:24:17
8/4/2023,9:24:21,25.7,70,0,2023-08-04 09:24:21
8/4/2023,9:24:26,25.7,70,0,2023-08-04 09:24:26
8/4/2023,9:24:30,25.7,70,0,2023-08-04 09:24:30
8/4/2023,9:24:34,25.7,70,0,2023-08-04 09:24:34
8/4/2023,9:24:38,25.7,70,0,2023-08-04 09:24:38
8/4/2023,9:24:43,25.7,70,0,2023-08-04 09:24:43
8/4/2023,9:24:47,25.7,70,0,2023-08-04 09:24:47
8/4/2023,9:24:51,25.7,70,0,2023-08-04 09:24:51
8/4/2023,9:24:55,25.7,70,0,2023-08-04 09:24:55
8/4/2023,9:24:59,25.7,70,0,2023-08-04 09:24:59
8/4/2023,9:25:03,25.7,70,0,2023-08-04 09:25:03
8/4/2023,9:25:07,25.7,70,0,2023-08-04 09:25:07
8/4/2023,9:25:11,25.7,70,0,2023-08-04 09:25:11
8/4/2023,9:25:15,25.7,70,0,2023-08-04 09:25:15
8/4/2023,9:25:19,25.7,70,0,2023-08-04 09:25:19
8/4/2023,9:25:23,25.7,70,0,2023-08-04 09:25:23
8/4/2023,9:25:28,25.7,70,0,2023-08-04 09:25:28
8/4/2023,9:25:33,25.7,70,0,2023-08-04 09:25:33
8/4/2023,9:25:38,25.7,70,0,2023-08-04 09:25:38
8/4/2023,9:25:42,25.7,70,0,2023-08-04 09:25:42
8/4/2023,9:25:46,25.7,70,0,2023-08-04 09:25:46
8/4/2023,9:25:50,25.7,70,0,2023-08-04 09:25:50
8/4/2023,9:25:54,25.7,70,0,2023-08-04 09:25:54
8/4/2023,9:25:58,25.7,70,0,2023-08-04 09:25:58
8/4/2023,9:26:02,25.7,70,0,2023-08-04 09:26:02
8/4/2023,9:26:06,25.7,70,0,2023-08-04 09:26:06
8/4/2023,9:26:10,25.7,70,0,2023-08-04 09:26:10
8/4/2023,9:26:14,25.7,70,0,2023-08-04 09:26:14
8/4/2023,9:26:18,25.7,70,0,2023-08-04 09:26:18
8/4/2023,9:26:22,25.7,70,0,2023-08-04 09:26:22
8/4/2023,9:26:26,25.7,70,0,2023-08-04 09:26:26
8/4/2023,9:26:30,25.7,70,0,2023-08-04 09:26:30
8/4/2023,9:26:34,25.7,70,0,2023-08-04 09:26:34
8/4/2023,9:26:38,25.7,70,0,2023-08-04 09:26:38
8/4/2023,9:26:42,25.7,70,0,2023-08-04 09:26:42
8/4/2023,9:26:46,25.7,70,0,2023-08-04 09:26:46
8/4/2023,9:26:50,25.7,70,0,2023-08-04 09:26:50
8/4/2023,9:26:54,25.7,70,0,2023-08-04 09:26:54
8/4/2023,9:26:58,25.7,70,0,2023-08-04 09:26:58
8/4/2023,9:27:02,25.8,70,0,2023-08-04 09:27:02
8/4/2023,9:27:06,25.7,70,0,2023-08-04 09:27:06
8/4/2023,9:27:10,25.7,70,0,2023-08-04 09:27:10
8/4/2023,9:27:15,25.7,70,0,2023-08-04 09:27:15
8/4/2023,9:27:19,25.8,70,0,2023-08-04 09:27:19
8/4/2023,9:27:23,25.7,70,0,2023-08-04 09:27:23
8/4/2023,9:27:27,25.7,70,0,2023-08-04 09:27:27
8/4/2023,9:27:31,25.8,70,0,2023-08-04 09:27:31
8/4/2023,9:27:35,25.7,70,0,2023-08-04 09:27:35
8/4/2023,9:27:40,25.8,70,0,2023-08-04 09:27:40
8/4/2023,9:27:44,25.7,70,0,2023-08-04 09:27:44
8/4/2023,9:27:47,25.7,70,0,2023-08-04 09:27:47
8/4/2023,9:27:51,25.7,70,0,2023-08-04 09:27:51
8/4/2023,9:27:56,25.7,70,0,2023-08-04 09:27:56
8/4/2023,9:28:00,25.7,70,0,2023-08-04 09:28:00
8/4/2023,9:28:04,25.8,70,0,2023-08-04 09:28:04
8/4/2023,9:28:08,25.8,70,0,2023-08-04 09:28:08
8/4/2023,9:28:11,25.7,70,0,2023-08-04 09:28:11
8/4/2023,9:28:16,25.8,70,0,2023-08-04 09:28:16
8/4/2023,9:28:20,25.7,70,0,2023-08-04 09:28:20
8/4/2023,9:28:25,25.8,70,0,2023-08-04 09:28:25
8/4/2023,9:28:29,25.7,70,0,2023-08-04 09:28:29
8/4/2023,9:28:32,25.8,70,0,2023-08-04 09:28:32
8/4/2023,9:28:36,25.8,70,0,2023-08-04 09:28:36
8/4/2023,9:28:40,25.8,70,0,2023-08-04 09:28:40
8/4/2023,9:28:44,25.8,70,0,2023-08-04 09:28:44
8/4/2023,9:28:49,25.7,70,0,2023-08-04 09:28:49
8/4/2023,9:28:54,25.8,70,0,2023-08-04 09:28:54
8/4/2023,9:28:58,25.8,70,0,2023-08-04 09:28:58
8/4/2023,9:29:02,25.8,70,0,2023-08-04 09:29:02
8/4/2023,9:29:07,25.8,70,0,2023-08-04 09:29:07
8/4/2023,9:29:11,25.8,70,0,2023-08-04 09:29:11
8/4/2023,9:29:16,25.8,70,0,2023-08-04 09:29:16
8/4/2023,9:29:20,25.8,70,0,2023-08-04 09:29:20
8/4/2023,9:29:24,25.8,70,0,2023-08-04 09:29:24
8/4/2023,9:29:28,25.8,70,0,2023-08-04 09:29:28
8/4/2023,9:29:32,25.8,70,0,2023-08-04 09:29:32
8/4/2023,9:29:36,25.8,70,0,2023-08-04 09:29:36
8/4/2023,9:29:40,25.8,70,0,2023-08-04 09:29:40
8/4/2023,9:29:44,25.8,70,0,2023-08-04 09:29:44
8/4/2023,9:29:48,25.8,70,0,2023-08-04 09:29:48
8/4/2023,9:29:52,25.8,70,0,2023-08-04 09:29:52
8/4/2023,9:29:56,25.8,70,0,2023-08-04 09:29:56
8/4/2023,9:29:59,25.8,70,0,2023-08-04 09:29:59
8/4/2023,9:30:03,25.8,70,0,2023-08-04 09:30:03
8/4/2023,9:30:07,25.8,70,0,2023-08-04 09:30:07
8/4/2023,9:30:12,25.8,70,0,2023-08-04 09:30:12
8/4/2023,9:30:16,25.8,70,0,2023-08-04 09:30:16
8/4/2023,9:30:20,25.8,70,0,2023-08-04 09:30:20
8/4/2023,9:30:24,25.8,70,0,2023-08-04 09:30:24
8/4/2023,9:30:29,25.8,70,0,2023-08-04 09:30:29
8/4/2023,9:30:33,25.8,70,0,2023-08-04 09:30:33
8/4/2023,9:30:37,25.8,70,0,2023-08-04 09:30:37
8/4/2023,9:30:42,25.8,70,0,2023-08-04 09:30:42
8/4/2023,9:30:46,25.8,70,0,2023-08-04 09:30:46
8/4/2023,9:30:50,25.8,70,0,2023-08-04 09:30:50
8/4/2023,9:30:54,25.8,70,0,2023-08-04 09:30:54
8/4/2023,9:30:58,25.8,70,0,2023-08-04 09:30:58
8/4/2023,9:31:02,25.8,70,0,2023-08-04 09:31:02
8/4/2023,9:31:06,25.8,70,0,2023-08-04 09:31:06
8/4/2023,9:31:10,25.8,70,0,2023-08-04 09:31:10
8/4/2023,9:31:15,25.8,70,0,2023-08-04 09:31:15
8/4/2023,9:31:19,25.8,70,0,2023-08-04 09:31:19
8/4/2023,9:31:23,25.8,70,0,2023-08-04 09:31:23
8/4/2023,9:31:26,25.8,70,0,2023-08-04 09:31:26
8/4/2023,9:31:31,25.8,70,0,2023-08-04 09:31:31
8/4/2023,9:31:34,25.8,70,0,2023-08-04 09:31:34
8/4/2023,9:31:39,25.8,70,0,2023-08-04 09:31:39
8/4/2023,9:31:43,25.8,70,0,2023-08-04 09:31:43
8/4/2023,9:31:47,25.8,70,0,2023-08-04 09:31:47
8/4/2023,9:31:51,25.8,70,0,2023-08-04 09:31:51
8/4/2023,9:31:55,25.8,70,0,2023-08-04 09:31:55
8/4/2023,9:31:59,25.8,70,0,2023-08-04 09:31:59
8/4/2023,9:32:02,25.8,70,0,2023-08-04 09:32:02
8/4/2023,9:32:06,25.8,70,0,2023-08-04 09:32:06
8/4/2023,9:32:11,25.8,70,0,2023-08-04 09:32:11
8/4/2023,9:32:15,25.8,70,0,2023-08-04 09:32:15
8/4/2023,9:32:19,25.8,70,0,2023-08-04 09:32:19
8/4/2023,9:32:23,25.8,70,0,2023-08-04 09:32:23
8/4/2023,9:32:27,25.8,70,0,2023-08-04 09:32:27
8/4/2023,9:32:31,25.8,70,0,2023-08-04 09:32:31
8/4/2023,9:32:35,25.8,70,0,2023-08-04 09:32:35
8/4/2023,9:32:39,25.8,70,0,2023-08-04 09:32:39
8/4/2023,9:32:44,25.8,70,0,2023-08-04 09:32:44
8/4/2023,9:32:48,25.8,70,0,2023-08-04 09:32:48
8/4/2023,9:32:53,25.8,70,0,2023-08-04 09:32:53
8/4/2023,9:32:57,25.8,70,0,2023-08-04 09:32:57
8/4/2023,9:33:01,25.8,70,0,2023-08-04 09:33:01
8/4/2023,9:33:06,25.8,70,0,2023-08-04 09:33:06
8/4/2023,9:33:10,25.8,70,0,2023-08-04 09:33:10
8/4/2023,9:33:14,25.8,70,0,2023-08-04 09:33:14
8/4/2023,9:33:18,25.8,70,0,2023-08-04 09:33:18
8/4/2023,9:33:22,25.8,70,0,2023-08-04 09:33:22
8/4/2023,9:33:26,25.8,70,0,2023-08-04 09:33:26
8/4/2023,9:33:31,25.8,70,0,2023-08-04 09:33:31
8/4/2023,9:33:34,25.8,70,0,2023-08-04 09:33:34
8/4/2023,9:33:39,25.8,70,0,2023-08-04 09:33:39
8/4/2023,9:33:43,25.8,70,0,2023-08-04 09:33:43
8/4/2023,9:33:48,25.8,70,0,2023-08-04 09:33:48
8/4/2023,9:33:53,25.8,70,0,2023-08-04 09:33:53
8/4/2023,9:33:57,25.8,70,0,2023-08-04 09:33:57
8/4/2023,9:34:01,25.8,70,0,2023-08-04 09:34:01
8/4/2023,9:34:05,25.8,70,0,2023-08-04 09:34:05
8/4/2023,9:34:10,25.8,70,0,2023-08-04 09:34:10
8/4/2023,9:34:14,25.8,70,0,2023-08-04 09:34:14
8/4/2023,9:34:18,25.8,70,0,2023-08-04 09:34:18
8/4/2023,9:34:22,25.8,70,0,2023-08-04 09:34:22
8/4/2023,9:34:26,25.8,70,0,2023-08-04 09:34:26
8/4/2023,9:34:30,25.8,70,0,2023-08-04 09:34:30
8/4/2023,9:34:35,25.8,70,0,2023-08-04 09:34:35
8/4/2023,9:34:39,25.8,70,0,2023-08-04 09:34:39
8/4/2023,9:34:44,25.8,70,0,2023-08-04 09:34:44
8/4/2023,9:34:48,25.8,70,0,2023-08-04 09:34:48
8/4/2023,9:34:52,25.8,70,0,2023-08-04 09:34:52
8/4/2023,9:34:56,25.8,70,0,2023-08-04 09:34:56
8/4/2023,9:35:00,25.8,70,0,2023-08-04 09:35:00
8/4/2023,9:35:04,25.8,70,0,2023-08-04 09:35:04
8/4/2023,9:35:08,25.8,70,0,2023-08-04 09:35:08
8/4/2023,9:35:12,25.8,70,0,2023-08-04 09:35:12
8/4/2023,9:35:16,25.8,70,0,2023-08-04 09:35:16
8/4/2023,9:35:20,25.8,70,0,2023-08-04 09:35:20
8/4/2023,9:35:24,25.8,70,0,2023-08-04 09:35:24
8/4/2023,9:35:28,25.8,70,0,2023-08-04 09:35:28
8/4/2023,9:35:33,25.8,70,0,2023-08-04 09:35:33
8/4/2023,9:35:37,25.8,70,0,2023-08-04 09:35:37
8/4/2023,9:35:41,25.8,70,0,2023-08-04 09:35:41
8/4/2023,9:35:46,25.8,70,0,2023-08-04 09:35:46
8/4/2023,9:35:51,25.8,70,0,2023-08-04 09:35:51
8/4/2023,9:35:56,25.8,70,0,2023-08-04 09:35:56
8/4/2023,9:36:00,25.8,70,0,2023-08-04 09:36:00
8/4/2023,9:36:03,25.8,70,0,2023-08-04 09:36:03
8/4/2023,9:36:08,25.8,70,0,2023-08-04 09:36:08
8/4/2023,9:36:12,25.8,70,0,2023-08-04 09:36:12
8/4/2023,9:36:16,25.8,70,0,2023-08-04 09:36:16
8/4/2023,9:36:21,25.8,70,0,2023-08-04 09:36:21
8/4/2023,9:36:25,25.8,70,0,2023-08-04 09:36:25
8/4/2023,9:36:29,25.8,70,0,2023-08-04 09:36:29
8/4/2023,9:36:34,25.8,70,0,2023-08-04 09:36:34
8/4/2023,9:36:38,25.8,70,0,2023-08-04 09:36:38
8/4/2023,9:36:42,25.8,70,0,2023-08-04 09:36:42
8/4/2023,9:36:46,25.8,70,0,2023-08-04 09:36:46
8/4/2023,9:36:50,25.8,70,0,2023-08-04 09:36:50
8/4/2023,9:36:55,25.8,70,0,2023-08-04 09:36:55
8/4/2023,9:37:00,25.8,70,0,2023-08-04 09:37:00
8/4/2023,9:37:05,25.8,70,0,2023-08-04 09:37:05
8/4/2023,9:37:08,25.8,70,0,2023-08-04 09:37:08
8/4/2023,9:37:12,25.8,70,0,2023-08-04 09:37:12
8/4/2023,9:37:16,25.8,70,0,2023-08-04 09:37:16
8/4/2023,9:37:20,25.8,70,0,2023-08-04 09:37:20
8/4/2023,9:37:23,25.8,70,0,2023-08-04 09:37:23
8/4/2023,9:37:27,25.8,70,0,2023-08-04 09:37:27
8/4/2023,9:37:31,25.8,70,0,2023-08-04 09:37:31
8/4/2023,9:37:35,25.8,70,0,2023-08-04 09:37:35
8/4/2023,9:37:39,25.8,70,0,2023-08-04 09:37:39
8/4/2023,9:37:43,25.8,70,0,2023-08-04 09:37:43
8/4/2023,9:37:47,25.8,70,0,2023-08-04 09:37:47
8/4/2023,9:37:51,25.8,70,0,2023-08-04 09:37:51
8/4/2023,9:37:55,25.8,70,0,2023-08-04 09:37:55
8/4/2023,9:37:59,25.8,70,0,2023-08-04 09:37:59
8/4/2023,9:38:02,25.8,70,0,2023-08-04 09:38:02
8/4/2023,9:38:06,25.8,70,0,2023-08-04 09:38:06
8/4/2023,9:38:10,25.8,70,0,2023-08-04 09:38:10
8/4/2023,9:38:15,25.8,70,0,2023-08-04 09:38:15
8/4/2023,9:38:19,25.8,70,0,2023-08-04 09:38:19
8/4/2023,9:38:23,25.8,70,0,2023-08-04 09:38:23
8/4/2023,9:38:26,25.8,70,0,2023-08-04 09:38:26
8/4/2023,9:38:30,25.8,70,0,2023-08-04 09:38:30
8/4/2023,9:38:34,25.8,70,0,2023-08-04 09:38:34
8/4/2023,9:38:39,25.8,70,0,2023-08-04 09:38:39
8/4/2023,9:38:44,25.8,70,0,2023-08-04 09:38:44
8/4/2023,9:38:48,25.8,70,0,2023-08-04 09:38:48
8/4/2023,9:38:52,25.8,70,0,2023-08-04 09:38:52
8/4/2023,9:38:56,25.8,70,0,2023-08-04 09:38:56
8/4/2023,9:39:05,25.8,70,0,2023-08-04 09:39:05
8/4/2023,9:39:10,25.8,70,0,2023-08-04 09:39:10
8/4/2023,9:39:14,25.8,70,0,2023-08-04 09:39:14
8/4/2023,9:39:18,25.8,70,0,2023-08-04 09:39:18
8/4/2023,9:39:22,25.8,70,0,2023-08-04 09:39:22
8/4/2023,9:39:27,25.8,70,0,2023-08-04 09:39:27
8/4/2023,9:39:31,25.8,70,0,2023-08-04 09:39:31
8/4/2023,9:39:35,25.8,70,0,2023-08-04 09:39:35
8/4/2023,9:39:39,25.8,70,0,2023-08-04 09:39:39
8/4/2023,9:39:42,25.8,70,0,2023-08-04 09:39:42
8/4/2023,9:39:46,25.8,70,0,2023-08-04 09:39:46
8/4/2023,9:39:51,25.8,70,0,2023-08-04 09:39:51
8/4/2023,9:39:55,25.8,70,0,2023-08-04 09:39:55
8/4/2023,9:40:00,25.8,70,0,2023-08-04 09:40:00
8/4/2023,9:40:03,25.8,70,0,2023-08-04 09:40:03
8/4/2023,9:40:07,25.8,70,0,2023-08-04 09:40:07
8/4/2023,9:40:12,25.8,70,0,2023-08-04 09:40:12
8/4/2023,9:40:16,25.8,70,0,2023-08-04 09:40:16
8/4/2023,9:40:20,25.8,70,0,2023-08-04 09:40:20
8/4/2023,9:40:24,25.8,70,0,2023-08-04 09:40:24
8/4/2023,9:40:28,25.8,70,0,2023-08-04 09:40:28
8/4/2023,9:40:32,25.8,70,0,2023-08-04 09:40:32
8/4/2023,9:40:37,25.8,70,0,2023-08-04 09:40:37
8/4/2023,9:40:41,25.8,70,0,2023-08-04 09:40:41
8/4/2023,9:40:44,25.8,70,0,2023-08-04 09:40:44
8/4/2023,9:40:49,25.8,70,0,2023-08-04 09:40:49
8/4/2023,9:40:54,25.8,70,0,2023-08-04 09:40:54
8/4/2023,9:40:58,25.8,70,0,2023-08-04 09:40:58
8/4/2023,9:41:03,25.8,70,0,2023-08-04 09:41:03
8/4/2023,9:41:06,25.8,70,0,2023-08-04 09:41:06
8/4/2023,9:41:11,25.8,70,0,2023-08-04 09:41:11
8/4/2023,9:41:15,25.8,70,0,2023-08-04 09:41:15
8/4/2023,9:41:19,25.8,70,0,2023-08-04 09:41:19
8/4/2023,9:41:23,25.8,70,0,2023-08-04 09:41:23
8/4/2023,9:41:27,25.8,70,0,2023-08-04 09:41:27
8/4/2023,9:41:31,25.8,70,0,2023-08-04 09:41:31
8/4/2023,9:41:36,25.8,70,0,2023-08-04 09:41:36
8/4/2023,9:41:41,25.8,70,0,2023-08-04 09:41:41
8/4/2023,9:41:45,25.8,70,0,2023-08-04 09:41:45
8/4/2023,9:41:50,25.8,70,0,2023-08-04 09:41:50
8/4/2023,9:41:54,25.8,70,0,2023-08-04 09:41:54
8/4/2023,9:41:59,25.8,70,0,2023-08-04 09:41:59
8/4/2023,9:42:04,25.8,70,0,2023-08-04 09:42:04
8/4/2023,9:42:17,25.8,70,0,2023-08-04 09:42:17
8/4/2023,9:42:24,25.8,70,0,2023-08-04 09:42:24
8/4/2023,9:42:28,25.8,70,0,2023-08-04 09:42:28
8/4/2023,9:42:32,25.8,70,0,2023-08-04 09:42:32
8/4/2023,9:42:36,25.8,70,0,2023-08-04 09:42:36
8/4/2023,9:42:39,25.8,70,0,2023-08-04 09:42:39
8/4/2023,9:42:43,25.8,70,0,2023-08-04 09:42:43
8/4/2023,9:42:48,25.8,70,0,2023-08-04 09:42:48
8/4/2023,9:42:52,25.8,70,0,2023-08-04 09:42:52
8/4/2023,9:42:56,25.8,70,0,2023-08-04 09:42:56
8/4/2023,9:43:01,25.8,70,0,2023-08-04 09:43:01
8/4/2023,9:43:05,25.8,70,0,2023-08-04 09:43:05
8/4/2023,9:43:08,25.8,70,0,2023-08-04 09:43:08
8/4/2023,9:43:12,25.8,70,0,2023-08-04 09:43:12
8/4/2023,9:43:16,25.8,70,0,2023-08-04 09:43:16
8/4/2023,9:43:20,25.8,70,0,2023-08-04 09:43:20
8/4/2023,9:43:24,25.8,70,0,2023-08-04 09:43:24
8/4/2023,9:43:28,25.8,70,0,2023-08-04 09:43:28
8/4/2023,9:43:32,25.8,70,0,2023-08-04 09:43:32
8/4/2023,9:43:36,25.8,70,0,2023-08-04 09:43:36
8/4/2023,9:43:40,25.9,70,0,2023-08-04 09:43:40
8/4/2023,9:43:44,25.9,70,0,2023-08-04 09:43:44
8/4/2023,9:43:48,25.9,70,0,2023-08-04 09:43:48
8/4/2023,9:43:52,25.9,70,0,2023-08-04 09:43:52
8/4/2023,9:43:56,25.9,70,0,2023-08-04 09:43:56
8/4/2023,9:44:01,25.9,70,0,2023-08-04 09:44:01
8/4/2023,9:44:05,25.9,70,0,2023-08-04 09:44:05
8/4/2023,9:44:09,25.9,70,0,2023-08-04 09:44:09
8/5/2023,9:25:33,25.7,70,0,2023-08-05 09:25:33
8/5/2023,9:25:37,25.7,70,0,2023-08-05 09:25:37
8/5/2023,9:25:41,25.7,70,0,2023-08-05 09:25:41
8/5/2023,9:25:46,25.7,70,0,2023-08-05 09:25:46
8/5/2023,9:25:51,25.7,70,0,2023-08-05 09:25:51
8/5/2023,9:25:55,25.8,71,0,2023-08-05 09:25:55
8/5/2023,9:25:59,25.8,71,0,2023-08-05 09:25:59
8/5/2023,9:26:03,25.8,71,0,2023-08-05 09:26:03
8/5/2023,9:26:07,25.8,71,0,2023-08-05 09:26:07
8/5/2023,9:26:11,25.8,71,0,2023-08-05 09:26:11
8/5/2023,9:26:15,25.8,71,0,2023-08-05 09:26:15
8/5/2023,9:26:20,25.8,71,0,2023-08-05 09:26:20
8/5/2023,9:26:24,25.8,71,0,2023-08-05 09:26:24
8/5/2023,9:26:28,25.8,71,0,2023-08-05 09:26:28
8/5/2023,9:26:33,25.8,71,0,2023-08-05 09:26:33
8/5/2023,9:26:37,25.8,71,0,2023-08-05 09:26:37
8/5/2023,9:26:41,25.8,71,0,2023-08-05 09:26:41
8/5/2023,9:26:45,25.8,71,0,2023-08-05 09:26:45
8/5/2023,9:26:49,25.8,71,0,2023-08-05 09:26:49
8/5/2023,9:26:54,25.8,71,0,2023-08-05 09:26:54
8/5/2023,9:26:58,25.8,71,0,2023-08-05 09:26:58
8/5/2023,9:27:02,25.8,71,0,2023-08-05 09:27:02
8/5/2023,9:27:07,25.8,71,0,2023-08-05 09:27:07
8/5/2023,9:27:11,25.9,71,0,2023-08-05 09:27:11
8/5/2023,9:27:15,25.9,71,0,2023-08-05 09:27:15
8/5/2023,9:27:19,25.9,71,0,2023-08-05 09:27:19
8/5/2023,9:27:24,25.9,71,0,2023-08-05 09:27:24
8/5/2023,9:27:28,25.9,71,0,2023-08-05 09:27:28
8/5/2023,9:27:32,25.9,71,0,2023-08-05 09:27:32
8/5/2023,9:27:36,25.9,71,0,2023-08-05 09:27:36
8/5/2023,9:27:40,25.9,71,0,2023-08-05 09:27:40
8/5/2023,9:27:44,25.9,71,0,2023-08-05 09:27:44
8/5/2023,9:27:48,25.9,71,0,2023-08-05 09:27:48
8/5/2023,9:27:52,25.9,71,0,2023-08-05 09:27:52
8/5/2023,9:27:56,25.9,71,0,2023-08-05 09:27:56
8/5/2023,9:28:00,25.9,71,0,2023-08-05 09:28:00
8/5/2023,9:28:04,25.9,71,0,2023-08-05 09:28:04
8/5/2023,9:28:08,25.9,71,0,2023-08-05 09:28:08
8/5/2023,9:28:13,26.0,71,0,2023-08-05 09:28:13
8/5/2023,9:28:17,26.0,71,0,2023-08-05 09:28:17
8/5/2023,9:28:21,26.0,71,0,2023-08-05 09:28:21
8/5/2023,9:28:26,26.0,71,0,2023-08-05 09:28:26
8/5/2023,9:28:30,26.0,71,0,2023-08-05 09:28:30
8/5/2023,9:28:34,26.0,71,0,2023-08-05 09:28:34
8/5/2023,9:28:38,26.0,71,0,2023-08-05 09:28:38
8/5/2023,9:28:42,26.0,71,0,2023-08-05 09:28:42
8/5/2023,9:28:47,26.0,71,0,2023-08-05 09:28:47
8/5/2023,9:28:51,26.0,71,0,2023-08-05 09:28:51
8/5/2023,9:28:55,26.0,71,0,2023-08-05 09:28:55
8/5/2023,9:29:00,26.0,71,0,2023-08-05 09:29:00
8/5/2023,9:29:03,26.1,71,0,2023-08-05 09:29:03
8/5/2023,9:29:07,26.1,71,0,2023-08-05 09:29:07
8/5/2023,9:29:11,26.1,71,0,2023-08-05 09:29:11
8/5/2023,9:29:15,26.1,71,0,2023-08-05 09:29:15
8/5/2023,9:29:19,26.1,71,0,2023-08-05 09:29:19
8/5/2023,9:29:23,26.1,71,0,2023-08-05 09:29:23
8/5/2023,9:29:28,26.1,71,0,2023-08-05 09:29:28
8/5/2023,9:29:32,26.1,71,0,2023-08-05 09:29:32
8/5/2023,9:29:36,26.1,71,0,2023-08-05 09:29:36
8/5/2023,9:29:40,26.1,71,0,2023-08-05 09:29:40
8/5/2023,9:29:44,26.1,71,0,2023-08-05 09:29:44
8/5/2023,9:29:48,26.1,71,0,2023-08-05 09:29:48
8/5/2023,9:29:52,26.1,71,0,2023-08-05 09:29:52
8/5/2023,9:29:56,26.1,71,0,2023-08-05 09:29:56
8/5/2023,9:30:00,26.1,71,0,2023-08-05 09:30:00
8/5/2023,9:30:04,26.1,71,0,2023-08-05 09:30:04
8/5/2023,9:30:09,26.1,71,0,2023-08-05 09:30:09
8/5/2023,9:30:13,26.1,71,0,2023-08-05 09:30:13
8/5/2023,9:30:17,26.1,70,0,2023-08-05 09:30:17
8/5/2023,9:30:21,26.1,70,0,2023-08-05 09:30:21
8/5/2023,9:30:25,26.2,70,0,2023-08-05 09:30:25
8/5/2023,9:30:29,26.2,70,0,2023-08-05 09:30:29
8/5/2023,9:30:33,26.2,70,0,2023-08-05 09:30:33
8/5/2023,9:30:38,26.2,70,0,2023-08-05 09:30:38
8/5/2023,9:30:42,26.2,70,0,2023-08-05 09:30:42
8/5/2023,9:30:46,26.2,70,0,2023-08-05 09:30:46
8/5/2023,9:30:49,26.2,70,0,2023-08-05 09:30:49
8/5/2023,9:30:53,26.2,70,0,2023-08-05 09:30:53
8/5/2023,9:30:58,26.2,70,0,2023-08-05 09:30:58
8/5/2023,9:31:02,26.2,70,0,2023-08-05 09:31:02
8/5/2023,9:31:06,26.2,70,0,2023-08-05 09:31:06
8/5/2023,9:31:10,26.2,70,0,2023-08-05 09:31:10
8/5/2023,9:31:14,26.2,70,0,2023-08-05 09:31:14
8/5/2023,9:31:18,26.2,70,0,2023-08-05 09:31:18
8/5/2023,9:31:23,26.2,70,0,2023-08-05 09:31:23
8/5/2023,9:31:27,26.2,70,0,2023-08-05 09:31:27
8/5/2023,9:31:31,26.2,70,0,2023-08-05 09:31:31
8/5/2023,9:31:35,26.2,70,0,2023-08-05 09:31:35
8/5/2023,9:31:39,26.2,70,0,2023-08-05 09:31:39
8/5/2023,9:31:43,26.2,70,0,2023-08-05 09:31:43
8/5/2023,9:31:47,26.2,70,0,2023-08-05 09:31:47
8/5/2023,9:31:52,26.2,70,0,2023-08-05 09:31:52
8/5/2023,9:31:56,26.2,70,0,2023-08-05 09:31:56
8/5/2023,9:32:00,26.2,70,0,2023-08-05 09:32:00
8/5/2023,9:32:04,26.2,70,0,2023-08-05 09:32:04
8/5/2023,9:32:08,26.2,70,0,2023-08-05 09:32:08
8/5/2023,9:32:12,26.2,70,0,2023-08-05 09:32:12
8/5/2023,9:32:16,26.2,70,0,2023-08-05 09:32:16
8/5/2023,9:32:20,26.2,70,0,2023-08-05 09:32:20
8/5/2023,9:32:25,26.2,70,0,2023-08-05 09:32:25
8/5/2023,9:32:30,26.2,70,0,2023-08-05 09:32:30
8/5/2023,9:32:34,26.2,70,0,2023-08-05 09:32:34
8/5/2023,9:32:38,26.2,70,0,2023-08-05 09:32:38
8/5/2023,9:32:42,26.2,70,0,2023-08-05 09:32:42
8/5/2023,9:32:46,26.2,70,0,2023-08-05 09:32:46
8/5/2023,9:32:51,26.2,70,0,2023-08-05 09:32:51
8/5/2023,9:32:55,26.2,70,0,2023-08-05 09:32:55
8/5/2023,9:32:59,26.2,70,0,2023-08-05 09:32:59
8/5/2023,9:33:04,26.2,70,0,2023-08-05 09:33:04
8/5/2023,9:33:08,26.2,70,0,2023-08-05 09:33:08
8/5/2023,9:33:12,26.2,69,0,2023-08-05 09:33:12
8/5/2023,9:33:17,26.2,69,0,2023-08-05 09:33:17
8/5/2023,9:33:21,26.2,69,0,2023-08-05 09:33:21
8/5/2023,9:33:25,26.2,69,0,2023-08-05 09:33:25
8/5/2023,9:33:29,26.2,69,0,2023-08-05 09:33:29
8/5/2023,9:33:33,26.2,69,0,2023-08-05 09:33:33
8/5/2023,9:33:38,26.2,69,0,2023-08-05 09:33:38
8/5/2023,9:33:42,26.2,69,0,2023-08-05 09:33:42
8/5/2023,9:33:47,26.2,69,0,2023-08-05 09:33:47
8/5/2023,9:33:51,26.3,69,0,2023-08-05 09:33:51
8/5/2023,9:33:55,26.2,69,0,2023-08-05 09:33:55
8/5/2023,9:33:59,26.3,69,0,2023-08-05 09:33:59
8/5/2023,9:34:03,26.3,69,0,2023-08-05 09:34:03
8/5/2023,9:34:07,26.2,69,0,2023-08-05 09:34:07
8/5/2023,9:34:11,26.3,69,0,2023-08-05 09:34:11
8/5/2023,9:34:16,26.3,69,0,2023-08-05 09:34:16
8/5/2023,9:34:19,26.3,70,0,2023-08-05 09:34:19
8/5/2023,9:34:23,26.3,70,0,2023-08-05 09:34:23
8/5/2023,9:34:27,26.3,70,0,2023-08-05 09:34:27
8/5/2023,9:34:32,26.3,70,0,2023-08-05 09:34:32
8/5/2023,9:34:36,26.3,70,0,2023-08-05 09:34:36
8/5/2023,9:34:40,26.3,70,0,2023-08-05 09:34:40
8/5/2023,9:34:44,26.3,70,0,2023-08-05 09:34:44
8/5/2023,9:34:48,26.3,70,0,2023-08-05 09:34:48
8/5/2023,9:34:52,26.3,70,0,2023-08-05 09:34:52
8/5/2023,9:34:56,26.3,70,0,2023-08-05 09:34:56
8/5/2023,9:35:00,26.3,70,0,2023-08-05 09:35:00
8/5/2023,9:35:04,26.3,70,0,2023-08-05 09:35:04
8/5/2023,9:35:08,26.3,70,0,2023-08-05 09:35:08
8/5/2023,9:35:13,26.3,70,4,2023-08-05 09:35:13
8/5/2023,9:35:18,26.3,70,4,2023-08-05 09:35:18
8/5/2023,9:35:27,26.3,70,0,2023-08-05 09:35:27
8/5/2023,9:35:31,26.3,70,4,2023-08-05 09:35:31
8/5/2023,9:35:40,26.3,70,0,2023-08-05 09:35:40
8/5/2023,9:35:45,26.3,70,0,2023-08-05 09:35:45
8/5/2023,9:35:49,26.3,70,0,2023-08-05 09:35:49
8/5/2023,9:35:52,26.3,70,0,2023-08-05 09:35:52
8/5/2023,9:35:56,26.3,70,0,2023-08-05 09:35:56
8/5/2023,9:36:00,26.3,70,0,2023-08-05 09:36:00
8/5/2023,9:36:04,26.3,70,0,2023-08-05 09:36:04
8/5/2023,9:36:08,26.3,70,0,2023-08-05 09:36:08
8/5/2023,9:36:13,26.3,70,0,2023-08-05 09:36:13
8/5/2023,9:36:17,26.3,70,0,2023-08-05 09:36:17
8/5/2023,9:36:21,26.3,70,0,2023-08-05 09:36:21
8/5/2023,9:36:25,26.3,70,0,2023-08-05 09:36:25
8/5/2023,9:36:30,26.3,70,0,2023-08-05 09:36:30
8/5/2023,9:36:34,26.3,70,0,2023-08-05 09:36:34
8/5/2023,9:36:38,26.3,70,0,2023-08-05 09:36:38
8/5/2023,9:36:42,26.3,70,0,2023-08-05 09:36:42
8/5/2023,9:36:46,26.3,70,0,2023-08-05 09:36:46
8/5/2023,9:36:50,26.3,70,0,2023-08-05 09:36:50
8/5/2023,9:36:54,26.3,70,0,2023-08-05 09:36:54
8/5/2023,9:36:58,26.3,70,0,2023-08-05 09:36:58
8/5/2023,9:37:03,26.3,70,0,2023-08-05 09:37:03
8/5/2023,9:37:07,26.3,70,0,2023-08-05 09:37:07
8/5/2023,9:37:11,26.3,70,0,2023-08-05 09:37:11
8/5/2023,9:37:16,26.3,70,0,2023-08-05 09:37:16
8/5/2023,9:37:20,26.3,70,0,2023-08-05 09:37:20
8/5/2023,9:37:24,26.3,70,0,2023-08-05 09:37:24
8/5/2023,9:37:28,26.3,70,0,2023-08-05 09:37:28
8/5/2023,9:37:32,26.3,70,0,2023-08-05 09:37:32
8/5/2023,9:37:36,26.3,70,0,2023-08-05 09:37:36
8/5/2023,9:37:40,26.3,70,0,2023-08-05 09:37:40
8/5/2023,9:37:44,26.3,70,0,2023-08-05 09:37:44
8/5/2023,9:37:48,26.3,70,0,2023-08-05 09:37:48
8/5/2023,9:37:53,26.3,70,0,2023-08-05 09:37:53
8/5/2023,9:37:57,26.3,70,0,2023-08-05 09:37:57
8/5/2023,9:38:01,26.3,70,0,2023-08-05 09:38:01
8/5/2023,9:38:05,26.3,70,0,2023-08-05 09:38:05
8/5/2023,9:38:09,26.3,70,0,2023-08-05 09:38:09
8/5/2023,9:38:14,26.3,70,0,2023-08-05 09:38:14
8/5/2023,9:38:18,26.3,70,0,2023-08-05 09:38:18
8/5/2023,9:38:22,26.3,70,0,2023-08-05 09:38:22
8/5/2023,9:38:25,26.3,70,0,2023-08-05 09:38:25
8/5/2023,9:38:29,26.3,70,0,2023-08-05 09:38:29
8/5/2023,9:38:33,26.3,70,0,2023-08-05 09:38:33
8/5/2023,9:38:38,26.3,70,0,2023-08-05 09:38:38
8/5/2023,9:38:42,26.3,70,0,2023-08-05 09:38:42
8/5/2023,9:38:50,26.3,70,0,2023-08-05 09:38:50
8/5/2023,9:38:55,26.3,70,0,2023-08-05 09:38:55
8/5/2023,9:38:59,26.3,70,0,2023-08-05 09:38:59
8/5/2023,9:39:02,26.3,70,0,2023-08-05 09:39:02
8/5/2023,9:39:06,26.3,70,0,2023-08-05 09:39:06
8/5/2023,9:39:10,26.3,70,0,2023-08-05 09:39:10
8/5/2023,9:39:14,26.3,70,0,2023-08-05 09:39:14
8/5/2023,9:39:18,26.3,70,0,2023-08-05 09:39:18
8/5/2023,9:39:22,26.3,70,0,2023-08-05 09:39:22
8/5/2023,9:39:26,26.3,70,0,2023-08-05 09:39:26
8/5/2023,9:39:30,26.3,70,0,2023-08-05 09:39:30
8/5/2023,9:39:34,26.3,70,0,2023-08-05 09:39:34
8/5/2023,9:39:39,26.3,70,0,2023-08-05 09:39:39
8/5/2023,9:39:43,26.3,70,0,2023-08-05 09:39:43
8/5/2023,9:39:47,26.3,70,0,2023-08-05 09:39:47
8/5/2023,9:39:52,26.3,70,0,2023-08-05 09:39:52
8/5/2023,9:39:55,26.3,70,0,2023-08-05 09:39:55
8/5/2023,9:39:59,26.3,70,0,2023-08-05 09:39:59
8/5/2023,9:40:03,26.3,70,0,2023-08-05 09:40:03
8/5/2023,9:40:08,26.3,70,0,2023-08-05 09:40:08
8/5/2023,9:40:12,26.3,70,0,2023-08-05 09:40:12
8/5/2023,9:40:16,26.3,70,0,2023-08-05 09:40:16
8/5/2023,9:40:20,26.3,70,0,2023-08-05 09:40:20
8/5/2023,9:40:25,26.3,70,0,2023-08-05 09:40:25
8/5/2023,9:40:29,26.3,70,0,2023-08-05 09:40:29
8/5/2023,9:40:34,26.3,70,0,2023-08-05 09:40:34
8/5/2023,9:40:38,26.3,70,0,2023-08-05 09:40:38
8/5/2023,9:40:42,26.3,70,0,2023-08-05 09:40:42
8/5/2023,9:40:47,26.3,70,0,2023-08-05 09:40:47
8/5/2023,9:40:52,26.3,70,0,2023-08-05 09:40:52
8/5/2023,9:40:56,26.3,70,0,2023-08-05 09:40:56
8/5/2023,9:40:59,26.3,70,0,2023-08-05 09:40:59
8/5/2023,9:41:03,26.3,70,0,2023-08-05 09:41:03
8/5/2023,9:41:08,26.2,70,0,2023-08-05 09:41:08
8/5/2023,9:41:12,26.2,70,0,2023-08-05 09:41:12
8/5/2023,9:41:17,26.3,70,0,2023-08-05 09:41:17
8/5/2023,9:41:21,26.2,70,0,2023-08-05 09:41:21
8/5/2023,9:41:24,26.2,70,0,2023-08-05 09:41:24
8/5/2023,9:41:28,26.3,70,0,2023-08-05 09:41:28
8/5/2023,9:41:33,26.2,70,0,2023-08-05 09:41:33
8/5/2023,9:41:37,26.3,70,0,2023-08-05 09:41:37
8/5/2023,9:41:42,26.2,70,0,2023-08-05 09:41:42
8/5/2023,9:41:47,26.2,70,0,2023-08-05 09:41:47
8/5/2023,9:41:51,26.2,70,0,2023-08-05 09:41:51
8/5/2023,9:41:55,26.2,70,0,2023-08-05 09:41:55
8/5/2023,9:41:59,26.2,70,0,2023-08-05 09:41:59
8/5/2023,9:42:03,26.2,70,0,2023-08-05 09:42:03
8/5/2023,9:42:07,26.2,70,0,2023-08-05 09:42:07
8/5/2023,9:42:12,26.2,70,0,2023-08-05 09:42:12
8/5/2023,9:42:16,26.2,70,0,2023-08-05 09:42:16
8/5/2023,9:42:20,26.2,70,0,2023-08-05 09:42:20
8/5/2023,9:42:24,26.2,70,0,2023-08-05 09:42:24
8/5/2023,9:42:28,26.2,70,0,2023-08-05 09:42:28
8/5/2023,9:42:32,26.2,70,0,2023-08-05 09:42:32
8/5/2023,9:42:37,26.2,70,0,2023-08-05 09:42:37
8/5/2023,9:42:41,26.2,70,0,2023-08-05 09:42:41
8/5/2023,9:42:45,26.2,70,0,2023-08-05 09:42:45
8/5/2023,9:42:49,26.2,70,0,2023-08-05 09:42:49
8/5/2023,9:42:53,26.2,70,0,2023-08-05 09:42:53
8/5/2023,9:42:57,26.2,70,0,2023-08-05 09:42:57
8/5/2023,9:43:02,26.2,70,0,2023-08-05 09:43:02
8/5/2023,9:43:06,26.2,70,0,2023-08-05 09:43:06
8/5/2023,9:43:11,26.2,70,0,2023-08-05 09:43:11
8/5/2023,9:43:15,26.2,70,0,2023-08-05 09:43:15
8/5/2023,9:43:19,26.2,70,0,2023-08-05 09:43:19
8/5/2023,9:43:23,26.2,70,0,2023-08-05 09:43:23
8/5/2023,9:43:27,26.2,70,0,2023-08-05 09:43:27
8/5/2023,9:43:31,26.2,70,0,2023-08-05 09:43:31
8/5/2023,9:43:35,26.2,70,0,2023-08-05 09:43:35
8/5/2023,9:43:39,26.2,70,0,2023-08-05 09:43:39
8/5/2023,9:43:45,26.2,70,0,2023-08-05 09:43:45
8/5/2023,9:43:49,26.2,70,0,2023-08-05 09:43:49
8/5/2023,9:43:53,26.2,70,0,2023-08-05 09:43:53
8/5/2023,9:43:57,26.2,70,0,2023-08-05 09:43:57
8/5/2023,9:44:01,26.2,70,0,2023-08-05 09:44:01
8/5/2023,9:44:05,26.2,70,0,2023-08-05 09:44:05
8/5/2023,9:44:09,26.2,70,0,2023-08-05 09:44:09
8/5/2023,9:44:14,26.2,70,0,2023-08-05 09:44:14
8/5/2023,9:44:18,26.2,70,0,2023-08-05 09:44:18
8/5/2023,9:44:22,26.2,70,0,2023-08-05 09:44:22
8/5/2023,9:44:26,26.2,70,0,2023-08-05 09:44:26
8/5/2023,9:44:30,26.2,70,0,2023-08-05 09:44:30
8/5/2023,9:44:34,26.2,70,0,2023-08-05 09:44:34
8/5/2023,9:44:38,26.2,70,0,2023-08-05 09:44:38
8/5/2023,9:44:42,26.2,70,0,2023-08-05 09:44:42
8/5/2023,9:44:46,26.2,70,0,2023-08-05 09:44:46
8/5/2023,9:44:50,26.2,70,0,2023-08-05 09:44:50
8/5/2023,9:44:54,26.2,70,0,2023-08-05 09:44:54
8/5/2023,9:44:58,26.2,70,0,2023-08-05 09:44:58
8/5/2023,9:45:03,26.2,70,0,2023-08-05 09:45:03
8/5/2023,9:45:07,26.2,70,0,2023-08-05 09:45:07
8/5/2023,9:45:11,26.2,70,0,2023-08-05 09:45:11
8/5/2023,9:45:15,26.2,70,0,2023-08-05 09:45:15
8/5/2023,9:45:19,26.2,70,0,2023-08-05 09:45:19
8/5/2023,9:45:23,26.2,70,0,2023-08-05 09:45:23
8/5/2023,9:45:27,26.2,70,0,2023-08-05 09:45:27
8/5/2023,9:45:32,26.2,70,0,2023-08-05 09:45:32
8/5/2023,9:45:36,26.2,70,0,2023-08-05 09:45:36
8/5/2023,9:45:40,26.2,70,0,2023-08-05 09:45:40
8/5/2023,9:45:45,26.2,70,0,2023-08-05 09:45:45
8/5/2023,9:45:49,26.2,70,0,2023-08-05 09:45:49
8/5/2023,9:45:53,26.2,70,0,2023-08-05 09:45:53
8/5/2023,9:45:58,26.2,70,0,2023-08-05 09:45:58
8/5/2023,9:46:02,26.2,70,0,2023-08-05 09:46:02
8/5/2023,9:46:06,26.2,70,0,2023-08-05 09:46:06
8/5/2023,9:46:10,26.2,70,0,2023-08-05 09:46:10
8/5/2023,9:46:14,26.2,70,0,2023-08-05 09:46:14
8/5/2023,9:46:18,26.2,70,0,2023-08-05 09:46:18
8/5/2023,9:46:22,26.2,70,0,2023-08-05 09:46:22
8/5/2023,9:46:26,26.2,70,0,2023-08-05 09:46:26
8/5/2023,9:46:30,26.2,70,0,2023-08-05 09:46:30
8/5/2023,9:46:34,26.2,70,0,2023-08-05 09:46:34
8/5/2023,9:46:38,26.2,70,0,2023-08-05 09:46:38
8/5/2023,9:46:42,26.2,70,0,2023-08-05 09:46:42
8/5/2023,9:46:46,26.2,70,0,2023-08-05 09:46:46
8/5/2023,9:46:51,26.2,70,0,2023-08-05 09:46:51
8/5/2023,9:46:55,26.2,70,0,2023-08-05 09:46:55
8/5/2023,9:46:59,26.2,70,0,2023-08-05 09:46:59
8/5/2023,9:47:03,26.2,70,0,2023-08-05 09:47:03
8/5/2023,9:47:08,26.2,70,0,2023-08-05 09:47:08
8/5/2023,9:47:12,26.2,70,0,2023-08-05 09:47:12
8/5/2023,9:47:16,26.2,70,0,2023-08-05 09:47:16
8/5/2023,9:47:20,26.2,70,0,2023-08-05 09:47:20
8/5/2023,9:47:24,26.2,70,0,2023-08-05 09:47:24
8/5/2023,9:47:28,26.2,70,0,2023-08-05 09:47:28
8/5/2023,9:47:32,26.2,70,0,2023-08-05 09:47:32
8/5/2023,9:47:36,26.2,70,0,2023-08-05 09:47:36
8/5/2023,9:47:41,26.2,70,0,2023-08-05 09:47:41
8/5/2023,9:47:46,26.2,70,0,2023-08-05 09:47:46
8/5/2023,9:47:50,26.2,70,0,2023-08-05 09:47:50
8/5/2023,9:47:55,26.2,70,0,2023-08-05 09:47:55
8/5/2023,9:47:59,26.2,70,0,2023-08-05 09:47:59
8/5/2023,9:48:04,26.2,70,0,2023-08-05 09:48:04
8/5/2023,9:48:08,26.2,70,0,2023-08-05 09:48:08
8/5/2023,9:48:12,26.2,70,0,2023-08-05 09:48:12
8/5/2023,9:48:16,26.2,70,0,2023-08-05 09:48:16
8/5/2023,9:48:21,26.2,70,0,2023-08-05 09:48:21
8/5/2023,9:48:25,26.2,70,0,2023-08-05 09:48:25
8/5/2023,9:48:29,26.2,70,0,2023-08-05 09:48:29
8/5/2023,9:48:34,26.2,70,0,2023-08-05 09:48:34
8/5/2023,9:48:38,26.2,70,0,2023-08-05 09:48:38
8/5/2023,9:48:42,26.2,70,0,2023-08-05 09:48:42
8/5/2023,9:48:46,26.2,70,0,2023-08-05 09:48:46
8/5/2023,9:48:50,26.2,70,0,2023-08-05 09:48:50
8/5/2023,9:48:55,26.2,70,0,2023-08-05 09:48:55
8/5/2023,9:48:59,26.2,70,0,2023-08-05 09:48:59
8/5/2023,9:49:03,26.2,70,0,2023-08-05 09:49:03
8/5/2023,9:49:08,26.2,70,0,2023-08-05 09:49:08
8/5/2023,9:49:12,26.2,70,0,2023-08-05 09:49:12
8/5/2023,9:49:17,26.2,70,0,2023-08-05 09:49:17
8/5/2023,9:49:21,26.2,70,0,2023-08-05 09:49:21
8/5/2023,9:49:25,26.2,70,0,2023-08-05 09:49:25
8/5/2023,9:49:29,26.2,70,0,2023-08-05 09:49:29
8/5/2023,9:49:33,26.2,70,0,2023-08-05 09:49:33
8/5/2023,9:49:37,26.2,70,0,2023-08-05 09:49:37
8/5/2023,9:49:41,26.2,70,0,2023-08-05 09:49:41
8/5/2023,9:49:45,26.2,70,0,2023-08-05 09:49:45
8/5/2023,9:49:50,26.2,70,0,2023-08-05 09:49:50
8/5/2023,9:49:54,26.2,70,0,2023-08-05 09:49:54
8/5/2023,9:49:58,26.2,70,0,2023-08-05 09:49:58
8/5/2023,9:50:02,26.2,70,0,2023-08-05 09:50:02
8/5/2023,9:50:06,26.2,70,0,2023-08-05 09:50:06
8/5/2023,9:50:11,26.2,70,0,2023-08-05 09:50:11
8/5/2023,9:50:15,26.2,70,0,2023-08-05 09:50:15
8/5/2023,9:50:20,26.2,70,0,2023-08-05 09:50:20
8/5/2023,9:50:24,26.2,70,0,2023-08-05 09:50:24
8/5/2023,9:50:28,26.2,70,0,2023-08-05 09:50:28
8/5/2023,9:50:33,26.2,70,0,2023-08-05 09:50:33
8/5/2023,9:50:37,26.2,70,0,2023-08-05 09:50:37
8/5/2023,9:50:41,26.2,70,0,2023-08-05 09:50:41
8/5/2023,9:50:45,26.2,70,0,2023-08-05 09:50:45
8/5/2023,9:50:49,26.2,70,0,2023-08-05 09:50:49
8/5/2023,9:50:54,26.2,70,0,2023-08-05 09:50:54
8/5/2023,9:50:58,26.2,70,0,2023-08-05 09:50:58
8/5/2023,9:51:02,26.2,70,0,2023-08-05 09:51:02
8/5/2023,9:51:07,26.2,70,0,2023-08-05 09:51:07
8/5/2023,9:51:11,26.2,70,0,2023-08-05 09:51:11
8/5/2023,9:51:15,26.2,70,0,2023-08-05 09:51:15
8/5/2023,9:51:19,26.2,70,0,2023-08-05 09:51:19
8/5/2023,9:51:23,26.2,70,0,2023-08-05 09:51:23
8/5/2023,9:51:27,26.2,70,0,2023-08-05 09:51:27
8/5/2023,9:51:32,26.2,70,0,2023-08-05 09:51:32
8/5/2023,9:51:36,26.2,70,0,2023-08-05 09:51:36
8/5/2023,9:51:40,26.2,70,0,2023-08-05 09:51:40
8/5/2023,9:51:44,26.2,70,0,2023-08-05 09:51:44
8/5/2023,9:51:48,26.2,70,0,2023-08-05 09:51:48
8/5/2023,9:51:52,26.2,70,0,2023-08-05 09:51:52
8/5/2023,9:51:56,26.2,70,0,2023-08-05 09:51:56
8/5/2023,9:52:01,26.2,70,0,2023-08-05 09:52:01
8/5/2023,9:52:05,26.2,70,0,2023-08-05 09:52:05
8/5/2023,9:52:10,26.2,70,0,2023-08-05 09:52:10
8/5/2023,9:52:15,26.2,70,0,2023-08-05 09:52:15
8/5/2023,9:52:19,26.2,70,0,2023-08-05 09:52:19
8/5/2023,9:52:24,26.2,70,0,2023-08-05 09:52:24
8/5/2023,9:52:28,26.2,70,0,2023-08-05 09:52:28
8/5/2023,9:52:32,26.2,70,0,2023-08-05 09:52:32
8/5/2023,9:52:36,26.2,70,0,2023-08-05 09:52:36
8/5/2023,9:52:41,26.2,70,0,2023-08-05 09:52:41
8/5/2023,9:52:45,26.1,70,0,2023-08-05 09:52:45
8/5/2023,9:52:49,26.1,70,0,2023-08-05 09:52:49
8/5/2023,9:52:53,26.2,70,0,2023-08-05 09:52:53
8/5/2023,9:52:57,26.1,70,0,2023-08-05 09:52:57
8/5/2023,9:53:01,26.1,70,0,2023-08-05 09:53:01
8/5/2023,9:53:05,26.1,70,0,2023-08-05 09:53:05
8/5/2023,9:53:10,26.1,70,0,2023-08-05 09:53:10
8/5/2023,9:53:14,26.1,70,0,2023-08-05 09:53:14
8/5/2023,9:53:18,26.1,70,0,2023-08-05 09:53:18
8/5/2023,9:53:22,26.1,70,0,2023-08-05 09:53:22
8/5/2023,9:53:26,26.1,70,0,2023-08-05 09:53:26
8/5/2023,9:53:31,26.1,70,0,2023-08-05 09:53:31
8/5/2023,9:53:35,26.1,70,0,2023-08-05 09:53:35
8/5/2023,9:53:39,26.1,70,0,2023-08-05 09:53:39
8/5/2023,9:53:44,26.1,70,0,2023-08-05 09:53:44
8/5/2023,9:53:48,26.1,70,0,2023-08-05 09:53:48
8/5/2023,9:53:52,26.1,70,0,2023-08-05 09:53:52
8/5/2023,9:53:56,26.1,70,0,2023-08-05 09:53:56
8/5/2023,9:54:00,26.1,70,0,2023-08-05 09:54:00
8/5/2023,9:54:05,26.1,70,0,2023-08-05 09:54:05
8/5/2023,9:54:10,26.1,70,0,2023-08-05 09:54:10
8/5/2023,9:54:14,26.1,70,0,2023-08-05 09:54:14
8/5/2023,9:54:19,26.1,70,0,2023-08-05 09:54:19
8/5/2023,9:54:23,26.1,70,0,2023-08-05 09:54:23
8/5/2023,9:54:28,26.1,70,0,2023-08-05 09:54:28
8/5/2023,9:54:32,26.1,70,0,2023-08-05 09:54:32
8/5/2023,9:54:36,26.1,70,0,2023-08-05 09:54:36
8/5/2023,9:54:41,26.1,70,0,2023-08-05 09:54:41
8/5/2023,9:54:44,26.1,70,0,2023-08-05 09:54:44
8/5/2023,9:54:49,26.1,70,0,2023-08-05 09:54:49
8/5/2023,9:54:53,26.1,70,0,2023-08-05 09:54:53
8/5/2023,9:54:57,26.1,70,0,2023-08-05 09:54:57
8/5/2023,9:55:01,26.1,70,0,2023-08-05 09:55:01
8/5/2023,9:55:04,26.1,70,0,2023-08-05 09:55:04
8/5/2023,9:55:09,26.1,70,0,2023-08-05 09:55:09
8/5/2023,9:55:13,26.1,70,0,2023-08-05 09:55:13
8/5/2023,9:55:18,26.1,70,0,2023-08-05 09:55:18
8/5/2023,9:55:22,26.1,70,0,2023-08-05 09:55:22
8/5/2023,9:55:26,26.1,70,0,2023-08-05 09:55:26
8/5/2023,9:55:30,26.1,70,0,2023-08-05 09:55:30
8/5/2023,9:55:34,26.1,70,0,2023-08-05 09:55:34
8/5/2023,9:55:38,26.1,70,0,2023-08-05 09:55:38
8/5/2023,9:55:42,26.1,70,0,2023-08-05 09:55:42
8/5/2023,9:55:46,26.1,70,0,2023-08-05 09:55:46
8/5/2023,9:55:50,26.1,70,0,2023-08-05 09:55:50
8/5/2023,9:55:54,26.1,70,0,2023-08-05 09:55:54
8/5/2023,9:55:58,26.1,70,0,2023-08-05 09:55:58
8/5/2023,9:56:03,26.1,70,0,2023-08-05 09:56:03
8/5/2023,9:56:07,26.1,70,0,2023-08-05 09:56:07
8/5/2023,9:56:11,26.1,70,0,2023-08-05 09:56:11
8/5/2023,9:56:16,26.1,70,0,2023-08-05 09:56:16
8/5/2023,9:56:20,26.1,70,0,2023-08-05 09:56:20
8/5/2023,9:56:24,26.1,70,0,2023-08-05 09:56:24
8/5/2023,9:56:28,26.1,70,0,2023-08-05 09:56:28
8/5/2023,9:56:32,26.1,70,0,2023-08-05 09:56:32
8/5/2023,9:56:36,26.1,70,0,2023-08-05 09:56:36
8/5/2023,9:56:40,26.1,70,0,2023-08-05 09:56:40
8/5/2023,9:56:44,26.1,70,0,2023-08-05 09:56:44
8/5/2023,9:56:49,26.1,70,0,2023-08-05 09:56:49
8/5/2023,9:56:53,26.1,70,0,2023-08-05 09:56:53
8/5/2023,9:56:57,26.1,70,0,2023-08-05 09:56:57
8/5/2023,9:57:01,26.1,70,0,2023-08-05 09:57:01
8/5/2023,9:57:05,26.1,70,0,2023-08-05 09:57:05
8/5/2023,9:57:09,26.1,70,0,2023-08-05 09:57:09
8/5/2023,9:57:13,26.1,70,0,2023-08-05 09:57:13
8/5/2023,9:57:17,26.1,70,0,2023-08-05 09:57:17
8/5/2023,9:57:21,26.1,70,0,2023-08-05 09:57:21
8/5/2023,9:57:25,26.1,70,0,2023-08-05 09:57:25
8/5/2023,9:57:29,26.1,70,0,2023-08-05 09:57:29
8/5/2023,9:57:33,26.1,70,0,2023-08-05 09:57:33
8/5/2023,9:57:37,26.1,70,0,2023-08-05 09:57:37
8/5/2023,9:57:41,26.1,70,0,2023-08-05 09:57:41
8/5/2023,9:57:45,26.1,70,0,2023-08-05 09:57:45
8/5/2023,9:57:49,26.1,70,0,2023-08-05 09:57:49
8/5/2023,9:57:54,26.1,70,0,2023-08-05 09:57:54
8/5/2023,9:58:03,26.1,70,2,2023-08-05 09:58:03
8/5/2023,9:58:07,26.1,70,1,2023-08-05 09:58:07
8/5/2023,9:58:16,26.1,70,0,2023-08-05 09:58:16
8/5/2023,9:58:20,26.1,70,0,2023-08-05 09:58:20
8/5/2023,9:58:24,26.1,70,0,2023-08-05 09:58:24
8/5/2023,9:58:28,26.1,70,0,2023-08-05 09:58:28
8/5/2023,9:58:32,26.1,70,0,2023-08-05 09:58:32
8/5/2023,9:58:36,26.1,70,0,2023-08-05 09:58:36
8/5/2023,9:58:40,26.1,70,0,2023-08-05 09:58:40
8/5/2023,9:58:44,26.1,70,0,2023-08-05 09:58:44
8/5/2023,9:58:48,26.1,70,0,2023-08-05 09:58:48
8/5/2023,9:58:52,26.1,70,0,2023-08-05 09:58:52
8/5/2023,9:58:56,26.1,70,0,2023-08-05 09:58:56
8/5/2023,9:59:01,26.1,70,0,2023-08-05 09:59:01
8/5/2023,9:59:05,26.1,70,0,2023-08-05 09:59:05
8/5/2023,9:59:09,26.1,70,0,2023-08-05 09:59:09
8/5/2023,9:59:14,26.1,70,0,2023-08-05 09:59:14
8/5/2023,9:59:18,26.1,70,0,2023-08-05 09:59:18
8/5/2023,9:59:22,26.1,70,0,2023-08-05 09:59:22
8/5/2023,9:59:26,26.1,70,0,2023-08-05 09:59:26
8/5/2023,9:59:30,26.1,70,0,2023-08-05 09:59:30
8/5/2023,9:59:35,26.1,70,0,2023-08-05 09:59:35
8/5/2023,9:59:39,26.1,70,0,2023-08-05 09:59:39
8/5/2023,9:59:43,26.1,70,0,2023-08-05 09:59:43
8/5/2023,9:59:47,26.1,70,0,2023-08-05 09:59:47
8/5/2023,9:59:51,26.1,70,0,2023-08-05 09:59:51
8/5/2023,9:59:55,26.1,70,0,2023-08-05 09:59:55
8/5/2023,9:59:59,26.1,70,0,2023-08-05 09:59:59
8/5/2023,10:00:03,26.1,70,0,2023-08-05 10:00:03
8/5/2023,10:00:07,26.1,70,0,2023-08-05 10:00:07
8/5/2023,10:00:11,26.1,70,0,2023-08-05 10:00:11
8/5/2023,10:00:16,26.1,70,0,2023-08-05 10:00:16
8/5/2023,10:00:20,26.1,70,0,2023-08-05 10:00:20
8/5/2023,10:00:24,26.1,70,0,2023-08-05 10:00:24
8/5/2023,10:00:28,26.1,70,0,2023-08-05 10:00:28
8/5/2023,10:00:32,26.1,70,0,2023-08-05 10:00:32
8/5/2023,10:00:36,26.1,70,0,2023-08-05 10:00:36
8/5/2023,10:00:40,26.1,70,0,2023-08-05 10:00:40
8/5/2023,10:00:44,26.1,70,0,2023-08-05 10:00:44
8/5/2023,10:00:47,26.1,70,0,2023-08-05 10:00:47
8/5/2023,10:00:51,26.1,70,0,2023-08-05 10:00:51
8/5/2023,10:00:56,26.1,70,0,2023-08-05 10:00:56
8/5/2023,10:00:59,26.1,70,0,2023-08-05 10:00:59
8/5/2023,10:01:03,26.1,70,0,2023-08-05 10:01:03
8/5/2023,10:01:07,26.1,70,0,2023-08-05 10:01:07
8/5/2023,10:01:12,26.1,70,0,2023-08-05 10:01:12
8/5/2023,10:01:16,26.1,70,0,2023-08-05 10:01:16
8/5/2023,10:01:20,26.1,70,0,2023-08-05 10:01:20
8/5/2023,10:01:24,26.1,70,0,2023-08-05 10:01:24
8/5/2023,10:01:29,26.1,70,0,2023-08-05 10:01:29
8/5/2023,10:01:33,26.1,70,0,2023-08-05 10:01:33
8/5/2023,10:01:37,26.1,70,0,2023-08-05 10:01:37
8/5/2023,10:01:42,26.1,70,0,2023-08-05 10:01:42
8/5/2023,10:01:47,26.1,70,0,2023-08-05 10:01:47
8/5/2023,10:01:51,26.1,70,0,2023-08-05 10:01:51
8/5/2023,10:01:55,26.1,70,0,2023-08-05 10:01:55
8/5/2023,10:01:59,26.1,70,0,2023-08-05 10:01:59
8/5/2023,10:02:03,26.1,70,0,2023-08-05 10:02:03
8/5/2023,10:02:07,26.1,70,0,2023-08-05 10:02:07
8/5/2023,10:02:11,26.1,70,0,2023-08-05 10:02:11
8/5/2023,10:02:16,26.1,70,0,2023-08-05 10:02:16
8/5/2023,10:02:20,26.1,70,0,2023-08-05 10:02:20
8/5/2023,10:02:24,26.1,70,0,2023-08-05 10:02:24
8/5/2023,10:02:28,26.1,70,0,2023-08-05 10:02:28
8/5/2023,10:02:32,26.1,70,0,2023-08-05 10:02:32
8/5/2023,10:02:36,26.1,70,0,2023-08-05 10:02:36
8/5/2023,10:02:40,26.1,70,0,2023-08-05 10:02:40
8/5/2023,10:02:44,26.1,70,0,2023-08-05 10:02:44
8/5/2023,10:02:48,26.1,70,0,2023-08-05 10:02:48
8/5/2023,10:02:53,26.1,70,0,2023-08-05 10:02:53
8/5/2023,10:02:57,26.1,70,0,2023-08-05 10:02:57
8/5/2023,10:03:02,26.1,70,0,2023-08-05 10:03:02
8/5/2023,10:03:06,26.1,70,0,2023-08-05 10:03:06
8/5/2023,10:03:10,26.1,70,0,2023-08-05 10:03:10
8/5/2023,10:03:14,26.1,70,0,2023-08-05 10:03:14
8/5/2023,10:03:18,26.1,70,0,2023-08-05 10:03:18
8/5/2023,10:03:22,26.1,70,0,2023-08-05 10:03:22
8/5/2023,10:03:26,26.1,70,0,2023-08-05 10:03:26
8/5/2023,10:03:30,26.1,70,0,2023-08-05 10:03:30
8/5/2023,10:03:34,26.1,70,0,2023-08-05 10:03:34
8/5/2023,10:03:38,26.1,70,0,2023-08-05 10:03:38
8/5/2023,10:03:42,26.1,70,0,2023-08-05 10:03:42
8/5/2023,10:03:46,26.1,70,0,2023-08-05 10:03:46
8/5/2023,10:03:51,26.1,70,0,2023-08-05 10:03:51
8/5/2023,10:03:55,26.1,70,0,2023-08-05 10:03:55
8/5/2023,10:03:59,26.1,70,0,2023-08-05 10:03:59
8/5/2023,10:04:04,26.1,70,0,2023-08-05 10:04:04
8/5/2023,10:04:09,26.1,70,0,2023-08-05 10:04:09
8/5/2023,10:04:13,26.1,70,0,2023-08-05 10:04:13
8/5/2023,10:04:17,26.1,70,0,2023-08-05 10:04:17
8/5/2023,10:04:21,26.1,70,0,2023-08-05 10:04:21
8/5/2023,10:04:26,26.1,70,0,2023-08-05 10:04:26
8/5/2023,10:04:30,26.1,70,0,2023-08-05 10:04:30
8/5/2023,10:04:34,26.1,70,0,2023-08-05 10:04:34
8/5/2023,10:04:39,26.1,70,0,2023-08-05 10:04:39
8/5/2023,10:04:42,26.1,70,0,2023-08-05 10:04:42
8/5/2023,10:04:47,26.1,70,0,2023-08-05 10:04:47
8/5/2023,10:04:51,26.1,70,0,2023-08-05 10:04:51
8/5/2023,10:04:55,26.1,70,0,2023-08-05 10:04:55
8/5/2023,10:04:59,26.1,70,0,2023-08-05 10:04:59
8/5/2023,10:05:03,26.1,69,0,2023-08-05 10:05:03
8/5/2023,10:05:07,26.1,70,0,2023-08-05 10:05:07
8/5/2023,10:05:11,26.1,70,0,2023-08-05 10:05:11
8/5/2023,10:05:15,26.1,70,0,2023-08-05 10:05:15
8/5/2023,10:05:19,26.1,70,0,2023-08-05 10:05:19
8/5/2023,10:05:23,26.1,70,0,2023-08-05 10:05:23
8/5/2023,10:05:27,26.1,70,0,2023-08-05 10:05:27
8/5/2023,10:05:32,26.1,69,0,2023-08-05 10:05:32
8/5/2023,10:05:36,26.1,70,0,2023-08-05 10:05:36
8/5/2023,10:05:40,26.1,69,0,2023-08-05 10:05:40
8/5/2023,10:05:44,26.1,70,0,2023-08-05 10:05:44
8/5/2023,10:05:48,26.1,70,0,2023-08-05 10:05:48
8/5/2023,10:05:52,26.1,69,0,2023-08-05 10:05:52
8/5/2023,10:05:56,26.1,70,0,2023-08-05 10:05:56
8/5/2023,10:06:00,26.1,70,0,2023-08-05 10:06:00
8/5/2023,10:06:04,26.1,70,0,2023-08-05 10:06:04
8/5/2023,10:06:08,26.1,70,0,2023-08-05 10:06:08
8/5/2023,10:06:13,26.1,70,0,2023-08-05 10:06:13
8/5/2023,10:06:17,26.1,70,0,2023-08-05 10:06:17
8/5/2023,10:06:21,26.1,70,0,2023-08-05 10:06:21
8/5/2023,10:06:25,26.1,70,0,2023-08-05 10:06:25
8/5/2023,10:06:29,26.1,70,0,2023-08-05 10:06:29
8/5/2023,10:06:33,26.1,70,0,2023-08-05 10:06:33
8/5/2023,10:06:37,26.1,70,0,2023-08-05 10:06:37
8/5/2023,10:06:42,26.1,70,0,2023-08-05 10:06:42
8/5/2023,10:06:46,26.1,70,0,2023-08-05 10:06:46
8/5/2023,10:06:50,26.1,70,0,2023-08-05 10:06:50
8/5/2023,10:06:54,26.1,70,0,2023-08-05 10:06:54
8/5/2023,10:06:58,26.1,70,0,2023-08-05 10:06:58
8/5/2023,10:07:02,26.1,70,0,2023-08-05 10:07:02
8/5/2023,10:07:07,26.1,70,0,2023-08-05 10:07:07
8/5/2023,10:07:11,26.1,70,0,2023-08-05 10:07:11
8/5/2023,10:07:15,26.1,70,0,2023-08-05 10:07:15
8/5/2023,10:07:19,26.1,70,0,2023-08-05 10:07:19
8/5/2023,10:07:23,26.1,70,0,2023-08-05 10:07:23
8/5/2023,10:07:27,26.1,70,0,2023-08-05 10:07:27
8/5/2023,10:07:31,26.1,70,0,2023-08-05 10:07:31
8/5/2023,10:07:35,26.1,70,0,2023-08-05 10:07:35
8/5/2023,10:07:40,26.1,70,0,2023-08-05 10:07:40
8/5/2023,10:07:44,26.1,70,0,2023-08-05 10:07:44
8/5/2023,10:07:48,26.1,70,0,2023-08-05 10:07:48
8/5/2023,10:07:52,26.1,70,0,2023-08-05 10:07:52
8/5/2023,10:07:56,26.1,70,0,2023-08-05 10:07:56
8/5/2023,10:08:00,26.1,70,0,2023-08-05 10:08:00
8/5/2023,10:08:05,26.1,70,0,2023-08-05 10:08:05
8/5/2023,10:08:09,26.1,70,0,2023-08-05 10:08:09
8/5/2023,10:08:12,26.1,70,0,2023-08-05 10:08:12
8/5/2023,10:08:16,26.1,70,0,2023-08-05 10:08:16
8/5/2023,10:08:21,26.1,70,0,2023-08-05 10:08:21
8/5/2023,10:08:25,26.1,70,0,2023-08-05 10:08:25
8/5/2023,10:08:28,26.1,70,0,2023-08-05 10:08:28
8/5/2023,10:08:32,26.1,70,0,2023-08-05 10:08:32
8/5/2023,10:08:36,26.1,70,0,2023-08-05 10:08:36
8/5/2023,10:08:40,26.1,70,0,2023-08-05 10:08:40
8/5/2023,10:08:44,26.1,70,0,2023-08-05 10:08:44
8/5/2023,10:08:48,26.1,70,0,2023-08-05 10:08:48
8/5/2023,10:08:52,26.1,70,0,2023-08-05 10:08:52
8/5/2023,10:08:56,26.1,70,0,2023-08-05 10:08:56
8/5/2023,10:09:00,26.1,70,0,2023-08-05 10:09:00
8/5/2023,10:09:04,26.1,70,0,2023-08-05 10:09:04
8/5/2023,10:09:08,26.1,70,0,2023-08-05 10:09:08
8/5/2023,10:09:12,26.1,70,0,2023-08-05 10:09:12
8/5/2023,10:09:16,26.1,70,0,2023-08-05 10:09:16
8/5/2023,10:09:20,26.1,70,0,2023-08-05 10:09:20
8/5/2023,10:09:25,26.1,70,0,2023-08-05 10:09:25
8/5/2023,10:09:29,26.1,70,0,2023-08-05 10:09:29
8/5/2023,10:09:33,26.1,70,0,2023-08-05 10:09:33
8/5/2023,10:09:38,26.1,70,0,2023-08-05 10:09:38
8/5/2023,10:09:42,26.1,70,0,2023-08-05 10:09:42
8/5/2023,10:09:46,26.1,70,0,2023-08-05 10:09:46
8/5/2023,10:09:50,26.1,70,0,2023-08-05 10:09:50
8/5/2023,10:09:54,26.1,70,0,2023-08-05 10:09:54
8/5/2023,10:09:58,26.1,70,0,2023-08-05 10:09:58
8/5/2023,10:10:02,26.1,70,0,2023-08-05 10:10:02
8/5/2023,10:10:06,26.1,70,0,2023-08-05 10:10:06
8/5/2023,10:10:10,26.1,70,0,2023-08-05 10:10:10
8/5/2023,10:10:14,26.1,70,0,2023-08-05 10:10:14
8/5/2023,10:10:18,26.1,70,0,2023-08-05 10:10:18
8/5/2023,10:10:23,26.1,70,0,2023-08-05 10:10:23
8/5/2023,10:10:27,26.1,70,0,2023-08-05 10:10:27
8/5/2023,10:10:31,26.1,70,0,2023-08-05 10:10:31
8/5/2023,10:10:35,26.1,70,0,2023-08-05 10:10:35
8/5/2023,10:10:40,26.1,70,0,2023-08-05 10:10:40
8/5/2023,10:10:45,26.1,70,0,2023-08-05 10:10:45
8/5/2023,10:10:49,26.1,70,0,2023-08-05 10:10:49
8/5/2023,10:10:54,26.1,70,0,2023-08-05 10:10:54
8/5/2023,10:10:58,26.1,70,0,2023-08-05 10:10:58
8/5/2023,10:11:01,26.1,70,0,2023-08-05 10:11:01
8/5/2023,10:11:05,26.1,70,0,2023-08-05 10:11:05
8/5/2023,10:11:10,26.1,70,0,2023-08-05 10:11:10
8/5/2023,10:11:14,26.1,70,0,2023-08-05 10:11:14
8/5/2023,10:11:18,26.1,70,0,2023-08-05 10:11:18
8/5/2023,10:11:23,26.1,70,0,2023-08-05 10:11:23
8/5/2023,10:11:26,26.1,70,0,2023-08-05 10:11:26
8/5/2023,10:11:31,26.1,70,0,2023-08-05 10:11:31
8/5/2023,10:11:35,26.1,70,0,2023-08-05 10:11:35
8/5/2023,10:11:39,26.1,70,0,2023-08-05 10:11:39
8/5/2023,10:11:43,26.1,70,0,2023-08-05 10:11:43
8/5/2023,10:11:47,26.1,69,0,2023-08-05 10:11:47
8/5/2023,10:11:51,26.1,70,0,2023-08-05 10:11:51
8/5/2023,10:11:55,26.1,70,0,2023-08-05 10:11:55
8/5/2023,10:11:59,26.1,70,0,2023-08-05 10:11:59
8/5/2023,10:12:03,26.1,70,0,2023-08-05 10:12:03
8/5/2023,10:12:07,26.1,69,0,2023-08-05 10:12:07
8/5/2023,10:12:12,26.0,69,0,2023-08-05 10:12:12
8/5/2023,10:12:16,26.0,69,0,2023-08-05 10:12:16
8/5/2023,10:12:20,26.0,69,0,2023-08-05 10:12:20
8/5/2023,10:12:24,26.0,69,0,2023-08-05 10:12:24
8/5/2023,10:12:28,26.0,69,0,2023-08-05 10:12:28
8/5/2023,10:12:32,26.0,69,0,2023-08-05 10:12:32
8/5/2023,10:12:36,26.0,69,0,2023-08-05 10:12:36
8/5/2023,10:12:39,26.0,69,0,2023-08-05 10:12:39
8/5/2023,10:12:43,26.0,69,0,2023-08-05 10:12:43
8/5/2023,10:12:47,26.0,69,0,2023-08-05 10:12:47
8/5/2023,10:12:51,26.0,69,0,2023-08-05 10:12:51
8/5/2023,10:12:55,26.0,69,0,2023-08-05 10:12:55
8/5/2023,10:12:59,26.0,69,0,2023-08-05 10:12:59
8/5/2023,10:13:03,26.0,69,0,2023-08-05 10:13:03
8/5/2023,10:13:07,26.0,69,0,2023-08-05 10:13:07
8/5/2023,10:13:11,26.0,69,0,2023-08-05 10:13:11
8/5/2023,10:13:15,26.0,69,0,2023-08-05 10:13:15
8/5/2023,10:13:19,26.0,69,0,2023-08-05 10:13:19
8/5/2023,10:13:54,26.0,69,0,2023-08-05 10:13:54
8/5/2023,10:14:00,26.0,69,0,2023-08-05 10:14:00
8/5/2023,10:14:04,26.0,69,0,2023-08-05 10:14:04
8/5/2023,10:14:09,26.0,69,0,2023-08-05 10:14:09
8/5/2023,10:14:13,26.0,69,0,2023-08-05 10:14:13
8/5/2023,10:14:17,26.0,69,0,2023-08-05 10:14:17
8/5/2023,10:14:21,26.0,69,0,2023-08-05 10:14:21
8/5/2023,10:14:25,26.0,69,0,2023-08-05 10:14:25
8/5/2023,10:14:29,26.0,69,0,2023-08-05 10:14:29
8/5/2023,10:14:33,26.0,69,0,2023-08-05 10:14:33
8/5/2023,10:14:37,26.0,69,0,2023-08-05 10:14:37
8/5/2023,10:14:41,26.0,69,0,2023-08-05 10:14:41
8/5/2023,10:14:45,26.0,69,0,2023-08-05 10:14:45
8/5/2023,10:14:49,26.0,69,0,2023-08-05 10:14:49
8/5/2023,10:14:53,26.0,69,0,2023-08-05 10:14:53
8/5/2023,10:14:58,26.0,69,0,2023-08-05 10:14:58
8/5/2023,10:15:01,26.0,69,0,2023-08-05 10:15:01
8/5/2023,10:15:06,26.0,69,0,2023-08-05 10:15:06
8/5/2023,10:15:11,26.0,69,0,2023-08-05 10:15:11
8/5/2023,10:15:15,26.0,69,0,2023-08-05 10:15:15
8/5/2023,10:15:19,26.0,69,0,2023-08-05 10:15:19
8/5/2023,10:15:23,26.0,69,0,2023-08-05 10:15:23
8/5/2023,10:15:27,26.0,69,0,2023-08-05 10:15:27
8/5/2023,10:15:30,26.0,69,0,2023-08-05 10:15:30
8/5/2023,10:15:35,26.0,69,0,2023-08-05 10:15:35
8/5/2023,10:15:39,26.0,69,0,2023-08-05 10:15:39
8/5/2023,10:15:43,26.0,69,0,2023-08-05 10:15:43
8/5/2023,10:15:47,26.0,69,0,2023-08-05 10:15:47
8/5/2023,10:15:51,26.0,69,0,2023-08-05 10:15:51
8/5/2023,10:15:55,26.0,69,0,2023-08-05 10:15:55
8/5/2023,10:16:00,26.0,69,0,2023-08-05 10:16:00
8/5/2023,10:16:04,26.0,69,0,2023-08-05 10:16:04
8/5/2023,10:16:08,26.0,69,0,2023-08-05 10:16:08
8/5/2023,10:16:12,26.0,69,0,2023-08-05 10:16:12
8/5/2023,10:16:16,26.0,69,0,2023-08-05 10:16:16
8/5/2023,10:16:20,26.0,69,0,2023-08-05 10:16:20
8/5/2023,10:16:25,26.0,69,0,2023-08-05 10:16:25
8/5/2023,10:16:29,26.0,69,0,2023-08-05 10:16:29
8/5/2023,10:16:34,26.0,69,0,2023-08-05 10:16:34
8/5/2023,10:16:38,26.0,69,0,2023-08-05 10:16:38
8/5/2023,10:16:42,26.0,69,0,2023-08-05 10:16:42
8/5/2023,10:16:47,26.0,69,0,2023-08-05 10:16:47
8/5/2023,10:16:51,26.0,69,0,2023-08-05 10:16:51
8/5/2023,10:16:55,26.0,69,0,2023-08-05 10:16:55
8/5/2023,10:16:59,26.0,69,0,2023-08-05 10:16:59
8/5/2023,10:17:03,26.0,69,0,2023-08-05 10:17:03
8/5/2023,10:17:07,26.0,69,0,2023-08-05 10:17:07
8/5/2023,10:17:11,26.0,69,0,2023-08-05 10:17:11
8/5/2023,10:17:15,26.0,69,0,2023-08-05 10:17:15
8/5/2023,10:17:20,26.0,69,0,2023-08-05 10:17:20
8/5/2023,10:17:24,26.0,69,0,2023-08-05 10:17:24
8/5/2023,10:17:29,26.0,69,0,2023-08-05 10:17:29
8/5/2023,10:17:33,26.0,69,0,2023-08-05 10:17:33
8/5/2023,10:17:38,26.0,69,0,2023-08-05 10:17:38
8/5/2023,10:17:43,26.0,69,0,2023-08-05 10:17:43
8/5/2023,10:17:47,26.0,69,0,2023-08-05 10:17:47
8/5/2023,10:17:52,26.0,69,0,2023-08-05 10:17:52
8/5/2023,10:17:55,26.0,69,0,2023-08-05 10:17:55
8/5/2023,10:18:00,26.0,69,0,2023-08-05 10:18:00
8/5/2023,10:18:04,26.0,69,0,2023-08-05 10:18:04
8/5/2023,10:18:08,26.0,69,0,2023-08-05 10:18:08
8/5/2023,10:18:11,26.0,69,0,2023-08-05 10:18:11
8/5/2023,10:18:16,26.0,69,0,2023-08-05 10:18:16
8/5/2023,10:18:20,26.0,69,0,2023-08-05 10:18:20
8/5/2023,10:18:24,26.0,69,0,2023-08-05 10:18:24
8/5/2023,10:18:28,26.0,69,0,2023-08-05 10:18:28
8/5/2023,10:18:31,26.0,69,0,2023-08-05 10:18:31
8/5/2023,10:18:36,26.0,69,0,2023-08-05 10:18:36
8/5/2023,10:18:40,26.0,69,0,2023-08-05 10:18:40
8/5/2023,10:18:44,26.0,69,0,2023-08-05 10:18:44
8/5/2023,10:18:48,26.0,69,0,2023-08-05 10:18:48
8/5/2023,10:18:52,26.0,69,0,2023-08-05 10:18:52
8/5/2023,10:18:57,26.0,69,0,2023-08-05 10:18:57
8/5/2023,10:19:01,26.0,69,0,2023-08-05 10:19:01
8/5/2023,10:19:06,26.0,69,0,2023-08-05 10:19:06
8/5/2023,10:19:10,26.0,69,0,2023-08-05 10:19:10
8/5/2023,10:19:14,26.0,69,0,2023-08-05 10:19:14
8/5/2023,10:19:19,26.0,69,0,2023-08-05 10:19:19
8/5/2023,10:19:23,26.0,69,0,2023-08-05 10:19:23
8/5/2023,10:19:27,26.0,69,0,2023-08-05 10:19:27
8/5/2023,10:19:32,26.0,69,0,2023-08-05 10:19:32
8/5/2023,10:19:36,26.0,69,0,2023-08-05 10:19:36
8/5/2023,10:19:40,26.0,69,0,2023-08-05 10:19:40
8/5/2023,10:19:44,26.0,69,0,2023-08-05 10:19:44
8/5/2023,10:19:48,26.0,69,0,2023-08-05 10:19:48
8/5/2023,10:19:52,26.0,69,0,2023-08-05 10:19:52
8/5/2023,10:19:56,26.0,69,0,2023-08-05 10:19:56
8/5/2023,10:20:06,26.0,69,3,2023-08-05 10:20:06
8/5/2023,10:20:10,26.0,69,0,2023-08-05 10:20:10
8/5/2023,10:20:14,26.0,70,0,2023-08-05 10:20:14
8/5/2023,10:20:18,26.0,70,0,2023-08-05 10:20:18
8/5/2023,10:20:22,26.0,70,0,2023-08-05 10:20:22
8/5/2023,11:28:33,25.9,70,0,2023-08-05 11:28:33
8/5/2023,11:28:37,25.9,70,0,2023-08-05 11:28:37
8/5/2023,11:28:41,26.0,70,0,2023-08-05 11:28:41
8/5/2023,11:28:45,26.0,71,0,2023-08-05 11:28:45
8/5/2023,11:28:49,26.0,71,0,2023-08-05 11:28:49
8/5/2023,11:28:53,26.0,71,0,2023-08-05 11:28:53
8/5/2023,11:28:57,26.0,71,0,2023-08-05 11:28:57
8/5/2023,11:29:01,26.1,71,0,2023-08-05 11:29:01
8/5/2023,11:29:05,26.1,71,0,2023-08-05 11:29:05
8/5/2023,11:29:09,26.1,71,0,2023-08-05 11:29:09
8/5/2023,11:29:13,26.1,71,0,2023-08-05 11:29:13
8/5/2023,11:29:17,26.1,71,0,2023-08-05 11:29:17
8/5/2023,11:29:22,26.2,71,1,2023-08-05 11:29:22
8/5/2023,11:29:26,26.2,71,1,2023-08-05 11:29:26
8/5/2023,11:29:30,26.2,71,1,2023-08-05 11:29:30
8/5/2023,11:29:39,26.2,71,0,2023-08-05 11:29:39
8/5/2023,11:29:43,26.2,71,0,2023-08-05 11:29:43
8/5/2023,11:29:47,26.2,71,0,2023-08-05 11:29:47
8/5/2023,11:29:51,26.2,71,0,2023-08-05 11:29:51
8/5/2023,11:29:55,26.3,71,0,2023-08-05 11:29:55
8/5/2023,11:29:59,26.3,71,0,2023-08-05 11:29:59
8/5/2023,11:30:03,26.3,71,0,2023-08-05 11:30:03
8/5/2023,11:30:07,26.3,71,0,2023-08-05 11:30:07
8/5/2023,11:30:11,26.4,71,0,2023-08-05 11:30:11
8/5/2023,11:30:16,26.3,71,0,2023-08-05 11:30:16
8/5/2023,11:30:23,26.3,71,0,2023-08-05 11:30:23
8/5/2023,11:30:28,26.3,71,0,2023-08-05 11:30:28
8/5/2023,11:30:32,26.3,71,0,2023-08-05 11:30:32
8/5/2023,11:30:36,26.4,71,4,2023-08-05 11:30:36
8/5/2023,11:30:45,26.4,71,0,2023-08-05 11:30:45
8/5/2023,11:30:49,26.4,71,0,2023-08-05 11:30:49
8/5/2023,11:30:53,26.4,71,0,2023-08-05 11:30:53
8/5/2023,11:30:57,26.4,70,0,2023-08-05 11:30:57
8/5/2023,11:31:01,26.4,70,0,2023-08-05 11:31:01
8/5/2023,11:31:05,26.4,70,0,2023-08-05 11:31:05
8/5/2023,11:31:10,26.4,70,0,2023-08-05 11:31:10
8/5/2023,11:31:14,26.4,70,0,2023-08-05 11:31:14
8/5/2023,11:31:18,26.4,70,0,2023-08-05 11:31:18
8/5/2023,11:31:23,26.4,70,0,2023-08-05 11:31:23
8/5/2023,11:31:27,26.4,70,0,2023-08-05 11:31:27
8/5/2023,11:31:31,26.4,70,0,2023-08-05 11:31:31
8/5/2023,11:31:35,26.4,70,0,2023-08-05 11:31:35
8/5/2023,11:31:40,26.4,70,0,2023-08-05 11:31:40
8/5/2023,11:31:48,26.4,70,0,2023-08-05 11:31:48
8/5/2023,11:31:53,26.4,70,0,2023-08-05 11:31:53
8/5/2023,11:31:57,26.4,70,0,2023-08-05 11:31:57
8/5/2023,11:32:01,26.4,70,0,2023-08-05 11:32:01
8/5/2023,11:32:05,26.4,70,0,2023-08-05 11:32:05
8/5/2023,11:32:09,26.4,70,0,2023-08-05 11:32:09
8/5/2023,11:32:13,26.4,70,0,2023-08-05 11:32:13
8/5/2023,11:32:17,26.4,70,0,2023-08-05 11:32:17
8/5/2023,11:32:22,26.5,70,0,2023-08-05 11:32:22
8/5/2023,11:32:26,26.5,70,0,2023-08-05 11:32:26
8/5/2023,11:32:30,26.5,70,0,2023-08-05 11:32:30
8/5/2023,11:32:34,26.5,70,0,2023-08-05 11:32:34
8/5/2023,11:32:38,26.5,70,0,2023-08-05 11:32:38
8/5/2023,11:32:42,26.5,70,0,2023-08-05 11:32:42
8/5/2023,11:32:46,26.5,70,0,2023-08-05 11:32:46
8/5/2023,11:32:50,26.5,70,0,2023-08-05 11:32:50
8/5/2023,11:32:55,26.5,70,0,2023-08-05 11:32:55
8/5/2023,11:32:59,26.5,70,0,2023-08-05 11:32:59
8/5/2023,11:33:03,26.5,70,0,2023-08-05 11:33:03
8/5/2023,11:33:07,26.6,70,0,2023-08-05 11:33:07
8/5/2023,11:33:11,26.6,70,0,2023-08-05 11:33:11
8/5/2023,11:33:15,26.6,70,0,2023-08-05 11:33:15
8/5/2023,11:33:19,26.6,70,0,2023-08-05 11:33:19
8/5/2023,11:33:23,26.6,70,0,2023-08-05 11:33:23
8/5/2023,11:33:27,26.6,70,0,2023-08-05 11:33:27
8/5/2023,11:33:31,26.6,70,0,2023-08-05 11:33:31
8/5/2023,11:33:35,26.6,70,0,2023-08-05 11:33:35
8/5/2023,11:33:39,26.6,70,0,2023-08-05 11:33:39
8/5/2023,11:33:46,26.6,70,4,2023-08-05 11:33:46
8/5/2023,11:33:54,26.6,70,3,2023-08-05 11:33:54
8/5/2023,11:33:59,26.6,69,3,2023-08-05 11:33:59
8/5/2023,11:34:03,26.6,69,2,2023-08-05 11:34:03
8/5/2023,11:34:07,26.6,69,2,2023-08-05 11:34:07
8/5/2023,11:34:11,26.6,69,2,2023-08-05 11:34:11
8/5/2023,11:34:15,26.6,69,2,2023-08-05 11:34:15
8/5/2023,11:34:20,26.6,69,2,2023-08-05 11:34:20
8/5/2023,11:34:25,26.6,69,1,2023-08-05 11:34:25
8/5/2023,11:34:29,26.6,70,1,2023-08-05 11:34:29
8/5/2023,11:34:38,26.6,70,0,2023-08-05 11:34:38
8/5/2023,11:34:43,26.6,70,0,2023-08-05 11:34:43
8/5/2023,11:34:47,26.6,70,0,2023-08-05 11:34:47
8/5/2023,11:34:51,26.6,70,0,2023-08-05 11:34:51
8/5/2023,11:34:56,26.7,70,0,2023-08-05 11:34:56
8/5/2023,11:35:00,26.7,70,0,2023-08-05 11:35:00
8/5/2023,11:35:04,26.7,70,0,2023-08-05 11:35:04
8/5/2023,11:35:08,26.7,70,0,2023-08-05 11:35:08
8/5/2023,11:35:12,26.7,70,0,2023-08-05 11:35:12
8/5/2023,11:35:16,26.7,70,0,2023-08-05 11:35:16
8/5/2023,11:35:20,26.7,70,0,2023-08-05 11:35:20
8/5/2023,11:35:24,26.7,70,0,2023-08-05 11:35:24
8/5/2023,11:35:29,26.7,70,0,2023-08-05 11:35:29
8/5/2023,11:35:33,26.8,70,0,2023-08-05 11:35:33
8/5/2023,11:35:37,26.8,70,0,2023-08-05 11:35:37
8/5/2023,11:35:41,26.8,70,0,2023-08-05 11:35:41
8/5/2023,11:35:46,26.8,70,0,2023-08-05 11:35:46
8/5/2023,11:36:40,26.8,68,0,2023-08-05 11:36:40
8/5/2023,11:36:44,26.8,68,0,2023-08-05 11:36:44
8/5/2023,11:36:53,26.8,68,0,2023-08-05 11:36:53
8/5/2023,11:36:59,26.8,68,0,2023-08-05 11:36:59
8/5/2023,11:37:04,26.8,68,0,2023-08-05 11:37:04
8/5/2023,11:37:08,26.8,68,0,2023-08-05 11:37:08
8/5/2023,11:37:11,26.8,68,0,2023-08-05 11:37:11
8/5/2023,11:37:15,26.8,68,0,2023-08-05 11:37:15
8/5/2023,11:37:19,26.8,68,0,2023-08-05 11:37:19
8/5/2023,11:37:24,26.8,68,0,2023-08-05 11:37:24
8/5/2023,11:37:28,26.7,68,0,2023-08-05 11:37:28
8/5/2023,11:37:33,26.8,68,0,2023-08-05 11:37:33
8/5/2023,11:37:37,26.8,68,0,2023-08-05 11:37:37
8/5/2023,11:37:41,26.7,68,0,2023-08-05 11:37:41
8/5/2023,11:37:45,26.8,68,0,2023-08-05 11:37:45
8/5/2023,11:37:50,26.8,68,0,2023-08-05 11:37:50
8/5/2023,11:37:54,26.8,68,0,2023-08-05 11:37:54
8/5/2023,11:37:58,26.8,68,0,2023-08-05 11:37:58
8/5/2023,11:38:03,26.8,68,0,2023-08-05 11:38:03
8/5/2023,11:38:08,26.8,68,0,2023-08-05 11:38:08
8/5/2023,11:38:27,26.8,69,0,2023-08-05 11:38:27
8/5/2023,11:38:31,26.8,68,0,2023-08-05 11:38:31
8/5/2023,11:38:35,26.8,68,0,2023-08-05 11:38:35
8/5/2023,11:38:39,26.8,68,0,2023-08-05 11:38:39
8/5/2023,11:38:43,26.8,68,0,2023-08-05 11:38:43
8/5/2023,11:38:47,26.8,69,0,2023-08-05 11:38:47
8/5/2023,11:38:51,26.8,69,0,2023-08-05 11:38:51
8/5/2023,11:38:55,26.8,69,0,2023-08-05 11:38:55
8/5/2023,11:38:59,26.8,69,0,2023-08-05 11:38:59
8/5/2023,11:39:04,26.8,69,0,2023-08-05 11:39:04
8/5/2023,11:39:08,26.8,69,0,2023-08-05 11:39:08
8/5/2023,11:39:12,26.8,69,0,2023-08-05 11:39:12
8/5/2023,11:39:17,26.8,68,0,2023-08-05 11:39:17
8/5/2023,11:39:21,26.8,68,0,2023-08-05 11:39:21
8/5/2023,11:39:25,26.8,68,0,2023-08-05 11:39:25
8/5/2023,11:39:29,26.8,68,0,2023-08-05 11:39:29
8/5/2023,11:39:33,26.8,68,0,2023-08-05 11:39:33
8/5/2023,11:39:37,26.7,68,0,2023-08-05 11:39:37
8/5/2023,11:39:41,26.7,68,0,2023-08-05 11:39:41
8/5/2023,11:39:45,26.7,68,0,2023-08-05 11:39:45
8/5/2023,11:39:49,26.7,68,0,2023-08-05 11:39:49
8/5/2023,11:39:53,26.7,68,0,2023-08-05 11:39:53
8/5/2023,11:39:58,26.7,68,0,2023-08-05 11:39:58
8/5/2023,11:40:02,26.7,68,0,2023-08-05 11:40:02
8/5/2023,11:40:07,26.7,68,0,2023-08-05 11:40:07
8/5/2023,11:40:11,26.7,68,0,2023-08-05 11:40:11
8/5/2023,11:40:17,26.7,68,0,2023-08-05 11:40:17
8/5/2023,11:40:21,26.7,68,0,2023-08-05 11:40:21
8/5/2023,11:40:25,26.7,68,0,2023-08-05 11:40:25
8/5/2023,11:40:30,26.7,68,0,2023-08-05 11:40:30
8/5/2023,11:40:34,26.7,68,0,2023-08-05 11:40:34
8/5/2023,11:40:38,26.7,68,0,2023-08-05 11:40:38
8/5/2023,11:40:42,26.7,68,0,2023-08-05 11:40:42
8/5/2023,11:40:47,26.7,68,0,2023-08-05 11:40:47
8/5/2023,11:40:53,26.7,68,0,2023-08-05 11:40:53
8/5/2023,11:40:58,26.7,68,0,2023-08-05 11:40:58
8/5/2023,11:41:02,26.7,68,0,2023-08-05 11:41:02
8/5/2023,11:41:06,26.7,68,0,2023-08-05 11:41:06
8/5/2023,11:41:10,26.7,68,0,2023-08-05 11:41:10
8/5/2023,11:41:14,26.7,68,0,2023-08-05 11:41:14
8/5/2023,11:41:18,26.7,68,0,2023-08-05 11:41:18
8/5/2023,11:41:22,26.7,68,0,2023-08-05 11:41:22
8/5/2023,11:41:27,26.7,68,0,2023-08-05 11:41:27
8/5/2023,11:41:31,26.7,68,0,2023-08-05 11:41:31
8/5/2023,11:41:36,26.6,68,0,2023-08-05 11:41:36
8/5/2023,11:41:39,26.6,68,0,2023-08-05 11:41:39
8/5/2023,11:41:44,26.6,68,0,2023-08-05 11:41:44
8/5/2023,11:41:49,26.6,68,0,2023-08-05 11:41:49
8/5/2023,11:41:53,26.6,68,0,2023-08-05 11:41:53
8/5/2023,11:41:57,26.6,68,0,2023-08-05 11:41:57
8/5/2023,11:42:01,26.6,68,0,2023-08-05 11:42:01
8/5/2023,11:42:05,26.6,68,0,2023-08-05 11:42:05
8/5/2023,11:42:09,26.6,68,0,2023-08-05 11:42:09
8/5/2023,11:42:14,26.6,68,0,2023-08-05 11:42:14
8/5/2023,11:42:18,26.6,68,0,2023-08-05 11:42:18
8/5/2023,11:42:22,26.6,68,0,2023-08-05 11:42:22
8/5/2023,11:42:27,26.6,69,0,2023-08-05 11:42:27
8/5/2023,11:42:32,26.6,69,0,2023-08-05 11:42:32
8/5/2023,11:42:36,26.6,69,0,2023-08-05 11:42:36
8/5/2023,11:42:40,26.6,69,0,2023-08-05 11:42:40
8/5/2023,11:42:45,26.6,69,0,2023-08-05 11:42:45
8/5/2023,11:42:49,26.6,69,0,2023-08-05 11:42:49
8/5/2023,11:42:52,26.6,69,0,2023-08-05 11:42:52
8/5/2023,11:42:56,26.6,69,0,2023-08-05 11:42:56
8/5/2023,11:43:00,26.6,69,0,2023-08-05 11:43:00
8/5/2023,11:43:04,26.6,69,0,2023-08-05 11:43:04
8/5/2023,11:43:09,26.6,69,0,2023-08-05 11:43:09
8/5/2023,11:43:13,26.6,69,0,2023-08-05 11:43:13
8/5/2023,11:43:17,26.6,69,0,2023-08-05 11:43:17
8/5/2023,11:43:21,26.6,69,0,2023-08-05 11:43:21
8/5/2023,11:43:26,26.6,69,0,2023-08-05 11:43:26
8/5/2023,11:43:29,26.6,69,0,2023-08-05 11:43:29
8/5/2023,11:43:33,26.6,69,0,2023-08-05 11:43:33
8/5/2023,11:43:38,26.6,69,0,2023-08-05 11:43:38
8/5/2023,11:43:42,26.6,69,0,2023-08-05 11:43:42
8/5/2023,11:43:46,26.6,69,0,2023-08-05 11:43:46
8/5/2023,11:43:50,26.6,69,0,2023-08-05 11:43:50
8/5/2023,11:43:54,26.6,69,0,2023-08-05 11:43:54
8/5/2023,11:43:58,26.6,69,0,2023-08-05 11:43:58
8/5/2023,11:44:02,26.6,69,0,2023-08-05 11:44:02
8/5/2023,11:44:07,26.6,69,0,2023-08-05 11:44:07
8/5/2023,11:44:11,26.6,69,0,2023-08-05 11:44:11
8/5/2023,12:59:43,25.9,70,0,2023-08-05 12:59:43
8/5/2023,12:59:47,25.9,70,0,2023-08-05 12:59:47
8/5/2023,12:59:51,25.9,70,0,2023-08-05 12:59:51
8/5/2023,12:59:56,25.9,70,0,2023-08-05 12:59:56
8/5/2023,13:00:00,25.9,70,0,2023-08-05 13:00:00
8/5/2023,13:00:05,25.9,70,0,2023-08-05 13:00:05
8/5/2023,13:00:09,25.9,70,0,2023-08-05 13:00:09
8/5/2023,13:00:13,25.9,70,0,2023-08-05 13:00:13
8/5/2023,13:00:18,25.9,70,0,2023-08-05 13:00:18
8/5/2023,13:00:23,25.9,70,0,2023-08-05 13:00:23
8/5/2023,13:00:27,25.9,70,0,2023-08-05 13:00:27
8/5/2023,13:00:32,25.9,70,0,2023-08-05 13:00:32
8/5/2023,13:00:36,25.9,70,0,2023-08-05 13:00:36
8/5/2023,13:00:40,25.9,70,0,2023-08-05 13:00:40
8/5/2023,13:00:45,25.9,70,0,2023-08-05 13:00:45
8/5/2023,13:00:49,25.9,70,0,2023-08-05 13:00:49
8/5/2023,13:00:53,26.0,70,0,2023-08-05 13:00:53
8/5/2023,13:00:58,25.9,70,0,2023-08-05 13:00:58
8/5/2023,13:01:02,26.0,70,0,2023-08-05 13:01:02
8/5/2023,13:01:07,26.0,70,0,2023-08-05 13:01:07
8/5/2023,13:01:11,26.0,70,0,2023-08-05 13:01:11
8/5/2023,13:01:15,26.0,70,0,2023-08-05 13:01:15
8/5/2023,13:01:19,26.0,70,0,2023-08-05 13:01:19
8/5/2023,13:01:23,26.0,70,0,2023-08-05 13:01:23
8/5/2023,13:01:27,26.0,70,0,2023-08-05 13:01:27
8/5/2023,13:01:32,26.0,70,0,2023-08-05 13:01:32
8/5/2023,13:01:36,26.0,70,0,2023-08-05 13:01:36
8/5/2023,13:01:40,26.0,70,0,2023-08-05 13:01:40
8/5/2023,13:01:44,26.0,70,0,2023-08-05 13:01:44
8/5/2023,13:01:48,26.0,70,0,2023-08-05 13:01:48
8/5/2023,13:01:53,26.0,70,0,2023-08-05 13:01:53
8/5/2023,13:01:57,26.0,70,0,2023-08-05 13:01:57
8/5/2023,13:02:01,26.1,70,0,2023-08-05 13:02:01
8/5/2023,13:02:06,26.1,70,0,2023-08-05 13:02:06
8/5/2023,13:02:09,26.1,70,0,2023-08-05 13:02:09
8/5/2023,13:02:13,26.1,70,0,2023-08-05 13:02:13
8/5/2023,13:02:17,26.1,70,0,2023-08-05 13:02:17
8/5/2023,13:02:22,26.1,70,0,2023-08-05 13:02:22
8/5/2023,13:02:26,26.1,70,0,2023-08-05 13:02:26
8/5/2023,13:02:30,26.1,70,0,2023-08-05 13:02:30
8/5/2023,13:02:34,26.1,70,0,2023-08-05 13:02:34
8/5/2023,13:02:38,26.1,70,0,2023-08-05 13:02:38
8/5/2023,13:02:43,26.1,70,0,2023-08-05 13:02:43
8/5/2023,13:02:47,26.1,70,0,2023-08-05 13:02:47
8/5/2023,13:02:52,26.1,70,0,2023-08-05 13:02:52
8/5/2023,13:02:56,26.1,70,0,2023-08-05 13:02:56
8/5/2023,13:03:00,26.1,70,0,2023-08-05 13:03:00
8/5/2023,13:03:04,26.1,70,0,2023-08-05 13:03:04
8/5/2023,13:03:08,26.1,70,0,2023-08-05 13:03:08
8/5/2023,13:03:13,26.1,70,0,2023-08-05 13:03:13
8/5/2023,13:03:17,26.1,70,0,2023-08-05 13:03:17
8/5/2023,13:03:20,26.1,70,0,2023-08-05 13:03:20
8/5/2023,13:03:24,26.2,70,0,2023-08-05 13:03:24
8/5/2023,13:03:29,26.2,70,0,2023-08-05 13:03:29
8/5/2023,13:03:33,26.2,70,0,2023-08-05 13:03:33
8/5/2023,13:03:37,26.2,70,0,2023-08-05 13:03:37
8/5/2023,13:03:41,26.2,70,0,2023-08-05 13:03:41
8/5/2023,13:03:45,26.2,70,0,2023-08-05 13:03:45
8/5/2023,13:03:49,26.2,70,0,2023-08-05 13:03:49
8/5/2023,13:03:53,26.2,70,0,2023-08-05 13:03:53
8/5/2023,13:03:58,26.2,70,0,2023-08-05 13:03:58
8/5/2023,13:04:01,26.2,70,0,2023-08-05 13:04:01
8/5/2023,13:04:06,26.2,70,0,2023-08-05 13:04:06
8/5/2023,13:04:10,26.2,70,0,2023-08-05 13:04:10
8/5/2023,13:04:14,26.2,70,0,2023-08-05 13:04:14
8/5/2023,13:04:18,26.2,70,0,2023-08-05 13:04:18
8/5/2023,13:04:22,26.2,70,0,2023-08-05 13:04:22
8/5/2023,13:04:26,26.2,70,0,2023-08-05 13:04:26
8/5/2023,13:04:30,26.2,70,0,2023-08-05 13:04:30
8/5/2023,13:04:35,26.2,70,0,2023-08-05 13:04:35
8/5/2023,13:04:39,26.2,70,0,2023-08-05 13:04:39
8/5/2023,13:04:43,26.2,70,0,2023-08-05 13:04:43
8/5/2023,13:04:48,26.2,70,0,2023-08-05 13:04:48
8/5/2023,13:04:52,26.3,70,0,2023-08-05 13:04:52
8/5/2023,13:04:56,26.3,70,0,2023-08-05 13:04:56
8/5/2023,13:05:01,26.3,70,0,2023-08-05 13:05:01
8/5/2023,13:05:05,26.3,70,0,2023-08-05 13:05:05
8/5/2023,13:05:10,26.3,70,0,2023-08-05 13:05:10
8/5/2023,13:05:14,26.3,69,0,2023-08-05 13:05:14
8/5/2023,13:05:18,26.3,69,0,2023-08-05 13:05:18
8/5/2023,13:05:23,26.3,69,0,2023-08-05 13:05:23
8/5/2023,13:05:26,26.3,69,0,2023-08-05 13:05:26
8/5/2023,13:05:31,26.3,69,0,2023-08-05 13:05:31
8/5/2023,13:05:34,26.3,69,0,2023-08-05 13:05:34
8/5/2023,13:05:39,26.3,69,0,2023-08-05 13:05:39
8/5/2023,13:05:43,26.3,69,0,2023-08-05 13:05:43
8/5/2023,13:05:47,26.3,69,0,2023-08-05 13:05:47
8/5/2023,13:05:51,26.3,69,0,2023-08-05 13:05:51
8/5/2023,13:05:55,26.3,69,0,2023-08-05 13:05:55
8/5/2023,13:06:00,26.3,69,0,2023-08-05 13:06:00
8/5/2023,13:06:04,26.3,69,0,2023-08-05 13:06:04
8/5/2023,13:06:08,26.3,69,0,2023-08-05 13:06:08
8/5/2023,13:06:13,26.3,69,0,2023-08-05 13:06:13
8/5/2023,13:06:17,26.3,69,0,2023-08-05 13:06:17
8/5/2023,13:06:21,26.3,69,0,2023-08-05 13:06:21
8/5/2023,13:06:26,26.3,69,0,2023-08-05 13:06:26
8/5/2023,13:06:30,26.3,69,0,2023-08-05 13:06:30
8/5/2023,13:06:34,26.3,69,0,2023-08-05 13:06:34
8/5/2023,13:06:38,26.3,69,0,2023-08-05 13:06:38
8/5/2023,13:06:42,26.3,69,0,2023-08-05 13:06:42
8/5/2023,13:06:46,26.4,69,0,2023-08-05 13:06:46
8/5/2023,13:06:50,26.4,69,0,2023-08-05 13:06:50
8/5/2023,13:06:55,26.4,69,0,2023-08-05 13:06:55
8/5/2023,13:06:59,26.4,69,0,2023-08-05 13:06:59
8/5/2023,13:07:03,26.4,69,0,2023-08-05 13:07:03
8/5/2023,13:07:07,26.4,69,0,2023-08-05 13:07:07
8/5/2023,13:07:11,26.4,69,0,2023-08-05 13:07:11
8/5/2023,13:07:15,26.4,69,0,2023-08-05 13:07:15
8/5/2023,13:07:19,26.4,69,0,2023-08-05 13:07:19
8/5/2023,13:07:23,26.4,69,0,2023-08-05 13:07:23
8/5/2023,13:07:27,26.4,69,0,2023-08-05 13:07:27
8/5/2023,13:07:32,26.4,69,0,2023-08-05 13:07:32
8/5/2023,13:07:35,26.4,69,0,2023-08-05 13:07:35
8/5/2023,13:07:39,26.4,68,0,2023-08-05 13:07:39
8/5/2023,13:07:44,26.4,68,0,2023-08-05 13:07:44
8/5/2023,13:07:48,26.4,68,0,2023-08-05 13:07:48
8/5/2023,13:07:52,26.4,68,0,2023-08-05 13:07:52
8/5/2023,13:07:56,26.4,68,0,2023-08-05 13:07:56
8/5/2023,13:08:00,26.4,68,0,2023-08-05 13:08:00
8/5/2023,13:08:05,26.4,68,0,2023-08-05 13:08:05
8/5/2023,13:08:09,26.4,68,0,2023-08-05 13:08:09
8/5/2023,13:08:13,26.4,68,0,2023-08-05 13:08:13
8/5/2023,13:08:17,26.4,68,0,2023-08-05 13:08:17
8/5/2023,13:08:21,26.4,68,0,2023-08-05 13:08:21
8/5/2023,13:08:25,26.4,68,0,2023-08-05 13:08:25
8/5/2023,13:08:30,26.4,68,0,2023-08-05 13:08:30
8/5/2023,13:08:34,26.4,68,0,2023-08-05 13:08:34
8/5/2023,13:08:38,26.4,68,0,2023-08-05 13:08:38
8/5/2023,13:08:42,26.4,68,0,2023-08-05 13:08:42
8/5/2023,13:08:46,26.4,68,0,2023-08-05 13:08:46
8/5/2023,13:08:50,26.4,68,0,2023-08-05 13:08:50
8/5/2023,13:08:54,26.4,68,0,2023-08-05 13:08:54
8/5/2023,13:08:57,26.4,68,0,2023-08-05 13:08:57
8/5/2023,13:09:01,26.4,68,0,2023-08-05 13:09:01
8/5/2023,13:09:05,26.4,68,0,2023-08-05 13:09:05
8/5/2023,13:09:10,26.4,68,0,2023-08-05 13:09:10
8/5/2023,13:09:15,26.4,68,0,2023-08-05 13:09:15
8/5/2023,13:09:19,26.4,68,0,2023-08-05 13:09:19
8/5/2023,13:09:24,26.4,68,0,2023-08-05 13:09:24
8/5/2023,13:09:28,26.4,68,0,2023-08-05 13:09:28
8/5/2023,13:09:33,26.4,68,0,2023-08-05 13:09:33
8/5/2023,13:09:37,26.4,68,0,2023-08-05 13:09:37
8/5/2023,13:09:41,26.4,68,0,2023-08-05 13:09:41
8/5/2023,13:09:46,26.5,68,0,2023-08-05 13:09:46
8/5/2023,13:09:50,26.4,68,0,2023-08-05 13:09:50
8/5/2023,13:09:54,26.5,68,0,2023-08-05 13:09:54
8/5/2023,13:09:58,26.5,68,0,2023-08-05 13:09:58
8/5/2023,13:10:02,26.4,68,0,2023-08-05 13:10:02
8/5/2023,13:10:07,26.5,68,0,2023-08-05 13:10:07
8/5/2023,13:10:11,26.5,68,0,2023-08-05 13:10:11
8/5/2023,13:10:15,26.5,68,0,2023-08-05 13:10:15
8/5/2023,13:10:19,26.5,68,0,2023-08-05 13:10:19
8/5/2023,13:10:23,26.5,68,0,2023-08-05 13:10:23
8/5/2023,13:10:27,26.5,68,0,2023-08-05 13:10:27
8/5/2023,13:10:32,26.5,68,0,2023-08-05 13:10:32
8/5/2023,13:10:36,26.5,68,0,2023-08-05 13:10:36
8/5/2023,13:10:41,26.5,67,0,2023-08-05 13:10:41
8/5/2023,13:10:45,26.5,68,0,2023-08-05 13:10:45
8/5/2023,13:10:49,26.5,68,0,2023-08-05 13:10:49
8/5/2023,13:10:54,26.5,68,0,2023-08-05 13:10:54
8/5/2023,13:10:58,26.5,67,0,2023-08-05 13:10:58
8/5/2023,13:11:02,26.5,68,0,2023-08-05 13:11:02
8/5/2023,13:11:06,26.5,67,0,2023-08-05 13:11:06
8/5/2023,13:11:10,26.5,68,0,2023-08-05 13:11:10
8/5/2023,13:11:14,26.5,68,0,2023-08-05 13:11:14
8/5/2023,13:11:18,26.5,67,0,2023-08-05 13:11:18
8/5/2023,13:11:22,26.5,67,0,2023-08-05 13:11:22
8/5/2023,13:11:26,26.5,67,0,2023-08-05 13:11:26
8/5/2023,13:11:30,26.5,67,0,2023-08-05 13:11:30
8/5/2023,13:11:34,26.5,67,0,2023-08-05 13:11:34
8/5/2023,13:11:38,26.5,67,0,2023-08-05 13:11:38
8/5/2023,13:11:42,26.5,67,0,2023-08-05 13:11:42
8/5/2023,13:11:46,26.5,67,0,2023-08-05 13:11:46
8/5/2023,13:11:50,26.5,67,0,2023-08-05 13:11:50
8/5/2023,13:11:54,26.5,67,0,2023-08-05 13:11:54
8/5/2023,13:11:58,26.5,67,0,2023-08-05 13:11:58
8/5/2023,13:12:02,26.5,67,0,2023-08-05 13:12:02
8/5/2023,13:12:07,26.5,67,0,2023-08-05 13:12:07
8/5/2023,13:12:12,26.5,67,0,2023-08-05 13:12:12
8/5/2023,13:12:16,26.5,67,0,2023-08-05 13:12:16
8/5/2023,13:12:21,26.5,67,0,2023-08-05 13:12:21
8/5/2023,13:12:25,26.5,67,0,2023-08-05 13:12:25
8/5/2023,13:12:30,26.5,67,0,2023-08-05 13:12:30
8/5/2023,13:12:33,26.5,67,0,2023-08-05 13:12:33
8/5/2023,13:12:37,26.5,67,0,2023-08-05 13:12:37
8/5/2023,13:12:41,26.5,67,0,2023-08-05 13:12:41
8/5/2023,13:12:45,26.5,67,0,2023-08-05 13:12:45
8/5/2023,13:12:49,26.5,67,0,2023-08-05 13:12:49
8/5/2023,13:12:53,26.5,67,0,2023-08-05 13:12:53
8/5/2023,13:12:57,26.5,67,0,2023-08-05 13:12:57
8/5/2023,13:13:02,26.5,67,0,2023-08-05 13:13:02
8/5/2023,13:13:06,26.5,67,0,2023-08-05 13:13:06
8/5/2023,13:13:10,26.5,67,0,2023-08-05 13:13:10
8/5/2023,13:13:15,26.5,67,0,2023-08-05 13:13:15
8/5/2023,13:13:19,26.5,67,0,2023-08-05 13:13:19
8/5/2023,13:13:23,26.5,67,0,2023-08-05 13:13:23
8/5/2023,13:13:28,26.5,67,0,2023-08-05 13:13:28
8/5/2023,13:13:33,26.5,67,0,2023-08-05 13:13:33
8/5/2023,13:13:37,26.5,67,0,2023-08-05 13:13:37
8/5/2023,13:13:41,26.5,67,0,2023-08-05 13:13:41
8/5/2023,13:13:45,26.5,67,0,2023-08-05 13:13:45
8/5/2023,13:13:49,26.5,67,0,2023-08-05 13:13:49
8/5/2023,13:13:53,26.5,67,0,2023-08-05 13:13:53
8/5/2023,13:13:57,26.5,67,0,2023-08-05 13:13:57
8/5/2023,13:14:01,26.5,67,0,2023-08-05 13:14:01
8/5/2023,13:14:05,26.5,67,0,2023-08-05 13:14:05
8/5/2023,13:14:10,26.5,67,0,2023-08-05 13:14:10
8/5/2023,13:14:14,26.5,67,0,2023-08-05 13:14:14
8/5/2023,13:14:18,26.5,67,0,2023-08-05 13:14:18
8/5/2023,13:14:21,26.5,67,0,2023-08-05 13:14:21
8/5/2023,13:14:25,26.5,67,0,2023-08-05 13:14:25
8/5/2023,13:14:30,26.5,67,0,2023-08-05 13:14:30
8/5/2023,13:14:33,26.5,67,0,2023-08-05 13:14:33
8/5/2023,13:14:37,26.5,67,0,2023-08-05 13:14:37
8/5/2023,13:14:41,26.5,67,0,2023-08-05 13:14:41
8/5/2023,13:14:45,26.5,67,0,2023-08-05 13:14:45
8/5/2023,13:14:49,26.5,67,0,2023-08-05 13:14:49
8/5/2023,13:14:53,26.5,67,0,2023-08-05 13:14:53
8/5/2023,13:14:57,26.5,67,0,2023-08-05 13:14:57
8/5/2023,13:15:00,26.5,67,0,2023-08-05 13:15:00
8/5/2023,13:15:05,26.5,67,0,2023-08-05 13:15:05
8/5/2023,13:15:09,26.5,67,0,2023-08-05 13:15:09
8/5/2023,13:15:13,26.6,67,0,2023-08-05 13:15:13
8/5/2023,13:15:17,26.6,67,0,2023-08-05 13:15:17
8/5/2023,13:15:20,26.6,67,0,2023-08-05 13:15:20
8/5/2023,13:15:25,26.6,67,0,2023-08-05 13:15:25
8/5/2023,13:15:29,26.6,67,0,2023-08-05 13:15:29
8/5/2023,13:15:33,26.6,67,0,2023-08-05 13:15:33
8/5/2023,13:15:37,26.6,67,0,2023-08-05 13:15:37
8/5/2023,13:15:41,26.6,67,0,2023-08-05 13:15:41
8/5/2023,13:15:45,26.6,67,0,2023-08-05 13:15:45
8/5/2023,13:15:49,26.6,67,0,2023-08-05 13:15:49
8/5/2023,13:15:54,26.6,67,0,2023-08-05 13:15:54
8/5/2023,13:16:02,26.6,67,0,2023-08-05 13:16:02
8/5/2023,13:16:08,26.6,67,0,2023-08-05 13:16:08
8/5/2023,13:16:16,26.6,67,0,2023-08-05 13:16:16
8/5/2023,13:16:21,26.6,67,0,2023-08-05 13:16:21
8/5/2023,13:16:25,26.6,67,0,2023-08-05 13:16:25
8/5/2023,13:16:29,26.6,67,0,2023-08-05 13:16:29
8/5/2023,13:16:33,26.6,66,0,2023-08-05 13:16:33
8/5/2023,13:16:37,26.6,66,0,2023-08-05 13:16:37
8/5/2023,13:16:40,26.6,66,0,2023-08-05 13:16:40
8/5/2023,13:16:44,26.6,66,0,2023-08-05 13:16:44
8/5/2023,13:16:48,26.6,66,0,2023-08-05 13:16:48
8/5/2023,13:16:52,26.6,66,0,2023-08-05 13:16:52
8/5/2023,13:16:56,26.7,66,0,2023-08-05 13:16:56
8/5/2023,13:17:00,26.7,66,0,2023-08-05 13:17:00
8/5/2023,13:17:04,26.7,66,0,2023-08-05 13:17:04
8/5/2023,13:17:08,26.7,66,0,2023-08-05 13:17:08
8/5/2023,13:17:12,26.7,66,0,2023-08-05 13:17:12
8/5/2023,13:17:16,26.7,66,0,2023-08-05 13:17:16
8/5/2023,13:17:20,26.7,66,0,2023-08-05 13:17:20
8/5/2023,13:17:25,26.7,66,0,2023-08-05 13:17:25
8/5/2023,13:17:28,26.7,66,0,2023-08-05 13:17:28
8/5/2023,13:17:32,26.7,66,0,2023-08-05 13:17:32
8/5/2023,13:17:36,26.7,66,0,2023-08-05 13:17:36
8/5/2023,13:17:40,26.7,66,0,2023-08-05 13:17:40
8/5/2023,13:17:45,26.7,66,0,2023-08-05 13:17:45
8/5/2023,13:17:48,26.7,66,0,2023-08-05 13:17:48
8/5/2023,13:17:52,26.7,66,0,2023-08-05 13:17:52
8/5/2023,13:17:56,26.7,66,0,2023-08-05 13:17:56
8/5/2023,13:18:00,26.7,66,0,2023-08-05 13:18:00
8/5/2023,13:18:04,26.7,66,0,2023-08-05 13:18:04
8/5/2023,13:18:08,26.7,66,0,2023-08-05 13:18:08
8/5/2023,13:18:12,26.7,66,0,2023-08-05 13:18:12
8/5/2023,13:18:16,26.7,66,0,2023-08-05 13:18:16
8/5/2023,13:18:20,26.7,66,0,2023-08-05 13:18:20
8/5/2023,13:18:24,26.7,66,0,2023-08-05 13:18:24
8/5/2023,13:18:28,26.7,66,0,2023-08-05 13:18:28
8/5/2023,13:18:32,26.7,66,0,2023-08-05 13:18:32
8/5/2023,13:18:36,26.7,66,0,2023-08-05 13:18:36
8/5/2023,13:18:40,26.7,66,0,2023-08-05 13:18:40
8/5/2023,13:18:45,26.7,66,0,2023-08-05 13:18:45
8/5/2023,13:18:49,26.7,66,0,2023-08-05 13:18:49
8/5/2023,13:18:53,26.7,66,0,2023-08-05 13:18:53
8/5/2023,13:18:57,26.7,65,0,2023-08-05 13:18:57
8/5/2023,13:19:01,26.7,66,0,2023-08-05 13:19:01
8/5/2023,13:19:05,26.7,66,0,2023-08-05 13:19:05
8/5/2023,13:19:09,26.7,66,0,2023-08-05 13:19:09
8/5/2023,13:19:14,26.7,66,0,2023-08-05 13:19:14
8/5/2023,13:19:18,26.7,66,0,2023-08-05 13:19:18
8/5/2023,13:19:23,26.7,65,0,2023-08-05 13:19:23
8/5/2023,13:19:27,26.7,65,0,2023-08-05 13:19:27
8/5/2023,13:19:32,26.7,65,0,2023-08-05 13:19:32
8/5/2023,13:19:36,26.7,65,0,2023-08-05 13:19:36
8/5/2023,13:19:40,26.6,65,0,2023-08-05 13:19:40
8/5/2023,13:19:44,26.7,65,0,2023-08-05 13:19:44
8/5/2023,13:19:48,26.7,66,0,2023-08-05 13:19:48
8/5/2023,13:19:52,26.6,65,0,2023-08-05 13:19:52
8/5/2023,13:19:56,26.6,65,0,2023-08-05 13:19:56
8/5/2023,13:20:00,26.6,65,0,2023-08-05 13:20:00
8/5/2023,13:20:04,26.6,65,0,2023-08-05 13:20:04
8/5/2023,13:20:08,26.6,65,0,2023-08-05 13:20:08
8/5/2023,13:20:12,26.6,65,0,2023-08-05 13:20:12
8/5/2023,13:20:16,26.6,66,0,2023-08-05 13:20:16
8/5/2023,13:20:20,26.6,66,0,2023-08-05 13:20:20
8/5/2023,13:20:24,26.6,66,0,2023-08-05 13:20:24
8/5/2023,13:20:28,26.6,66,0,2023-08-05 13:20:28
8/5/2023,13:20:32,26.6,66,0,2023-08-05 13:20:32
8/5/2023,13:20:36,26.6,66,0,2023-08-05 13:20:36
8/5/2023,13:20:40,26.6,66,0,2023-08-05 13:20:40
8/5/2023,13:20:45,26.6,66,0,2023-08-05 13:20:45
8/5/2023,13:20:49,26.6,66,0,2023-08-05 13:20:49
8/5/2023,13:20:53,26.6,66,0,2023-08-05 13:20:53
8/5/2023,13:20:57,26.6,66,0,2023-08-05 13:20:57
8/5/2023,13:21:01,26.6,66,0,2023-08-05 13:21:01
8/5/2023,13:21:06,26.6,66,0,2023-08-05 13:21:06
8/5/2023,13:21:10,26.6,66,0,2023-08-05 13:21:10
8/5/2023,13:21:13,26.6,66,0,2023-08-05 13:21:13
8/5/2023,13:21:17,26.6,66,0,2023-08-05 13:21:17
8/5/2023,13:21:22,26.6,66,0,2023-08-05 13:21:22
8/5/2023,13:21:26,26.6,66,0,2023-08-05 13:21:26
8/5/2023,13:21:30,26.6,66,0,2023-08-05 13:21:30
8/5/2023,13:21:34,26.6,66,0,2023-08-05 13:21:34
8/5/2023,13:21:38,26.7,66,0,2023-08-05 13:21:38
8/5/2023,13:21:42,26.7,66,0,2023-08-05 13:21:42
8/5/2023,13:21:46,26.7,66,0,2023-08-05 13:21:46
8/5/2023,13:21:50,26.7,66,0,2023-08-05 13:21:50
8/5/2023,13:21:54,26.7,66,0,2023-08-05 13:21:54
8/5/2023,13:21:58,26.7,66,0,2023-08-05 13:21:58
8/5/2023,13:22:02,26.7,66,0,2023-08-05 13:22:02
8/5/2023,13:22:06,26.7,66,0,2023-08-05 13:22:06
8/5/2023,13:22:11,26.7,66,0,2023-08-05 13:22:11
8/5/2023,13:22:15,26.7,66,0,2023-08-05 13:22:15
8/5/2023,13:22:18,26.7,66,0,2023-08-05 13:22:18
8/5/2023,13:22:22,26.7,66,0,2023-08-05 13:22:22
8/5/2023,13:22:27,26.7,66,0,2023-08-05 13:22:27
8/5/2023,13:22:31,26.7,66,0,2023-08-05 13:22:31
8/5/2023,13:22:35,26.7,66,0,2023-08-05 13:22:35
8/5/2023,13:22:40,26.7,66,0,2023-08-05 13:22:40
8/5/2023,13:22:44,26.7,66,0,2023-08-05 13:22:44
8/5/2023,13:22:48,26.7,66,0,2023-08-05 13:22:48
8/5/2023,13:22:52,26.7,66,0,2023-08-05 13:22:52
8/5/2023,13:22:56,26.7,66,0,2023-08-05 13:22:56
8/5/2023,13:23:00,26.7,66,0,2023-08-05 13:23:00
8/5/2023,13:23:04,26.7,66,0,2023-08-05 13:23:04
8/5/2023,13:23:08,26.7,66,0,2023-08-05 13:23:08
8/5/2023,13:23:11,26.7,66,0,2023-08-05 13:23:11
8/5/2023,13:23:16,26.7,66,0,2023-08-05 13:23:16
8/5/2023,13:23:20,26.7,66,0,2023-08-05 13:23:20
8/5/2023,13:23:24,26.7,66,0,2023-08-05 13:23:24
8/5/2023,13:23:27,26.7,66,0,2023-08-05 13:23:27
8/5/2023,13:23:31,26.7,66,0,2023-08-05 13:23:31
8/5/2023,13:23:35,26.7,66,0,2023-08-05 13:23:35
8/5/2023,13:23:39,26.7,66,0,2023-08-05 13:23:39
8/5/2023,13:23:43,26.7,66,0,2023-08-05 13:23:43
8/5/2023,13:23:47,26.7,66,0,2023-08-05 13:23:47
8/5/2023,13:23:51,26.7,66,0,2023-08-05 13:23:51
8/5/2023,13:23:55,26.7,66,0,2023-08-05 13:23:55
8/5/2023,13:23:59,26.7,66,0,2023-08-05 13:23:59
8/5/2023,13:24:03,26.7,66,0,2023-08-05 13:24:03
8/5/2023,13:24:07,26.7,66,0,2023-08-05 13:24:07
8/5/2023,13:24:11,26.7,66,0,2023-08-05 13:24:11
8/5/2023,13:24:15,26.7,66,0,2023-08-05 13:24:15
8/5/2023,13:24:19,26.7,66,0,2023-08-05 13:24:19
8/5/2023,13:24:23,26.7,66,0,2023-08-05 13:24:23
8/5/2023,13:24:28,26.7,66,0,2023-08-05 13:24:28
8/5/2023,13:24:32,26.7,66,0,2023-08-05 13:24:32
8/5/2023,13:24:37,26.7,66,0,2023-08-05 13:24:37
8/5/2023,13:24:40,26.7,66,0,2023-08-05 13:24:40
8/5/2023,13:24:44,26.7,66,0,2023-08-05 13:24:44
8/5/2023,13:24:49,26.7,66,0,2023-08-05 13:24:49
8/5/2023,13:24:53,26.7,66,0,2023-08-05 13:24:53
8/5/2023,13:24:57,26.7,66,0,2023-08-05 13:24:57
8/5/2023,13:25:01,26.7,66,0,2023-08-05 13:25:01
8/5/2023,13:25:04,26.7,66,0,2023-08-05 13:25:04
8/5/2023,13:25:09,26.7,66,0,2023-08-05 13:25:09
8/5/2023,13:25:12,26.7,66,0,2023-08-05 13:25:12
8/5/2023,13:25:17,26.7,66,0,2023-08-05 13:25:17
8/5/2023,13:25:21,26.7,66,0,2023-08-05 13:25:21
8/5/2023,13:25:26,26.7,66,0,2023-08-05 13:25:26
8/5/2023,13:25:30,26.7,66,0,2023-08-05 13:25:30
8/5/2023,13:25:34,26.8,66,0,2023-08-05 13:25:34
8/5/2023,13:25:38,26.8,66,0,2023-08-05 13:25:38
8/5/2023,13:25:43,26.8,66,0,2023-08-05 13:25:43
8/5/2023,13:25:47,26.8,66,0,2023-08-05 13:25:47
8/5/2023,13:25:51,26.8,66,0,2023-08-05 13:25:51
8/5/2023,13:25:55,26.8,66,0,2023-08-05 13:25:55
8/5/2023,13:25:59,26.8,66,0,2023-08-05 13:25:59
8/5/2023,13:26:04,26.8,66,0,2023-08-05 13:26:04
8/5/2023,13:26:09,26.8,66,0,2023-08-05 13:26:09
8/5/2023,13:26:13,26.8,66,0,2023-08-05 13:26:13
8/5/2023,13:26:18,26.8,66,0,2023-08-05 13:26:18
8/5/2023,13:26:22,26.8,66,0,2023-08-05 13:26:22
8/5/2023,13:26:27,26.7,66,0,2023-08-05 13:26:27
8/5/2023,13:26:31,26.8,66,0,2023-08-05 13:26:31
8/5/2023,13:26:35,26.8,66,0,2023-08-05 13:26:35
8/5/2023,13:26:40,26.8,66,0,2023-08-05 13:26:40
8/5/2023,13:26:44,26.8,66,0,2023-08-05 13:26:44
8/5/2023,13:26:48,26.8,66,0,2023-08-05 13:26:48
8/5/2023,13:26:51,26.8,66,0,2023-08-05 13:26:51
8/5/2023,13:26:56,26.8,66,0,2023-08-05 13:26:56
8/5/2023,13:27:00,26.8,66,0,2023-08-05 13:27:00
8/5/2023,13:27:04,26.8,66,0,2023-08-05 13:27:04
8/5/2023,13:27:09,26.8,66,0,2023-08-05 13:27:09
8/5/2023,13:27:13,26.8,66,0,2023-08-05 13:27:13
8/5/2023,13:27:17,26.8,66,0,2023-08-05 13:27:17
8/5/2023,13:27:21,26.8,66,0,2023-08-05 13:27:21
8/5/2023,13:27:26,26.8,66,0,2023-08-05 13:27:26
8/5/2023,13:27:30,26.8,66,0,2023-08-05 13:27:30
8/5/2023,13:27:34,26.8,66,0,2023-08-05 13:27:34
8/5/2023,13:27:38,26.8,66,0,2023-08-05 13:27:38
8/5/2023,13:27:43,26.8,66,0,2023-08-05 13:27:43
8/5/2023,13:27:48,26.8,66,0,2023-08-05 13:27:48
8/5/2023,13:27:52,26.8,66,0,2023-08-05 13:27:52
8/5/2023,13:27:56,26.8,66,0,2023-08-05 13:27:56
8/5/2023,13:28:01,26.8,66,0,2023-08-05 13:28:01
8/5/2023,13:28:05,26.8,66,0,2023-08-05 13:28:05
8/5/2023,13:28:09,26.8,66,0,2023-08-05 13:28:09
8/5/2023,13:28:13,26.8,66,0,2023-08-05 13:28:13
8/5/2023,13:28:17,26.8,66,0,2023-08-05 13:28:17
8/5/2023,13:28:21,26.8,66,0,2023-08-05 13:28:21
8/5/2023,13:28:25,26.8,66,0,2023-08-05 13:28:25
8/5/2023,13:28:29,26.8,66,0,2023-08-05 13:28:29
8/5/2023,13:28:33,26.8,66,0,2023-08-05 13:28:33
8/5/2023,13:28:37,26.8,66,0,2023-08-05 13:28:37
8/5/2023,13:28:41,26.8,66,0,2023-08-05 13:28:41
8/5/2023,13:28:45,26.8,66,0,2023-08-05 13:28:45
8/5/2023,13:28:50,26.8,66,0,2023-08-05 13:28:50
8/5/2023,13:28:54,26.8,66,0,2023-08-05 13:28:54
8/5/2023,13:28:58,26.8,66,0,2023-08-05 13:28:58
8/5/2023,13:29:02,26.8,66,0,2023-08-05 13:29:02
8/5/2023,13:29:06,26.8,66,0,2023-08-05 13:29:06
8/5/2023,13:29:10,26.8,66,0,2023-08-05 13:29:10
8/5/2023,13:29:14,26.8,66,0,2023-08-05 13:29:14
8/5/2023,13:29:18,26.8,66,0,2023-08-05 13:29:18
8/5/2023,13:29:22,26.8,66,0,2023-08-05 13:29:22
8/5/2023,13:29:26,26.8,66,0,2023-08-05 13:29:26
8/5/2023,13:29:30,26.8,66,0,2023-08-05 13:29:30
8/5/2023,13:29:35,26.8,66,0,2023-08-05 13:29:35
8/5/2023,13:29:39,26.8,66,0,2023-08-05 13:29:39
8/5/2023,13:29:43,26.8,66,0,2023-08-05 13:29:43
8/5/2023,13:29:47,26.8,66,0,2023-08-05 13:29:47
8/5/2023,13:29:51,26.8,66,0,2023-08-05 13:29:51
8/5/2023,13:29:55,26.8,66,0,2023-08-05 13:29:55
8/5/2023,13:29:59,26.8,66,0,2023-08-05 13:29:59
8/5/2023,13:30:04,26.8,66,0,2023-08-05 13:30:04
8/5/2023,13:30:08,26.8,66,0,2023-08-05 13:30:08
8/5/2023,13:30:13,26.8,66,0,2023-08-05 13:30:13
8/5/2023,13:30:17,26.8,66,0,2023-08-05 13:30:17
8/5/2023,13:30:21,26.8,66,0,2023-08-05 13:30:21
8/5/2023,13:30:25,26.8,66,0,2023-08-05 13:30:25
8/5/2023,13:30:29,26.8,66,0,2023-08-05 13:30:29
8/5/2023,13:30:33,26.8,66,0,2023-08-05 13:30:33
8/5/2023,13:30:38,26.8,66,0,2023-08-05 13:30:38
8/5/2023,13:30:42,26.8,66,0,2023-08-05 13:30:42
8/5/2023,13:30:46,26.8,66,0,2023-08-05 13:30:46
8/5/2023,13:30:50,26.8,66,0,2023-08-05 13:30:50
8/5/2023,13:30:54,26.8,66,0,2023-08-05 13:30:54
8/5/2023,13:30:58,26.8,66,0,2023-08-05 13:30:58
8/5/2023,13:31:03,26.8,66,0,2023-08-05 13:31:03
8/5/2023,13:31:07,26.8,66,0,2023-08-05 13:31:07
8/5/2023,13:31:11,26.8,66,0,2023-08-05 13:31:11
8/5/2023,13:31:15,26.8,66,0,2023-08-05 13:31:15
8/5/2023,13:31:20,26.8,66,0,2023-08-05 13:31:20
8/5/2023,13:31:25,26.8,66,0,2023-08-05 13:31:25
8/5/2023,13:31:29,26.8,66,0,2023-08-05 13:31:29
8/5/2023,13:31:33,26.8,66,0,2023-08-05 13:31:33
8/5/2023,13:31:37,26.8,66,0,2023-08-05 13:31:37
8/5/2023,13:31:41,26.8,66,0,2023-08-05 13:31:41
8/5/2023,13:31:45,26.8,66,0,2023-08-05 13:31:45
8/5/2023,13:31:49,26.8,66,0,2023-08-05 13:31:49
8/5/2023,13:31:54,26.8,66,0,2023-08-05 13:31:54
8/5/2023,13:31:58,26.8,66,0,2023-08-05 13:31:58
8/5/2023,13:32:02,26.8,66,0,2023-08-05 13:32:02
8/5/2023,13:32:07,26.8,66,0,2023-08-05 13:32:07
8/5/2023,13:32:11,26.8,66,0,2023-08-05 13:32:11
8/5/2023,13:32:15,26.8,66,0,2023-08-05 13:32:15
8/5/2023,13:32:19,26.8,66,0,2023-08-05 13:32:19
8/5/2023,13:32:24,26.8,66,0,2023-08-05 13:32:24
8/5/2023,13:32:28,26.8,66,0,2023-08-05 13:32:28
8/5/2023,13:32:32,26.8,66,0,2023-08-05 13:32:32
8/5/2023,13:32:36,26.8,66,0,2023-08-05 13:32:36
8/5/2023,13:32:40,26.8,66,0,2023-08-05 13:32:40
8/5/2023,13:32:44,26.8,66,0,2023-08-05 13:32:44
8/5/2023,13:32:49,26.8,66,0,2023-08-05 13:32:49
8/5/2023,13:32:54,26.8,66,0,2023-08-05 13:32:54
8/5/2023,13:32:58,26.8,66,0,2023-08-05 13:32:58
8/5/2023,13:33:03,26.8,66,0,2023-08-05 13:33:03
8/5/2023,13:33:07,26.8,66,0,2023-08-05 13:33:07
8/5/2023,13:33:11,26.8,66,0,2023-08-05 13:33:11
8/5/2023,13:33:15,26.8,66,0,2023-08-05 13:33:15
8/5/2023,13:33:19,26.8,66,0,2023-08-05 13:33:19
8/5/2023,13:33:24,26.9,66,0,2023-08-05 13:33:24
8/5/2023,13:33:28,26.9,66,0,2023-08-05 13:33:28
8/5/2023,13:33:31,26.9,66,0,2023-08-05 13:33:31
8/5/2023,13:33:36,26.9,66,0,2023-08-05 13:33:36
8/5/2023,13:33:41,26.9,66,0,2023-08-05 13:33:41
8/5/2023,13:33:46,26.9,66,0,2023-08-05 13:33:46
8/5/2023,13:33:50,26.9,66,0,2023-08-05 13:33:50
8/5/2023,13:33:54,26.9,66,0,2023-08-05 13:33:54
8/5/2023,13:33:58,26.9,66,0,2023-08-05 13:33:58
8/5/2023,13:34:03,26.9,66,0,2023-08-05 13:34:03
8/5/2023,13:34:07,26.9,66,0,2023-08-05 13:34:07
8/5/2023,13:34:11,26.9,66,0,2023-08-05 13:34:11
8/5/2023,13:34:15,26.9,66,0,2023-08-05 13:34:15
8/5/2023,13:34:20,26.9,66,0,2023-08-05 13:34:20
8/5/2023,13:34:24,26.9,66,0,2023-08-05 13:34:24
8/5/2023,13:34:28,26.9,66,0,2023-08-05 13:34:28
8/5/2023,13:34:32,26.9,66,0,2023-08-05 13:34:32
8/5/2023,13:34:36,26.9,66,0,2023-08-05 13:34:36
8/5/2023,13:34:40,26.9,66,0,2023-08-05 13:34:40
8/5/2023,13:34:45,26.9,66,0,2023-08-05 13:34:45
8/5/2023,13:34:49,26.9,66,0,2023-08-05 13:34:49
8/5/2023,13:34:53,26.9,66,0,2023-08-05 13:34:53
8/5/2023,13:34:57,26.9,66,0,2023-08-05 13:34:57
8/5/2023,13:35:02,26.9,66,0,2023-08-05 13:35:02
8/5/2023,13:35:06,26.9,66,0,2023-08-05 13:35:06
8/5/2023,13:35:10,26.9,66,0,2023-08-05 13:35:10
8/5/2023,13:35:14,26.9,66,0,2023-08-05 13:35:14
8/5/2023,13:35:19,26.9,66,0,2023-08-05 13:35:19
8/5/2023,13:35:24,26.9,66,0,2023-08-05 13:35:24
8/5/2023,13:35:28,26.9,66,0,2023-08-05 13:35:28
8/5/2023,13:35:31,26.9,66,0,2023-08-05 13:35:31
8/5/2023,13:35:36,27.0,66,0,2023-08-05 13:35:36
8/5/2023,13:35:40,27.0,66,0,2023-08-05 13:35:40
8/5/2023,13:35:44,27.0,66,0,2023-08-05 13:35:44
8/5/2023,13:35:48,27.0,66,0,2023-08-05 13:35:48
8/5/2023,13:35:52,27.0,66,0,2023-08-05 13:35:52
8/5/2023,13:35:57,27.0,66,0,2023-08-05 13:35:57
8/5/2023,13:36:01,27.0,66,0,2023-08-05 13:36:01
8/5/2023,13:36:05,27.0,66,0,2023-08-05 13:36:05
8/5/2023,13:36:09,27.0,66,0,2023-08-05 13:36:09
8/5/2023,13:36:13,27.0,66,0,2023-08-05 13:36:13
8/5/2023,13:36:17,27.0,66,0,2023-08-05 13:36:17
8/5/2023,13:36:22,27.0,66,0,2023-08-05 13:36:22
8/5/2023,13:36:26,27.0,66,0,2023-08-05 13:36:26
8/5/2023,13:36:30,27.0,66,0,2023-08-05 13:36:30
8/5/2023,13:36:35,27.0,66,0,2023-08-05 13:36:35
8/5/2023,13:36:41,27.0,66,0,2023-08-05 13:36:41
8/5/2023,13:36:45,27.0,66,0,2023-08-05 13:36:45
8/5/2023,13:36:49,27.0,66,0,2023-08-05 13:36:49
8/5/2023,13:36:52,27.0,66,0,2023-08-05 13:36:52
8/5/2023,13:36:57,27.0,66,0,2023-08-05 13:36:57
8/5/2023,13:37:01,27.0,66,0,2023-08-05 13:37:01
8/5/2023,13:37:05,27.0,66,0,2023-08-05 13:37:05
8/5/2023,13:37:10,27.0,66,0,2023-08-05 13:37:10
8/5/2023,13:37:14,27.0,66,0,2023-08-05 13:37:14
8/5/2023,13:37:21,27.0,66,0,2023-08-05 13:37:21
8/5/2023,13:37:25,27.1,66,0,2023-08-05 13:37:25
8/5/2023,13:37:30,27.1,66,0,2023-08-05 13:37:30
8/5/2023,13:37:34,27.1,66,0,2023-08-05 13:37:34
8/5/2023,13:37:39,27.1,66,0,2023-08-05 13:37:39
8/5/2023,13:37:43,27.1,66,0,2023-08-05 13:37:43
8/5/2023,13:37:48,27.1,66,0,2023-08-05 13:37:48
8/5/2023,13:37:52,27.1,66,0,2023-08-05 13:37:52
8/5/2023,13:38:00,27.0,66,0,2023-08-05 13:38:00
8/5/2023,13:38:04,27.0,66,0,2023-08-05 13:38:04
8/5/2023,13:38:09,27.0,66,0,2023-08-05 13:38:09
8/5/2023,13:38:14,27.0,66,0,2023-08-05 13:38:14
8/5/2023,13:38:18,27.0,66,0,2023-08-05 13:38:18
8/5/2023,13:38:21,27.0,66,0,2023-08-05 13:38:21
8/5/2023,13:38:25,27.0,66,0,2023-08-05 13:38:25
8/5/2023,13:38:30,27.0,66,0,2023-08-05 13:38:30
8/5/2023,13:38:34,27.0,66,0,2023-08-05 13:38:34
8/5/2023,13:38:39,27.0,66,0,2023-08-05 13:38:39
8/5/2023,13:38:43,27.0,66,0,2023-08-05 13:38:43
8/5/2023,13:38:47,27.0,66,0,2023-08-05 13:38:47
8/5/2023,13:38:51,27.0,66,0,2023-08-05 13:38:51
8/5/2023,13:38:55,27.0,66,0,2023-08-05 13:38:55
8/5/2023,13:38:59,27.0,66,0,2023-08-05 13:38:59
8/5/2023,13:39:03,27.0,66,0,2023-08-05 13:39:03
8/5/2023,13:39:07,27.0,66,0,2023-08-05 13:39:07
8/5/2023,13:39:11,27.0,66,0,2023-08-05 13:39:11
8/5/2023,13:39:16,27.0,66,0,2023-08-05 13:39:16
8/5/2023,13:39:20,27.0,66,0,2023-08-05 13:39:20
8/5/2023,13:39:24,27.0,66,0,2023-08-05 13:39:24
8/5/2023,13:39:28,27.0,66,0,2023-08-05 13:39:28
8/5/2023,13:39:32,27.0,66,0,2023-08-05 13:39:32
8/5/2023,13:39:36,27.0,66,0,2023-08-05 13:39:36
8/5/2023,13:39:40,27.0,66,0,2023-08-05 13:39:40
8/5/2023,13:39:44,27.0,66,0,2023-08-05 13:39:44
8/5/2023,13:39:48,27.0,66,0,2023-08-05 13:39:48
8/5/2023,13:39:52,27.0,66,0,2023-08-05 13:39:52
8/5/2023,13:39:56,27.0,66,0,2023-08-05 13:39:56
8/5/2023,13:40:00,27.0,66,0,2023-08-05 13:40:00
8/5/2023,13:40:04,27.0,66,0,2023-08-05 13:40:04
8/5/2023,13:40:08,27.0,66,0,2023-08-05 13:40:08
8/5/2023,13:40:16,27.0,66,0,2023-08-05 13:40:16
8/5/2023,13:40:21,27.0,66,0,2023-08-05 13:40:21
8/5/2023,13:40:25,27.0,67,0,2023-08-05 13:40:25
8/5/2023,13:40:29,27.0,67,0,2023-08-05 13:40:29
8/5/2023,13:40:33,27.0,67,0,2023-08-05 13:40:33
8/5/2023,13:40:38,27.0,67,0,2023-08-05 13:40:38
8/5/2023,13:40:42,27.0,67,0,2023-08-05 13:40:42
8/5/2023,13:40:47,27.0,67,0,2023-08-05 13:40:47
8/5/2023,13:40:51,27.0,67,0,2023-08-05 13:40:51
8/5/2023,13:40:55,27.0,67,0,2023-08-05 13:40:55
8/5/2023,13:40:59,27.0,67,0,2023-08-05 13:40:59
8/5/2023,13:41:03,27.0,67,0,2023-08-05 13:41:03
8/5/2023,13:41:08,27.0,67,0,2023-08-05 13:41:08
8/5/2023,13:41:12,27.0,67,0,2023-08-05 13:41:12
8/5/2023,13:41:16,27.0,67,0,2023-08-05 13:41:16
8/5/2023,13:41:20,27.0,67,0,2023-08-05 13:41:20
8/5/2023,13:41:24,27.0,67,0,2023-08-05 13:41:24
8/5/2023,13:41:28,27.0,67,0,2023-08-05 13:41:28
8/5/2023,13:41:32,27.0,67,0,2023-08-05 13:41:32
8/5/2023,13:41:36,27.0,67,0,2023-08-05 13:41:36
8/5/2023,13:41:41,27.0,67,0,2023-08-05 13:41:41
8/5/2023,13:41:45,27.0,67,0,2023-08-05 13:41:45
8/5/2023,13:41:49,27.0,67,0,2023-08-05 13:41:49
8/5/2023,13:41:54,27.0,67,0,2023-08-05 13:41:54
8/5/2023,13:41:59,27.1,67,0,2023-08-05 13:41:59
8/5/2023,13:42:03,27.1,67,0,2023-08-05 13:42:03
8/5/2023,13:42:08,27.1,67,0,2023-08-05 13:42:08
8/5/2023,13:42:13,27.1,67,0,2023-08-05 13:42:13
8/5/2023,13:42:17,27.1,67,0,2023-08-05 13:42:17
8/5/2023,13:42:22,27.1,67,0,2023-08-05 13:42:22
8/5/2023,13:42:25,27.1,67,0,2023-08-05 13:42:25
8/5/2023,13:42:30,27.1,67,0,2023-08-05 13:42:30
8/5/2023,13:42:34,27.1,67,0,2023-08-05 13:42:34
8/5/2023,13:42:38,27.1,67,0,2023-08-05 13:42:38
8/5/2023,13:42:42,27.1,66,0,2023-08-05 13:42:42
8/5/2023,13:42:46,27.1,66,0,2023-08-05 13:42:46
8/5/2023,13:42:50,27.1,67,0,2023-08-05 13:42:50
8/5/2023,13:42:55,27.1,66,0,2023-08-05 13:42:55
8/5/2023,13:43:00,27.1,67,0,2023-08-05 13:43:00
8/5/2023,13:43:04,27.1,66,0,2023-08-05 13:43:04
8/5/2023,13:43:08,27.1,66,0,2023-08-05 13:43:08
8/5/2023,13:43:11,27.1,66,0,2023-08-05 13:43:11
8/5/2023,13:43:16,27.1,66,0,2023-08-05 13:43:16
8/5/2023,13:43:20,27.1,66,0,2023-08-05 13:43:20
8/5/2023,13:43:24,27.1,66,0,2023-08-05 13:43:24
8/5/2023,13:43:28,27.1,66,0,2023-08-05 13:43:28
8/5/2023,13:43:32,27.1,66,0,2023-08-05 13:43:32
8/5/2023,13:43:36,27.1,66,0,2023-08-05 13:43:36
8/5/2023,13:43:40,27.1,66,0,2023-08-05 13:43:40
8/5/2023,13:43:44,27.1,66,0,2023-08-05 13:43:44
8/5/2023,13:43:48,27.1,66,0,2023-08-05 13:43:48
8/5/2023,13:43:52,27.1,66,0,2023-08-05 13:43:52
8/5/2023,13:43:56,27.1,66,0,2023-08-05 13:43:56
8/5/2023,13:44:00,27.1,66,0,2023-08-05 13:44:00
8/5/2023,13:44:04,27.1,66,0,2023-08-05 13:44:04
8/5/2023,13:44:08,27.1,66,0,2023-08-05 13:44:08
8/5/2023,13:44:12,27.1,66,0,2023-08-05 13:44:12
8/5/2023,13:44:17,27.1,66,0,2023-08-05 13:44:17
8/5/2023,13:44:22,27.1,66,0,2023-08-05 13:44:22
8/5/2023,13:44:31,27.0,66,0,2023-08-05 13:44:31
8/5/2023,13:44:35,27.0,66,0,2023-08-05 13:44:35
8/5/2023,13:44:39,27.0,66,0,2023-08-05 13:44:39
8/5/2023,13:44:43,27.0,66,0,2023-08-05 13:44:43
8/5/2023,13:44:47,27.0,66,0,2023-08-05 13:44:47
8/5/2023,13:44:52,27.0,66,0,2023-08-05 13:44:52
8/5/2023,13:44:56,27.0,66,0,2023-08-05 13:44:56
8/5/2023,13:45:01,27.0,66,0,2023-08-05 13:45:01
8/5/2023,13:45:05,27.0,66,0,2023-08-05 13:45:05
8/5/2023,13:45:10,27.0,66,0,2023-08-05 13:45:10
8/5/2023,13:45:14,27.0,67,0,2023-08-05 13:45:14
8/5/2023,13:45:19,27.0,67,0,2023-08-05 13:45:19
8/5/2023,13:45:23,27.0,67,0,2023-08-05 13:45:23
8/5/2023,13:45:27,27.0,67,0,2023-08-05 13:45:27
8/5/2023,13:45:31,27.0,67,0,2023-08-05 13:45:31
8/5/2023,13:45:35,27.0,67,0,2023-08-05 13:45:35
8/5/2023,13:45:39,27.0,67,0,2023-08-05 13:45:39
8/5/2023,13:45:44,26.9,67,0,2023-08-05 13:45:44
8/5/2023,13:45:48,26.9,67,0,2023-08-05 13:45:48
8/5/2023,13:45:52,26.9,67,0,2023-08-05 13:45:52
8/5/2023,13:45:56,26.9,67,0,2023-08-05 13:45:56
8/5/2023,13:46:00,26.9,67,0,2023-08-05 13:46:00
8/5/2023,13:46:04,26.9,67,0,2023-08-05 13:46:04
8/5/2023,13:46:08,26.9,67,0,2023-08-05 13:46:08
8/5/2023,13:46:12,26.9,67,0,2023-08-05 13:46:12
8/5/2023,13:46:17,26.9,67,0,2023-08-05 13:46:17
8/5/2023,13:46:21,26.9,67,0,2023-08-05 13:46:21
8/5/2023,13:46:25,26.9,67,0,2023-08-05 13:46:25
8/5/2023,13:46:30,26.9,67,0,2023-08-05 13:46:30
8/5/2023,13:46:34,26.9,67,0,2023-08-05 13:46:34
8/5/2023,13:46:37,26.9,67,0,2023-08-05 13:46:37
8/5/2023,13:46:42,26.9,67,0,2023-08-05 13:46:42
8/5/2023,13:46:46,26.9,67,0,2023-08-05 13:46:46
8/5/2023,13:46:50,26.9,67,0,2023-08-05 13:46:50
8/5/2023,13:46:54,26.9,67,0,2023-08-05 13:46:54
8/5/2023,13:46:58,26.9,67,0,2023-08-05 13:46:58
8/5/2023,13:47:02,26.9,67,0,2023-08-05 13:47:02
8/5/2023,13:47:06,26.9,67,0,2023-08-05 13:47:06
8/5/2023,13:47:10,26.9,67,0,2023-08-05 13:47:10
8/5/2023,13:47:15,26.9,67,0,2023-08-05 13:47:15
8/5/2023,13:47:19,26.9,67,0,2023-08-05 13:47:19
8/5/2023,13:47:23,26.9,67,0,2023-08-05 13:47:23
8/5/2023,13:47:27,26.9,67,0,2023-08-05 13:47:27
8/5/2023,13:47:31,26.9,67,0,2023-08-05 13:47:31
8/5/2023,13:47:35,26.9,67,0,2023-08-05 13:47:35
8/5/2023,13:47:39,26.9,67,0,2023-08-05 13:47:39
8/5/2023,13:47:43,26.9,67,0,2023-08-05 13:47:43
8/5/2023,13:47:48,26.9,67,0,2023-08-05 13:47:48
8/5/2023,13:47:52,26.9,68,0,2023-08-05 13:47:52
8/5/2023,13:47:56,26.9,68,0,2023-08-05 13:47:56
8/5/2023,13:48:00,26.8,68,0,2023-08-05 13:48:00
8/5/2023,13:48:04,26.8,68,0,2023-08-05 13:48:04
8/5/2023,13:48:08,26.9,68,0,2023-08-05 13:48:08
8/5/2023,13:48:13,26.9,68,0,2023-08-05 13:48:13
8/5/2023,13:48:17,26.8,68,0,2023-08-05 13:48:17
8/5/2023,13:48:21,26.8,68,0,2023-08-05 13:48:21
8/5/2023,13:48:25,26.9,68,0,2023-08-05 13:48:25
8/5/2023,13:48:30,26.8,68,0,2023-08-05 13:48:30
8/5/2023,13:48:34,26.8,68,0,2023-08-05 13:48:34
8/5/2023,13:48:38,26.8,68,0,2023-08-05 13:48:38
8/5/2023,13:48:42,26.9,68,0,2023-08-05 13:48:42
8/5/2023,13:48:47,26.9,68,0,2023-08-05 13:48:47
8/5/2023,13:48:51,26.9,68,0,2023-08-05 13:48:51
8/5/2023,13:48:55,26.9,68,0,2023-08-05 13:48:55
8/5/2023,13:48:59,26.9,68,0,2023-08-05 13:48:59
8/5/2023,13:49:04,26.9,68,0,2023-08-05 13:49:04
8/5/2023,13:49:08,26.9,68,0,2023-08-05 13:49:08
8/5/2023,13:49:12,26.9,68,0,2023-08-05 13:49:12
8/5/2023,13:49:16,26.9,68,0,2023-08-05 13:49:16
8/5/2023,13:49:20,26.9,68,0,2023-08-05 13:49:20
8/5/2023,13:49:25,26.9,68,0,2023-08-05 13:49:25
8/5/2023,13:49:29,26.9,68,0,2023-08-05 13:49:29
8/5/2023,13:49:33,26.9,68,0,2023-08-05 13:49:33
8/5/2023,13:49:37,26.9,68,0,2023-08-05 13:49:37
8/5/2023,13:49:41,26.9,68,0,2023-08-05 13:49:41
8/5/2023,13:49:45,26.9,68,0,2023-08-05 13:49:45
8/5/2023,13:49:49,26.9,68,0,2023-08-05 13:49:49
8/5/2023,13:49:54,26.9,68,0,2023-08-05 13:49:54
8/5/2023,13:49:58,26.9,68,0,2023-08-05 13:49:58
8/5/2023,13:50:02,26.9,68,0,2023-08-05 13:50:02
8/5/2023,13:50:06,26.9,68,0,2023-08-05 13:50:06
8/5/2023,13:50:11,26.9,68,0,2023-08-05 13:50:11
8/5/2023,13:50:15,26.9,68,0,2023-08-05 13:50:15
8/5/2023,13:50:19,26.9,68,0,2023-08-05 13:50:19
8/5/2023,13:50:23,26.9,68,0,2023-08-05 13:50:23
8/5/2023,13:50:28,26.9,68,0,2023-08-05 13:50:28
8/5/2023,13:50:33,26.9,68,0,2023-08-05 13:50:33
8/5/2023,13:50:37,26.9,68,0,2023-08-05 13:50:37
8/5/2023,13:50:41,26.9,68,0,2023-08-05 13:50:41
8/5/2023,13:50:45,26.9,68,0,2023-08-05 13:50:45
8/5/2023,13:50:49,26.9,68,0,2023-08-05 13:50:49
8/5/2023,13:50:53,26.8,68,0,2023-08-05 13:50:53
8/5/2023,13:50:57,26.9,68,0,2023-08-05 13:50:57
8/5/2023,13:51:01,26.8,68,0,2023-08-05 13:51:01
8/5/2023,13:51:05,26.8,68,0,2023-08-05 13:51:05
8/5/2023,13:51:09,26.8,68,0,2023-08-05 13:51:09
8/5/2023,13:51:13,26.8,68,0,2023-08-05 13:51:13
