Date,Time,Temperature,Humidity,LW,DateTime,Risk_Score,Risk_Level
3/20/2023,13:00:46,26.9,22,5,2023-03-20 13:00:46,2,Medium
3/20/2023,13:00:50,26.9,22,5,2023-03-20 13:00:50,2,Medium
3/20/2023,13:00:53,26.9,22,6,2023-03-20 13:00:53,2,Medium
3/20/2023,13:00:57,26.9,22,5,2023-03-20 13:00:57,2,Medium
3/20/2023,13:01:00,26.9,22,5,2023-03-20 13:01:00,2,Medium
3/20/2023,13:01:03,26.9,22,7,2023-03-20 13:01:03,2,Medium
3/20/2023,13:01:06,26.9,22,6,2023-03-20 13:01:06,2,Medium
3/20/2023,13:01:09,26.9,22,5,2023-03-20 13:01:09,2,Medium
3/20/2023,13:01:13,26.9,22,4,2023-03-20 13:01:13,2,Medium
3/20/2023,13:01:16,26.9,22,5,2023-03-20 13:01:16,2,Medium
3/20/2023,13:01:19,26.9,22,5,2023-03-20 13:01:19,2,Medium
3/20/2023,13:01:23,26.9,23,4,2023-03-20 13:01:23,2,Medium
3/20/2023,13:01:25,26.9,22,6,2023-03-20 13:01:25,2,Medium
3/20/2023,13:01:29,26.9,22,12,2023-03-20 13:01:29,3,Medium
3/20/2023,13:01:32,26.9,22,5,2023-03-20 13:01:32,2,Medium
3/20/2023,13:01:36,26.9,22,5,2023-03-20 13:01:36,2,Medium
3/20/2023,13:01:40,26.9,23,5,2023-03-20 13:01:40,2,Medium
3/20/2023,13:01:44,26.9,23,6,2023-03-20 13:01:44,2,Medium
3/20/2023,13:01:47,26.9,23,4,2023-03-20 13:01:47,2,Medium
3/20/2023,13:01:50,26.9,23,5,2023-03-20 13:01:50,2,Medium
3/20/2023,13:01:53,27.0,23,22,2023-03-20 13:01:53,3,Medium
3/20/2023,13:01:57,27.0,23,8,2023-03-20 13:01:57,2,Medium
3/20/2023,13:02:00,27.0,23,6,2023-03-20 13:02:00,2,Medium
3/20/2023,13:02:03,27.0,23,5,2023-03-20 13:02:03,2,Medium
3/20/2023,13:02:07,27.0,23,6,2023-03-20 13:02:07,2,Medium
3/20/2023,13:02:11,27.0,23,4,2023-03-20 13:02:11,2,Medium
3/20/2023,13:02:14,27.0,23,5,2023-03-20 13:02:14,2,Medium
3/20/2023,13:02:18,27.0,23,6,2023-03-20 13:02:18,2,Medium
3/20/2023,13:02:22,27.0,23,5,2023-03-20 13:02:22,2,Medium
3/20/2023,13:02:25,27.0,23,6,2023-03-20 13:02:25,2,Medium
3/20/2023,13:02:29,27.0,23,5,2023-03-20 13:02:29,2,Medium
3/20/2023,13:02:32,27.0,23,5,2023-03-20 13:02:32,2,Medium
3/20/2023,13:02:35,27.0,23,4,2023-03-20 13:02:35,2,Medium
3/20/2023,13:02:39,27.0,23,6,2023-03-20 13:02:39,2,Medium
3/20/2023,13:02:42,27.0,23,6,2023-03-20 13:02:42,2,Medium
3/20/2023,13:02:46,27.1,23,5,2023-03-20 13:02:46,2,Medium
3/20/2023,13:02:50,27.0,23,6,2023-03-20 13:02:50,2,Medium
3/20/2023,13:02:53,27.0,23,7,2023-03-20 13:02:53,2,Medium
3/20/2023,13:02:56,27.1,23,5,2023-03-20 13:02:56,2,Medium
3/20/2023,13:02:59,27.1,23,5,2023-03-20 13:02:59,2,Medium
3/20/2023,13:03:02,27.1,23,3,2023-03-20 13:03:02,2,Medium
3/20/2023,13:03:05,27.1,23,4,2023-03-20 13:03:05,2,Medium
3/20/2023,13:03:08,27.1,23,4,2023-03-20 13:03:08,2,Medium
3/20/2023,13:03:12,27.1,23,4,2023-03-20 13:03:12,2,Medium
3/20/2023,13:03:15,27.1,23,5,2023-03-20 13:03:15,2,Medium
3/20/2023,13:03:18,27.1,23,4,2023-03-20 13:03:18,2,Medium
3/20/2023,13:03:21,27.1,23,5,2023-03-20 13:03:21,2,Medium
3/20/2023,13:03:25,27.1,23,5,2023-03-20 13:03:25,2,Medium
3/20/2023,13:03:28,27.1,23,3,2023-03-20 13:03:28,2,Medium
3/20/2023,13:03:32,27.1,23,4,2023-03-20 13:03:32,2,Medium
3/20/2023,13:03:35,27.1,23,7,2023-03-20 13:03:35,2,Medium
3/20/2023,13:03:39,27.1,22,5,2023-03-20 13:03:39,2,Medium
3/20/2023,13:03:43,27.1,22,5,2023-03-20 13:03:43,2,Medium
3/20/2023,13:03:46,27.1,22,3,2023-03-20 13:03:46,2,Medium
3/20/2023,13:03:49,27.1,22,4,2023-03-20 13:03:49,2,Medium
3/20/2023,13:03:52,27.1,22,5,2023-03-20 13:03:52,2,Medium
3/20/2023,13:03:55,27.1,22,5,2023-03-20 13:03:55,2,Medium
3/20/2023,13:03:59,27.1,22,7,2023-03-20 13:03:59,2,Medium
3/20/2023,13:04:03,27.1,22,6,2023-03-20 13:04:03,2,Medium
3/20/2023,13:04:06,27.1,22,6,2023-03-20 13:04:06,2,Medium
3/20/2023,13:04:09,27.1,22,4,2023-03-20 13:04:09,2,Medium
3/20/2023,13:04:13,27.1,22,5,2023-03-20 13:04:13,2,Medium
3/20/2023,13:04:16,27.1,22,5,2023-03-20 13:04:16,2,Medium
3/20/2023,1:04:53,27.1,22,5,2023-03-20 01:04:53,2,Medium
3/20/2023,1:04:57,27.1,22,5,2023-03-20 01:04:57,2,Medium
3/20/2023,1:05:00,27.1,22,5,2023-03-20 01:05:00,2,Medium
3/20/2023,1:05:03,27.1,22,4,2023-03-20 01:05:03,2,Medium
3/20/2023,1:05:06,27.1,22,5,2023-03-20 01:05:06,2,Medium
3/20/2023,1:05:10,27.1,22,4,2023-03-20 01:05:10,2,Medium
3/20/2023,1:05:13,27.1,22,5,2023-03-20 01:05:13,2,Medium
3/20/2023,1:05:16,27.1,22,6,2023-03-20 01:05:16,2,Medium
3/20/2023,1:05:19,27.1,22,7,2023-03-20 01:05:19,2,Medium
3/20/2023,1:05:22,27.1,22,5,2023-03-20 01:05:22,2,Medium
3/20/2023,1:05:25,27.1,22,5,2023-03-20 01:05:25,2,Medium
3/20/2023,1:05:28,27.1,22,4,2023-03-20 01:05:28,2,Medium
3/20/2023,1:05:31,27.1,22,5,2023-03-20 01:05:31,2,Medium
3/20/2023,1:05:34,27.1,22,4,2023-03-20 01:05:34,2,Medium
3/20/2023,1:05:37,27.1,22,5,2023-03-20 01:05:37,2,Medium
3/20/2023,1:05:41,27.1,22,4,2023-03-20 01:05:41,2,Medium
3/20/2023,1:05:45,27.1,22,6,2023-03-20 01:05:45,2,Medium
3/20/2023,1:05:48,27.1,22,4,2023-03-20 01:05:48,2,Medium
3/20/2023,1:05:51,27.1,22,3,2023-03-20 01:05:51,2,Medium
3/20/2023,1:05:55,27.1,22,4,2023-03-20 01:05:55,2,Medium
3/20/2023,1:05:58,27.1,22,6,2023-03-20 01:05:58,2,Medium
3/20/2023,1:06:01,27.1,22,5,2023-03-20 01:06:01,2,Medium
3/20/2023,1:06:05,27.1,22,6,2023-03-20 01:06:05,2,Medium
3/20/2023,1:06:08,27.1,22,5,2023-03-20 01:06:08,2,Medium
3/20/2023,1:06:11,27.1,22,6,2023-03-20 01:06:11,2,Medium
3/20/2023,1:06:15,27.1,22,5,2023-03-20 01:06:15,2,Medium
3/20/2023,1:06:18,27.1,22,5,2023-03-20 01:06:18,2,Medium
3/20/2023,1:06:21,27.2,22,6,2023-03-20 01:06:21,2,Medium
3/20/2023,1:06:24,27.1,22,6,2023-03-20 01:06:24,2,Medium
3/20/2023,1:06:27,27.1,22,5,2023-03-20 01:06:27,2,Medium
3/20/2023,1:06:30,27.2,22,5,2023-03-20 01:06:30,2,Medium
3/20/2023,1:06:33,27.2,22,6,2023-03-20 01:06:33,2,Medium
3/20/2023,1:06:37,27.2,22,4,2023-03-20 01:06:37,2,Medium
3/20/2023,1:06:40,27.2,22,6,2023-03-20 01:06:40,2,Medium
3/20/2023,1:06:43,27.2,22,7,2023-03-20 01:06:43,2,Medium
3/20/2023,1:06:46,27.2,22,5,2023-03-20 01:06:46,2,Medium
3/20/2023,1:06:49,27.2,22,6,2023-03-20 01:06:49,2,Medium
3/20/2023,1:06:52,27.2,22,5,2023-03-20 01:06:52,2,Medium
3/20/2023,1:06:55,27.2,22,7,2023-03-20 01:06:55,2,Medium
3/20/2023,1:06:58,27.2,22,5,2023-03-20 01:06:58,2,Medium
3/20/2023,1:07:02,27.2,22,4,2023-03-20 01:07:02,2,Medium
3/20/2023,1:07:05,27.2,22,5,2023-03-20 01:07:05,2,Medium
3/20/2023,1:07:08,27.2,22,5,2023-03-20 01:07:08,2,Medium
3/20/2023,1:07:11,27.2,22,5,2023-03-20 01:07:11,2,Medium
3/20/2023,1:07:15,27.2,22,5,2023-03-20 01:07:15,2,Medium
3/20/2023,1:07:18,27.2,22,6,2023-03-20 01:07:18,2,Medium
3/20/2023,1:07:21,27.2,22,4,2023-03-20 01:07:21,2,Medium
3/20/2023,1:07:25,27.2,22,4,2023-03-20 01:07:25,2,Medium
3/20/2023,1:07:28,27.2,22,4,2023-03-20 01:07:28,2,Medium
3/20/2023,1:07:31,27.2,22,4,2023-03-20 01:07:31,2,Medium
3/20/2023,1:07:34,27.2,22,4,2023-03-20 01:07:34,2,Medium
3/20/2023,1:07:38,27.1,22,5,2023-03-20 01:07:38,2,Medium
3/20/2023,1:07:42,27.2,22,5,2023-03-20 01:07:42,2,Medium
3/20/2023,1:07:45,27.2,22,4,2023-03-20 01:07:45,2,Medium
3/20/2023,1:07:49,27.2,22,4,2023-03-20 01:07:49,2,Medium
3/20/2023,1:07:53,27.2,22,5,2023-03-20 01:07:53,2,Medium
3/20/2023,1:07:56,27.2,22,5,2023-03-20 01:07:56,2,Medium
3/20/2023,1:08:00,27.2,22,4,2023-03-20 01:08:00,2,Medium
3/20/2023,1:08:04,27.2,22,5,2023-03-20 01:08:04,2,Medium
3/20/2023,1:08:07,27.2,22,4,2023-03-20 01:08:07,2,Medium
3/20/2023,1:08:11,27.2,22,4,2023-03-20 01:08:11,2,Medium
3/20/2023,1:08:14,27.2,22,5,2023-03-20 01:08:14,2,Medium
3/20/2023,1:08:18,27.2,22,5,2023-03-20 01:08:18,2,Medium
3/20/2023,1:08:21,27.2,22,4,2023-03-20 01:08:21,2,Medium
3/20/2023,1:08:24,27.2,22,4,2023-03-20 01:08:24,2,Medium
3/20/2023,1:08:28,27.2,22,6,2023-03-20 01:08:28,2,Medium
3/20/2023,1:08:31,27.2,22,5,2023-03-20 01:08:31,2,Medium
3/20/2023,1:08:34,27.2,22,5,2023-03-20 01:08:34,2,Medium
3/20/2023,1:08:37,27.2,22,5,2023-03-20 01:08:37,2,Medium
3/20/2023,1:08:40,27.2,22,5,2023-03-20 01:08:40,2,Medium
3/20/2023,1:08:43,27.2,22,4,2023-03-20 01:08:43,2,Medium
3/20/2023,1:08:50,27.2,22,5,2023-03-20 01:08:50,2,Medium
3/20/2023,1:08:53,27.2,22,4,2023-03-20 01:08:53,2,Medium
3/20/2023,1:08:57,27.2,22,5,2023-03-20 01:08:57,2,Medium
3/20/2023,1:09:00,27.2,22,4,2023-03-20 01:09:00,2,Medium
3/20/2023,1:09:03,27.2,22,6,2023-03-20 01:09:03,2,Medium
3/20/2023,1:09:06,27.2,22,4,2023-03-20 01:09:06,2,Medium
3/20/2023,1:09:09,27.2,22,6,2023-03-20 01:09:09,2,Medium
3/20/2023,1:09:13,27.2,22,5,2023-03-20 01:09:13,2,Medium
3/20/2023,1:09:16,27.2,22,4,2023-03-20 01:09:16,2,Medium
3/20/2023,1:09:19,27.2,22,7,2023-03-20 01:09:19,2,Medium
3/20/2023,1:09:23,27.2,22,5,2023-03-20 01:09:23,2,Medium
3/20/2023,1:09:26,27.2,22,6,2023-03-20 01:09:26,2,Medium
3/20/2023,1:09:30,27.2,22,4,2023-03-20 01:09:30,2,Medium
3/20/2023,1:09:33,27.2,22,5,2023-03-20 01:09:33,2,Medium
3/20/2023,1:09:37,27.2,22,5,2023-03-20 01:09:37,2,Medium
3/20/2023,1:09:40,27.2,22,5,2023-03-20 01:09:40,2,Medium
3/20/2023,1:09:43,27.2,22,5,2023-03-20 01:09:43,2,Medium
3/20/2023,1:09:47,27.2,22,5,2023-03-20 01:09:47,2,Medium
3/20/2023,1:09:50,27.2,22,4,2023-03-20 01:09:50,2,Medium
3/20/2023,1:09:53,27.2,22,6,2023-03-20 01:09:53,2,Medium
3/20/2023,1:09:56,27.3,22,5,2023-03-20 01:09:56,2,Medium
3/20/2023,1:09:59,27.2,22,6,2023-03-20 01:09:59,2,Medium
3/20/2023,1:10:02,27.2,22,6,2023-03-20 01:10:02,2,Medium
3/20/2023,1:10:06,27.2,22,5,2023-03-20 01:10:06,2,Medium
3/20/2023,1:10:10,27.2,22,5,2023-03-20 01:10:10,2,Medium
3/20/2023,1:10:13,27.2,22,7,2023-03-20 01:10:13,2,Medium
3/20/2023,1:10:17,27.2,22,4,2023-03-20 01:10:17,2,Medium
3/20/2023,1:10:20,27.2,22,7,2023-03-20 01:10:20,2,Medium
3/20/2023,1:10:24,27.2,22,4,2023-03-20 01:10:24,2,Medium
3/20/2023,1:10:28,27.2,22,3,2023-03-20 01:10:28,2,Medium
3/20/2023,1:10:32,27.2,22,6,2023-03-20 01:10:32,2,Medium
3/20/2023,1:10:35,27.2,22,6,2023-03-20 01:10:35,2,Medium
3/20/2023,1:10:39,27.2,22,6,2023-03-20 01:10:39,2,Medium
3/20/2023,1:10:43,27.2,22,5,2023-03-20 01:10:43,2,Medium
3/20/2023,1:10:46,27.2,22,4,2023-03-20 01:10:46,2,Medium
3/20/2023,1:10:50,27.2,22,5,2023-03-20 01:10:50,2,Medium
3/20/2023,1:10:54,27.3,22,6,2023-03-20 01:10:54,2,Medium
3/20/2023,1:10:57,27.2,22,3,2023-03-20 01:10:57,2,Medium
3/20/2023,1:11:01,27.2,22,6,2023-03-20 01:11:01,2,Medium
3/20/2023,1:11:04,27.3,22,5,2023-03-20 01:11:04,2,Medium
3/20/2023,1:11:08,27.3,22,6,2023-03-20 01:11:08,2,Medium
3/20/2023,1:11:12,27.3,22,5,2023-03-20 01:11:12,2,Medium
3/20/2023,1:11:15,27.3,22,5,2023-03-20 01:11:15,2,Medium
3/20/2023,1:11:19,27.3,22,5,2023-03-20 01:11:19,2,Medium
3/20/2023,1:11:22,27.3,22,5,2023-03-20 01:11:22,2,Medium
3/20/2023,1:11:25,27.3,22,4,2023-03-20 01:11:25,2,Medium
3/20/2023,1:11:29,27.3,22,4,2023-03-20 01:11:29,2,Medium
3/20/2023,1:11:33,27.3,22,4,2023-03-20 01:11:33,2,Medium
3/20/2023,1:11:36,27.3,22,5,2023-03-20 01:11:36,2,Medium
3/20/2023,1:11:40,27.3,22,5,2023-03-20 01:11:40,2,Medium
3/20/2023,1:11:44,27.3,22,4,2023-03-20 01:11:44,2,Medium
3/20/2023,1:11:48,27.3,22,5,2023-03-20 01:11:48,2,Medium
3/20/2023,1:11:51,27.3,22,4,2023-03-20 01:11:51,2,Medium
3/20/2023,1:11:55,27.3,22,5,2023-03-20 01:11:55,2,Medium
3/20/2023,1:11:59,27.3,22,4,2023-03-20 01:11:59,2,Medium
3/20/2023,1:12:02,27.3,22,4,2023-03-20 01:12:02,2,Medium
3/20/2023,1:12:06,27.3,22,4,2023-03-20 01:12:06,2,Medium
3/20/2023,1:12:09,27.3,22,5,2023-03-20 01:12:09,2,Medium
3/20/2023,1:12:12,27.3,22,4,2023-03-20 01:12:12,2,Medium
3/20/2023,1:12:16,27.3,22,4,2023-03-20 01:12:16,2,Medium
3/20/2023,1:12:20,27.3,22,5,2023-03-20 01:12:20,2,Medium
3/20/2023,1:12:23,27.3,22,5,2023-03-20 01:12:23,2,Medium
3/20/2023,1:12:26,27.3,22,4,2023-03-20 01:12:26,2,Medium
3/20/2023,1:12:30,27.3,22,5,2023-03-20 01:12:30,2,Medium
3/20/2023,1:12:33,27.3,22,4,2023-03-20 01:12:33,2,Medium
3/20/2023,1:12:36,27.3,22,4,2023-03-20 01:12:36,2,Medium
3/20/2023,1:12:39,27.3,22,4,2023-03-20 01:12:39,2,Medium
3/20/2023,1:12:43,27.3,22,5,2023-03-20 01:12:43,2,Medium
3/20/2023,1:12:46,27.3,22,6,2023-03-20 01:12:46,2,Medium
3/20/2023,1:12:50,27.3,22,6,2023-03-20 01:12:50,2,Medium
3/20/2023,1:12:53,27.3,22,5,2023-03-20 01:12:53,2,Medium
3/20/2023,1:12:57,27.3,22,6,2023-03-20 01:12:57,2,Medium
3/20/2023,1:13:00,27.3,22,5,2023-03-20 01:13:00,2,Medium
3/20/2023,1:13:03,27.3,22,3,2023-03-20 01:13:03,2,Medium
3/20/2023,1:13:07,27.3,22,6,2023-03-20 01:13:07,2,Medium
3/20/2023,1:13:10,27.3,22,4,2023-03-20 01:13:10,2,Medium
3/20/2023,1:13:13,27.3,22,4,2023-03-20 01:13:13,2,Medium
3/20/2023,1:13:17,27.3,22,4,2023-03-20 01:13:17,2,Medium
3/20/2023,1:13:20,27.3,22,4,2023-03-20 01:13:20,2,Medium
3/20/2023,1:13:23,27.3,22,4,2023-03-20 01:13:23,2,Medium
3/20/2023,1:13:26,27.3,22,4,2023-03-20 01:13:26,2,Medium
3/20/2023,1:13:30,27.3,22,6,2023-03-20 01:13:30,2,Medium
3/20/2023,1:13:34,27.3,22,7,2023-03-20 01:13:34,2,Medium
3/20/2023,1:13:38,27.3,22,5,2023-03-20 01:13:38,2,Medium
3/20/2023,1:13:41,27.3,22,4,2023-03-20 01:13:41,2,Medium
3/20/2023,1:13:44,27.3,22,9,2023-03-20 01:13:44,2,Medium
3/20/2023,1:13:48,27.3,22,5,2023-03-20 01:13:48,2,Medium
3/20/2023,1:13:51,27.3,22,5,2023-03-20 01:13:51,2,Medium
3/20/2023,1:13:55,27.3,22,6,2023-03-20 01:13:55,2,Medium
3/20/2023,1:13:58,27.3,22,5,2023-03-20 01:13:58,2,Medium
3/20/2023,1:14:02,27.3,22,4,2023-03-20 01:14:02,2,Medium
3/20/2023,1:14:05,27.3,22,5,2023-03-20 01:14:05,2,Medium
3/20/2023,1:14:08,27.3,22,4,2023-03-20 01:14:08,2,Medium
3/20/2023,1:14:11,27.3,22,4,2023-03-20 01:14:11,2,Medium
3/20/2023,1:14:14,27.3,21,6,2023-03-20 01:14:14,2,Medium
3/20/2023,1:14:17,27.2,22,4,2023-03-20 01:14:17,2,Medium
3/20/2023,1:14:21,27.2,22,6,2023-03-20 01:14:21,2,Medium
3/20/2023,1:14:24,27.2,22,5,2023-03-20 01:14:24,2,Medium
3/20/2023,1:14:29,27.2,22,5,2023-03-20 01:14:29,2,Medium
3/20/2023,1:14:33,27.2,22,4,2023-03-20 01:14:33,2,Medium
3/20/2023,1:14:36,27.2,22,5,2023-03-20 01:14:36,2,Medium
3/20/2023,1:14:40,27.2,21,6,2023-03-20 01:14:40,2,Medium
3/20/2023,1:14:43,27.2,22,5,2023-03-20 01:14:43,2,Medium
3/20/2023,1:14:46,27.2,21,4,2023-03-20 01:14:46,2,Medium
3/20/2023,1:15:05,27.2,21,5,2023-03-20 01:15:05,2,Medium
3/20/2023,1:15:10,27.2,21,5,2023-03-20 01:15:10,2,Medium
3/20/2023,1:15:14,27.1,21,6,2023-03-20 01:15:14,2,Medium
3/20/2023,1:15:18,27.1,21,3,2023-03-20 01:15:18,2,Medium
3/20/2023,1:15:22,27.1,21,7,2023-03-20 01:15:22,2,Medium
3/20/2023,1:15:25,27.1,22,5,2023-03-20 01:15:25,2,Medium
3/20/2023,1:15:29,27.1,22,4,2023-03-20 01:15:29,2,Medium
3/20/2023,1:15:32,27.1,22,6,2023-03-20 01:15:32,2,Medium
3/20/2023,1:15:35,27.1,22,7,2023-03-20 01:15:35,2,Medium
3/20/2023,1:15:38,27.1,22,5,2023-03-20 01:15:38,2,Medium
3/20/2023,1:15:42,27.1,22,5,2023-03-20 01:15:42,2,Medium
3/20/2023,1:15:45,27.1,22,5,2023-03-20 01:15:45,2,Medium
3/20/2023,1:15:49,27.1,22,6,2023-03-20 01:15:49,2,Medium
3/20/2023,1:15:52,27.1,22,4,2023-03-20 01:15:52,2,Medium
3/20/2023,1:15:56,27.1,22,6,2023-03-20 01:15:56,2,Medium
3/20/2023,1:15:59,27.1,22,4,2023-03-20 01:15:59,2,Medium
3/20/2023,1:16:03,27.1,22,5,2023-03-20 01:16:03,2,Medium
3/20/2023,1:16:06,27.1,22,4,2023-03-20 01:16:06,2,Medium
3/20/2023,1:16:10,27.1,23,4,2023-03-20 01:16:10,2,Medium
3/20/2023,1:16:14,27.1,23,6,2023-03-20 01:16:14,2,Medium
3/20/2023,1:16:17,27.1,23,6,2023-03-20 01:16:17,2,Medium
3/20/2023,1:16:21,27.1,23,4,2023-03-20 01:16:21,2,Medium
3/20/2023,1:16:24,27.1,23,5,2023-03-20 01:16:24,2,Medium
3/20/2023,1:16:28,27.1,23,6,2023-03-20 01:16:28,2,Medium
3/20/2023,1:16:31,27.1,23,5,2023-03-20 01:16:31,2,Medium
3/20/2023,1:16:34,27.1,23,4,2023-03-20 01:16:34,2,Medium
3/20/2023,1:16:38,27.1,23,5,2023-03-20 01:16:38,2,Medium
3/20/2023,1:16:41,27.1,23,7,2023-03-20 01:16:41,2,Medium
3/20/2023,1:16:45,27.1,23,3,2023-03-20 01:16:45,2,Medium
3/20/2023,1:16:48,27.1,23,5,2023-03-20 01:16:48,2,Medium
3/20/2023,1:16:51,27.1,23,4,2023-03-20 01:16:51,2,Medium
3/20/2023,1:16:54,27.1,23,5,2023-03-20 01:16:54,2,Medium
3/20/2023,1:16:58,27.1,23,7,2023-03-20 01:16:58,2,Medium
3/20/2023,1:17:01,27.1,23,5,2023-03-20 01:17:01,2,Medium
3/20/2023,1:17:05,27.1,23,5,2023-03-20 01:17:05,2,Medium
3/20/2023,1:17:09,27.1,23,5,2023-03-20 01:17:09,2,Medium
3/20/2023,1:17:12,27.1,23,7,2023-03-20 01:17:12,2,Medium
3/20/2023,1:17:16,27.1,23,5,2023-03-20 01:17:16,2,Medium
3/20/2023,1:17:19,27.1,23,7,2023-03-20 01:17:19,2,Medium
3/20/2023,1:17:23,27.1,23,4,2023-03-20 01:17:23,2,Medium
3/20/2023,1:17:26,27.1,23,6,2023-03-20 01:17:26,2,Medium
3/20/2023,1:17:30,27.1,23,4,2023-03-20 01:17:30,2,Medium
3/20/2023,1:17:33,27.1,23,4,2023-03-20 01:17:33,2,Medium
3/20/2023,1:17:36,27.1,23,6,2023-03-20 01:17:36,2,Medium
3/20/2023,1:17:39,27.1,23,4,2023-03-20 01:17:39,2,Medium
3/20/2023,1:17:43,27.1,23,5,2023-03-20 01:17:43,2,Medium
3/20/2023,1:17:48,27.1,23,5,2023-03-20 01:17:48,2,Medium
3/20/2023,1:17:51,27.1,23,6,2023-03-20 01:17:51,2,Medium
3/20/2023,1:17:54,27.1,23,4,2023-03-20 01:17:54,2,Medium
3/20/2023,1:17:58,27.1,23,7,2023-03-20 01:17:58,2,Medium
3/20/2023,1:18:01,27.1,23,5,2023-03-20 01:18:01,2,Medium
3/20/2023,1:18:05,27.1,23,5,2023-03-20 01:18:05,2,Medium
3/20/2023,1:18:08,27.1,23,5,2023-03-20 01:18:08,2,Medium
3/20/2023,1:18:12,27.1,23,6,2023-03-20 01:18:12,2,Medium
3/20/2023,1:18:16,27.1,23,4,2023-03-20 01:18:16,2,Medium
3/20/2023,1:18:18,27.1,23,5,2023-03-20 01:18:18,2,Medium
3/20/2023,1:18:22,27.1,23,6,2023-03-20 01:18:22,2,Medium
3/20/2023,1:18:25,27.1,23,4,2023-03-20 01:18:25,2,Medium
3/20/2023,1:18:28,27.1,23,7,2023-03-20 01:18:28,2,Medium
3/20/2023,1:18:32,27.1,23,5,2023-03-20 01:18:32,2,Medium
3/20/2023,1:18:36,27.1,23,6,2023-03-20 01:18:36,2,Medium
3/20/2023,1:18:39,27.1,23,5,2023-03-20 01:18:39,2,Medium
3/20/2023,1:18:43,27.1,23,5,2023-03-20 01:18:43,2,Medium
3/20/2023,1:18:46,27.1,23,5,2023-03-20 01:18:46,2,Medium
3/20/2023,1:18:49,27.1,23,6,2023-03-20 01:18:49,2,Medium
3/20/2023,1:18:52,27.1,23,5,2023-03-20 01:18:52,2,Medium
3/20/2023,1:18:55,27.1,23,5,2023-03-20 01:18:55,2,Medium
3/20/2023,1:18:59,27.1,23,4,2023-03-20 01:18:59,2,Medium
3/20/2023,1:19:02,27.1,23,4,2023-03-20 01:19:02,2,Medium
3/20/2023,1:19:06,27.1,23,7,2023-03-20 01:19:06,2,Medium
3/20/2023,1:19:09,27.1,23,5,2023-03-20 01:19:09,2,Medium
3/20/2023,1:19:15,27.1,23,4,2023-03-20 01:19:15,2,Medium
3/20/2023,1:19:21,27.1,23,4,2023-03-20 01:19:21,2,Medium
3/20/2023,1:19:24,27.1,23,4,2023-03-20 01:19:24,2,Medium
3/20/2023,1:19:28,27.1,23,5,2023-03-20 01:19:28,2,Medium
3/20/2023,1:19:32,27.1,23,7,2023-03-20 01:19:32,2,Medium
3/20/2023,1:19:35,27.1,23,4,2023-03-20 01:19:35,2,Medium
3/20/2023,1:19:39,27.1,23,5,2023-03-20 01:19:39,2,Medium
3/20/2023,1:19:42,27.1,23,5,2023-03-20 01:19:42,2,Medium
3/20/2023,1:19:46,27.1,23,4,2023-03-20 01:19:46,2,Medium
3/20/2023,1:19:49,27.1,23,7,2023-03-20 01:19:49,2,Medium
3/20/2023,1:19:53,27.1,23,5,2023-03-20 01:19:53,2,Medium
3/20/2023,1:19:56,27.0,23,4,2023-03-20 01:19:56,2,Medium
3/20/2023,1:19:59,27.1,23,5,2023-03-20 01:19:59,2,Medium
3/20/2023,1:20:10,27.1,23,6,2023-03-20 01:20:10,2,Medium
3/20/2023,1:20:14,27.1,23,6,2023-03-20 01:20:14,2,Medium
3/20/2023,1:20:17,27.1,23,5,2023-03-20 01:20:17,2,Medium
3/20/2023,1:20:20,27.1,23,9,2023-03-20 01:20:20,2,Medium
3/20/2023,1:20:24,27.1,23,15,2023-03-20 01:20:24,3,Medium
3/20/2023,1:20:27,27.1,23,13,2023-03-20 01:20:27,3,Medium
3/20/2023,1:20:31,27.1,23,4,2023-03-20 01:20:31,2,Medium
3/20/2023,1:20:35,27.1,23,4,2023-03-20 01:20:35,2,Medium
3/20/2023,1:20:38,27.1,23,4,2023-03-20 01:20:38,2,Medium
3/20/2023,1:20:42,27.1,23,7,2023-03-20 01:20:42,2,Medium
3/20/2023,1:20:46,27.1,23,9,2023-03-20 01:20:46,2,Medium
3/20/2023,1:20:49,27.1,31,8,2023-03-20 01:20:49,2,Medium
3/20/2023,1:20:52,27.2,40,7,2023-03-20 01:20:52,2,Medium
3/20/2023,1:20:56,27.4,43,5,2023-03-20 01:20:56,2,Medium
3/20/2023,1:20:59,27.6,46,6,2023-03-20 01:20:59,2,Medium
3/20/2023,1:21:02,27.9,49,6,2023-03-20 01:21:02,2,Medium
3/20/2023,1:21:06,28.2,51,5,2023-03-20 01:21:06,2,Medium
3/20/2023,1:21:10,28.5,51,6,2023-03-20 01:21:10,2,Medium
3/20/2023,1:21:13,28.8,52,4,2023-03-20 01:21:13,2,Medium
3/20/2023,1:21:16,29.1,53,8,2023-03-20 01:21:16,2,Medium
3/20/2023,1:21:20,29.4,54,5,2023-03-20 01:21:20,2,Medium
3/20/2023,1:21:23,29.6,54,4,2023-03-20 01:21:23,2,Medium
3/20/2023,1:21:27,29.9,55,3,2023-03-20 01:21:27,2,Medium
3/20/2023,1:21:30,30.2,55,5,2023-03-20 01:21:30,1,Low
3/20/2023,1:21:34,30.4,55,5,2023-03-20 01:21:34,1,Low
3/20/2023,1:21:38,30.7,55,5,2023-03-20 01:21:38,1,Low
3/20/2023,1:21:41,30.9,55,6,2023-03-20 01:21:41,1,Low
3/20/2023,1:21:44,31.1,53,6,2023-03-20 01:21:44,1,Low
3/20/2023,1:21:48,31.2,51,7,2023-03-20 01:21:48,1,Low
3/20/2023,1:21:54,31.4,57,6,2023-03-20 01:21:54,1,Low
3/20/2023,1:21:57,31.8,61,5,2023-03-20 01:21:57,2,Medium
3/20/2023,1:22:00,31.9,55,8,2023-03-20 01:22:00,1,Low
3/20/2023,1:22:04,32.0,51,5,2023-03-20 01:22:04,1,Low
3/20/2023,1:22:07,32.0,47,4,2023-03-20 01:22:07,1,Low
3/20/2023,1:22:10,32.1,43,6,2023-03-20 01:22:10,1,Low
3/20/2023,1:22:13,32.1,41,9,2023-03-20 01:22:13,1,Low
3/20/2023,1:22:16,32.1,38,6,2023-03-20 01:22:16,1,Low
3/20/2023,1:22:20,32.1,35,5,2023-03-20 01:22:20,1,Low
3/20/2023,1:22:23,32.0,33,4,2023-03-20 01:22:23,1,Low
3/20/2023,1:22:26,32.0,30,4,2023-03-20 01:22:26,1,Low
3/20/2023,1:22:29,32.0,28,4,2023-03-20 01:22:29,1,Low
3/20/2023,1:22:33,31.9,26,4,2023-03-20 01:22:33,1,Low
3/20/2023,1:22:36,31.9,25,6,2023-03-20 01:22:36,1,Low
3/20/2023,1:22:39,31.8,23,5,2023-03-20 01:22:39,1,Low
3/20/2023,1:22:43,31.8,22,5,2023-03-20 01:22:43,1,Low
3/20/2023,1:22:47,31.7,21,7,2023-03-20 01:22:47,1,Low
3/20/2023,1:22:51,31.7,20,5,2023-03-20 01:22:51,1,Low
3/20/2023,1:22:54,31.6,19,5,2023-03-20 01:22:54,1,Low
3/20/2023,1:22:57,31.5,19,5,2023-03-20 01:22:57,1,Low
3/20/2023,1:23:01,31.5,19,6,2023-03-20 01:23:01,1,Low
3/20/2023,1:23:05,31.4,18,5,2023-03-20 01:23:05,1,Low
3/20/2023,1:23:08,31.3,18,7,2023-03-20 01:23:08,1,Low
3/20/2023,1:23:11,31.2,18,5,2023-03-20 01:23:11,1,Low
3/20/2023,1:23:14,31.2,17,7,2023-03-20 01:23:14,1,Low
7/3/2023,2:30:44,29.9,63,4,2023-07-03 02:30:44,3,Medium
7/3/2023,2:30:47,28.7,67,5,2023-07-03 02:30:47,3,Medium
7/3/2023,2:30:50,28.7,67,4,2023-07-03 02:30:50,3,Medium
7/3/2023,2:30:53,28.7,67,5,2023-07-03 02:30:53,3,Medium
7/3/2023,2:30:56,28.7,67,6,2023-07-03 02:30:56,3,Medium
7/3/2023,2:30:59,28.7,67,5,2023-07-03 02:30:59,3,Medium
7/3/2023,2:31:03,28.7,67,5,2023-07-03 02:31:03,3,Medium
7/3/2023,2:31:08,28.7,67,5,2023-07-03 02:31:08,3,Medium
7/3/2023,2:31:10,28.7,67,5,2023-07-03 02:31:10,3,Medium
7/3/2023,2:31:13,28.7,67,4,2023-07-03 02:31:13,3,Medium
7/3/2023,2:31:17,28.7,67,6,2023-07-03 02:31:17,3,Medium
7/3/2023,2:31:19,28.7,67,5,2023-07-03 02:31:19,3,Medium
7/3/2023,2:31:23,28.7,67,4,2023-07-03 02:31:23,3,Medium
7/3/2023,2:31:25,28.7,67,4,2023-07-03 02:31:25,3,Medium
7/3/2023,2:31:29,28.7,67,4,2023-07-03 02:31:29,3,Medium
7/3/2023,2:31:31,28.7,67,5,2023-07-03 02:31:31,3,Medium
7/3/2023,2:31:34,28.7,67,6,2023-07-03 02:31:34,3,Medium
7/3/2023,2:31:37,28.7,67,5,2023-07-03 02:31:37,3,Medium
7/3/2023,2:31:40,28.7,67,4,2023-07-03 02:31:40,3,Medium
7/3/2023,2:31:43,28.7,67,6,2023-07-03 02:31:43,3,Medium
7/3/2023,2:31:45,28.7,67,5,2023-07-03 02:31:45,3,Medium
7/3/2023,2:31:48,28.7,67,5,2023-07-03 02:31:48,3,Medium
7/3/2023,2:31:51,28.7,67,5,2023-07-03 02:31:51,3,Medium
7/3/2023,2:31:54,28.7,67,5,2023-07-03 02:31:54,3,Medium
7/3/2023,2:31:57,28.7,67,3,2023-07-03 02:31:57,3,Medium
7/3/2023,2:32:00,28.7,67,4,2023-07-03 02:32:00,3,Medium
7/3/2023,2:32:03,28.7,67,5,2023-07-03 02:32:03,3,Medium
7/3/2023,2:32:06,28.7,67,5,2023-07-03 02:32:06,3,Medium
7/3/2023,2:32:09,28.7,68,5,2023-07-03 02:32:09,3,Medium
7/3/2023,2:32:12,28.7,67,3,2023-07-03 02:32:12,3,Medium
7/3/2023,2:32:14,28.7,68,5,2023-07-03 02:32:14,3,Medium
7/3/2023,2:32:17,28.7,68,5,2023-07-03 02:32:17,3,Medium
7/3/2023,2:32:20,28.7,68,5,2023-07-03 02:32:20,3,Medium
7/3/2023,2:32:23,28.7,68,5,2023-07-03 02:32:23,3,Medium
7/3/2023,2:32:26,28.7,68,4,2023-07-03 02:32:26,3,Medium
7/3/2023,2:32:29,28.7,68,5,2023-07-03 02:32:29,3,Medium
7/3/2023,2:32:32,28.7,68,5,2023-07-03 02:32:32,3,Medium
7/3/2023,2:32:35,28.7,68,5,2023-07-03 02:32:35,3,Medium
7/3/2023,2:32:38,28.7,68,5,2023-07-03 02:32:38,3,Medium
7/3/2023,2:32:41,28.7,68,5,2023-07-03 02:32:41,3,Medium
7/3/2023,2:32:44,28.7,68,4,2023-07-03 02:32:44,3,Medium
7/3/2023,2:32:47,28.7,68,5,2023-07-03 02:32:47,3,Medium
7/3/2023,2:32:50,28.7,68,5,2023-07-03 02:32:50,3,Medium
7/3/2023,2:32:53,28.7,68,5,2023-07-03 02:32:53,3,Medium
7/3/2023,2:32:56,28.7,68,5,2023-07-03 02:32:56,3,Medium
7/3/2023,2:32:59,28.7,68,4,2023-07-03 02:32:59,3,Medium
7/3/2023,2:33:03,28.7,68,5,2023-07-03 02:33:03,3,Medium
7/3/2023,2:33:06,28.7,68,5,2023-07-03 02:33:06,3,Medium
7/3/2023,2:33:09,28.7,68,5,2023-07-03 02:33:09,3,Medium
7/3/2023,2:33:12,28.7,68,6,2023-07-03 02:33:12,3,Medium
7/3/2023,2:33:15,28.7,68,5,2023-07-03 02:33:15,3,Medium
7/3/2023,2:33:19,28.7,68,5,2023-07-03 02:33:19,3,Medium
7/3/2023,2:33:22,28.7,68,5,2023-07-03 02:33:22,3,Medium
7/3/2023,2:33:25,28.7,68,5,2023-07-03 02:33:25,3,Medium
7/3/2023,2:33:28,28.7,68,4,2023-07-03 02:33:28,3,Medium
7/3/2023,2:33:31,28.7,68,4,2023-07-03 02:33:31,3,Medium
7/3/2023,2:33:34,28.7,68,5,2023-07-03 02:33:34,3,Medium
7/3/2023,2:33:36,28.7,68,5,2023-07-03 02:33:36,3,Medium
7/3/2023,2:33:39,28.7,68,5,2023-07-03 02:33:39,3,Medium
7/3/2023,2:33:42,28.7,68,5,2023-07-03 02:33:42,3,Medium
7/3/2023,2:33:45,28.7,68,6,2023-07-03 02:33:45,3,Medium
7/3/2023,2:33:49,28.7,68,5,2023-07-03 02:33:49,3,Medium
7/3/2023,2:33:52,28.7,68,5,2023-07-03 02:33:52,3,Medium
7/3/2023,2:33:55,28.7,68,7,2023-07-03 02:33:55,3,Medium
7/3/2023,2:33:59,28.7,68,4,2023-07-03 02:33:59,3,Medium
7/3/2023,2:34:01,28.7,68,5,2023-07-03 02:34:01,3,Medium
7/3/2023,2:34:05,28.7,68,4,2023-07-03 02:34:05,3,Medium
7/3/2023,2:34:08,28.7,68,5,2023-07-03 02:34:08,3,Medium
7/3/2023,2:34:11,28.7,68,5,2023-07-03 02:34:11,3,Medium
7/3/2023,2:34:14,28.7,68,4,2023-07-03 02:34:14,3,Medium
7/3/2023,2:34:17,28.7,68,5,2023-07-03 02:34:17,3,Medium
7/3/2023,2:34:20,28.7,68,5,2023-07-03 02:34:20,3,Medium
7/3/2023,2:34:23,28.7,68,4,2023-07-03 02:34:23,3,Medium
7/3/2023,2:34:26,28.7,68,4,2023-07-03 02:34:26,3,Medium
7/3/2023,2:34:29,28.7,68,4,2023-07-03 02:34:29,3,Medium
7/3/2023,2:34:32,28.7,68,5,2023-07-03 02:34:32,3,Medium
7/3/2023,2:34:35,28.7,68,5,2023-07-03 02:34:35,3,Medium
7/3/2023,2:34:38,28.7,68,4,2023-07-03 02:34:38,3,Medium
7/3/2023,2:34:41,28.7,68,5,2023-07-03 02:34:41,3,Medium
7/3/2023,2:34:44,28.7,68,5,2023-07-03 02:34:44,3,Medium
7/3/2023,2:34:46,28.7,68,6,2023-07-03 02:34:46,3,Medium
7/3/2023,2:34:49,28.7,68,5,2023-07-03 02:34:49,3,Medium
7/3/2023,2:34:52,28.7,68,4,2023-07-03 02:34:52,3,Medium
7/3/2023,2:34:55,28.7,68,5,2023-07-03 02:34:55,3,Medium
7/3/2023,2:34:58,28.7,68,5,2023-07-03 02:34:58,3,Medium
7/3/2023,2:35:02,28.7,68,5,2023-07-03 02:35:02,3,Medium
7/3/2023,2:35:05,28.7,68,4,2023-07-03 02:35:05,3,Medium
7/3/2023,2:35:08,28.7,68,5,2023-07-03 02:35:08,3,Medium
7/3/2023,2:35:11,28.7,68,4,2023-07-03 02:35:11,3,Medium
7/3/2023,2:35:14,28.7,68,5,2023-07-03 02:35:14,3,Medium
7/3/2023,2:35:17,28.6,68,6,2023-07-03 02:35:17,3,Medium
7/3/2023,2:35:20,28.7,68,4,2023-07-03 02:35:20,3,Medium
7/3/2023,2:35:22,28.7,68,6,2023-07-03 02:35:22,3,Medium
7/3/2023,2:35:25,28.7,68,5,2023-07-03 02:35:25,3,Medium
7/3/2023,2:35:28,28.7,68,5,2023-07-03 02:35:28,3,Medium
7/3/2023,2:35:31,28.7,68,5,2023-07-03 02:35:31,3,Medium
7/3/2023,2:35:34,28.7,69,6,2023-07-03 02:35:34,3,Medium
7/3/2023,2:35:37,28.7,68,6,2023-07-03 02:35:37,3,Medium
7/3/2023,2:35:40,28.7,69,4,2023-07-03 02:35:40,3,Medium
7/3/2023,2:35:43,28.7,69,5,2023-07-03 02:35:43,3,Medium
7/3/2023,2:35:47,28.7,69,5,2023-07-03 02:35:47,3,Medium
7/3/2023,2:35:51,28.7,69,4,2023-07-03 02:35:51,3,Medium
7/3/2023,2:35:55,28.7,69,5,2023-07-03 02:35:55,3,Medium
7/3/2023,2:35:58,28.7,69,4,2023-07-03 02:35:58,3,Medium
7/3/2023,2:36:00,28.7,69,4,2023-07-03 02:36:00,3,Medium
7/3/2023,2:36:03,28.7,69,22,2023-07-03 02:36:03,4,High
7/3/2023,2:36:06,28.7,69,5,2023-07-03 02:36:06,3,Medium
7/3/2023,2:36:09,28.7,69,5,2023-07-03 02:36:09,3,Medium
7/3/2023,2:36:12,28.7,69,4,2023-07-03 02:36:12,3,Medium
7/3/2023,2:36:15,28.7,69,6,2023-07-03 02:36:15,3,Medium
7/3/2023,2:36:18,28.7,69,6,2023-07-03 02:36:18,3,Medium
7/3/2023,2:36:21,28.7,69,6,2023-07-03 02:36:21,3,Medium
7/3/2023,2:36:23,28.7,69,6,2023-07-03 02:36:23,3,Medium
7/3/2023,2:36:26,28.7,69,4,2023-07-03 02:36:26,3,Medium
7/3/2023,2:36:29,28.7,69,5,2023-07-03 02:36:29,3,Medium
7/3/2023,2:36:32,28.7,69,5,2023-07-03 02:36:32,3,Medium
7/3/2023,2:36:36,28.7,69,5,2023-07-03 02:36:36,3,Medium
7/3/2023,2:36:39,28.7,69,5,2023-07-03 02:36:39,3,Medium
7/3/2023,2:36:42,28.7,69,6,2023-07-03 02:36:42,3,Medium
7/3/2023,2:36:45,28.7,69,4,2023-07-03 02:36:45,3,Medium
7/3/2023,2:36:48,28.7,69,5,2023-07-03 02:36:48,3,Medium
7/3/2023,2:36:51,28.7,69,4,2023-07-03 02:36:51,3,Medium
7/3/2023,2:36:54,28.7,69,5,2023-07-03 02:36:54,3,Medium
7/3/2023,2:36:57,28.7,69,5,2023-07-03 02:36:57,3,Medium
7/3/2023,2:37:00,28.7,69,5,2023-07-03 02:37:00,3,Medium
7/3/2023,2:37:03,28.7,68,5,2023-07-03 02:37:03,3,Medium
7/3/2023,2:37:06,28.7,69,6,2023-07-03 02:37:06,3,Medium
7/3/2023,2:37:09,28.7,69,5,2023-07-03 02:37:09,3,Medium
7/3/2023,2:37:13,28.7,69,4,2023-07-03 02:37:13,3,Medium
7/3/2023,2:37:16,28.7,69,3,2023-07-03 02:37:16,3,Medium
7/3/2023,2:37:19,28.7,69,4,2023-07-03 02:37:19,3,Medium
7/3/2023,2:37:21,28.7,69,5,2023-07-03 02:37:21,3,Medium
7/3/2023,2:37:24,28.7,69,5,2023-07-03 02:37:24,3,Medium
7/3/2023,2:37:27,28.7,69,5,2023-07-03 02:37:27,3,Medium
7/3/2023,2:37:30,28.7,69,4,2023-07-03 02:37:30,3,Medium
7/3/2023,2:37:33,28.7,69,5,2023-07-03 02:37:33,3,Medium
7/3/2023,2:37:36,28.7,69,5,2023-07-03 02:37:36,3,Medium
7/3/2023,2:37:39,28.7,69,4,2023-07-03 02:37:39,3,Medium
7/3/2023,2:37:41,28.7,69,41,2023-07-03 02:37:41,4,High
7/3/2023,2:38:10,28.7,69,5,2023-07-03 02:38:10,3,Medium
7/3/2023,2:38:45,28.7,69,5,2023-07-03 02:38:45,3,Medium
7/3/2023,2:57:24,28.5,69,4,2023-07-03 02:57:24,3,Medium
7/3/2023,2:57:27,28.5,69,6,2023-07-03 02:57:27,3,Medium
7/3/2023,2:57:30,28.5,69,5,2023-07-03 02:57:30,3,Medium
7/3/2023,2:57:33,28.6,69,5,2023-07-03 02:57:33,3,Medium
7/3/2023,2:57:36,28.5,69,5,2023-07-03 02:57:36,3,Medium
7/3/2023,2:57:39,28.5,69,5,2023-07-03 02:57:39,3,Medium
7/3/2023,2:57:42,28.5,69,19,2023-07-03 02:57:42,4,High
7/3/2023,2:57:45,28.5,68,20,2023-07-03 02:57:45,4,High
7/3/2023,2:57:48,28.5,68,5,2023-07-03 02:57:48,3,Medium
7/3/2023,2:57:52,28.5,68,4,2023-07-03 02:57:52,3,Medium
7/3/2023,2:57:55,28.5,68,5,2023-07-03 02:57:55,3,Medium
7/3/2023,2:57:58,28.6,68,6,2023-07-03 02:57:58,3,Medium
7/3/2023,2:58:01,28.6,68,8,2023-07-03 02:58:01,3,Medium
7/3/2023,2:58:04,28.6,68,5,2023-07-03 02:58:04,3,Medium
7/3/2023,2:58:06,28.6,68,4,2023-07-03 02:58:06,3,Medium
7/3/2023,2:58:09,28.6,68,4,2023-07-03 02:58:09,3,Medium
7/3/2023,2:58:12,28.6,68,4,2023-07-03 02:58:12,3,Medium
7/3/2023,2:58:16,28.6,68,6,2023-07-03 02:58:16,3,Medium
7/3/2023,2:58:18,28.6,68,4,2023-07-03 02:58:18,3,Medium
7/3/2023,2:58:21,28.6,68,6,2023-07-03 02:58:21,3,Medium
7/3/2023,2:58:25,28.6,68,8,2023-07-03 02:58:25,3,Medium
7/3/2023,2:58:28,28.6,68,8,2023-07-03 02:58:28,3,Medium
7/3/2023,2:58:31,28.6,68,5,2023-07-03 02:58:31,3,Medium
7/3/2023,2:58:33,28.6,68,8,2023-07-03 02:58:33,3,Medium
7/3/2023,2:58:37,28.6,68,15,2023-07-03 02:58:37,4,High
7/3/2023,2:58:40,28.6,68,5,2023-07-03 02:58:40,3,Medium
7/3/2023,2:58:43,28.6,68,4,2023-07-03 02:58:43,3,Medium
7/3/2023,2:58:45,28.6,68,4,2023-07-03 02:58:45,3,Medium
7/3/2023,2:58:48,28.6,68,5,2023-07-03 02:58:48,3,Medium
7/3/2023,2:58:51,28.6,68,4,2023-07-03 02:58:51,3,Medium
7/3/2023,2:58:54,28.6,68,5,2023-07-03 02:58:54,3,Medium
7/3/2023,2:58:57,28.6,68,4,2023-07-03 02:58:57,3,Medium
7/3/2023,2:59:00,28.6,69,4,2023-07-03 02:59:00,3,Medium
7/3/2023,2:59:03,28.6,69,4,2023-07-03 02:59:03,3,Medium
7/3/2023,2:59:07,28.6,69,4,2023-07-03 02:59:07,3,Medium
7/3/2023,2:59:09,28.6,69,5,2023-07-03 02:59:09,3,Medium
7/3/2023,2:59:12,28.5,69,5,2023-07-03 02:59:12,3,Medium
7/3/2023,2:59:15,28.5,69,4,2023-07-03 02:59:15,3,Medium
7/3/2023,2:59:18,28.5,69,4,2023-07-03 02:59:18,3,Medium
7/3/2023,2:59:39,28.4,69,5,2023-07-03 02:59:39,3,Medium
7/3/2023,2:59:42,28.4,69,5,2023-07-03 02:59:42,3,Medium
7/3/2023,2:59:46,28.3,69,5,2023-07-03 02:59:46,3,Medium
7/3/2023,2:59:49,28.3,69,4,2023-07-03 02:59:49,3,Medium
7/3/2023,2:59:52,28.3,69,4,2023-07-03 02:59:52,3,Medium
7/3/2023,2:59:56,28.3,69,4,2023-07-03 02:59:56,3,Medium
7/3/2023,2:59:59,28.3,69,5,2023-07-03 02:59:59,3,Medium
7/3/2023,3:00:02,28.3,70,4,2023-07-03 03:00:02,4,High
7/3/2023,3:00:06,28.2,70,5,2023-07-03 03:00:06,4,High
7/3/2023,3:00:09,28.2,70,5,2023-07-03 03:00:09,4,High
7/3/2023,3:00:12,28.2,70,4,2023-07-03 03:00:12,4,High
7/3/2023,3:00:15,28.2,70,4,2023-07-03 03:00:15,4,High
7/3/2023,3:00:18,28.2,70,5,2023-07-03 03:00:18,4,High
7/3/2023,3:00:21,28.2,70,4,2023-07-03 03:00:21,4,High
7/3/2023,3:00:24,28.1,70,4,2023-07-03 03:00:24,4,High
7/3/2023,3:00:28,28.1,70,4,2023-07-03 03:00:28,4,High
7/3/2023,3:00:31,28.1,70,4,2023-07-03 03:00:31,4,High
7/3/2023,3:00:34,28.1,70,5,2023-07-03 03:00:34,4,High
7/3/2023,3:00:37,28.1,70,5,2023-07-03 03:00:37,4,High
7/3/2023,3:00:41,28.1,70,4,2023-07-03 03:00:41,4,High
7/4/2023,6:46:26,27.4,71,6,2023-07-04 06:46:26,4,High
7/4/2023,6:46:29,27.4,71,4,2023-07-04 06:46:29,4,High
7/4/2023,6:46:32,27.4,71,3,2023-07-04 06:46:32,4,High
7/4/2023,6:46:35,27.4,71,9,2023-07-04 06:46:35,4,High
7/4/2023,6:46:38,27.4,71,8,2023-07-04 06:46:38,4,High
7/4/2023,6:46:41,27.4,71,7,2023-07-04 06:46:41,4,High
7/4/2023,6:46:44,27.4,71,6,2023-07-04 06:46:44,4,High
7/4/2023,6:46:47,27.4,71,4,2023-07-04 06:46:47,4,High
7/4/2023,6:46:50,27.4,71,4,2023-07-04 06:46:50,4,High
7/4/2023,6:46:53,27.4,71,4,2023-07-04 06:46:53,4,High
7/4/2023,6:46:56,27.4,71,6,2023-07-04 06:46:56,4,High
7/4/2023,6:46:59,27.4,71,6,2023-07-04 06:46:59,4,High
7/4/2023,6:47:02,27.4,71,4,2023-07-04 06:47:02,4,High
7/4/2023,6:47:06,27.4,71,5,2023-07-04 06:47:06,4,High
7/4/2023,6:47:09,27.4,71,5,2023-07-04 06:47:09,4,High
7/4/2023,6:47:12,27.4,71,7,2023-07-04 06:47:12,4,High
7/4/2023,6:47:15,27.4,71,5,2023-07-04 06:47:15,4,High
7/4/2023,6:47:18,27.4,71,6,2023-07-04 06:47:18,4,High
7/4/2023,6:47:22,27.4,71,5,2023-07-04 06:47:22,4,High
7/4/2023,6:47:25,27.4,71,4,2023-07-04 06:47:25,4,High
7/4/2023,6:47:28,27.4,71,5,2023-07-04 06:47:28,4,High
7/4/2023,6:47:31,27.4,71,6,2023-07-04 06:47:31,4,High
7/4/2023,6:47:36,27.4,71,5,2023-07-04 06:47:36,4,High
7/4/2023,6:47:40,27.4,71,6,2023-07-04 06:47:40,4,High
7/4/2023,6:47:43,27.4,71,3,2023-07-04 06:47:43,4,High
7/4/2023,6:48:21,27.4,71,0,2023-07-04 06:48:21,3,Medium
7/4/2023,6:48:24,27.4,71,0,2023-07-04 06:48:24,3,Medium
7/4/2023,6:48:27,27.4,71,0,2023-07-04 06:48:27,3,Medium
7/4/2023,6:48:31,27.4,71,0,2023-07-04 06:48:31,3,Medium
7/4/2023,6:48:34,27.4,71,0,2023-07-04 06:48:34,3,Medium
7/4/2023,6:48:37,27.4,71,0,2023-07-04 06:48:37,3,Medium
7/4/2023,6:48:41,27.4,71,0,2023-07-04 06:48:41,3,Medium
7/4/2023,6:48:44,27.4,71,0,2023-07-04 06:48:44,3,Medium
7/4/2023,6:48:47,27.4,71,0,2023-07-04 06:48:47,3,Medium
7/4/2023,6:48:51,27.4,71,0,2023-07-04 06:48:51,3,Medium
7/4/2023,6:48:54,27.4,71,0,2023-07-04 06:48:54,3,Medium
7/4/2023,6:48:57,27.4,71,0,2023-07-04 06:48:57,3,Medium
7/4/2023,6:49:00,27.4,71,0,2023-07-04 06:49:00,3,Medium
7/4/2023,6:49:03,27.4,71,0,2023-07-04 06:49:03,3,Medium
7/4/2023,6:49:06,27.4,71,0,2023-07-04 06:49:06,3,Medium
7/4/2023,6:49:09,27.4,71,0,2023-07-04 06:49:09,3,Medium
7/4/2023,6:49:11,27.4,71,0,2023-07-04 06:49:11,3,Medium
7/4/2023,6:49:14,27.4,71,0,2023-07-04 06:49:14,3,Medium
7/4/2023,6:49:17,27.4,71,0,2023-07-04 06:49:17,3,Medium
7/4/2023,6:49:20,27.4,71,0,2023-07-04 06:49:20,3,Medium
7/4/2023,6:49:23,27.4,71,0,2023-07-04 06:49:23,3,Medium
7/4/2023,6:49:27,27.4,71,0,2023-07-04 06:49:27,3,Medium
7/4/2023,6:49:30,27.4,71,0,2023-07-04 06:49:30,3,Medium
7/4/2023,6:49:33,27.4,71,0,2023-07-04 06:49:33,3,Medium
7/4/2023,6:49:36,27.4,71,0,2023-07-04 06:49:36,3,Medium
7/4/2023,6:49:39,27.4,71,0,2023-07-04 06:49:39,3,Medium
7/4/2023,6:49:42,27.4,71,0,2023-07-04 06:49:42,3,Medium
7/4/2023,6:49:45,27.4,71,0,2023-07-04 06:49:45,3,Medium
7/4/2023,6:49:48,27.4,71,0,2023-07-04 06:49:48,3,Medium
7/4/2023,6:49:51,27.4,71,0,2023-07-04 06:49:51,3,Medium
7/4/2023,6:49:54,27.4,71,0,2023-07-04 06:49:54,3,Medium
7/4/2023,6:49:57,27.4,71,0,2023-07-04 06:49:57,3,Medium
7/4/2023,6:50:00,27.4,71,0,2023-07-04 06:50:00,3,Medium
7/4/2023,6:50:03,27.4,71,0,2023-07-04 06:50:03,3,Medium
7/4/2023,6:50:06,27.4,71,0,2023-07-04 06:50:06,3,Medium
7/4/2023,6:50:09,27.4,71,0,2023-07-04 06:50:09,3,Medium
7/4/2023,6:50:12,27.4,71,0,2023-07-04 06:50:12,3,Medium
7/4/2023,6:50:15,27.4,71,0,2023-07-04 06:50:15,3,Medium
7/4/2023,6:50:19,27.4,71,0,2023-07-04 06:50:19,3,Medium
7/4/2023,6:50:22,27.4,71,4,2023-07-04 06:50:22,4,High
7/4/2023,6:50:25,27.4,71,6,2023-07-04 06:50:25,4,High
7/4/2023,6:50:28,27.4,71,6,2023-07-04 06:50:28,4,High
7/4/2023,6:50:31,27.4,71,6,2023-07-04 06:50:31,4,High
7/4/2023,6:50:34,27.4,71,6,2023-07-04 06:50:34,4,High
7/4/2023,6:50:37,27.4,71,0,2023-07-04 06:50:37,3,Medium
7/4/2023,6:50:40,27.4,71,0,2023-07-04 06:50:40,3,Medium
7/4/2023,6:50:43,27.4,71,6,2023-07-04 06:50:43,4,High
7/4/2023,6:50:47,27.4,71,6,2023-07-04 06:50:47,4,High
7/4/2023,6:50:50,27.4,71,0,2023-07-04 06:50:50,3,Medium
7/4/2023,6:50:52,27.4,72,3,2023-07-04 06:50:52,4,High
7/4/2023,6:50:55,27.4,72,0,2023-07-04 06:50:55,3,Medium
7/4/2023,6:50:58,27.4,72,0,2023-07-04 06:50:58,3,Medium
7/4/2023,6:51:01,27.4,72,0,2023-07-04 06:51:01,3,Medium
7/4/2023,6:51:05,27.5,72,0,2023-07-04 06:51:05,3,Medium
7/4/2023,6:51:08,27.5,72,0,2023-07-04 06:51:08,3,Medium
7/4/2023,6:51:11,27.5,72,6,2023-07-04 06:51:11,4,High
7/4/2023,6:51:14,27.5,72,0,2023-07-04 06:51:14,3,Medium
7/4/2023,6:51:17,27.5,72,0,2023-07-04 06:51:17,3,Medium
7/4/2023,6:51:20,27.5,72,0,2023-07-04 06:51:20,3,Medium
7/4/2023,6:51:23,27.5,72,0,2023-07-04 06:51:23,3,Medium
7/4/2023,6:51:27,27.5,72,0,2023-07-04 06:51:27,3,Medium
7/4/2023,6:51:30,27.5,72,0,2023-07-04 06:51:30,3,Medium
7/4/2023,6:51:34,27.5,72,0,2023-07-04 06:51:34,3,Medium
7/4/2023,6:51:38,27.5,72,0,2023-07-04 06:51:38,3,Medium
7/4/2023,6:51:41,27.5,72,0,2023-07-04 06:51:41,3,Medium
7/4/2023,6:51:44,27.5,72,0,2023-07-04 06:51:44,3,Medium
7/4/2023,6:51:48,27.5,72,0,2023-07-04 06:51:48,3,Medium
7/4/2023,6:51:51,27.5,72,0,2023-07-04 06:51:51,3,Medium
7/4/2023,6:51:57,27.4,72,0,2023-07-04 06:51:57,3,Medium
7/4/2023,6:52:02,27.5,72,0,2023-07-04 06:52:02,3,Medium
7/4/2023,6:52:05,27.5,71,0,2023-07-04 06:52:05,3,Medium
7/4/2023,6:52:08,27.5,72,0,2023-07-04 06:52:08,3,Medium
7/4/2023,6:52:11,27.4,72,0,2023-07-04 06:52:11,3,Medium
7/6/2023,6:33:00,28.1,65,0,2023-07-06 06:33:00,2,Medium
7/6/2023,6:33:03,27.8,64,0,2023-07-06 06:33:03,2,Medium
7/6/2023,6:33:06,27.8,64,0,2023-07-06 06:33:06,2,Medium
7/6/2023,6:33:09,27.8,65,0,2023-07-06 06:33:09,2,Medium
7/6/2023,6:33:12,27.8,65,0,2023-07-06 06:33:12,2,Medium
7/6/2023,6:33:15,27.8,65,0,2023-07-06 06:33:15,2,Medium
7/6/2023,6:33:18,27.8,65,0,2023-07-06 06:33:18,2,Medium
7/6/2023,6:33:21,27.8,65,0,2023-07-06 06:33:21,2,Medium
7/6/2023,6:33:24,27.8,65,0,2023-07-06 06:33:24,2,Medium
7/6/2023,6:33:27,27.7,65,0,2023-07-06 06:33:27,2,Medium
7/6/2023,6:33:31,27.7,65,0,2023-07-06 06:33:31,2,Medium
7/6/2023,6:33:34,27.7,65,0,2023-07-06 06:33:34,2,Medium
7/6/2023,6:33:36,27.7,65,0,2023-07-06 06:33:36,2,Medium
7/6/2023,6:33:39,27.7,65,0,2023-07-06 06:33:39,2,Medium
7/6/2023,6:33:42,27.7,65,0,2023-07-06 06:33:42,2,Medium
7/6/2023,6:33:46,27.7,65,0,2023-07-06 06:33:46,2,Medium
7/6/2023,6:33:49,27.7,65,0,2023-07-06 06:33:49,2,Medium
7/6/2023,6:33:52,27.7,65,0,2023-07-06 06:33:52,2,Medium
7/6/2023,6:33:55,27.7,65,0,2023-07-06 06:33:55,2,Medium
7/6/2023,6:33:58,27.7,65,0,2023-07-06 06:33:58,2,Medium
7/6/2023,6:34:01,27.7,65,0,2023-07-06 06:34:01,2,Medium
7/6/2023,6:34:04,27.7,65,0,2023-07-06 06:34:04,2,Medium
7/6/2023,6:34:07,27.7,65,0,2023-07-06 06:34:07,2,Medium
7/6/2023,6:34:10,27.7,65,0,2023-07-06 06:34:10,2,Medium
7/6/2023,6:34:13,27.7,65,0,2023-07-06 06:34:13,2,Medium
7/6/2023,6:34:15,27.7,65,0,2023-07-06 06:34:15,2,Medium
7/6/2023,6:34:18,27.7,65,0,2023-07-06 06:34:18,2,Medium
7/6/2023,6:34:22,27.7,65,0,2023-07-06 06:34:22,2,Medium
7/6/2023,6:34:25,27.7,65,0,2023-07-06 06:34:25,2,Medium
7/6/2023,6:34:28,27.7,65,0,2023-07-06 06:34:28,2,Medium
7/6/2023,6:34:30,27.6,65,0,2023-07-06 06:34:30,2,Medium
7/6/2023,6:34:34,27.6,65,0,2023-07-06 06:34:34,2,Medium
7/6/2023,6:34:37,27.6,65,0,2023-07-06 06:34:37,2,Medium
7/6/2023,6:34:40,27.6,65,0,2023-07-06 06:34:40,2,Medium
7/6/2023,6:34:43,27.6,65,0,2023-07-06 06:34:43,2,Medium
7/6/2023,6:34:46,27.6,65,0,2023-07-06 06:34:46,2,Medium
7/6/2023,6:34:49,27.6,65,0,2023-07-06 06:34:49,2,Medium
7/6/2023,6:34:52,27.6,65,0,2023-07-06 06:34:52,2,Medium
7/6/2023,6:34:56,27.6,65,0,2023-07-06 06:34:56,2,Medium
7/6/2023,6:34:59,27.6,65,0,2023-07-06 06:34:59,2,Medium
7/6/2023,6:35:02,27.6,65,0,2023-07-06 06:35:02,2,Medium
7/6/2023,6:35:05,27.6,65,0,2023-07-06 06:35:05,2,Medium
7/6/2023,6:35:08,27.6,65,0,2023-07-06 06:35:08,2,Medium
7/6/2023,6:35:12,27.6,65,0,2023-07-06 06:35:12,2,Medium
7/6/2023,6:35:15,27.6,65,0,2023-07-06 06:35:15,2,Medium
7/6/2023,6:35:18,27.6,65,0,2023-07-06 06:35:18,2,Medium
7/6/2023,6:35:22,27.6,65,0,2023-07-06 06:35:22,2,Medium
7/6/2023,6:35:25,27.6,65,6,2023-07-06 06:35:25,3,Medium
7/6/2023,6:35:28,27.6,65,0,2023-07-06 06:35:28,2,Medium
7/6/2023,6:35:31,27.6,65,0,2023-07-06 06:35:31,2,Medium
7/6/2023,6:35:34,27.6,65,9,2023-07-06 06:35:34,3,Medium
7/6/2023,6:35:37,27.6,65,9,2023-07-06 06:35:37,3,Medium
7/6/2023,6:35:40,27.6,65,9,2023-07-06 06:35:40,3,Medium
7/6/2023,6:35:42,27.6,66,9,2023-07-06 06:35:42,3,Medium
7/6/2023,6:35:45,27.6,66,9,2023-07-06 06:35:45,3,Medium
7/6/2023,6:35:48,27.6,66,9,2023-07-06 06:35:48,3,Medium
7/6/2023,6:35:52,27.6,66,9,2023-07-06 06:35:52,3,Medium
7/6/2023,6:35:58,27.6,66,9,2023-07-06 06:35:58,3,Medium
7/6/2023,6:36:02,27.6,66,9,2023-07-06 06:36:02,3,Medium
7/6/2023,6:36:05,27.6,66,0,2023-07-06 06:36:05,2,Medium
7/6/2023,6:36:08,27.6,66,0,2023-07-06 06:36:08,2,Medium
7/6/2023,6:36:11,27.6,66,0,2023-07-06 06:36:11,2,Medium
7/6/2023,6:36:14,27.6,66,0,2023-07-06 06:36:14,2,Medium
7/6/2023,6:36:18,27.6,66,0,2023-07-06 06:36:18,2,Medium
7/6/2023,6:36:21,27.6,66,0,2023-07-06 06:36:21,2,Medium
7/6/2023,6:36:24,27.6,66,0,2023-07-06 06:36:24,2,Medium
7/6/2023,6:36:27,27.6,66,0,2023-07-06 06:36:27,2,Medium
7/6/2023,6:36:30,27.6,66,0,2023-07-06 06:36:30,2,Medium
7/6/2023,6:36:37,27.6,66,0,2023-07-06 06:36:37,2,Medium
7/6/2023,6:36:40,27.6,66,0,2023-07-06 06:36:40,2,Medium
7/6/2023,6:36:43,27.6,66,0,2023-07-06 06:36:43,2,Medium
7/6/2023,6:36:46,27.6,66,0,2023-07-06 06:36:46,2,Medium
7/6/2023,6:36:49,27.6,66,0,2023-07-06 06:36:49,2,Medium
7/6/2023,6:36:52,27.6,66,0,2023-07-06 06:36:52,2,Medium
7/6/2023,6:36:55,27.6,66,0,2023-07-06 06:36:55,2,Medium
7/6/2023,6:36:58,27.6,66,0,2023-07-06 06:36:58,2,Medium
7/6/2023,6:37:01,27.6,66,0,2023-07-06 06:37:01,2,Medium
7/6/2023,6:37:05,27.6,66,0,2023-07-06 06:37:05,2,Medium
7/6/2023,6:37:08,27.6,66,0,2023-07-06 06:37:08,2,Medium
7/6/2023,6:37:10,27.6,66,0,2023-07-06 06:37:10,2,Medium
7/6/2023,6:37:13,27.6,66,0,2023-07-06 06:37:13,2,Medium
7/6/2023,6:37:17,27.6,66,0,2023-07-06 06:37:17,2,Medium
7/6/2023,6:37:19,27.6,66,0,2023-07-06 06:37:19,2,Medium
7/6/2023,6:37:22,27.6,66,0,2023-07-06 06:37:22,2,Medium
7/6/2023,6:37:25,27.6,66,0,2023-07-06 06:37:25,2,Medium
7/6/2023,6:37:28,27.6,66,0,2023-07-06 06:37:28,2,Medium
7/6/2023,6:37:31,27.6,66,0,2023-07-06 06:37:31,2,Medium
7/6/2023,6:37:34,27.6,66,0,2023-07-06 06:37:34,2,Medium
7/6/2023,6:37:38,27.6,66,0,2023-07-06 06:37:38,2,Medium
7/6/2023,6:37:41,27.6,66,0,2023-07-06 06:37:41,2,Medium
7/6/2023,6:37:44,27.6,66,0,2023-07-06 06:37:44,2,Medium
7/6/2023,6:37:47,27.6,66,0,2023-07-06 06:37:47,2,Medium
7/6/2023,6:37:50,27.6,66,0,2023-07-06 06:37:50,2,Medium
7/6/2023,6:37:53,27.6,66,0,2023-07-06 06:37:53,2,Medium
7/6/2023,6:37:56,27.6,66,0,2023-07-06 06:37:56,2,Medium
7/6/2023,6:37:59,27.6,66,0,2023-07-06 06:37:59,2,Medium
7/6/2023,6:38:02,27.6,66,0,2023-07-06 06:38:02,2,Medium
7/6/2023,6:38:05,27.6,66,0,2023-07-06 06:38:05,2,Medium
7/6/2023,6:38:08,27.6,66,0,2023-07-06 06:38:08,2,Medium
7/6/2023,6:38:10,27.6,66,0,2023-07-06 06:38:10,2,Medium
7/6/2023,6:38:13,27.6,66,0,2023-07-06 06:38:13,2,Medium
7/6/2023,6:38:16,27.6,66,0,2023-07-06 06:38:16,2,Medium
7/6/2023,6:38:19,27.6,66,0,2023-07-06 06:38:19,2,Medium
7/6/2023,6:38:22,27.6,66,0,2023-07-06 06:38:22,2,Medium
7/6/2023,6:38:25,27.6,66,0,2023-07-06 06:38:25,2,Medium
7/6/2023,6:38:29,27.6,66,0,2023-07-06 06:38:29,2,Medium
7/6/2023,6:38:31,27.6,66,0,2023-07-06 06:38:31,2,Medium
7/6/2023,6:38:35,27.6,66,0,2023-07-06 06:38:35,2,Medium
7/6/2023,6:38:38,27.6,66,0,2023-07-06 06:38:38,2,Medium
7/6/2023,6:38:41,27.6,66,0,2023-07-06 06:38:41,2,Medium
7/6/2023,6:38:44,27.6,66,0,2023-07-06 06:38:44,2,Medium
7/6/2023,6:38:47,27.6,66,0,2023-07-06 06:38:47,2,Medium
7/6/2023,6:38:50,27.6,66,0,2023-07-06 06:38:50,2,Medium
7/6/2023,6:38:53,27.6,66,0,2023-07-06 06:38:53,2,Medium
7/6/2023,6:38:56,27.6,66,0,2023-07-06 06:38:56,2,Medium
7/6/2023,6:38:59,27.6,66,0,2023-07-06 06:38:59,2,Medium
7/6/2023,6:39:03,27.6,66,0,2023-07-06 06:39:03,2,Medium
7/6/2023,6:39:06,27.6,66,0,2023-07-06 06:39:06,2,Medium
7/6/2023,6:39:09,27.6,66,0,2023-07-06 06:39:09,2,Medium
7/6/2023,6:39:13,27.6,66,0,2023-07-06 06:39:13,2,Medium
7/6/2023,6:39:16,27.6,66,0,2023-07-06 06:39:16,2,Medium
7/6/2023,6:39:19,27.6,66,0,2023-07-06 06:39:19,2,Medium
7/6/2023,6:39:22,27.6,66,0,2023-07-06 06:39:22,2,Medium
7/6/2023,6:39:25,27.6,66,0,2023-07-06 06:39:25,2,Medium
7/6/2023,6:39:28,27.6,66,0,2023-07-06 06:39:28,2,Medium
7/6/2023,6:39:31,27.6,66,0,2023-07-06 06:39:31,2,Medium
7/6/2023,6:39:34,27.6,66,0,2023-07-06 06:39:34,2,Medium
7/6/2023,6:39:37,27.6,66,0,2023-07-06 06:39:37,2,Medium
7/6/2023,6:39:40,27.6,66,0,2023-07-06 06:39:40,2,Medium
7/6/2023,6:39:43,27.6,66,0,2023-07-06 06:39:43,2,Medium
7/6/2023,6:39:46,27.6,66,0,2023-07-06 06:39:46,2,Medium
7/6/2023,6:39:48,27.6,66,0,2023-07-06 06:39:48,2,Medium
7/6/2023,6:39:51,27.6,66,0,2023-07-06 06:39:51,2,Medium
7/6/2023,6:39:55,27.6,66,0,2023-07-06 06:39:55,2,Medium
7/6/2023,6:39:58,27.6,66,0,2023-07-06 06:39:58,2,Medium
7/6/2023,6:40:01,27.6,66,0,2023-07-06 06:40:01,2,Medium
7/6/2023,6:40:04,27.6,66,0,2023-07-06 06:40:04,2,Medium
7/6/2023,6:40:08,27.6,66,0,2023-07-06 06:40:08,2,Medium
7/6/2023,6:40:11,27.6,66,0,2023-07-06 06:40:11,2,Medium
7/6/2023,6:40:14,27.6,66,0,2023-07-06 06:40:14,2,Medium
7/6/2023,6:40:17,27.6,66,0,2023-07-06 06:40:17,2,Medium
7/6/2023,6:40:20,27.6,66,0,2023-07-06 06:40:20,2,Medium
7/6/2023,6:40:23,27.6,66,0,2023-07-06 06:40:23,2,Medium
7/6/2023,6:40:26,27.6,66,0,2023-07-06 06:40:26,2,Medium
7/6/2023,6:40:29,27.6,66,0,2023-07-06 06:40:29,2,Medium
7/6/2023,6:40:32,27.6,66,0,2023-07-06 06:40:32,2,Medium
7/6/2023,6:40:35,27.6,66,0,2023-07-06 06:40:35,2,Medium
7/6/2023,6:40:38,27.6,66,0,2023-07-06 06:40:38,2,Medium
7/6/2023,6:40:41,27.6,66,0,2023-07-06 06:40:41,2,Medium
7/6/2023,6:40:44,27.6,66,0,2023-07-06 06:40:44,2,Medium
7/6/2023,6:40:47,27.6,66,0,2023-07-06 06:40:47,2,Medium
7/6/2023,6:40:50,27.6,66,0,2023-07-06 06:40:50,2,Medium
7/6/2023,6:40:53,27.6,66,0,2023-07-06 06:40:53,2,Medium
7/6/2023,6:40:56,27.6,66,0,2023-07-06 06:40:56,2,Medium
7/6/2023,6:40:59,27.6,66,0,2023-07-06 06:40:59,2,Medium
7/6/2023,6:41:02,27.6,66,0,2023-07-06 06:41:02,2,Medium
7/6/2023,6:41:05,27.6,66,0,2023-07-06 06:41:05,2,Medium
7/6/2023,6:41:08,27.6,66,0,2023-07-06 06:41:08,2,Medium
7/6/2023,6:41:11,27.6,66,0,2023-07-06 06:41:11,2,Medium
7/6/2023,6:41:14,27.6,66,0,2023-07-06 06:41:14,2,Medium
7/6/2023,6:41:17,27.6,66,0,2023-07-06 06:41:17,2,Medium
7/6/2023,6:41:20,27.6,66,0,2023-07-06 06:41:20,2,Medium
7/6/2023,6:41:23,27.6,66,0,2023-07-06 06:41:23,2,Medium
7/6/2023,6:41:26,27.6,66,0,2023-07-06 06:41:26,2,Medium
7/6/2023,6:41:29,27.6,66,0,2023-07-06 06:41:29,2,Medium
7/6/2023,6:41:32,27.6,66,0,2023-07-06 06:41:32,2,Medium
7/6/2023,6:41:35,27.6,66,0,2023-07-06 06:41:35,2,Medium
7/6/2023,6:41:38,27.6,66,0,2023-07-06 06:41:38,2,Medium
7/6/2023,6:41:41,27.6,66,0,2023-07-06 06:41:41,2,Medium
7/6/2023,6:41:44,27.6,66,0,2023-07-06 06:41:44,2,Medium
7/6/2023,6:41:47,27.6,66,0,2023-07-06 06:41:47,2,Medium
7/6/2023,6:41:50,27.6,66,0,2023-07-06 06:41:50,2,Medium
7/6/2023,6:41:53,27.6,66,0,2023-07-06 06:41:53,2,Medium
7/6/2023,6:41:56,27.6,66,0,2023-07-06 06:41:56,2,Medium
7/6/2023,6:41:59,27.6,66,0,2023-07-06 06:41:59,2,Medium
7/6/2023,6:42:02,27.6,66,0,2023-07-06 06:42:02,2,Medium
7/6/2023,6:42:05,27.6,66,0,2023-07-06 06:42:05,2,Medium
7/6/2023,6:42:08,27.6,66,0,2023-07-06 06:42:08,2,Medium
7/6/2023,6:42:12,27.6,66,0,2023-07-06 06:42:12,2,Medium
7/6/2023,6:42:15,27.6,66,0,2023-07-06 06:42:15,2,Medium
7/6/2023,6:42:18,27.6,66,0,2023-07-06 06:42:18,2,Medium
7/6/2023,6:42:21,27.6,66,0,2023-07-06 06:42:21,2,Medium
7/6/2023,6:42:25,27.6,66,0,2023-07-06 06:42:25,2,Medium
7/6/2023,6:42:28,27.6,66,0,2023-07-06 06:42:28,2,Medium
7/6/2023,6:42:32,27.6,66,0,2023-07-06 06:42:32,2,Medium
7/6/2023,6:42:35,27.6,66,0,2023-07-06 06:42:35,2,Medium
7/6/2023,6:42:38,27.6,66,0,2023-07-06 06:42:38,2,Medium
7/6/2023,6:42:41,27.6,66,0,2023-07-06 06:42:41,2,Medium
7/6/2023,6:42:44,27.6,66,0,2023-07-06 06:42:44,2,Medium
7/6/2023,6:42:47,27.6,66,0,2023-07-06 06:42:47,2,Medium
7/6/2023,6:42:51,27.6,66,0,2023-07-06 06:42:51,2,Medium
7/6/2023,6:42:54,27.6,66,0,2023-07-06 06:42:54,2,Medium
7/6/2023,6:42:57,27.6,66,0,2023-07-06 06:42:57,2,Medium
7/6/2023,6:43:00,27.6,66,0,2023-07-06 06:43:00,2,Medium
7/6/2023,6:43:02,27.6,66,0,2023-07-06 06:43:02,2,Medium
7/6/2023,6:43:05,27.6,66,0,2023-07-06 06:43:05,2,Medium
7/6/2023,6:43:08,27.6,66,0,2023-07-06 06:43:08,2,Medium
7/6/2023,6:43:11,27.6,66,0,2023-07-06 06:43:11,2,Medium
7/6/2023,6:43:14,27.6,66,0,2023-07-06 06:43:14,2,Medium
7/6/2023,6:43:18,27.6,66,0,2023-07-06 06:43:18,2,Medium
7/6/2023,6:43:21,27.6,66,0,2023-07-06 06:43:21,2,Medium
7/6/2023,6:43:24,27.6,66,0,2023-07-06 06:43:24,2,Medium
7/6/2023,6:43:27,27.6,66,0,2023-07-06 06:43:27,2,Medium
7/6/2023,6:43:30,27.6,66,0,2023-07-06 06:43:30,2,Medium
7/6/2023,6:43:34,27.6,66,0,2023-07-06 06:43:34,2,Medium
7/6/2023,6:43:37,27.6,66,0,2023-07-06 06:43:37,2,Medium
7/6/2023,6:43:40,27.6,66,0,2023-07-06 06:43:40,2,Medium
7/6/2023,6:43:43,27.6,66,0,2023-07-06 06:43:43,2,Medium
7/6/2023,6:43:45,27.6,66,0,2023-07-06 06:43:45,2,Medium
7/6/2023,6:43:48,27.5,66,0,2023-07-06 06:43:48,2,Medium
7/6/2023,6:43:51,27.6,66,0,2023-07-06 06:43:51,2,Medium
7/6/2023,6:43:54,27.5,66,0,2023-07-06 06:43:54,2,Medium
7/6/2023,6:43:57,27.5,66,0,2023-07-06 06:43:57,2,Medium
7/6/2023,6:43:59,27.5,66,0,2023-07-06 06:43:59,2,Medium
7/6/2023,6:44:02,27.6,66,0,2023-07-06 06:44:02,2,Medium
7/6/2023,6:44:05,27.5,66,0,2023-07-06 06:44:05,2,Medium
7/6/2023,6:44:09,27.6,66,0,2023-07-06 06:44:09,2,Medium
7/6/2023,6:44:12,27.6,66,0,2023-07-06 06:44:12,2,Medium
7/6/2023,6:44:16,27.5,66,0,2023-07-06 06:44:16,2,Medium
7/6/2023,6:44:19,27.5,66,0,2023-07-06 06:44:19,2,Medium
7/6/2023,5:21:00,27.8,64,0,2023-07-06 05:21:00,2,Medium
7/6/2023,5:21:06,27.4,65,0,2023-07-06 05:21:06,2,Medium
7/6/2023,5:21:13,27.4,65,0,2023-07-06 05:21:13,2,Medium
7/6/2023,5:21:17,27.4,65,0,2023-07-06 05:21:17,2,Medium
7/6/2023,5:21:21,27.4,65,0,2023-07-06 05:21:21,2,Medium
7/6/2023,5:21:25,27.4,65,0,2023-07-06 05:21:25,2,Medium
7/6/2023,5:21:30,27.4,65,0,2023-07-06 05:21:30,2,Medium
7/6/2023,5:21:40,27.4,65,0,2023-07-06 05:21:40,2,Medium
7/6/2023,5:21:48,27.4,65,0,2023-07-06 05:21:48,2,Medium
7/6/2023,5:21:53,27.4,65,0,2023-07-06 05:21:53,2,Medium
7/6/2023,5:21:58,27.4,65,0,2023-07-06 05:21:58,2,Medium
7/6/2023,5:22:02,27.4,65,0,2023-07-06 05:22:02,2,Medium
7/6/2023,5:22:06,27.4,65,0,2023-07-06 05:22:06,2,Medium
7/6/2023,5:22:10,27.4,65,0,2023-07-06 05:22:10,2,Medium
7/6/2023,5:22:14,27.4,65,0,2023-07-06 05:22:14,2,Medium
7/6/2023,5:22:17,27.4,65,0,2023-07-06 05:22:17,2,Medium
7/6/2023,5:22:21,27.4,65,0,2023-07-06 05:22:21,2,Medium
7/6/2023,5:22:25,27.4,65,0,2023-07-06 05:22:25,2,Medium
7/6/2023,5:22:29,27.4,65,0,2023-07-06 05:22:29,2,Medium
7/6/2023,5:22:33,27.3,65,0,2023-07-06 05:22:33,2,Medium
7/6/2023,5:22:38,27.4,65,0,2023-07-06 05:22:38,2,Medium
7/6/2023,5:22:42,27.4,65,0,2023-07-06 05:22:42,2,Medium
7/6/2023,5:22:46,27.4,65,0,2023-07-06 05:22:46,2,Medium
7/6/2023,5:22:49,27.4,65,0,2023-07-06 05:22:49,2,Medium
7/6/2023,5:22:53,27.4,65,0,2023-07-06 05:22:53,2,Medium
7/6/2023,5:22:57,27.4,65,0,2023-07-06 05:22:57,2,Medium
7/6/2023,5:23:01,27.4,65,0,2023-07-06 05:23:01,2,Medium
7/6/2023,5:23:05,27.4,65,0,2023-07-06 05:23:05,2,Medium
7/6/2023,5:23:09,27.4,65,0,2023-07-06 05:23:09,2,Medium
7/6/2023,5:23:12,27.4,65,0,2023-07-06 05:23:12,2,Medium
7/6/2023,5:23:16,27.4,65,0,2023-07-06 05:23:16,2,Medium
7/6/2023,5:23:19,27.4,65,0,2023-07-06 05:23:19,2,Medium
7/6/2023,5:23:24,27.4,65,0,2023-07-06 05:23:24,2,Medium
7/6/2023,5:23:28,27.4,65,0,2023-07-06 05:23:28,2,Medium
7/6/2023,5:23:33,27.4,65,0,2023-07-06 05:23:33,2,Medium
7/6/2023,5:23:36,27.4,65,0,2023-07-06 05:23:36,2,Medium
7/6/2023,5:23:40,27.4,65,0,2023-07-06 05:23:40,2,Medium
7/6/2023,5:23:43,27.4,65,0,2023-07-06 05:23:43,2,Medium
7/7/2023,4:27:17,27.2,71,0,2023-07-07 04:27:17,3,Medium
7/7/2023,4:27:21,27.2,71,0,2023-07-07 04:27:21,3,Medium
7/7/2023,4:27:25,27.2,71,0,2023-07-07 04:27:25,3,Medium
7/7/2023,4:27:28,27.2,71,0,2023-07-07 04:27:28,3,Medium
7/7/2023,4:27:32,27.2,71,0,2023-07-07 04:27:32,3,Medium
7/7/2023,4:27:35,27.2,71,0,2023-07-07 04:27:35,3,Medium
7/7/2023,4:27:38,27.2,71,0,2023-07-07 04:27:38,3,Medium
7/7/2023,4:27:42,27.2,71,0,2023-07-07 04:27:42,3,Medium
7/7/2023,4:27:46,27.2,71,0,2023-07-07 04:27:46,3,Medium
7/7/2023,4:27:50,27.2,71,0,2023-07-07 04:27:50,3,Medium
7/7/2023,4:27:55,27.2,71,0,2023-07-07 04:27:55,3,Medium
7/7/2023,4:27:59,27.2,71,0,2023-07-07 04:27:59,3,Medium
7/7/2023,4:28:03,27.2,71,0,2023-07-07 04:28:03,3,Medium
7/7/2023,4:28:07,27.2,71,0,2023-07-07 04:28:07,3,Medium
7/7/2023,4:28:10,27.2,71,0,2023-07-07 04:28:10,3,Medium
7/7/2023,4:28:13,27.2,71,0,2023-07-07 04:28:13,3,Medium
7/7/2023,4:28:17,27.2,71,0,2023-07-07 04:28:17,3,Medium
7/7/2023,4:28:20,27.2,71,0,2023-07-07 04:28:20,3,Medium
7/7/2023,4:28:24,27.2,71,0,2023-07-07 04:28:24,3,Medium
7/7/2023,4:28:28,27.2,71,0,2023-07-07 04:28:28,3,Medium
7/7/2023,4:28:32,27.2,71,0,2023-07-07 04:28:32,3,Medium
7/7/2023,4:28:35,27.2,71,0,2023-07-07 04:28:35,3,Medium
7/7/2023,4:28:38,27.2,71,0,2023-07-07 04:28:38,3,Medium
7/7/2023,4:28:41,27.2,71,0,2023-07-07 04:28:41,3,Medium
7/7/2023,4:28:45,27.3,71,0,2023-07-07 04:28:45,3,Medium
7/7/2023,4:28:49,27.2,71,0,2023-07-07 04:28:49,3,Medium
7/7/2023,4:28:53,27.2,71,0,2023-07-07 04:28:53,3,Medium
7/7/2023,4:28:58,27.2,71,0,2023-07-07 04:28:58,3,Medium
7/7/2023,4:29:03,27.2,71,0,2023-07-07 04:29:03,3,Medium
7/7/2023,4:29:06,27.2,71,0,2023-07-07 04:29:06,3,Medium
7/7/2023,4:29:10,27.2,71,0,2023-07-07 04:29:10,3,Medium
7/7/2023,4:29:14,27.2,71,0,2023-07-07 04:29:14,3,Medium
7/7/2023,4:29:18,27.2,71,0,2023-07-07 04:29:18,3,Medium
7/7/2023,4:29:22,27.2,71,0,2023-07-07 04:29:22,3,Medium
7/7/2023,4:29:25,27.2,71,0,2023-07-07 04:29:25,3,Medium
7/7/2023,4:29:29,27.2,71,0,2023-07-07 04:29:29,3,Medium
7/7/2023,4:29:33,27.2,71,0,2023-07-07 04:29:33,3,Medium
7/7/2023,4:29:36,27.2,71,0,2023-07-07 04:29:36,3,Medium
7/7/2023,4:29:40,27.2,71,0,2023-07-07 04:29:40,3,Medium
7/7/2023,4:29:43,27.2,71,0,2023-07-07 04:29:43,3,Medium
7/7/2023,4:29:47,27.2,71,0,2023-07-07 04:29:47,3,Medium
7/7/2023,4:29:50,27.2,71,0,2023-07-07 04:29:50,3,Medium
7/7/2023,4:29:54,27.2,71,0,2023-07-07 04:29:54,3,Medium
7/7/2023,4:29:58,27.2,71,0,2023-07-07 04:29:58,3,Medium
7/7/2023,4:30:03,27.2,71,0,2023-07-07 04:30:03,3,Medium
7/7/2023,4:30:07,27.2,71,0,2023-07-07 04:30:07,3,Medium
7/7/2023,4:30:10,27.2,71,0,2023-07-07 04:30:10,3,Medium
7/7/2023,4:30:13,27.2,71,0,2023-07-07 04:30:13,3,Medium
7/7/2023,4:30:18,27.2,71,0,2023-07-07 04:30:18,3,Medium
7/7/2023,4:30:22,27.2,71,0,2023-07-07 04:30:22,3,Medium
7/7/2023,4:30:25,27.2,71,0,2023-07-07 04:30:25,3,Medium
7/7/2023,4:30:29,27.2,71,0,2023-07-07 04:30:29,3,Medium
7/7/2023,4:30:33,27.2,71,0,2023-07-07 04:30:33,3,Medium
7/7/2023,4:30:36,27.2,71,0,2023-07-07 04:30:36,3,Medium
7/7/2023,4:30:40,27.2,71,0,2023-07-07 04:30:40,3,Medium
7/7/2023,4:30:44,27.2,71,0,2023-07-07 04:30:44,3,Medium
7/7/2023,4:30:48,27.2,71,0,2023-07-07 04:30:48,3,Medium
7/7/2023,4:30:52,27.2,71,0,2023-07-07 04:30:52,3,Medium
7/7/2023,4:30:55,27.2,71,0,2023-07-07 04:30:55,3,Medium
7/7/2023,4:30:59,27.2,71,0,2023-07-07 04:30:59,3,Medium
7/7/2023,4:31:02,27.2,71,0,2023-07-07 04:31:02,3,Medium
7/7/2023,4:31:06,27.2,71,0,2023-07-07 04:31:06,3,Medium
7/7/2023,4:31:09,27.2,71,0,2023-07-07 04:31:09,3,Medium
7/7/2023,4:31:12,27.2,71,0,2023-07-07 04:31:12,3,Medium
7/7/2023,4:31:16,27.2,71,0,2023-07-07 04:31:16,3,Medium
7/7/2023,4:31:19,27.2,71,0,2023-07-07 04:31:19,3,Medium
7/7/2023,4:31:22,27.2,71,0,2023-07-07 04:31:22,3,Medium
7/7/2023,4:31:26,27.2,71,0,2023-07-07 04:31:26,3,Medium
7/7/2023,4:31:29,27.2,71,0,2023-07-07 04:31:29,3,Medium
7/7/2023,4:31:33,27.2,71,0,2023-07-07 04:31:33,3,Medium
7/7/2023,4:31:36,27.2,71,0,2023-07-07 04:31:36,3,Medium
7/7/2023,4:31:40,27.2,71,0,2023-07-07 04:31:40,3,Medium
7/7/2023,4:31:43,27.2,71,0,2023-07-07 04:31:43,3,Medium
7/7/2023,4:31:46,27.2,71,0,2023-07-07 04:31:46,3,Medium
7/7/2023,4:31:50,27.2,71,0,2023-07-07 04:31:50,3,Medium
7/7/2023,4:31:54,27.2,71,0,2023-07-07 04:31:54,3,Medium
7/7/2023,4:31:57,27.2,71,0,2023-07-07 04:31:57,3,Medium
7/7/2023,4:32:01,27.2,71,0,2023-07-07 04:32:01,3,Medium
7/7/2023,4:32:04,27.2,71,0,2023-07-07 04:32:04,3,Medium
7/7/2023,4:32:07,27.2,71,0,2023-07-07 04:32:07,3,Medium
7/7/2023,4:32:10,27.2,71,0,2023-07-07 04:32:10,3,Medium
7/7/2023,4:32:13,27.2,71,0,2023-07-07 04:32:13,3,Medium
7/7/2023,4:32:17,27.2,71,0,2023-07-07 04:32:17,3,Medium
7/7/2023,4:32:20,27.2,71,0,2023-07-07 04:32:20,3,Medium
7/7/2023,4:32:24,27.2,71,0,2023-07-07 04:32:24,3,Medium
7/7/2023,4:32:27,27.2,71,0,2023-07-07 04:32:27,3,Medium
7/7/2023,4:32:30,27.2,71,0,2023-07-07 04:32:30,3,Medium
7/7/2023,4:32:33,27.2,71,0,2023-07-07 04:32:33,3,Medium
7/7/2023,4:32:37,27.2,71,0,2023-07-07 04:32:37,3,Medium
7/7/2023,4:32:40,27.2,71,0,2023-07-07 04:32:40,3,Medium
7/7/2023,4:32:44,27.2,71,0,2023-07-07 04:32:44,3,Medium
7/7/2023,4:32:48,27.2,71,0,2023-07-07 04:32:48,3,Medium
7/7/2023,4:32:51,27.2,71,0,2023-07-07 04:32:51,3,Medium
7/7/2023,4:32:54,27.2,71,0,2023-07-07 04:32:54,3,Medium
7/7/2023,4:32:58,27.2,71,0,2023-07-07 04:32:58,3,Medium
7/7/2023,4:33:01,27.2,71,0,2023-07-07 04:33:01,3,Medium
7/7/2023,4:33:05,27.2,71,0,2023-07-07 04:33:05,3,Medium
7/7/2023,4:33:08,27.2,71,0,2023-07-07 04:33:08,3,Medium
7/7/2023,4:33:12,27.2,71,0,2023-07-07 04:33:12,3,Medium
7/7/2023,4:33:15,27.2,71,0,2023-07-07 04:33:15,3,Medium
7/7/2023,4:33:19,27.2,71,0,2023-07-07 04:33:19,3,Medium
7/7/2023,4:33:22,27.2,71,0,2023-07-07 04:33:22,3,Medium
7/7/2023,4:33:25,27.2,71,0,2023-07-07 04:33:25,3,Medium
7/7/2023,4:33:31,27.2,71,0,2023-07-07 04:33:31,3,Medium
7/7/2023,4:33:34,27.2,71,0,2023-07-07 04:33:34,3,Medium
7/7/2023,4:33:38,27.2,71,0,2023-07-07 04:33:38,3,Medium
7/7/2023,4:34:30,27.2,71,0,2023-07-07 04:34:30,3,Medium
7/7/2023,4:34:34,27.2,71,0,2023-07-07 04:34:34,3,Medium
7/7/2023,4:34:37,27.2,71,0,2023-07-07 04:34:37,3,Medium
7/7/2023,4:34:40,27.2,71,0,2023-07-07 04:34:40,3,Medium
7/7/2023,4:34:44,27.2,71,0,2023-07-07 04:34:44,3,Medium
7/7/2023,4:34:47,27.2,71,0,2023-07-07 04:34:47,3,Medium
7/7/2023,4:34:50,27.2,71,0,2023-07-07 04:34:50,3,Medium
7/7/2023,4:34:54,27.2,71,0,2023-07-07 04:34:54,3,Medium
7/7/2023,4:34:58,27.2,71,0,2023-07-07 04:34:58,3,Medium
7/7/2023,4:35:01,27.2,71,0,2023-07-07 04:35:01,3,Medium
7/7/2023,4:35:04,27.2,71,0,2023-07-07 04:35:04,3,Medium
7/7/2023,4:35:07,27.2,71,0,2023-07-07 04:35:07,3,Medium
7/7/2023,4:35:11,27.2,71,0,2023-07-07 04:35:11,3,Medium
7/7/2023,4:35:14,27.2,71,0,2023-07-07 04:35:14,3,Medium
7/7/2023,4:35:18,27.2,71,0,2023-07-07 04:35:18,3,Medium
7/7/2023,4:35:21,27.2,71,0,2023-07-07 04:35:21,3,Medium
7/7/2023,4:35:24,27.2,71,0,2023-07-07 04:35:24,3,Medium
7/7/2023,4:35:27,27.2,71,0,2023-07-07 04:35:27,3,Medium
7/7/2023,4:35:31,27.2,71,0,2023-07-07 04:35:31,3,Medium
7/7/2023,4:35:35,27.2,71,0,2023-07-07 04:35:35,3,Medium
7/7/2023,4:35:38,27.2,71,0,2023-07-07 04:35:38,3,Medium
7/7/2023,4:35:42,27.2,71,0,2023-07-07 04:35:42,3,Medium
7/7/2023,4:35:45,27.2,71,0,2023-07-07 04:35:45,3,Medium
7/7/2023,4:35:49,27.2,71,0,2023-07-07 04:35:49,3,Medium
7/7/2023,4:35:52,27.2,71,0,2023-07-07 04:35:52,3,Medium
7/7/2023,4:35:55,27.2,71,0,2023-07-07 04:35:55,3,Medium
7/7/2023,4:35:58,27.2,71,0,2023-07-07 04:35:58,3,Medium
7/7/2023,4:36:01,27.2,71,0,2023-07-07 04:36:01,3,Medium
7/7/2023,4:36:05,27.2,71,0,2023-07-07 04:36:05,3,Medium
7/7/2023,4:36:08,27.2,71,0,2023-07-07 04:36:08,3,Medium
7/7/2023,4:36:12,27.2,71,0,2023-07-07 04:36:12,3,Medium
7/7/2023,4:36:16,27.2,71,0,2023-07-07 04:36:16,3,Medium
7/7/2023,4:36:20,27.2,71,0,2023-07-07 04:36:20,3,Medium
7/7/2023,4:36:23,27.2,71,0,2023-07-07 04:36:23,3,Medium
7/7/2023,4:36:27,27.2,71,0,2023-07-07 04:36:27,3,Medium
7/7/2023,4:36:30,27.2,71,0,2023-07-07 04:36:30,3,Medium
7/7/2023,4:36:34,27.2,71,0,2023-07-07 04:36:34,3,Medium
7/7/2023,4:36:37,27.2,71,0,2023-07-07 04:36:37,3,Medium
7/7/2023,4:36:41,27.2,71,0,2023-07-07 04:36:41,3,Medium
7/7/2023,4:36:45,27.2,71,0,2023-07-07 04:36:45,3,Medium
7/7/2023,4:36:48,27.2,71,0,2023-07-07 04:36:48,3,Medium
7/7/2023,4:36:51,27.2,71,0,2023-07-07 04:36:51,3,Medium
7/7/2023,4:36:54,27.2,71,0,2023-07-07 04:36:54,3,Medium
7/7/2023,4:36:58,27.2,71,0,2023-07-07 04:36:58,3,Medium
7/7/2023,4:37:01,27.2,71,0,2023-07-07 04:37:01,3,Medium
7/7/2023,4:37:05,27.2,71,0,2023-07-07 04:37:05,3,Medium
7/7/2023,4:37:08,27.2,71,0,2023-07-07 04:37:08,3,Medium
7/7/2023,4:37:12,27.2,71,0,2023-07-07 04:37:12,3,Medium
7/7/2023,4:37:15,27.2,71,0,2023-07-07 04:37:15,3,Medium
7/7/2023,4:37:19,27.2,71,0,2023-07-07 04:37:19,3,Medium
7/7/2023,4:37:24,27.2,71,0,2023-07-07 04:37:24,3,Medium
7/7/2023,4:37:27,27.2,71,0,2023-07-07 04:37:27,3,Medium
7/7/2023,4:37:31,27.2,71,0,2023-07-07 04:37:31,3,Medium
7/7/2023,4:37:34,27.2,71,0,2023-07-07 04:37:34,3,Medium
7/7/2023,4:37:37,27.2,71,0,2023-07-07 04:37:37,3,Medium
7/7/2023,4:37:41,27.2,71,0,2023-07-07 04:37:41,3,Medium
7/7/2023,4:37:45,27.2,71,0,2023-07-07 04:37:45,3,Medium
7/7/2023,4:37:48,27.2,71,0,2023-07-07 04:37:48,3,Medium
7/7/2023,4:37:52,27.2,71,0,2023-07-07 04:37:52,3,Medium
7/7/2023,4:37:56,27.2,71,0,2023-07-07 04:37:56,3,Medium
7/7/2023,4:38:00,27.2,71,0,2023-07-07 04:38:00,3,Medium
7/7/2023,4:38:03,27.3,71,0,2023-07-07 04:38:03,3,Medium
7/7/2023,4:38:07,27.2,71,0,2023-07-07 04:38:07,3,Medium
7/7/2023,4:38:11,27.2,71,0,2023-07-07 04:38:11,3,Medium
7/7/2023,4:38:14,27.2,71,0,2023-07-07 04:38:14,3,Medium
7/7/2023,4:38:17,27.2,71,0,2023-07-07 04:38:17,3,Medium
7/7/2023,4:38:21,27.2,71,0,2023-07-07 04:38:21,3,Medium
7/7/2023,4:38:24,27.2,71,0,2023-07-07 04:38:24,3,Medium
7/7/2023,4:38:27,27.2,71,0,2023-07-07 04:38:27,3,Medium
7/7/2023,4:38:31,27.2,71,0,2023-07-07 04:38:31,3,Medium
7/7/2023,4:38:35,27.2,71,0,2023-07-07 04:38:35,3,Medium
7/7/2023,4:38:38,27.2,71,0,2023-07-07 04:38:38,3,Medium
7/7/2023,4:38:41,27.2,71,0,2023-07-07 04:38:41,3,Medium
7/7/2023,4:38:45,27.2,71,0,2023-07-07 04:38:45,3,Medium
7/7/2023,4:38:48,27.2,71,0,2023-07-07 04:38:48,3,Medium
7/7/2023,4:38:52,27.2,71,0,2023-07-07 04:38:52,3,Medium
7/7/2023,4:38:55,27.2,71,0,2023-07-07 04:38:55,3,Medium
7/7/2023,4:38:58,27.2,71,0,2023-07-07 04:38:58,3,Medium
7/7/2023,4:39:01,27.2,71,0,2023-07-07 04:39:01,3,Medium
7/7/2023,4:39:04,27.2,71,0,2023-07-07 04:39:04,3,Medium
7/7/2023,4:39:08,27.2,71,0,2023-07-07 04:39:08,3,Medium
7/7/2023,4:39:11,27.2,71,0,2023-07-07 04:39:11,3,Medium
7/7/2023,4:39:16,27.2,71,0,2023-07-07 04:39:16,3,Medium
7/7/2023,4:39:20,27.2,71,0,2023-07-07 04:39:20,3,Medium
7/7/2023,4:39:25,27.2,71,0,2023-07-07 04:39:25,3,Medium
7/7/2023,4:39:28,27.2,71,0,2023-07-07 04:39:28,3,Medium
7/7/2023,4:39:31,27.2,71,0,2023-07-07 04:39:31,3,Medium
7/7/2023,4:39:35,27.2,71,0,2023-07-07 04:39:35,3,Medium
7/7/2023,4:39:38,27.2,71,0,2023-07-07 04:39:38,3,Medium
7/7/2023,4:39:42,27.2,71,0,2023-07-07 04:39:42,3,Medium
7/7/2023,4:39:46,27.2,71,0,2023-07-07 04:39:46,3,Medium
7/7/2023,4:39:49,27.2,71,0,2023-07-07 04:39:49,3,Medium
7/7/2023,4:39:54,27.2,71,0,2023-07-07 04:39:54,3,Medium
7/7/2023,4:39:58,27.2,71,0,2023-07-07 04:39:58,3,Medium
7/7/2023,4:40:02,27.2,71,0,2023-07-07 04:40:02,3,Medium
7/7/2023,4:40:05,27.2,71,0,2023-07-07 04:40:05,3,Medium
7/7/2023,4:40:09,27.2,71,0,2023-07-07 04:40:09,3,Medium
7/7/2023,4:40:13,27.2,71,0,2023-07-07 04:40:13,3,Medium
7/7/2023,4:40:17,27.2,71,0,2023-07-07 04:40:17,3,Medium
7/7/2023,4:40:21,27.2,71,0,2023-07-07 04:40:21,3,Medium
7/7/2023,4:40:25,27.2,71,0,2023-07-07 04:40:25,3,Medium
7/7/2023,4:40:29,27.2,71,0,2023-07-07 04:40:29,3,Medium
7/7/2023,4:40:32,27.2,71,0,2023-07-07 04:40:32,3,Medium
7/7/2023,4:40:36,27.2,71,0,2023-07-07 04:40:36,3,Medium
7/7/2023,4:40:40,27.2,71,0,2023-07-07 04:40:40,3,Medium
7/7/2023,4:40:43,27.2,71,0,2023-07-07 04:40:43,3,Medium
7/7/2023,4:40:47,27.2,71,0,2023-07-07 04:40:47,3,Medium
7/7/2023,4:40:51,27.2,71,0,2023-07-07 04:40:51,3,Medium
7/7/2023,4:40:55,27.2,71,0,2023-07-07 04:40:55,3,Medium
7/7/2023,4:41:00,27.2,71,0,2023-07-07 04:41:00,3,Medium
7/7/2023,4:41:05,27.2,71,0,2023-07-07 04:41:05,3,Medium
7/7/2023,4:41:08,27.2,71,0,2023-07-07 04:41:08,3,Medium
7/7/2023,4:41:12,27.2,71,0,2023-07-07 04:41:12,3,Medium
7/7/2023,4:41:16,27.2,71,0,2023-07-07 04:41:16,3,Medium
7/7/2023,4:41:19,27.2,71,0,2023-07-07 04:41:19,3,Medium
7/7/2023,4:41:23,27.2,71,0,2023-07-07 04:41:23,3,Medium
7/7/2023,4:41:27,27.2,71,0,2023-07-07 04:41:27,3,Medium
7/7/2023,4:41:31,27.2,71,0,2023-07-07 04:41:31,3,Medium
7/7/2023,4:41:35,27.2,71,0,2023-07-07 04:41:35,3,Medium
7/7/2023,4:41:38,27.2,71,0,2023-07-07 04:41:38,3,Medium
7/7/2023,4:41:43,27.2,71,0,2023-07-07 04:41:43,3,Medium
7/7/2023,4:41:47,27.2,71,0,2023-07-07 04:41:47,3,Medium
7/7/2023,4:41:51,27.2,71,0,2023-07-07 04:41:51,3,Medium
7/7/2023,4:41:54,27.2,71,0,2023-07-07 04:41:54,3,Medium
7/7/2023,4:41:58,27.2,71,0,2023-07-07 04:41:58,3,Medium
7/7/2023,4:42:02,27.2,71,0,2023-07-07 04:42:02,3,Medium
7/7/2023,4:42:05,27.2,71,0,2023-07-07 04:42:05,3,Medium
7/7/2023,4:42:09,27.2,71,0,2023-07-07 04:42:09,3,Medium
7/7/2023,4:42:13,27.2,71,0,2023-07-07 04:42:13,3,Medium
7/7/2023,4:42:16,27.2,71,0,2023-07-07 04:42:16,3,Medium
7/7/2023,4:42:20,27.2,71,0,2023-07-07 04:42:20,3,Medium
7/7/2023,4:42:24,27.2,71,0,2023-07-07 04:42:24,3,Medium
7/7/2023,4:42:27,27.2,71,0,2023-07-07 04:42:27,3,Medium
7/7/2023,4:42:31,27.2,71,0,2023-07-07 04:42:31,3,Medium
7/7/2023,4:42:37,27.2,71,0,2023-07-07 04:42:37,3,Medium
7/7/2023,4:42:42,27.2,71,0,2023-07-07 04:42:42,3,Medium
7/7/2023,4:42:46,27.2,71,0,2023-07-07 04:42:46,3,Medium
7/7/2023,4:42:50,27.2,71,0,2023-07-07 04:42:50,3,Medium
7/7/2023,4:42:54,27.2,71,0,2023-07-07 04:42:54,3,Medium
7/7/2023,4:42:58,27.2,71,0,2023-07-07 04:42:58,3,Medium
7/7/2023,4:43:01,27.2,71,0,2023-07-07 04:43:01,3,Medium
7/7/2023,4:43:06,27.2,71,0,2023-07-07 04:43:06,3,Medium
7/7/2023,4:43:11,27.2,71,0,2023-07-07 04:43:11,3,Medium
7/7/2023,4:43:15,27.2,71,0,2023-07-07 04:43:15,3,Medium
7/7/2023,4:43:20,27.2,71,0,2023-07-07 04:43:20,3,Medium
7/7/2023,4:43:24,27.2,71,0,2023-07-07 04:43:24,3,Medium
7/7/2023,4:43:28,27.2,71,0,2023-07-07 04:43:28,3,Medium
7/7/2023,4:43:34,27.2,71,0,2023-07-07 04:43:34,3,Medium
7/7/2023,4:43:39,27.2,71,0,2023-07-07 04:43:39,3,Medium
7/7/2023,4:43:44,27.2,71,0,2023-07-07 04:43:44,3,Medium
7/7/2023,4:43:48,27.2,71,0,2023-07-07 04:43:48,3,Medium
7/7/2023,4:43:53,27.2,71,0,2023-07-07 04:43:53,3,Medium
7/7/2023,4:43:57,27.2,71,0,2023-07-07 04:43:57,3,Medium
7/7/2023,4:44:00,27.2,71,0,2023-07-07 04:44:00,3,Medium
7/7/2023,4:44:04,27.2,71,0,2023-07-07 04:44:04,3,Medium
7/7/2023,4:44:07,27.2,71,0,2023-07-07 04:44:07,3,Medium
7/7/2023,4:44:11,27.2,71,0,2023-07-07 04:44:11,3,Medium
7/7/2023,4:44:15,27.2,71,0,2023-07-07 04:44:15,3,Medium
7/7/2023,4:44:20,27.2,71,0,2023-07-07 04:44:20,3,Medium
7/7/2023,4:44:25,27.2,71,0,2023-07-07 04:44:25,3,Medium
7/7/2023,4:44:30,27.2,71,0,2023-07-07 04:44:30,3,Medium
7/7/2023,4:44:34,27.2,71,0,2023-07-07 04:44:34,3,Medium
7/7/2023,4:44:39,27.2,71,0,2023-07-07 04:44:39,3,Medium
7/7/2023,4:44:43,27.2,71,0,2023-07-07 04:44:43,3,Medium
7/7/2023,4:44:47,27.2,71,0,2023-07-07 04:44:47,3,Medium
7/7/2023,4:44:50,27.2,71,0,2023-07-07 04:44:50,3,Medium
7/7/2023,4:44:55,27.2,71,0,2023-07-07 04:44:55,3,Medium
7/7/2023,4:44:59,27.2,71,0,2023-07-07 04:44:59,3,Medium
7/7/2023,4:45:02,27.2,71,0,2023-07-07 04:45:02,3,Medium
7/7/2023,4:45:06,27.2,71,0,2023-07-07 04:45:06,3,Medium
7/7/2023,4:45:09,27.2,71,0,2023-07-07 04:45:09,3,Medium
7/7/2023,4:45:12,27.2,71,0,2023-07-07 04:45:12,3,Medium
7/7/2023,4:45:15,27.2,71,0,2023-07-07 04:45:15,3,Medium
7/7/2023,4:45:19,27.2,71,0,2023-07-07 04:45:19,3,Medium
7/7/2023,4:45:23,27.2,71,0,2023-07-07 04:45:23,3,Medium
7/7/2023,4:46:12,27.2,71,0,2023-07-07 04:46:12,3,Medium
7/7/2023,4:46:17,27.2,71,0,2023-07-07 04:46:17,3,Medium
7/7/2023,4:46:21,27.1,71,0,2023-07-07 04:46:21,3,Medium
7/7/2023,4:46:25,27.1,71,0,2023-07-07 04:46:25,3,Medium
7/7/2023,4:46:30,27.1,71,0,2023-07-07 04:46:30,3,Medium
7/7/2023,4:46:33,27.1,71,0,2023-07-07 04:46:33,3,Medium
7/7/2023,4:46:37,27.1,71,0,2023-07-07 04:46:37,3,Medium
7/7/2023,4:46:40,27.1,71,0,2023-07-07 04:46:40,3,Medium
7/7/2023,4:46:44,27.1,71,0,2023-07-07 04:46:44,3,Medium
7/7/2023,4:46:47,27.1,71,0,2023-07-07 04:46:47,3,Medium
7/7/2023,4:46:51,27.1,71,0,2023-07-07 04:46:51,3,Medium
7/7/2023,4:46:54,27.1,71,0,2023-07-07 04:46:54,3,Medium
7/7/2023,4:46:58,27.1,71,0,2023-07-07 04:46:58,3,Medium
7/7/2023,4:47:02,27.1,71,0,2023-07-07 04:47:02,3,Medium
7/7/2023,4:47:07,27.1,71,0,2023-07-07 04:47:07,3,Medium
7/7/2023,4:47:11,27.1,71,0,2023-07-07 04:47:11,3,Medium
7/7/2023,4:47:15,27.1,71,0,2023-07-07 04:47:15,3,Medium
7/7/2023,4:47:20,27.1,71,0,2023-07-07 04:47:20,3,Medium
7/7/2023,4:47:25,27.1,71,0,2023-07-07 04:47:25,3,Medium
7/7/2023,4:47:31,27.1,71,0,2023-07-07 04:47:31,3,Medium
7/7/2023,4:47:36,27.1,71,0,2023-07-07 04:47:36,3,Medium
7/7/2023,4:47:42,27.1,71,0,2023-07-07 04:47:42,3,Medium
7/7/2023,4:47:47,27.1,71,0,2023-07-07 04:47:47,3,Medium
7/7/2023,4:47:52,27.1,71,0,2023-07-07 04:47:52,3,Medium
7/7/2023,4:47:58,27.1,71,0,2023-07-07 04:47:58,3,Medium
7/7/2023,4:48:04,27.1,71,0,2023-07-07 04:48:04,3,Medium
7/7/2023,4:48:08,27.1,71,0,2023-07-07 04:48:08,3,Medium
7/7/2023,4:48:12,27.1,71,0,2023-07-07 04:48:12,3,Medium
7/7/2023,4:48:17,27.1,71,0,2023-07-07 04:48:17,3,Medium
7/7/2023,4:48:21,27.1,71,0,2023-07-07 04:48:21,3,Medium
7/7/2023,4:48:25,27.1,71,0,2023-07-07 04:48:25,3,Medium
7/7/2023,4:48:29,27.1,71,0,2023-07-07 04:48:29,3,Medium
7/7/2023,4:48:33,27.1,71,0,2023-07-07 04:48:33,3,Medium
7/7/2023,4:48:39,27.1,71,0,2023-07-07 04:48:39,3,Medium
7/7/2023,4:48:43,27.1,71,0,2023-07-07 04:48:43,3,Medium
7/7/2023,4:48:47,27.1,71,0,2023-07-07 04:48:47,3,Medium
7/7/2023,4:48:52,27.1,71,0,2023-07-07 04:48:52,3,Medium
7/7/2023,4:48:56,27.1,71,0,2023-07-07 04:48:56,3,Medium
7/7/2023,4:49:03,27.1,71,0,2023-07-07 04:49:03,3,Medium
7/7/2023,4:49:09,27.1,71,0,2023-07-07 04:49:09,3,Medium
7/7/2023,4:49:13,27.1,71,0,2023-07-07 04:49:13,3,Medium
7/7/2023,4:49:16,27.1,71,0,2023-07-07 04:49:16,3,Medium
7/7/2023,4:49:20,27.1,71,0,2023-07-07 04:49:20,3,Medium
7/7/2023,4:49:24,27.1,71,0,2023-07-07 04:49:24,3,Medium
7/7/2023,4:49:27,27.1,71,0,2023-07-07 04:49:27,3,Medium
7/7/2023,4:49:31,27.1,71,0,2023-07-07 04:49:31,3,Medium
7/7/2023,4:49:35,27.2,71,0,2023-07-07 04:49:35,3,Medium
7/7/2023,4:49:38,27.1,71,0,2023-07-07 04:49:38,3,Medium
7/7/2023,4:49:41,27.1,71,0,2023-07-07 04:49:41,3,Medium
7/7/2023,4:49:45,27.1,71,0,2023-07-07 04:49:45,3,Medium
7/7/2023,4:49:48,27.1,71,0,2023-07-07 04:49:48,3,Medium
7/7/2023,4:49:52,27.1,71,0,2023-07-07 04:49:52,3,Medium
7/8/2023,8:23:46,26.3,74,0,2023-07-08 08:23:46,3,Medium
7/8/2023,8:23:50,26.6,73,0,2023-07-08 08:23:50,3,Medium
7/8/2023,8:23:53,26.6,73,0,2023-07-08 08:23:53,3,Medium
7/8/2023,8:23:56,26.6,73,0,2023-07-08 08:23:56,3,Medium
7/8/2023,8:23:59,26.6,73,0,2023-07-08 08:23:59,3,Medium
7/8/2023,8:24:02,26.6,73,0,2023-07-08 08:24:02,3,Medium
7/8/2023,8:24:05,26.6,73,0,2023-07-08 08:24:05,3,Medium
7/8/2023,8:24:08,26.6,73,0,2023-07-08 08:24:08,3,Medium
7/8/2023,8:24:12,26.6,73,0,2023-07-08 08:24:12,3,Medium
7/8/2023,8:24:15,26.7,73,0,2023-07-08 08:24:15,3,Medium
7/8/2023,8:24:18,26.7,73,0,2023-07-08 08:24:18,3,Medium
7/8/2023,8:31:50,26.7,72,0,2023-07-08 08:31:50,3,Medium
7/8/2023,8:31:53,26.8,72,0,2023-07-08 08:31:53,3,Medium
7/8/2023,8:31:56,26.7,72,0,2023-07-08 08:31:56,3,Medium
7/8/2023,8:31:59,26.7,72,0,2023-07-08 08:31:59,3,Medium
7/8/2023,8:32:04,26.7,72,0,2023-07-08 08:32:04,3,Medium
7/8/2023,8:32:07,26.7,72,0,2023-07-08 08:32:07,3,Medium
7/8/2023,8:32:10,26.7,72,0,2023-07-08 08:32:10,3,Medium
7/8/2023,8:32:14,26.7,72,0,2023-07-08 08:32:14,3,Medium
7/8/2023,8:32:17,26.7,72,0,2023-07-08 08:32:17,3,Medium
7/8/2023,8:32:20,26.7,72,0,2023-07-08 08:32:20,3,Medium
7/8/2023,8:32:23,26.7,72,0,2023-07-08 08:32:23,3,Medium
7/8/2023,8:32:26,26.7,72,0,2023-07-08 08:32:26,3,Medium
7/8/2023,8:32:29,26.7,72,0,2023-07-08 08:32:29,3,Medium
7/8/2023,8:32:32,26.7,72,0,2023-07-08 08:32:32,3,Medium
7/8/2023,8:32:35,26.7,72,0,2023-07-08 08:32:35,3,Medium
7/8/2023,8:32:38,26.7,72,0,2023-07-08 08:32:38,3,Medium
7/8/2023,8:32:43,26.7,72,0,2023-07-08 08:32:43,3,Medium
7/8/2023,14:14:26,26.9,72,0,2023-07-08 14:14:26,3,Medium
7/8/2023,14:14:30,26.9,72,0,2023-07-08 14:14:30,3,Medium
7/8/2023,14:14:33,26.9,72,0,2023-07-08 14:14:33,3,Medium
7/8/2023,14:14:36,26.9,72,0,2023-07-08 14:14:36,3,Medium
7/8/2023,14:14:40,26.9,72,0,2023-07-08 14:14:40,3,Medium
7/8/2023,14:14:44,26.9,72,0,2023-07-08 14:14:44,3,Medium
7/8/2023,14:14:47,26.9,72,0,2023-07-08 14:14:47,3,Medium
7/8/2023,14:14:51,26.9,72,0,2023-07-08 14:14:51,3,Medium
7/8/2023,14:14:54,26.9,72,0,2023-07-08 14:14:54,3,Medium
7/8/2023,14:14:57,26.9,72,0,2023-07-08 14:14:57,3,Medium
7/8/2023,14:15:00,26.9,72,0,2023-07-08 14:15:00,3,Medium
7/8/2023,14:15:04,26.9,72,0,2023-07-08 14:15:04,3,Medium
7/8/2023,14:15:07,26.9,72,0,2023-07-08 14:15:07,3,Medium
7/8/2023,14:15:12,26.9,72,0,2023-07-08 14:15:12,3,Medium
7/8/2023,14:15:16,26.9,72,0,2023-07-08 14:15:16,3,Medium
7/8/2023,14:15:19,26.9,72,0,2023-07-08 14:15:19,3,Medium
7/8/2023,14:15:23,26.9,72,0,2023-07-08 14:15:23,3,Medium
7/8/2023,14:15:26,26.9,72,0,2023-07-08 14:15:26,3,Medium
7/8/2023,14:15:30,26.9,72,0,2023-07-08 14:15:30,3,Medium
7/8/2023,14:15:33,26.9,72,0,2023-07-08 14:15:33,3,Medium
7/8/2023,14:15:36,26.9,72,0,2023-07-08 14:15:36,3,Medium
7/8/2023,14:15:40,26.9,72,0,2023-07-08 14:15:40,3,Medium
7/8/2023,14:15:43,26.9,72,0,2023-07-08 14:15:43,3,Medium
7/8/2023,14:15:46,26.9,72,0,2023-07-08 14:15:46,3,Medium
7/8/2023,14:15:50,26.9,72,0,2023-07-08 14:15:50,3,Medium
7/8/2023,14:15:54,26.9,72,0,2023-07-08 14:15:54,3,Medium
7/8/2023,14:15:57,26.9,72,0,2023-07-08 14:15:57,3,Medium
7/8/2023,14:16:00,26.9,72,0,2023-07-08 14:16:00,3,Medium
7/8/2023,14:16:03,26.9,72,0,2023-07-08 14:16:03,3,Medium
7/8/2023,14:16:06,26.9,72,0,2023-07-08 14:16:06,3,Medium
7/8/2023,14:16:09,26.9,72,0,2023-07-08 14:16:09,3,Medium
7/8/2023,14:16:13,26.9,72,0,2023-07-08 14:16:13,3,Medium
7/8/2023,14:16:16,26.9,72,0,2023-07-08 14:16:16,3,Medium
7/8/2023,14:16:19,26.9,72,0,2023-07-08 14:16:19,3,Medium
7/8/2023,14:16:23,26.9,72,0,2023-07-08 14:16:23,3,Medium
7/8/2023,14:16:26,26.9,72,0,2023-07-08 14:16:26,3,Medium
7/8/2023,14:16:29,26.9,72,0,2023-07-08 14:16:29,3,Medium
7/8/2023,14:16:32,26.9,72,0,2023-07-08 14:16:32,3,Medium
7/8/2023,14:16:35,26.9,72,0,2023-07-08 14:16:35,3,Medium
7/8/2023,14:16:38,26.9,72,0,2023-07-08 14:16:38,3,Medium
7/8/2023,14:16:42,26.9,72,0,2023-07-08 14:16:42,3,Medium
7/8/2023,14:16:45,26.9,72,0,2023-07-08 14:16:45,3,Medium
7/8/2023,14:16:48,26.9,72,0,2023-07-08 14:16:48,3,Medium
7/8/2023,14:16:52,26.9,72,0,2023-07-08 14:16:52,3,Medium
7/8/2023,14:16:55,26.9,72,0,2023-07-08 14:16:55,3,Medium
7/8/2023,14:17:01,26.9,72,0,2023-07-08 14:17:01,3,Medium
7/8/2023,14:17:05,26.9,72,0,2023-07-08 14:17:05,3,Medium
7/8/2023,14:17:08,26.9,72,0,2023-07-08 14:17:08,3,Medium
7/8/2023,14:17:12,26.9,72,0,2023-07-08 14:17:12,3,Medium
7/8/2023,14:17:16,26.9,72,0,2023-07-08 14:17:16,3,Medium
7/8/2023,14:17:22,26.9,72,0,2023-07-08 14:17:22,3,Medium
7/8/2023,14:17:25,26.9,72,0,2023-07-08 14:17:25,3,Medium
7/8/2023,14:17:29,26.9,72,0,2023-07-08 14:17:29,3,Medium
7/8/2023,14:17:33,26.9,72,0,2023-07-08 14:17:33,3,Medium
7/8/2023,14:17:36,26.9,72,0,2023-07-08 14:17:36,3,Medium
7/8/2023,14:17:39,26.9,72,0,2023-07-08 14:17:39,3,Medium
7/8/2023,14:17:42,26.9,72,0,2023-07-08 14:17:42,3,Medium
7/8/2023,14:17:45,26.9,72,0,2023-07-08 14:17:45,3,Medium
7/8/2023,14:17:49,26.9,72,0,2023-07-08 14:17:49,3,Medium
7/8/2023,14:17:51,26.9,72,0,2023-07-08 14:17:51,3,Medium
7/8/2023,14:17:55,26.9,72,0,2023-07-08 14:17:55,3,Medium
7/8/2023,14:18:02,26.9,72,0,2023-07-08 14:18:02,3,Medium
7/8/2023,17:42:56,26.9,67,0,2023-07-08 17:42:56,2,Medium
7/8/2023,17:43:00,26.9,67,0,2023-07-08 17:43:00,2,Medium
7/8/2023,17:43:03,26.9,67,0,2023-07-08 17:43:03,2,Medium
7/8/2023,17:43:07,26.9,67,0,2023-07-08 17:43:07,2,Medium
7/8/2023,17:43:10,26.9,67,0,2023-07-08 17:43:10,2,Medium
7/8/2023,17:43:13,26.9,67,0,2023-07-08 17:43:13,2,Medium
7/8/2023,17:43:16,26.9,67,0,2023-07-08 17:43:16,2,Medium
7/8/2023,17:43:20,26.9,67,0,2023-07-08 17:43:20,2,Medium
7/8/2023,17:43:24,26.9,67,0,2023-07-08 17:43:24,2,Medium
7/8/2023,17:43:27,26.9,67,0,2023-07-08 17:43:27,2,Medium
7/8/2023,17:43:31,26.9,67,0,2023-07-08 17:43:31,2,Medium
7/8/2023,17:43:34,26.9,67,0,2023-07-08 17:43:34,2,Medium
7/8/2023,17:43:38,26.9,67,0,2023-07-08 17:43:38,2,Medium
7/8/2023,17:43:41,26.9,67,0,2023-07-08 17:43:41,2,Medium
7/8/2023,17:44:31,26.9,67,0,2023-07-08 17:44:31,2,Medium
7/8/2023,17:44:35,26.9,67,0,2023-07-08 17:44:35,2,Medium
7/8/2023,17:44:38,26.9,67,0,2023-07-08 17:44:38,2,Medium
7/8/2023,17:44:42,26.9,67,0,2023-07-08 17:44:42,2,Medium
7/8/2023,17:44:46,26.9,67,0,2023-07-08 17:44:46,2,Medium
7/8/2023,17:44:49,26.9,67,0,2023-07-08 17:44:49,2,Medium
7/8/2023,17:44:52,26.9,67,0,2023-07-08 17:44:52,2,Medium
7/8/2023,17:44:56,26.9,67,0,2023-07-08 17:44:56,2,Medium
7/8/2023,17:44:58,26.9,67,0,2023-07-08 17:44:58,2,Medium
7/8/2023,17:45:02,26.9,67,0,2023-07-08 17:45:02,2,Medium
7/8/2023,17:45:05,26.9,67,0,2023-07-08 17:45:05,2,Medium
7/8/2023,17:45:08,26.9,67,0,2023-07-08 17:45:08,2,Medium
7/8/2023,17:45:12,26.9,67,0,2023-07-08 17:45:12,2,Medium
7/8/2023,17:45:15,26.9,67,0,2023-07-08 17:45:15,2,Medium
7/8/2023,17:45:18,26.9,67,0,2023-07-08 17:45:18,2,Medium
7/8/2023,17:45:22,26.9,67,0,2023-07-08 17:45:22,2,Medium
7/8/2023,17:45:25,26.9,67,0,2023-07-08 17:45:25,2,Medium
7/8/2023,17:45:28,26.9,67,0,2023-07-08 17:45:28,2,Medium
7/8/2023,17:45:32,26.9,67,0,2023-07-08 17:45:32,2,Medium
7/8/2023,17:45:35,26.9,67,0,2023-07-08 17:45:35,2,Medium
7/8/2023,17:45:38,26.9,67,0,2023-07-08 17:45:38,2,Medium
7/8/2023,17:45:42,26.9,67,0,2023-07-08 17:45:42,2,Medium
7/8/2023,17:45:45,26.9,67,0,2023-07-08 17:45:45,2,Medium
7/8/2023,17:45:48,26.9,67,0,2023-07-08 17:45:48,2,Medium
7/8/2023,17:45:51,26.9,67,0,2023-07-08 17:45:51,2,Medium
7/8/2023,17:45:54,26.9,67,0,2023-07-08 17:45:54,2,Medium
7/8/2023,17:45:57,26.9,67,0,2023-07-08 17:45:57,2,Medium
7/8/2023,17:46:01,26.9,67,0,2023-07-08 17:46:01,2,Medium
7/8/2023,17:46:04,26.9,67,0,2023-07-08 17:46:04,2,Medium
7/8/2023,17:46:07,26.9,67,0,2023-07-08 17:46:07,2,Medium
7/8/2023,17:46:10,26.9,67,0,2023-07-08 17:46:10,2,Medium
7/8/2023,17:46:13,26.9,67,0,2023-07-08 17:46:13,2,Medium
7/8/2023,17:46:17,26.9,67,0,2023-07-08 17:46:17,2,Medium
7/8/2023,17:46:21,26.9,67,0,2023-07-08 17:46:21,2,Medium
7/8/2023,17:46:24,26.9,67,0,2023-07-08 17:46:24,2,Medium
7/8/2023,17:46:27,26.9,67,0,2023-07-08 17:46:27,2,Medium
7/8/2023,17:46:30,26.9,67,0,2023-07-08 17:46:30,2,Medium
7/8/2023,17:46:34,26.9,67,0,2023-07-08 17:46:34,2,Medium
7/8/2023,17:46:37,26.9,67,0,2023-07-08 17:46:37,2,Medium
7/8/2023,17:46:40,26.9,67,0,2023-07-08 17:46:40,2,Medium
7/8/2023,17:46:43,26.9,67,0,2023-07-08 17:46:43,2,Medium
7/8/2023,17:46:47,26.9,67,0,2023-07-08 17:46:47,2,Medium
7/8/2023,17:46:51,26.9,67,2,2023-07-08 17:46:51,3,Medium
7/8/2023,17:46:54,26.9,67,3,2023-07-08 17:46:54,3,Medium
7/8/2023,17:46:57,26.9,67,4,2023-07-08 17:46:57,3,Medium
7/8/2023,17:47:00,26.9,67,4,2023-07-08 17:47:00,3,Medium
7/8/2023,17:47:04,26.9,67,4,2023-07-08 17:47:04,3,Medium
7/8/2023,17:47:07,26.9,67,4,2023-07-08 17:47:07,3,Medium
7/8/2023,17:47:10,26.9,67,4,2023-07-08 17:47:10,3,Medium
7/8/2023,17:47:14,26.9,67,4,2023-07-08 17:47:14,3,Medium
7/8/2023,17:47:17,26.9,67,5,2023-07-08 17:47:17,3,Medium
7/8/2023,17:47:20,26.9,67,0,2023-07-08 17:47:20,2,Medium
7/8/2023,17:47:24,26.9,67,0,2023-07-08 17:47:24,2,Medium
7/8/2023,17:47:28,26.9,67,0,2023-07-08 17:47:28,2,Medium
7/8/2023,17:47:31,26.9,67,0,2023-07-08 17:47:31,2,Medium
7/8/2023,17:47:35,26.9,67,0,2023-07-08 17:47:35,2,Medium
7/8/2023,17:47:41,26.9,67,0,2023-07-08 17:47:41,2,Medium
7/8/2023,17:47:44,26.9,67,0,2023-07-08 17:47:44,2,Medium
7/8/2023,17:47:47,26.9,67,0,2023-07-08 17:47:47,2,Medium
7/8/2023,17:47:50,26.9,67,0,2023-07-08 17:47:50,2,Medium
7/8/2023,17:47:54,26.9,67,0,2023-07-08 17:47:54,2,Medium
7/8/2023,17:47:57,26.9,67,0,2023-07-08 17:47:57,2,Medium
7/8/2023,17:48:00,26.9,67,0,2023-07-08 17:48:00,2,Medium
7/8/2023,17:48:03,26.9,67,0,2023-07-08 17:48:03,2,Medium
7/8/2023,17:48:06,26.9,67,0,2023-07-08 17:48:06,2,Medium
7/8/2023,17:48:10,26.9,67,0,2023-07-08 17:48:10,2,Medium
7/8/2023,17:49:15,26.9,67,0,2023-07-08 17:49:15,2,Medium
7/8/2023,17:49:18,26.9,67,0,2023-07-08 17:49:18,2,Medium
7/9/2023,12:13:10,25.5,75,0,2023-07-09 12:13:10,3,Medium
7/9/2023,12:13:14,25.6,76,0,2023-07-09 12:13:14,3,Medium
7/9/2023,12:13:18,25.6,76,0,2023-07-09 12:13:18,3,Medium
7/9/2023,12:13:22,25.6,76,0,2023-07-09 12:13:22,3,Medium
7/9/2023,12:13:26,25.6,76,0,2023-07-09 12:13:26,3,Medium
7/9/2023,12:13:30,25.6,76,0,2023-07-09 12:13:30,3,Medium
7/9/2023,12:13:34,25.6,76,0,2023-07-09 12:13:34,3,Medium
7/9/2023,12:13:38,25.6,76,0,2023-07-09 12:13:38,3,Medium
7/9/2023,12:13:42,25.6,76,0,2023-07-09 12:13:42,3,Medium
7/9/2023,12:13:46,25.6,76,0,2023-07-09 12:13:46,3,Medium
7/9/2023,12:13:50,25.6,76,0,2023-07-09 12:13:50,3,Medium
7/9/2023,12:13:54,25.6,76,0,2023-07-09 12:13:54,3,Medium
7/9/2023,12:13:59,25.6,76,0,2023-07-09 12:13:59,3,Medium
7/9/2023,12:14:02,25.6,76,0,2023-07-09 12:14:02,3,Medium
7/9/2023,12:14:06,25.6,76,0,2023-07-09 12:14:06,3,Medium
7/9/2023,12:14:11,25.6,76,0,2023-07-09 12:14:11,3,Medium
7/9/2023,12:14:14,25.6,76,0,2023-07-09 12:14:14,3,Medium
7/9/2023,12:14:19,25.6,76,0,2023-07-09 12:14:19,3,Medium
7/9/2023,12:14:24,25.6,76,0,2023-07-09 12:14:24,3,Medium
7/9/2023,12:14:28,25.6,76,0,2023-07-09 12:14:28,3,Medium
7/9/2023,12:14:32,25.6,76,0,2023-07-09 12:14:32,3,Medium
7/9/2023,12:14:35,25.6,76,0,2023-07-09 12:14:35,3,Medium
7/9/2023,12:14:39,25.6,76,0,2023-07-09 12:14:39,3,Medium
7/9/2023,12:14:43,25.6,76,0,2023-07-09 12:14:43,3,Medium
7/9/2023,12:14:46,25.7,76,0,2023-07-09 12:14:46,3,Medium
7/9/2023,12:14:50,25.7,76,0,2023-07-09 12:14:50,3,Medium
7/9/2023,12:14:54,25.7,76,0,2023-07-09 12:14:54,3,Medium
7/9/2023,12:14:58,25.7,76,0,2023-07-09 12:14:58,3,Medium
7/9/2023,12:15:02,25.7,76,0,2023-07-09 12:15:02,3,Medium
7/9/2023,12:15:06,25.7,76,0,2023-07-09 12:15:06,3,Medium
7/9/2023,12:15:10,25.7,76,0,2023-07-09 12:15:10,3,Medium
7/9/2023,12:15:14,25.7,76,0,2023-07-09 12:15:14,3,Medium
7/9/2023,12:15:18,25.7,76,0,2023-07-09 12:15:18,3,Medium
7/9/2023,12:15:22,25.7,76,0,2023-07-09 12:15:22,3,Medium
7/9/2023,12:15:26,25.7,76,0,2023-07-09 12:15:26,3,Medium
7/9/2023,12:15:31,25.7,76,0,2023-07-09 12:15:31,3,Medium
7/9/2023,12:16:20,25.7,76,0,2023-07-09 12:16:20,3,Medium
7/9/2023,12:16:24,25.7,75,0,2023-07-09 12:16:24,3,Medium
7/9/2023,12:16:28,25.7,75,0,2023-07-09 12:16:28,3,Medium
7/9/2023,12:16:31,25.7,75,0,2023-07-09 12:16:31,3,Medium
7/9/2023,12:16:35,25.7,76,0,2023-07-09 12:16:35,3,Medium
7/9/2023,12:16:39,25.7,76,0,2023-07-09 12:16:39,3,Medium
7/9/2023,12:16:43,25.7,75,0,2023-07-09 12:16:43,3,Medium
7/9/2023,12:16:47,25.7,75,0,2023-07-09 12:16:47,3,Medium
7/9/2023,12:16:51,25.7,75,0,2023-07-09 12:16:51,3,Medium
7/9/2023,12:16:55,25.7,75,0,2023-07-09 12:16:55,3,Medium
7/9/2023,12:16:59,25.7,75,0,2023-07-09 12:16:59,3,Medium
7/9/2023,12:17:03,25.7,75,0,2023-07-09 12:17:03,3,Medium
7/9/2023,12:17:06,25.7,75,0,2023-07-09 12:17:06,3,Medium
7/9/2023,12:17:10,25.7,75,0,2023-07-09 12:17:10,3,Medium
7/9/2023,12:17:14,25.7,75,0,2023-07-09 12:17:14,3,Medium
7/9/2023,12:17:18,25.7,75,0,2023-07-09 12:17:18,3,Medium
7/9/2023,12:17:21,25.7,75,0,2023-07-09 12:17:21,3,Medium
7/9/2023,12:17:25,25.7,75,8,2023-07-09 12:17:25,4,High
7/9/2023,12:17:29,25.7,75,8,2023-07-09 12:17:29,4,High
7/9/2023,12:17:33,25.8,75,1,2023-07-09 12:17:33,4,High
7/9/2023,12:17:37,25.8,75,9,2023-07-09 12:17:37,4,High
7/9/2023,12:17:40,25.8,75,0,2023-07-09 12:17:40,3,Medium
7/9/2023,12:17:44,25.8,75,0,2023-07-09 12:17:44,3,Medium
7/9/2023,12:17:48,25.8,75,928,2023-07-09 12:17:48,5,High
7/9/2023,12:17:52,25.8,75,0,2023-07-09 12:17:52,3,Medium
7/9/2023,12:17:56,25.8,75,0,2023-07-09 12:17:56,3,Medium
7/9/2023,12:18:00,25.7,75,0,2023-07-09 12:18:00,3,Medium
7/9/2023,12:18:04,25.7,75,0,2023-07-09 12:18:04,3,Medium
7/9/2023,12:18:07,25.7,75,0,2023-07-09 12:18:07,3,Medium
7/9/2023,12:18:12,25.7,75,1024,2023-07-09 12:18:12,5,High
7/9/2023,12:18:15,25.7,75,1024,2023-07-09 12:18:15,5,High
7/9/2023,12:18:19,25.7,75,7,2023-07-09 12:18:19,4,High
7/9/2023,12:18:23,25.7,75,0,2023-07-09 12:18:23,3,Medium
7/9/2023,12:18:27,25.7,75,7,2023-07-09 12:18:27,4,High
7/9/2023,12:18:31,25.7,75,0,2023-07-09 12:18:31,3,Medium
7/9/2023,12:18:34,25.7,75,0,2023-07-09 12:18:34,3,Medium
7/9/2023,12:18:38,25.7,75,0,2023-07-09 12:18:38,3,Medium
7/9/2023,12:18:41,25.7,75,0,2023-07-09 12:18:41,3,Medium
7/9/2023,12:18:45,25.7,75,0,2023-07-09 12:18:45,3,Medium
7/9/2023,12:18:49,25.7,75,0,2023-07-09 12:18:49,3,Medium
7/9/2023,12:18:53,25.7,75,0,2023-07-09 12:18:53,3,Medium
7/9/2023,12:18:57,25.7,75,0,2023-07-09 12:18:57,3,Medium
7/9/2023,12:19:00,25.7,75,0,2023-07-09 12:19:00,3,Medium
7/9/2023,12:19:04,25.7,75,0,2023-07-09 12:19:04,3,Medium
7/9/2023,12:19:08,25.7,75,0,2023-07-09 12:19:08,3,Medium
7/9/2023,12:19:11,25.7,75,0,2023-07-09 12:19:11,3,Medium
7/9/2023,12:19:15,25.7,75,0,2023-07-09 12:19:15,3,Medium
7/9/2023,12:19:19,25.7,75,0,2023-07-09 12:19:19,3,Medium
7/9/2023,12:19:23,25.7,75,0,2023-07-09 12:19:23,3,Medium
7/9/2023,12:19:27,25.7,75,0,2023-07-09 12:19:27,3,Medium
7/9/2023,12:19:31,25.7,75,0,2023-07-09 12:19:31,3,Medium
7/9/2023,12:19:35,25.7,75,0,2023-07-09 12:19:35,3,Medium
7/9/2023,12:19:38,25.7,75,0,2023-07-09 12:19:38,3,Medium
7/9/2023,12:19:42,25.7,75,0,2023-07-09 12:19:42,3,Medium
7/9/2023,12:19:46,25.7,75,0,2023-07-09 12:19:46,3,Medium
7/9/2023,12:19:50,25.7,75,0,2023-07-09 12:19:50,3,Medium
7/9/2023,12:19:54,25.7,75,0,2023-07-09 12:19:54,3,Medium
7/9/2023,12:19:58,25.7,75,0,2023-07-09 12:19:58,3,Medium
7/9/2023,12:20:02,25.7,75,0,2023-07-09 12:20:02,3,Medium
7/9/2023,12:20:06,25.7,75,0,2023-07-09 12:20:06,3,Medium
7/9/2023,12:20:09,25.7,75,0,2023-07-09 12:20:09,3,Medium
7/9/2023,12:20:13,25.7,75,0,2023-07-09 12:20:13,3,Medium
7/9/2023,12:20:17,25.7,75,0,2023-07-09 12:20:17,3,Medium
7/9/2023,12:20:21,25.7,75,0,2023-07-09 12:20:21,3,Medium
7/9/2023,12:20:24,25.7,75,0,2023-07-09 12:20:24,3,Medium
7/9/2023,12:20:28,25.7,75,0,2023-07-09 12:20:28,3,Medium
7/9/2023,12:20:32,25.7,75,0,2023-07-09 12:20:32,3,Medium
7/9/2023,12:20:36,25.7,75,0,2023-07-09 12:20:36,3,Medium
7/9/2023,12:20:40,25.8,75,0,2023-07-09 12:20:40,3,Medium
7/9/2023,12:20:44,25.8,75,0,2023-07-09 12:20:44,3,Medium
7/9/2023,12:20:48,25.8,75,0,2023-07-09 12:20:48,3,Medium
7/9/2023,12:20:52,25.8,75,0,2023-07-09 12:20:52,3,Medium
7/9/2023,12:20:55,25.8,75,0,2023-07-09 12:20:55,3,Medium
7/9/2023,12:20:59,25.8,75,0,2023-07-09 12:20:59,3,Medium
7/9/2023,12:21:03,25.8,75,0,2023-07-09 12:21:03,3,Medium
7/9/2023,12:21:07,25.8,75,0,2023-07-09 12:21:07,3,Medium
7/9/2023,12:21:10,25.8,75,0,2023-07-09 12:21:10,3,Medium
7/9/2023,12:21:14,25.8,75,0,2023-07-09 12:21:14,3,Medium
7/9/2023,12:21:17,25.8,75,0,2023-07-09 12:21:17,3,Medium
7/9/2023,12:21:21,25.8,75,0,2023-07-09 12:21:21,3,Medium
7/9/2023,12:21:25,25.8,75,0,2023-07-09 12:21:25,3,Medium
7/9/2023,12:21:31,25.8,75,0,2023-07-09 12:21:31,3,Medium
7/9/2023,12:21:34,25.8,75,0,2023-07-09 12:21:34,3,Medium
7/9/2023,12:21:38,25.8,75,0,2023-07-09 12:21:38,3,Medium
7/9/2023,12:21:42,25.8,75,0,2023-07-09 12:21:42,3,Medium
7/9/2023,12:21:46,25.8,75,0,2023-07-09 12:21:46,3,Medium
7/9/2023,12:21:49,25.8,75,0,2023-07-09 12:21:49,3,Medium
7/9/2023,12:21:53,25.8,75,0,2023-07-09 12:21:53,3,Medium
7/9/2023,12:21:57,25.8,75,0,2023-07-09 12:21:57,3,Medium
7/9/2023,12:22:00,25.7,75,0,2023-07-09 12:22:00,3,Medium
7/9/2023,12:22:04,25.7,75,0,2023-07-09 12:22:04,3,Medium
7/9/2023,12:22:08,25.7,75,0,2023-07-09 12:22:08,3,Medium
7/9/2023,12:22:11,25.7,75,0,2023-07-09 12:22:11,3,Medium
7/9/2023,12:22:15,25.7,75,0,2023-07-09 12:22:15,3,Medium
7/9/2023,12:22:19,25.7,75,0,2023-07-09 12:22:19,3,Medium
7/9/2023,12:22:23,25.7,75,0,2023-07-09 12:22:23,3,Medium
7/9/2023,12:22:27,25.7,75,0,2023-07-09 12:22:27,3,Medium
7/9/2023,12:22:30,25.7,75,0,2023-07-09 12:22:30,3,Medium
7/9/2023,12:22:34,25.7,75,0,2023-07-09 12:22:34,3,Medium
7/9/2023,12:22:38,25.7,75,0,2023-07-09 12:22:38,3,Medium
7/9/2023,12:22:42,25.7,75,0,2023-07-09 12:22:42,3,Medium
7/9/2023,12:22:45,25.7,75,0,2023-07-09 12:22:45,3,Medium
7/9/2023,12:22:49,25.7,75,0,2023-07-09 12:22:49,3,Medium
7/9/2023,12:22:53,25.7,75,0,2023-07-09 12:22:53,3,Medium
7/9/2023,12:22:56,25.7,75,0,2023-07-09 12:22:56,3,Medium
7/9/2023,12:23:00,25.7,75,690,2023-07-09 12:23:00,5,High
7/9/2023,12:23:04,25.7,75,708,2023-07-09 12:23:04,5,High
7/9/2023,12:23:08,25.7,75,0,2023-07-09 12:23:08,3,Medium
7/9/2023,12:23:11,25.7,75,0,2023-07-09 12:23:11,3,Medium
7/9/2023,12:23:15,25.7,75,0,2023-07-09 12:23:15,3,Medium
7/9/2023,12:23:19,25.7,75,0,2023-07-09 12:23:19,3,Medium
7/9/2023,12:23:23,25.7,74,0,2023-07-09 12:23:23,3,Medium
7/9/2023,12:23:26,25.7,74,0,2023-07-09 12:23:26,3,Medium
7/9/2023,12:23:30,25.7,74,0,2023-07-09 12:23:30,3,Medium
7/9/2023,12:23:34,25.7,75,0,2023-07-09 12:23:34,3,Medium
7/9/2023,12:23:37,25.7,74,0,2023-07-09 12:23:37,3,Medium
7/9/2023,12:23:41,25.7,75,0,2023-07-09 12:23:41,3,Medium
7/9/2023,12:23:45,25.7,75,0,2023-07-09 12:23:45,3,Medium
7/9/2023,12:23:48,25.7,75,0,2023-07-09 12:23:48,3,Medium
7/9/2023,12:23:52,25.7,75,0,2023-07-09 12:23:52,3,Medium
7/9/2023,12:23:56,25.7,75,0,2023-07-09 12:23:56,3,Medium
7/9/2023,12:24:00,25.8,75,0,2023-07-09 12:24:00,3,Medium
7/9/2023,12:24:03,25.8,74,0,2023-07-09 12:24:03,3,Medium
7/9/2023,12:24:07,25.8,74,0,2023-07-09 12:24:07,3,Medium
7/9/2023,12:24:10,25.8,74,0,2023-07-09 12:24:10,3,Medium
7/9/2023,12:24:14,25.8,74,0,2023-07-09 12:24:14,3,Medium
7/9/2023,12:24:18,25.8,74,0,2023-07-09 12:24:18,3,Medium
7/9/2023,12:24:21,25.8,74,0,2023-07-09 12:24:21,3,Medium
7/9/2023,12:24:25,25.8,74,0,2023-07-09 12:24:25,3,Medium
7/9/2023,12:24:29,25.8,74,0,2023-07-09 12:24:29,3,Medium
7/9/2023,12:24:33,25.8,74,0,2023-07-09 12:24:33,3,Medium
7/9/2023,12:24:37,25.8,74,1,2023-07-09 12:24:37,4,High
7/9/2023,12:24:41,25.8,74,1,2023-07-09 12:24:41,4,High
7/9/2023,12:24:44,25.8,74,0,2023-07-09 12:24:44,3,Medium
7/9/2023,12:24:48,25.8,74,0,2023-07-09 12:24:48,3,Medium
7/9/2023,12:24:52,25.8,74,0,2023-07-09 12:24:52,3,Medium
7/9/2023,12:24:56,25.8,74,0,2023-07-09 12:24:56,3,Medium
7/9/2023,12:24:59,25.8,74,0,2023-07-09 12:24:59,3,Medium
7/9/2023,12:25:03,25.8,74,0,2023-07-09 12:25:03,3,Medium
7/9/2023,12:25:06,25.8,74,0,2023-07-09 12:25:06,3,Medium
7/9/2023,12:25:10,25.8,74,0,2023-07-09 12:25:10,3,Medium
7/9/2023,12:25:14,25.8,74,0,2023-07-09 12:25:14,3,Medium
7/9/2023,12:25:18,25.8,74,0,2023-07-09 12:25:18,3,Medium
7/9/2023,12:25:22,25.8,74,0,2023-07-09 12:25:22,3,Medium
7/9/2023,12:25:25,25.8,74,0,2023-07-09 12:25:25,3,Medium
7/9/2023,12:25:29,25.8,74,0,2023-07-09 12:25:29,3,Medium
7/9/2023,12:25:33,25.8,74,0,2023-07-09 12:25:33,3,Medium
7/9/2023,12:25:37,25.8,74,0,2023-07-09 12:25:37,3,Medium
7/9/2023,12:25:41,25.8,74,0,2023-07-09 12:25:41,3,Medium
7/9/2023,12:25:44,25.8,74,0,2023-07-09 12:25:44,3,Medium
7/9/2023,12:25:48,25.8,74,0,2023-07-09 12:25:48,3,Medium
7/9/2023,12:25:53,25.8,74,0,2023-07-09 12:25:53,3,Medium
7/9/2023,12:25:57,25.8,74,0,2023-07-09 12:25:57,3,Medium
7/9/2023,12:26:00,25.8,74,0,2023-07-09 12:26:00,3,Medium
7/9/2023,12:26:03,25.8,74,0,2023-07-09 12:26:03,3,Medium
7/9/2023,12:26:07,25.8,74,0,2023-07-09 12:26:07,3,Medium
7/9/2023,12:26:11,25.8,74,0,2023-07-09 12:26:11,3,Medium
7/9/2023,12:26:15,25.8,74,0,2023-07-09 12:26:15,3,Medium
7/9/2023,12:26:18,25.8,74,0,2023-07-09 12:26:18,3,Medium
7/9/2023,12:26:22,25.8,74,0,2023-07-09 12:26:22,3,Medium
7/9/2023,12:26:26,25.8,74,0,2023-07-09 12:26:26,3,Medium
7/9/2023,12:26:29,25.8,74,0,2023-07-09 12:26:29,3,Medium
7/9/2023,12:26:33,25.9,74,0,2023-07-09 12:26:33,3,Medium
7/9/2023,12:26:37,25.9,74,0,2023-07-09 12:26:37,3,Medium
7/9/2023,12:26:41,25.9,74,0,2023-07-09 12:26:41,3,Medium
7/9/2023,12:26:45,25.9,74,0,2023-07-09 12:26:45,3,Medium
7/9/2023,12:26:49,25.9,74,0,2023-07-09 12:26:49,3,Medium
7/9/2023,12:26:53,25.9,74,0,2023-07-09 12:26:53,3,Medium
7/9/2023,12:26:57,25.9,74,0,2023-07-09 12:26:57,3,Medium
7/9/2023,12:27:01,25.9,74,0,2023-07-09 12:27:01,3,Medium
7/9/2023,12:27:05,25.9,74,0,2023-07-09 12:27:05,3,Medium
7/9/2023,12:27:09,25.9,74,0,2023-07-09 12:27:09,3,Medium
7/9/2023,12:27:13,25.9,74,0,2023-07-09 12:27:13,3,Medium
7/9/2023,12:27:17,25.9,74,0,2023-07-09 12:27:17,3,Medium
7/9/2023,12:27:21,25.9,74,0,2023-07-09 12:27:21,3,Medium
7/9/2023,12:27:25,25.9,74,0,2023-07-09 12:27:25,3,Medium
7/9/2023,12:27:29,25.9,74,0,2023-07-09 12:27:29,3,Medium
7/9/2023,12:27:33,25.9,74,0,2023-07-09 12:27:33,3,Medium
7/9/2023,12:27:37,25.9,74,0,2023-07-09 12:27:37,3,Medium
7/9/2023,12:27:41,25.9,74,0,2023-07-09 12:27:41,3,Medium
7/9/2023,12:27:45,25.9,74,0,2023-07-09 12:27:45,3,Medium
7/9/2023,12:27:49,25.9,74,0,2023-07-09 12:27:49,3,Medium
7/9/2023,12:27:53,25.9,74,0,2023-07-09 12:27:53,3,Medium
7/9/2023,12:27:57,25.9,74,0,2023-07-09 12:27:57,3,Medium
7/9/2023,12:28:01,25.9,74,0,2023-07-09 12:28:01,3,Medium
7/9/2023,12:28:05,25.9,74,0,2023-07-09 12:28:05,3,Medium
7/9/2023,12:28:09,25.9,74,0,2023-07-09 12:28:09,3,Medium
7/9/2023,12:28:13,25.9,74,0,2023-07-09 12:28:13,3,Medium
7/9/2023,12:28:17,25.9,74,0,2023-07-09 12:28:17,3,Medium
7/9/2023,12:28:20,25.9,74,0,2023-07-09 12:28:20,3,Medium
7/9/2023,12:28:24,25.9,74,0,2023-07-09 12:28:24,3,Medium
7/9/2023,12:28:30,25.9,74,0,2023-07-09 12:28:30,3,Medium
7/9/2023,12:28:33,25.9,74,0,2023-07-09 12:28:33,3,Medium
7/9/2023,12:28:37,25.9,74,0,2023-07-09 12:28:37,3,Medium
7/9/2023,12:28:41,25.9,74,0,2023-07-09 12:28:41,3,Medium
7/9/2023,12:28:44,25.9,74,0,2023-07-09 12:28:44,3,Medium
7/9/2023,12:28:48,25.9,74,0,2023-07-09 12:28:48,3,Medium
7/9/2023,12:28:52,25.9,74,0,2023-07-09 12:28:52,3,Medium
7/9/2023,12:28:56,25.9,74,0,2023-07-09 12:28:56,3,Medium
7/9/2023,12:29:00,25.9,74,0,2023-07-09 12:29:00,3,Medium
7/9/2023,12:29:04,25.9,74,0,2023-07-09 12:29:04,3,Medium
7/9/2023,12:29:08,25.9,74,0,2023-07-09 12:29:08,3,Medium
7/9/2023,12:29:12,25.9,74,0,2023-07-09 12:29:12,3,Medium
7/9/2023,12:29:15,25.9,74,0,2023-07-09 12:29:15,3,Medium
7/9/2023,12:29:19,25.9,74,0,2023-07-09 12:29:19,3,Medium
7/9/2023,12:29:23,25.9,74,0,2023-07-09 12:29:23,3,Medium
7/9/2023,12:29:27,25.9,74,0,2023-07-09 12:29:27,3,Medium
7/9/2023,12:29:30,25.9,74,0,2023-07-09 12:29:30,3,Medium
7/9/2023,12:29:34,25.9,74,0,2023-07-09 12:29:34,3,Medium
7/9/2023,12:29:38,25.9,74,0,2023-07-09 12:29:38,3,Medium
7/9/2023,12:30:29,25.9,74,1,2023-07-09 12:30:29,4,High
7/9/2023,12:30:33,26.0,74,1,2023-07-09 12:30:33,4,High
7/9/2023,12:30:37,26.0,74,1,2023-07-09 12:30:37,4,High
7/9/2023,12:30:41,26.0,74,1,2023-07-09 12:30:41,4,High
7/9/2023,12:30:45,26.0,74,1,2023-07-09 12:30:45,4,High
7/9/2023,12:30:48,26.0,74,1,2023-07-09 12:30:48,4,High
7/9/2023,12:30:53,26.0,74,1,2023-07-09 12:30:53,4,High
7/9/2023,12:30:57,26.0,74,1,2023-07-09 12:30:57,4,High
7/9/2023,12:31:01,26.0,74,1,2023-07-09 12:31:01,4,High
7/9/2023,12:31:05,26.0,74,1,2023-07-09 12:31:05,4,High
7/9/2023,12:31:09,26.0,74,1,2023-07-09 12:31:09,4,High
7/9/2023,12:31:12,26.0,74,1,2023-07-09 12:31:12,4,High
7/9/2023,12:31:17,26.0,74,1,2023-07-09 12:31:17,4,High
7/9/2023,12:31:21,26.0,74,1,2023-07-09 12:31:21,4,High
7/9/2023,12:31:25,26.0,74,1,2023-07-09 12:31:25,4,High
7/9/2023,12:31:29,26.0,74,1,2023-07-09 12:31:29,4,High
7/9/2023,12:31:33,26.0,74,1,2023-07-09 12:31:33,4,High
7/9/2023,12:31:36,26.1,74,1,2023-07-09 12:31:36,4,High
7/9/2023,12:31:40,26.1,74,1,2023-07-09 12:31:40,4,High
7/9/2023,12:31:44,26.1,74,1,2023-07-09 12:31:44,4,High
7/9/2023,12:31:47,26.1,74,1,2023-07-09 12:31:47,4,High
7/9/2023,12:31:51,26.1,74,1,2023-07-09 12:31:51,4,High
7/9/2023,12:31:55,26.1,74,1,2023-07-09 12:31:55,4,High
7/9/2023,12:31:58,26.1,74,1,2023-07-09 12:31:58,4,High
7/9/2023,12:32:02,26.1,74,1,2023-07-09 12:32:02,4,High
7/9/2023,12:32:05,26.1,74,1,2023-07-09 12:32:05,4,High
7/9/2023,12:32:09,26.1,74,1,2023-07-09 12:32:09,4,High
7/9/2023,12:32:13,26.1,74,1,2023-07-09 12:32:13,4,High
7/9/2023,12:32:17,26.1,74,1,2023-07-09 12:32:17,4,High
7/9/2023,12:32:21,26.1,74,1,2023-07-09 12:32:21,4,High
7/9/2023,12:32:25,26.1,74,1,2023-07-09 12:32:25,4,High
7/9/2023,12:32:29,26.1,74,1,2023-07-09 12:32:29,4,High
7/9/2023,12:32:33,26.1,74,1,2023-07-09 12:32:33,4,High
7/9/2023,12:32:36,26.1,74,1,2023-07-09 12:32:36,4,High
7/9/2023,12:32:40,26.1,74,1,2023-07-09 12:32:40,4,High
7/9/2023,12:32:43,26.1,74,1,2023-07-09 12:32:43,4,High
7/9/2023,12:32:47,26.1,74,1,2023-07-09 12:32:47,4,High
7/9/2023,12:32:51,26.1,74,1,2023-07-09 12:32:51,4,High
7/9/2023,12:32:55,26.1,74,1,2023-07-09 12:32:55,4,High
7/9/2023,12:32:58,26.1,74,1,2023-07-09 12:32:58,4,High
7/9/2023,12:33:02,26.1,74,1,2023-07-09 12:33:02,4,High
7/9/2023,12:33:05,26.1,74,1,2023-07-09 12:33:05,4,High
7/9/2023,12:33:09,26.1,74,1,2023-07-09 12:33:09,4,High
7/9/2023,12:33:13,26.1,74,1,2023-07-09 12:33:13,4,High
7/9/2023,12:33:17,26.1,74,1,2023-07-09 12:33:17,4,High
7/9/2023,12:33:21,26.2,74,1,2023-07-09 12:33:21,4,High
7/9/2023,12:33:24,26.2,74,1,2023-07-09 12:33:24,4,High
7/9/2023,12:33:28,26.2,74,1,2023-07-09 12:33:28,4,High
7/9/2023,12:33:32,26.2,74,1,2023-07-09 12:33:32,4,High
7/9/2023,12:33:35,26.2,74,1,2023-07-09 12:33:35,4,High
7/9/2023,12:33:39,26.2,74,1,2023-07-09 12:33:39,4,High
7/9/2023,12:33:43,26.2,74,1,2023-07-09 12:33:43,4,High
7/9/2023,12:33:46,26.2,73,1,2023-07-09 12:33:46,4,High
7/9/2023,12:33:50,26.2,73,1,2023-07-09 12:33:50,4,High
7/9/2023,12:33:54,26.2,73,1,2023-07-09 12:33:54,4,High
7/9/2023,12:33:58,26.2,73,1,2023-07-09 12:33:58,4,High
7/9/2023,12:34:02,26.2,73,1,2023-07-09 12:34:02,4,High
7/9/2023,12:34:05,26.2,73,1,2023-07-09 12:34:05,4,High
7/9/2023,12:34:09,26.2,73,1,2023-07-09 12:34:09,4,High
7/9/2023,12:34:13,26.2,73,1,2023-07-09 12:34:13,4,High
7/9/2023,12:34:17,26.2,73,1,2023-07-09 12:34:17,4,High
7/9/2023,12:34:21,26.2,74,1,2023-07-09 12:34:21,4,High
7/9/2023,12:34:25,26.2,74,1,2023-07-09 12:34:25,4,High
7/9/2023,12:34:29,26.2,73,1,2023-07-09 12:34:29,4,High
7/9/2023,12:34:32,26.2,73,1,2023-07-09 12:34:32,4,High
7/9/2023,12:34:35,26.2,73,1,2023-07-09 12:34:35,4,High
7/9/2023,12:34:39,26.2,73,1,2023-07-09 12:34:39,4,High
7/9/2023,12:34:43,26.2,73,1,2023-07-09 12:34:43,4,High
7/9/2023,12:34:47,26.2,73,1,2023-07-09 12:34:47,4,High
7/9/2023,12:34:50,26.2,74,1,2023-07-09 12:34:50,4,High
7/9/2023,12:34:54,26.2,73,1,2023-07-09 12:34:54,4,High
7/9/2023,12:34:58,26.2,73,1,2023-07-09 12:34:58,4,High
7/9/2023,12:35:02,26.2,73,1,2023-07-09 12:35:02,4,High
7/9/2023,12:35:06,26.2,73,1,2023-07-09 12:35:06,4,High
7/9/2023,12:35:10,26.2,73,1,2023-07-09 12:35:10,4,High
7/9/2023,12:35:14,26.2,73,1,2023-07-09 12:35:14,4,High
7/9/2023,12:35:18,26.2,73,1,2023-07-09 12:35:18,4,High
7/9/2023,12:35:22,26.2,73,1,2023-07-09 12:35:22,4,High
7/9/2023,12:36:13,26.2,73,1,2023-07-09 12:36:13,4,High
7/9/2023,12:36:17,26.2,73,1,2023-07-09 12:36:17,4,High
7/9/2023,12:36:21,26.2,73,1,2023-07-09 12:36:21,4,High
7/9/2023,12:36:25,26.2,73,1,2023-07-09 12:36:25,4,High
7/9/2023,12:36:28,26.2,73,1,2023-07-09 12:36:28,4,High
7/9/2023,12:36:32,26.2,73,1,2023-07-09 12:36:32,4,High
7/9/2023,12:36:37,26.2,73,1,2023-07-09 12:36:37,4,High
7/9/2023,12:36:40,26.2,73,1,2023-07-09 12:36:40,4,High
7/9/2023,12:36:44,26.2,73,1,2023-07-09 12:36:44,4,High
7/9/2023,12:36:48,26.2,73,1,2023-07-09 12:36:48,4,High
7/9/2023,12:36:52,26.2,73,1,2023-07-09 12:36:52,4,High
7/9/2023,12:36:55,26.2,73,1,2023-07-09 12:36:55,4,High
7/9/2023,12:36:59,26.2,73,1,2023-07-09 12:36:59,4,High
7/9/2023,12:37:03,26.2,73,1,2023-07-09 12:37:03,4,High
7/9/2023,12:37:08,26.2,73,1,2023-07-09 12:37:08,4,High
7/9/2023,12:37:11,26.2,73,1,2023-07-09 12:37:11,4,High
7/9/2023,12:37:15,26.2,73,1,2023-07-09 12:37:15,4,High
7/9/2023,12:37:19,26.2,73,1,2023-07-09 12:37:19,4,High
7/9/2023,12:37:23,26.2,73,1,2023-07-09 12:37:23,4,High
7/9/2023,12:37:26,26.2,73,1,2023-07-09 12:37:26,4,High
7/9/2023,12:37:30,26.2,73,1,2023-07-09 12:37:30,4,High
7/9/2023,12:37:34,26.2,73,1,2023-07-09 12:37:34,4,High
7/9/2023,12:37:38,26.2,73,1,2023-07-09 12:37:38,4,High
7/9/2023,12:37:41,26.2,73,1,2023-07-09 12:37:41,4,High
7/9/2023,12:37:45,26.2,73,1,2023-07-09 12:37:45,4,High
7/9/2023,12:37:57,26.2,73,1,2023-07-09 12:37:57,4,High
7/9/2023,12:38:01,26.2,73,1,2023-07-09 12:38:01,4,High
7/9/2023,12:38:05,26.3,73,1,2023-07-09 12:38:05,4,High
7/9/2023,12:38:08,26.3,73,1,2023-07-09 12:38:08,4,High
7/9/2023,12:38:13,26.3,73,1,2023-07-09 12:38:13,4,High
7/9/2023,12:38:17,26.3,73,1,2023-07-09 12:38:17,4,High
7/9/2023,12:38:20,26.3,73,1,2023-07-09 12:38:20,4,High
7/9/2023,12:38:24,26.3,73,1,2023-07-09 12:38:24,4,High
7/9/2023,12:38:28,26.3,73,1,2023-07-09 12:38:28,4,High
7/9/2023,12:38:31,26.3,73,1,2023-07-09 12:38:31,4,High
7/9/2023,12:38:35,26.3,73,1,2023-07-09 12:38:35,4,High
7/9/2023,12:38:39,26.3,73,1,2023-07-09 12:38:39,4,High
7/9/2023,12:38:43,26.3,73,1,2023-07-09 12:38:43,4,High
7/9/2023,12:38:47,26.3,73,1,2023-07-09 12:38:47,4,High
7/9/2023,12:38:51,26.3,73,1,2023-07-09 12:38:51,4,High
7/9/2023,12:38:55,26.3,73,1,2023-07-09 12:38:55,4,High
7/9/2023,12:38:58,26.3,73,1,2023-07-09 12:38:58,4,High
7/9/2023,12:39:02,26.3,73,1,2023-07-09 12:39:02,4,High
7/9/2023,12:39:06,26.3,73,1,2023-07-09 12:39:06,4,High
7/9/2023,12:39:58,26.3,73,0,2023-07-09 12:39:58,3,Medium
7/9/2023,12:40:49,26.3,73,4,2023-07-09 12:40:49,4,High
7/9/2023,12:40:53,26.3,73,5,2023-07-09 12:40:53,4,High
7/9/2023,12:40:57,26.3,73,5,2023-07-09 12:40:57,4,High
7/9/2023,12:41:00,26.3,73,13,2023-07-09 12:41:00,5,High
7/9/2023,12:41:04,26.3,73,12,2023-07-09 12:41:04,5,High
7/9/2023,12:41:08,26.3,73,10,2023-07-09 12:41:08,5,High
7/9/2023,12:41:12,26.3,73,5,2023-07-09 12:41:12,4,High
7/9/2023,12:41:16,26.3,73,12,2023-07-09 12:41:16,5,High
7/9/2023,12:41:19,26.3,73,13,2023-07-09 12:41:19,5,High
7/9/2023,12:41:23,26.4,73,12,2023-07-09 12:41:23,5,High
7/9/2023,12:41:27,26.3,73,5,2023-07-09 12:41:27,4,High
7/9/2023,12:41:31,26.4,73,5,2023-07-09 12:41:31,4,High
7/9/2023,12:41:35,26.4,73,5,2023-07-09 12:41:35,4,High
7/9/2023,12:41:39,26.4,73,12,2023-07-09 12:41:39,5,High
7/9/2023,12:41:43,26.4,73,12,2023-07-09 12:41:43,5,High
7/9/2023,12:41:46,26.4,73,12,2023-07-09 12:41:46,5,High
7/9/2023,12:41:50,26.4,73,5,2023-07-09 12:41:50,4,High
7/9/2023,12:41:54,26.4,73,12,2023-07-09 12:41:54,5,High
7/9/2023,12:41:59,26.4,73,10,2023-07-09 12:41:59,5,High
7/9/2023,12:42:02,26.3,73,3,2023-07-09 12:42:02,4,High
7/9/2023,12:42:05,26.3,73,4,2023-07-09 12:42:05,4,High
7/9/2023,12:42:09,26.3,73,10,2023-07-09 12:42:09,5,High
7/9/2023,12:42:13,26.4,73,12,2023-07-09 12:42:13,5,High
7/9/2023,12:42:17,26.4,73,4,2023-07-09 12:42:17,4,High
7/9/2023,12:42:20,26.3,73,5,2023-07-09 12:42:20,4,High
7/9/2023,12:42:24,26.3,73,10,2023-07-09 12:42:24,5,High
7/9/2023,12:42:28,26.4,73,10,2023-07-09 12:42:28,5,High
7/9/2023,12:42:32,26.4,73,12,2023-07-09 12:42:32,5,High
7/9/2023,12:42:35,26.3,73,12,2023-07-09 12:42:35,5,High
7/9/2023,12:42:39,26.4,73,12,2023-07-09 12:42:39,5,High
7/9/2023,12:42:43,26.3,73,12,2023-07-09 12:42:43,5,High
7/9/2023,12:42:47,26.4,73,10,2023-07-09 12:42:47,5,High
7/9/2023,12:42:51,26.3,73,12,2023-07-09 12:42:51,5,High
7/9/2023,12:42:55,26.4,73,6,2023-07-09 12:42:55,4,High
7/9/2023,12:42:58,26.4,73,5,2023-07-09 12:42:58,4,High
7/9/2023,12:43:02,26.4,73,4,2023-07-09 12:43:02,4,High
7/9/2023,12:43:05,26.4,73,5,2023-07-09 12:43:05,4,High
7/9/2023,12:43:09,26.4,73,5,2023-07-09 12:43:09,4,High
7/9/2023,12:43:13,26.4,73,12,2023-07-09 12:43:13,5,High
7/9/2023,12:43:17,26.4,73,13,2023-07-09 12:43:17,5,High
7/9/2023,12:43:21,26.4,73,12,2023-07-09 12:43:21,5,High
7/9/2023,12:43:25,26.4,73,4,2023-07-09 12:43:25,4,High
7/9/2023,12:43:29,26.4,73,12,2023-07-09 12:43:29,5,High
7/9/2023,12:43:33,26.4,72,13,2023-07-09 12:43:33,5,High
7/9/2023,12:43:37,26.3,72,12,2023-07-09 12:43:37,5,High
7/9/2023,12:43:41,26.3,72,5,2023-07-09 12:43:41,4,High
7/9/2023,12:43:44,26.4,72,4,2023-07-09 12:43:44,4,High
7/9/2023,12:43:48,26.4,72,5,2023-07-09 12:43:48,4,High
7/9/2023,12:43:51,26.4,73,4,2023-07-09 12:43:51,4,High
7/9/2023,12:43:55,26.4,73,4,2023-07-09 12:43:55,4,High
7/9/2023,12:43:58,26.4,73,12,2023-07-09 12:43:58,5,High
7/9/2023,12:44:02,26.4,73,12,2023-07-09 12:44:02,5,High
7/9/2023,12:44:06,26.4,73,12,2023-07-09 12:44:06,5,High
7/9/2023,12:44:10,26.4,73,4,2023-07-09 12:44:10,4,High
7/9/2023,12:44:14,26.4,72,4,2023-07-09 12:44:14,4,High
7/9/2023,12:44:17,26.4,72,5,2023-07-09 12:44:17,4,High
7/9/2023,12:44:21,26.4,72,5,2023-07-09 12:44:21,4,High
7/9/2023,12:44:26,26.4,72,12,2023-07-09 12:44:26,5,High
7/9/2023,12:44:30,26.4,72,10,2023-07-09 12:44:30,5,High
7/9/2023,12:44:33,26.4,72,5,2023-07-09 12:44:33,4,High
7/9/2023,12:44:37,26.4,72,4,2023-07-09 12:44:37,4,High
7/9/2023,12:44:41,26.4,72,12,2023-07-09 12:44:41,5,High
7/9/2023,12:44:45,26.4,72,10,2023-07-09 12:44:45,5,High
7/9/2023,12:44:49,26.4,72,5,2023-07-09 12:44:49,4,High
7/9/2023,12:44:53,26.4,72,12,2023-07-09 12:44:53,5,High
7/9/2023,12:44:57,26.4,72,12,2023-07-09 12:44:57,5,High
7/9/2023,12:45:01,26.4,72,4,2023-07-09 12:45:01,4,High
7/9/2023,12:45:05,26.4,72,10,2023-07-09 12:45:05,5,High
7/9/2023,12:45:09,26.4,73,9,2023-07-09 12:45:09,4,High
7/9/2023,12:45:12,26.4,73,4,2023-07-09 12:45:12,4,High
7/9/2023,12:45:16,26.4,73,4,2023-07-09 12:45:16,4,High
7/9/2023,12:45:20,26.4,73,12,2023-07-09 12:45:20,5,High
7/9/2023,12:45:24,26.4,73,12,2023-07-09 12:45:24,5,High
7/9/2023,12:46:17,26.4,72,0,2023-07-09 12:46:17,3,Medium
7/9/2023,12:46:21,26.4,72,0,2023-07-09 12:46:21,3,Medium
7/9/2023,12:46:24,26.4,72,0,2023-07-09 12:46:24,3,Medium
7/9/2023,12:46:28,26.4,72,0,2023-07-09 12:46:28,3,Medium
7/9/2023,12:46:32,26.4,72,0,2023-07-09 12:46:32,3,Medium
7/9/2023,12:46:35,26.4,72,0,2023-07-09 12:46:35,3,Medium
7/9/2023,12:46:40,26.4,72,0,2023-07-09 12:46:40,3,Medium
7/9/2023,12:46:44,26.4,72,0,2023-07-09 12:46:44,3,Medium
7/9/2023,12:46:47,26.4,72,0,2023-07-09 12:46:47,3,Medium
7/9/2023,12:46:51,26.4,72,0,2023-07-09 12:46:51,3,Medium
7/9/2023,12:46:55,26.4,72,0,2023-07-09 12:46:55,3,Medium
7/9/2023,12:46:59,26.4,72,0,2023-07-09 12:46:59,3,Medium
7/9/2023,12:47:02,26.4,72,0,2023-07-09 12:47:02,3,Medium
7/9/2023,12:47:06,26.4,72,0,2023-07-09 12:47:06,3,Medium
7/9/2023,12:47:10,26.4,72,0,2023-07-09 12:47:10,3,Medium
7/9/2023,12:47:14,26.4,72,0,2023-07-09 12:47:14,3,Medium
7/9/2023,12:47:17,26.4,72,0,2023-07-09 12:47:17,3,Medium
7/9/2023,12:47:21,26.4,72,0,2023-07-09 12:47:21,3,Medium
7/9/2023,12:47:24,26.4,72,0,2023-07-09 12:47:24,3,Medium
7/9/2023,12:47:28,26.4,72,0,2023-07-09 12:47:28,3,Medium
7/9/2023,12:47:32,26.4,72,0,2023-07-09 12:47:32,3,Medium
7/9/2023,12:47:36,26.4,72,0,2023-07-09 12:47:36,3,Medium
7/9/2023,12:47:40,26.4,72,0,2023-07-09 12:47:40,3,Medium
7/9/2023,12:47:44,26.4,72,0,2023-07-09 12:47:44,3,Medium
7/9/2023,12:47:48,26.4,72,0,2023-07-09 12:47:48,3,Medium
7/9/2023,12:47:52,26.4,72,0,2023-07-09 12:47:52,3,Medium
7/9/2023,12:47:56,26.4,72,0,2023-07-09 12:47:56,3,Medium
7/9/2023,12:47:59,26.4,72,0,2023-07-09 12:47:59,3,Medium
7/9/2023,12:48:04,26.4,72,0,2023-07-09 12:48:04,3,Medium
7/9/2023,12:48:07,26.4,72,0,2023-07-09 12:48:07,3,Medium
7/9/2023,12:48:11,26.5,72,0,2023-07-09 12:48:11,3,Medium
7/9/2023,12:48:15,26.5,72,0,2023-07-09 12:48:15,3,Medium
7/9/2023,12:48:18,26.5,72,0,2023-07-09 12:48:18,3,Medium
7/9/2023,12:48:22,26.5,72,0,2023-07-09 12:48:22,3,Medium
7/9/2023,12:48:25,26.5,72,0,2023-07-09 12:48:25,3,Medium
7/9/2023,12:48:29,26.5,72,0,2023-07-09 12:48:29,3,Medium
7/9/2023,12:48:32,26.5,72,0,2023-07-09 12:48:32,3,Medium
7/9/2023,12:48:36,26.5,72,0,2023-07-09 12:48:36,3,Medium
7/9/2023,12:48:40,26.5,72,0,2023-07-09 12:48:40,3,Medium
7/9/2023,12:48:43,26.5,72,0,2023-07-09 12:48:43,3,Medium
7/9/2023,12:48:47,26.5,72,0,2023-07-09 12:48:47,3,Medium
7/9/2023,12:48:50,26.5,72,0,2023-07-09 12:48:50,3,Medium
7/9/2023,12:48:54,26.5,72,0,2023-07-09 12:48:54,3,Medium
7/9/2023,12:48:57,26.5,72,0,2023-07-09 12:48:57,3,Medium
7/9/2023,12:49:01,26.5,72,0,2023-07-09 12:49:01,3,Medium
7/9/2023,12:49:05,26.6,72,0,2023-07-09 12:49:05,3,Medium
7/9/2023,12:49:10,26.6,72,0,2023-07-09 12:49:10,3,Medium
7/9/2023,12:49:14,26.6,72,0,2023-07-09 12:49:14,3,Medium
7/9/2023,12:49:17,26.6,72,0,2023-07-09 12:49:17,3,Medium
7/9/2023,12:49:21,26.6,72,0,2023-07-09 12:49:21,3,Medium
7/9/2023,12:49:25,26.6,72,0,2023-07-09 12:49:25,3,Medium
7/9/2023,12:49:28,26.6,72,0,2023-07-09 12:49:28,3,Medium
7/9/2023,12:49:32,26.6,72,0,2023-07-09 12:49:32,3,Medium
7/9/2023,12:49:35,26.6,72,0,2023-07-09 12:49:35,3,Medium
7/9/2023,12:49:39,26.6,72,0,2023-07-09 12:49:39,3,Medium
7/9/2023,12:49:43,26.7,72,0,2023-07-09 12:49:43,3,Medium
7/9/2023,12:49:47,26.7,72,0,2023-07-09 12:49:47,3,Medium
7/9/2023,12:49:52,26.7,72,0,2023-07-09 12:49:52,3,Medium
7/9/2023,12:49:56,26.7,72,0,2023-07-09 12:49:56,3,Medium
7/9/2023,12:50:00,26.7,72,0,2023-07-09 12:50:00,3,Medium
7/9/2023,12:50:05,26.7,72,0,2023-07-09 12:50:05,3,Medium
7/9/2023,12:50:09,26.7,72,0,2023-07-09 12:50:09,3,Medium
7/9/2023,12:50:13,26.7,71,0,2023-07-09 12:50:13,3,Medium
7/9/2023,12:50:17,26.7,71,0,2023-07-09 12:50:17,3,Medium
7/9/2023,12:50:21,26.7,71,0,2023-07-09 12:50:21,3,Medium
7/9/2023,12:50:25,26.7,71,0,2023-07-09 12:50:25,3,Medium
7/9/2023,12:50:29,26.7,71,0,2023-07-09 12:50:29,3,Medium
7/9/2023,12:50:32,26.7,71,0,2023-07-09 12:50:32,3,Medium
7/9/2023,12:50:36,26.7,71,0,2023-07-09 12:50:36,3,Medium
7/9/2023,12:50:40,26.7,71,0,2023-07-09 12:50:40,3,Medium
7/9/2023,12:50:44,26.7,71,0,2023-07-09 12:50:44,3,Medium
7/9/2023,12:50:47,26.7,71,0,2023-07-09 12:50:47,3,Medium
7/9/2023,12:50:51,26.7,71,0,2023-07-09 12:50:51,3,Medium
7/9/2023,12:50:55,26.7,71,0,2023-07-09 12:50:55,3,Medium
7/9/2023,12:50:58,26.7,71,0,2023-07-09 12:50:58,3,Medium
7/9/2023,12:51:02,26.7,71,0,2023-07-09 12:51:02,3,Medium
7/9/2023,12:51:05,26.7,71,0,2023-07-09 12:51:05,3,Medium
7/9/2023,12:51:09,26.7,71,0,2023-07-09 12:51:09,3,Medium
7/9/2023,12:51:13,26.7,71,0,2023-07-09 12:51:13,3,Medium
7/9/2023,12:51:17,26.7,71,0,2023-07-09 12:51:17,3,Medium
7/9/2023,12:51:21,26.7,71,0,2023-07-09 12:51:21,3,Medium
7/9/2023,12:51:24,26.7,71,0,2023-07-09 12:51:24,3,Medium
7/9/2023,12:51:28,26.7,71,0,2023-07-09 12:51:28,3,Medium
7/9/2023,12:51:32,26.7,71,0,2023-07-09 12:51:32,3,Medium
7/9/2023,12:51:35,26.7,71,0,2023-07-09 12:51:35,3,Medium
7/9/2023,12:51:40,26.7,71,0,2023-07-09 12:51:40,3,Medium
7/9/2023,12:51:44,26.7,71,0,2023-07-09 12:51:44,3,Medium
7/9/2023,12:51:49,26.7,71,0,2023-07-09 12:51:49,3,Medium
7/9/2023,12:51:53,26.7,71,0,2023-07-09 12:51:53,3,Medium
7/9/2023,12:51:57,26.7,71,0,2023-07-09 12:51:57,3,Medium
7/9/2023,12:52:01,26.7,71,0,2023-07-09 12:52:01,3,Medium
7/9/2023,12:52:05,26.7,71,0,2023-07-09 12:52:05,3,Medium
7/9/2023,12:52:09,26.7,71,0,2023-07-09 12:52:09,3,Medium
7/9/2023,12:52:12,26.7,71,0,2023-07-09 12:52:12,3,Medium
7/9/2023,12:52:16,26.7,71,0,2023-07-09 12:52:16,3,Medium
7/9/2023,12:52:20,26.7,71,0,2023-07-09 12:52:20,3,Medium
7/9/2023,12:52:24,26.7,71,0,2023-07-09 12:52:24,3,Medium
7/9/2023,12:53:13,26.7,71,0,2023-07-09 12:53:13,3,Medium
7/9/2023,12:53:17,26.7,71,0,2023-07-09 12:53:17,3,Medium
7/9/2023,12:53:21,26.7,71,0,2023-07-09 12:53:21,3,Medium
7/9/2023,12:53:24,26.7,71,0,2023-07-09 12:53:24,3,Medium
7/9/2023,12:53:28,26.6,71,0,2023-07-09 12:53:28,3,Medium
7/9/2023,12:53:32,26.7,71,0,2023-07-09 12:53:32,3,Medium
7/9/2023,12:53:36,26.7,71,0,2023-07-09 12:53:36,3,Medium
7/9/2023,12:53:40,26.6,71,0,2023-07-09 12:53:40,3,Medium
7/9/2023,12:53:43,26.6,71,0,2023-07-09 12:53:43,3,Medium
7/9/2023,12:53:47,26.6,71,0,2023-07-09 12:53:47,3,Medium
7/9/2023,12:53:51,26.7,71,0,2023-07-09 12:53:51,3,Medium
7/9/2023,12:53:54,26.6,71,0,2023-07-09 12:53:54,3,Medium
7/9/2023,12:53:58,26.6,71,0,2023-07-09 12:53:58,3,Medium
7/9/2023,12:54:03,26.6,71,0,2023-07-09 12:54:03,3,Medium
7/9/2023,12:54:06,26.6,71,0,2023-07-09 12:54:06,3,Medium
7/9/2023,12:54:10,26.6,71,0,2023-07-09 12:54:10,3,Medium
7/9/2023,12:54:13,26.6,71,0,2023-07-09 12:54:13,3,Medium
7/9/2023,12:54:17,26.6,71,0,2023-07-09 12:54:17,3,Medium
7/9/2023,12:54:22,26.6,71,0,2023-07-09 12:54:22,3,Medium
7/9/2023,12:54:25,26.6,71,0,2023-07-09 12:54:25,3,Medium
7/9/2023,12:54:29,26.6,71,0,2023-07-09 12:54:29,3,Medium
7/9/2023,12:54:33,26.6,71,0,2023-07-09 12:54:33,3,Medium
7/9/2023,12:54:37,26.6,71,0,2023-07-09 12:54:37,3,Medium
7/9/2023,12:54:41,26.6,71,0,2023-07-09 12:54:41,3,Medium
7/9/2023,12:54:45,26.6,71,0,2023-07-09 12:54:45,3,Medium
7/9/2023,12:54:49,26.6,71,0,2023-07-09 12:54:49,3,Medium
7/10/2023,23:02:16,26.6,69,0,2023-07-10 23:02:16,2,Medium
7/10/2023,23:02:20,26.8,68,0,2023-07-10 23:02:20,2,Medium
7/10/2023,23:02:24,26.8,68,0,2023-07-10 23:02:24,2,Medium
7/10/2023,23:03:15,26.8,68,0,2023-07-10 23:03:15,2,Medium
7/10/2023,23:03:19,26.8,68,0,2023-07-10 23:03:19,2,Medium
7/10/2023,23:03:23,26.8,68,0,2023-07-10 23:03:23,2,Medium
7/10/2023,23:03:27,26.9,68,0,2023-07-10 23:03:27,2,Medium
7/10/2023,23:03:31,26.8,68,0,2023-07-10 23:03:31,2,Medium
7/10/2023,23:03:35,26.8,68,0,2023-07-10 23:03:35,2,Medium
7/10/2023,23:03:39,26.9,68,0,2023-07-10 23:03:39,2,Medium
7/10/2023,23:03:43,26.8,68,0,2023-07-10 23:03:43,2,Medium
7/10/2023,23:03:46,26.8,68,0,2023-07-10 23:03:46,2,Medium
7/10/2023,23:03:50,26.8,68,0,2023-07-10 23:03:50,2,Medium
7/10/2023,23:03:54,26.8,68,0,2023-07-10 23:03:54,2,Medium
7/10/2023,23:03:58,26.9,68,0,2023-07-10 23:03:58,2,Medium
7/10/2023,23:04:02,26.9,68,0,2023-07-10 23:04:02,2,Medium
7/10/2023,23:04:06,26.9,68,0,2023-07-10 23:04:06,2,Medium
7/10/2023,23:04:10,26.9,68,0,2023-07-10 23:04:10,2,Medium
7/10/2023,23:04:14,26.9,68,0,2023-07-10 23:04:14,2,Medium
7/10/2023,23:04:17,26.9,68,0,2023-07-10 23:04:17,2,Medium
7/10/2023,23:04:21,26.9,68,0,2023-07-10 23:04:21,2,Medium
7/10/2023,23:04:25,26.9,68,0,2023-07-10 23:04:25,2,Medium
7/10/2023,23:04:29,26.9,68,0,2023-07-10 23:04:29,2,Medium
7/10/2023,23:04:32,26.9,68,0,2023-07-10 23:04:32,2,Medium
7/10/2023,23:04:36,26.9,68,0,2023-07-10 23:04:36,2,Medium
7/10/2023,23:04:40,26.9,68,0,2023-07-10 23:04:40,2,Medium
7/10/2023,23:04:44,26.9,68,0,2023-07-10 23:04:44,2,Medium
7/10/2023,23:04:47,26.9,68,0,2023-07-10 23:04:47,2,Medium
7/10/2023,23:04:51,26.9,68,0,2023-07-10 23:04:51,2,Medium
7/10/2023,23:04:55,26.9,68,0,2023-07-10 23:04:55,2,Medium
7/10/2023,23:04:58,26.9,68,0,2023-07-10 23:04:58,2,Medium
7/10/2023,23:05:02,26.9,68,0,2023-07-10 23:05:02,2,Medium
7/10/2023,23:05:06,26.9,68,0,2023-07-10 23:05:06,2,Medium
7/10/2023,23:05:09,26.9,68,0,2023-07-10 23:05:09,2,Medium
7/10/2023,23:05:13,26.9,68,0,2023-07-10 23:05:13,2,Medium
7/10/2023,23:05:17,26.9,68,0,2023-07-10 23:05:17,2,Medium
7/10/2023,23:05:21,26.9,68,0,2023-07-10 23:05:21,2,Medium
7/10/2023,23:05:25,26.9,68,0,2023-07-10 23:05:25,2,Medium
7/10/2023,23:05:28,26.9,68,0,2023-07-10 23:05:28,2,Medium
7/10/2023,23:05:32,26.9,68,0,2023-07-10 23:05:32,2,Medium
7/10/2023,23:05:35,26.9,68,0,2023-07-10 23:05:35,2,Medium
7/10/2023,23:05:39,26.9,68,0,2023-07-10 23:05:39,2,Medium
7/10/2023,23:05:43,26.9,68,0,2023-07-10 23:05:43,2,Medium
7/10/2023,23:05:47,26.9,68,0,2023-07-10 23:05:47,2,Medium
7/10/2023,23:05:51,26.9,68,0,2023-07-10 23:05:51,2,Medium
7/10/2023,23:05:54,26.9,68,0,2023-07-10 23:05:54,2,Medium
7/10/2023,23:05:58,26.9,68,0,2023-07-10 23:05:58,2,Medium
7/10/2023,23:06:02,26.9,68,0,2023-07-10 23:06:02,2,Medium
7/10/2023,23:06:05,26.9,68,0,2023-07-10 23:06:05,2,Medium
7/10/2023,23:06:09,26.9,68,0,2023-07-10 23:06:09,2,Medium
7/10/2023,23:06:16,26.9,68,0,2023-07-10 23:06:16,2,Medium
7/10/2023,23:06:21,26.9,68,0,2023-07-10 23:06:21,2,Medium
7/10/2023,23:06:30,26.9,68,0,2023-07-10 23:06:30,2,Medium
7/10/2023,23:06:34,26.9,68,0,2023-07-10 23:06:34,2,Medium
7/10/2023,23:06:38,26.9,68,0,2023-07-10 23:06:38,2,Medium
7/10/2023,23:06:41,26.9,68,0,2023-07-10 23:06:41,2,Medium
7/10/2023,23:06:45,26.9,68,0,2023-07-10 23:06:45,2,Medium
7/10/2023,23:06:49,26.9,68,0,2023-07-10 23:06:49,2,Medium
7/10/2023,23:06:53,26.9,68,0,2023-07-10 23:06:53,2,Medium
7/10/2023,23:06:58,26.9,68,0,2023-07-10 23:06:58,2,Medium
7/10/2023,23:07:02,26.9,68,0,2023-07-10 23:07:02,2,Medium
7/10/2023,23:07:05,26.9,68,0,2023-07-10 23:07:05,2,Medium
7/10/2023,23:07:09,26.9,68,0,2023-07-10 23:07:09,2,Medium
7/10/2023,23:07:12,26.9,68,0,2023-07-10 23:07:12,2,Medium
7/10/2023,23:07:16,26.9,68,0,2023-07-10 23:07:16,2,Medium
7/10/2023,23:07:20,26.9,68,0,2023-07-10 23:07:20,2,Medium
7/10/2023,23:07:24,26.9,68,0,2023-07-10 23:07:24,2,Medium
7/10/2023,23:07:28,26.9,68,0,2023-07-10 23:07:28,2,Medium
7/10/2023,23:07:31,26.9,68,0,2023-07-10 23:07:31,2,Medium
7/10/2023,23:07:35,26.9,68,0,2023-07-10 23:07:35,2,Medium
7/10/2023,23:07:39,26.9,68,0,2023-07-10 23:07:39,2,Medium
7/10/2023,23:07:43,26.9,68,0,2023-07-10 23:07:43,2,Medium
7/10/2023,23:07:47,26.9,68,0,2023-07-10 23:07:47,2,Medium
7/10/2023,23:07:50,26.9,68,0,2023-07-10 23:07:50,2,Medium
7/10/2023,23:07:54,26.9,68,0,2023-07-10 23:07:54,2,Medium
7/10/2023,23:07:58,26.9,68,0,2023-07-10 23:07:58,2,Medium
7/10/2023,23:08:02,26.9,68,0,2023-07-10 23:08:02,2,Medium
7/10/2023,23:08:06,26.9,68,0,2023-07-10 23:08:06,2,Medium
7/10/2023,23:08:10,26.9,68,0,2023-07-10 23:08:10,2,Medium
7/10/2023,23:08:14,26.9,68,0,2023-07-10 23:08:14,2,Medium
7/10/2023,23:08:18,26.9,68,0,2023-07-10 23:08:18,2,Medium
7/10/2023,23:08:22,26.9,68,0,2023-07-10 23:08:22,2,Medium
7/10/2023,23:08:25,26.9,68,0,2023-07-10 23:08:25,2,Medium
7/10/2023,23:09:17,26.9,68,0,2023-07-10 23:09:17,2,Medium
7/10/2023,23:09:20,26.9,67,0,2023-07-10 23:09:20,2,Medium
7/10/2023,23:09:25,26.9,68,0,2023-07-10 23:09:25,2,Medium
7/10/2023,23:09:29,26.9,68,0,2023-07-10 23:09:29,2,Medium
7/10/2023,23:09:33,26.9,67,0,2023-07-10 23:09:33,2,Medium
7/10/2023,23:09:37,26.9,67,0,2023-07-10 23:09:37,2,Medium
7/10/2023,23:09:41,26.9,68,0,2023-07-10 23:09:41,2,Medium
7/10/2023,23:09:45,26.9,68,0,2023-07-10 23:09:45,2,Medium
7/10/2023,23:17:23,26.9,68,0,2023-07-10 23:17:23,2,Medium
7/10/2023,23:17:27,26.9,67,0,2023-07-10 23:17:27,2,Medium
7/10/2023,23:17:31,26.9,67,0,2023-07-10 23:17:31,2,Medium
7/10/2023,23:17:35,26.9,67,0,2023-07-10 23:17:35,2,Medium
7/10/2023,23:17:39,26.9,67,0,2023-07-10 23:17:39,2,Medium
7/10/2023,23:17:43,26.9,67,0,2023-07-10 23:17:43,2,Medium
7/10/2023,23:17:48,26.9,67,0,2023-07-10 23:17:48,2,Medium
7/10/2023,23:18:40,26.9,67,0,2023-07-10 23:18:40,2,Medium
7/10/2023,23:18:44,26.9,67,0,2023-07-10 23:18:44,2,Medium
7/10/2023,23:18:49,26.9,67,0,2023-07-10 23:18:49,2,Medium
7/10/2023,23:18:53,26.9,67,0,2023-07-10 23:18:53,2,Medium
7/10/2023,23:18:58,26.9,67,0,2023-07-10 23:18:58,2,Medium
7/10/2023,23:19:03,26.9,67,0,2023-07-10 23:19:03,2,Medium
7/10/2023,23:19:07,26.9,67,0,2023-07-10 23:19:07,2,Medium
7/10/2023,23:19:12,26.9,67,0,2023-07-10 23:19:12,2,Medium
7/10/2023,23:19:17,26.9,67,0,2023-07-10 23:19:17,2,Medium
7/10/2023,23:19:22,26.9,67,0,2023-07-10 23:19:22,2,Medium
7/10/2023,23:19:28,26.9,67,0,2023-07-10 23:19:28,2,Medium
7/10/2023,23:19:33,26.9,67,0,2023-07-10 23:19:33,2,Medium
7/10/2023,23:19:38,26.9,67,0,2023-07-10 23:19:38,2,Medium
7/10/2023,23:19:42,26.9,67,0,2023-07-10 23:19:42,2,Medium
7/10/2023,23:19:47,26.9,67,0,2023-07-10 23:19:47,2,Medium
7/10/2023,23:19:52,26.9,67,0,2023-07-10 23:19:52,2,Medium
7/10/2023,23:19:57,26.9,67,0,2023-07-10 23:19:57,2,Medium
7/10/2023,23:20:02,26.9,67,0,2023-07-10 23:20:02,2,Medium
7/10/2023,23:20:07,26.9,67,0,2023-07-10 23:20:07,2,Medium
7/10/2023,23:20:12,26.9,67,0,2023-07-10 23:20:12,2,Medium
7/10/2023,23:20:16,26.9,67,0,2023-07-10 23:20:16,2,Medium
7/10/2023,23:20:20,26.9,67,0,2023-07-10 23:20:20,2,Medium
7/10/2023,23:20:25,26.9,67,0,2023-07-10 23:20:25,2,Medium
7/10/2023,23:20:30,26.9,67,0,2023-07-10 23:20:30,2,Medium
7/13/2023,18:08:45,28.9,63,0,2023-07-13 18:08:45,2,Medium
7/13/2023,18:08:50,28.9,63,0,2023-07-13 18:08:50,2,Medium
7/13/2023,18:08:54,28.9,63,0,2023-07-13 18:08:54,2,Medium
7/13/2023,18:08:58,28.9,63,0,2023-07-13 18:08:58,2,Medium
7/13/2023,18:09:02,28.9,63,0,2023-07-13 18:09:02,2,Medium
7/13/2023,18:09:06,29.0,62,0,2023-07-13 18:09:06,2,Medium
7/13/2023,18:09:10,29.0,62,0,2023-07-13 18:09:10,2,Medium
7/13/2023,18:09:15,29.0,62,0,2023-07-13 18:09:15,2,Medium
7/13/2023,18:10:08,29.0,62,0,2023-07-13 18:10:08,2,Medium
7/13/2023,18:10:12,29.1,62,0,2023-07-13 18:10:12,2,Medium
7/13/2023,18:10:16,29.1,62,0,2023-07-13 18:10:16,2,Medium
7/13/2023,18:10:21,29.1,62,0,2023-07-13 18:10:21,2,Medium
7/13/2023,18:10:26,29.1,61,0,2023-07-13 18:10:26,2,Medium
7/13/2023,18:10:31,29.1,61,0,2023-07-13 18:10:31,2,Medium
7/13/2023,18:10:36,29.1,61,0,2023-07-13 18:10:36,2,Medium
7/13/2023,18:10:41,29.1,61,0,2023-07-13 18:10:41,2,Medium
7/13/2023,18:10:45,29.1,61,0,2023-07-13 18:10:45,2,Medium
7/13/2023,18:10:49,29.1,61,0,2023-07-13 18:10:49,2,Medium
7/13/2023,18:10:55,29.1,61,0,2023-07-13 18:10:55,2,Medium
7/13/2023,18:10:59,29.1,61,0,2023-07-13 18:10:59,2,Medium
7/13/2023,18:11:05,29.1,61,0,2023-07-13 18:11:05,2,Medium
7/13/2023,18:11:09,29.1,61,0,2023-07-13 18:11:09,2,Medium
7/13/2023,18:11:14,29.1,61,0,2023-07-13 18:11:14,2,Medium
7/13/2023,18:11:19,29.1,61,0,2023-07-13 18:11:19,2,Medium
7/13/2023,18:11:23,29.1,61,0,2023-07-13 18:11:23,2,Medium
7/13/2023,18:11:28,29.1,61,0,2023-07-13 18:11:28,2,Medium
7/13/2023,18:11:32,29.1,61,0,2023-07-13 18:11:32,2,Medium
7/13/2023,18:11:37,29.1,61,0,2023-07-13 18:11:37,2,Medium
7/13/2023,18:11:42,29.1,61,0,2023-07-13 18:11:42,2,Medium
7/13/2023,18:11:47,29.1,61,0,2023-07-13 18:11:47,2,Medium
7/13/2023,18:11:52,29.1,61,0,2023-07-13 18:11:52,2,Medium
7/13/2023,18:11:57,29.1,61,0,2023-07-13 18:11:57,2,Medium
7/13/2023,18:12:01,29.1,61,0,2023-07-13 18:12:01,2,Medium
7/13/2023,18:12:06,29.1,61,0,2023-07-13 18:12:06,2,Medium
7/13/2023,18:12:10,29.1,61,0,2023-07-13 18:12:10,2,Medium
7/13/2023,18:12:14,29.1,61,0,2023-07-13 18:12:14,2,Medium
7/13/2023,18:12:20,29.1,61,0,2023-07-13 18:12:20,2,Medium
7/13/2023,18:12:25,29.1,61,0,2023-07-13 18:12:25,2,Medium
7/13/2023,18:12:29,29.1,61,0,2023-07-13 18:12:29,2,Medium
7/13/2023,18:12:33,29.1,61,0,2023-07-13 18:12:33,2,Medium
7/13/2023,18:12:38,29.1,61,0,2023-07-13 18:12:38,2,Medium
7/13/2023,18:12:42,29.1,61,0,2023-07-13 18:12:42,2,Medium
7/13/2023,18:12:47,29.1,61,0,2023-07-13 18:12:47,2,Medium
7/13/2023,18:12:52,29.1,61,0,2023-07-13 18:12:52,2,Medium
7/13/2023,18:12:56,29.1,61,0,2023-07-13 18:12:56,2,Medium
7/13/2023,18:13:01,29.1,61,0,2023-07-13 18:13:01,2,Medium
7/13/2023,18:13:05,29.1,61,0,2023-07-13 18:13:05,2,Medium
7/13/2023,18:13:11,29.1,61,0,2023-07-13 18:13:11,2,Medium
7/13/2023,18:13:15,29.1,61,0,2023-07-13 18:13:15,2,Medium
7/13/2023,18:13:20,29.1,61,0,2023-07-13 18:13:20,2,Medium
7/13/2023,18:13:24,29.1,61,0,2023-07-13 18:13:24,2,Medium
7/13/2023,18:13:29,29.1,61,0,2023-07-13 18:13:29,2,Medium
7/13/2023,18:13:33,29.1,61,0,2023-07-13 18:13:33,2,Medium
7/13/2023,18:13:38,29.1,61,0,2023-07-13 18:13:38,2,Medium
7/13/2023,18:13:43,29.1,61,0,2023-07-13 18:13:43,2,Medium
7/13/2023,18:13:47,29.1,61,0,2023-07-13 18:13:47,2,Medium
7/13/2023,18:13:52,29.1,62,0,2023-07-13 18:13:52,2,Medium
7/13/2023,18:13:56,29.1,61,0,2023-07-13 18:13:56,2,Medium
7/13/2023,18:14:01,29.1,61,0,2023-07-13 18:14:01,2,Medium
7/13/2023,18:14:06,29.1,61,0,2023-07-13 18:14:06,2,Medium
7/13/2023,18:14:10,29.1,62,0,2023-07-13 18:14:10,2,Medium
7/13/2023,18:14:15,29.1,61,0,2023-07-13 18:14:15,2,Medium
7/13/2023,18:14:19,29.1,61,0,2023-07-13 18:14:19,2,Medium
7/13/2023,18:14:24,29.1,61,0,2023-07-13 18:14:24,2,Medium
7/13/2023,18:14:29,29.1,61,0,2023-07-13 18:14:29,2,Medium
7/13/2023,18:14:34,29.1,61,0,2023-07-13 18:14:34,2,Medium
7/13/2023,18:14:38,29.1,61,0,2023-07-13 18:14:38,2,Medium
7/13/2023,18:14:44,29.1,61,0,2023-07-13 18:14:44,2,Medium
7/13/2023,18:14:48,29.1,61,0,2023-07-13 18:14:48,2,Medium
7/13/2023,18:14:52,29.1,61,0,2023-07-13 18:14:52,2,Medium
7/13/2023,18:14:57,29.1,61,0,2023-07-13 18:14:57,2,Medium
7/13/2023,18:15:01,29.1,61,0,2023-07-13 18:15:01,2,Medium
7/13/2023,18:15:06,29.1,61,0,2023-07-13 18:15:06,2,Medium
7/13/2023,18:15:10,29.1,61,0,2023-07-13 18:15:10,2,Medium
7/13/2023,18:15:15,29.1,61,0,2023-07-13 18:15:15,2,Medium
7/13/2023,18:15:19,29.1,61,0,2023-07-13 18:15:19,2,Medium
7/13/2023,18:15:24,29.1,61,0,2023-07-13 18:15:24,2,Medium
7/13/2023,18:15:28,29.1,61,0,2023-07-13 18:15:28,2,Medium
7/13/2023,18:15:32,29.1,62,0,2023-07-13 18:15:32,2,Medium
7/13/2023,18:15:37,29.1,62,0,2023-07-13 18:15:37,2,Medium
7/13/2023,18:15:41,29.1,62,0,2023-07-13 18:15:41,2,Medium
7/13/2023,18:15:45,29.1,62,0,2023-07-13 18:15:45,2,Medium
7/13/2023,18:15:49,29.1,62,0,2023-07-13 18:15:49,2,Medium
7/13/2023,18:15:53,29.1,62,0,2023-07-13 18:15:53,2,Medium
7/13/2023,18:15:58,29.1,62,0,2023-07-13 18:15:58,2,Medium
7/13/2023,18:16:02,29.1,61,0,2023-07-13 18:16:02,2,Medium
7/13/2023,18:16:06,29.1,61,0,2023-07-13 18:16:06,2,Medium
7/13/2023,18:16:11,29.1,61,0,2023-07-13 18:16:11,2,Medium
7/13/2023,18:16:15,29.1,61,0,2023-07-13 18:16:15,2,Medium
7/13/2023,18:16:19,29.1,61,0,2023-07-13 18:16:19,2,Medium
7/13/2023,18:16:23,29.1,61,0,2023-07-13 18:16:23,2,Medium
7/13/2023,18:16:27,29.1,61,0,2023-07-13 18:16:27,2,Medium
7/13/2023,18:16:31,29.1,61,0,2023-07-13 18:16:31,2,Medium
7/13/2023,18:16:35,29.1,61,0,2023-07-13 18:16:35,2,Medium
7/13/2023,18:16:39,29.1,61,0,2023-07-13 18:16:39,2,Medium
7/13/2023,18:16:44,29.1,61,0,2023-07-13 18:16:44,2,Medium
7/13/2023,18:16:48,29.1,61,0,2023-07-13 18:16:48,2,Medium
7/13/2023,18:16:52,29.1,61,0,2023-07-13 18:16:52,2,Medium
7/13/2023,18:16:57,29.1,61,0,2023-07-13 18:16:57,2,Medium
7/13/2023,18:17:01,29.1,61,0,2023-07-13 18:17:01,2,Medium
7/13/2023,18:17:06,29.1,61,0,2023-07-13 18:17:06,2,Medium
7/13/2023,18:17:10,29.1,61,0,2023-07-13 18:17:10,2,Medium
7/13/2023,18:17:14,29.1,61,0,2023-07-13 18:17:14,2,Medium
7/13/2023,18:17:18,29.1,61,0,2023-07-13 18:17:18,2,Medium
7/13/2023,18:17:34,29.1,61,0,2023-07-13 18:17:34,2,Medium
7/13/2023,18:17:39,29.1,61,0,2023-07-13 18:17:39,2,Medium
7/13/2023,18:17:44,29.1,61,0,2023-07-13 18:17:44,2,Medium
7/13/2023,18:17:49,29.1,62,0,2023-07-13 18:17:49,2,Medium
7/13/2023,18:17:53,29.1,62,0,2023-07-13 18:17:53,2,Medium
7/13/2023,18:17:57,29.1,62,0,2023-07-13 18:17:57,2,Medium
7/13/2023,18:18:01,29.1,62,0,2023-07-13 18:18:01,2,Medium
7/13/2023,18:18:06,29.2,62,0,2023-07-13 18:18:06,2,Medium
7/13/2023,18:18:10,29.2,62,0,2023-07-13 18:18:10,2,Medium
7/13/2023,18:18:15,29.2,62,0,2023-07-13 18:18:15,2,Medium
7/13/2023,18:18:19,29.2,62,0,2023-07-13 18:18:19,2,Medium
7/13/2023,18:18:23,29.2,62,0,2023-07-13 18:18:23,2,Medium
7/13/2023,18:18:27,29.2,61,0,2023-07-13 18:18:27,2,Medium
7/13/2023,18:18:31,29.2,61,0,2023-07-13 18:18:31,2,Medium
7/13/2023,18:18:36,29.2,61,0,2023-07-13 18:18:36,2,Medium
7/13/2023,18:18:40,29.2,61,0,2023-07-13 18:18:40,2,Medium
7/13/2023,18:18:44,29.2,61,0,2023-07-13 18:18:44,2,Medium
7/13/2023,18:18:49,29.2,61,0,2023-07-13 18:18:49,2,Medium
7/13/2023,18:18:53,29.2,61,0,2023-07-13 18:18:53,2,Medium
7/13/2023,18:18:57,29.2,61,0,2023-07-13 18:18:57,2,Medium
7/13/2023,18:19:01,29.2,61,0,2023-07-13 18:19:01,2,Medium
7/13/2023,18:19:06,29.2,61,0,2023-07-13 18:19:06,2,Medium
7/13/2023,18:19:11,29.2,61,0,2023-07-13 18:19:11,2,Medium
7/13/2023,18:19:16,29.2,61,0,2023-07-13 18:19:16,2,Medium
7/13/2023,18:19:20,29.2,61,0,2023-07-13 18:19:20,2,Medium
7/13/2023,18:19:24,29.2,61,0,2023-07-13 18:19:24,2,Medium
7/13/2023,18:19:28,29.2,61,0,2023-07-13 18:19:28,2,Medium
7/13/2023,18:19:32,29.2,61,0,2023-07-13 18:19:32,2,Medium
7/13/2023,18:19:36,29.2,61,0,2023-07-13 18:19:36,2,Medium
7/13/2023,18:19:41,29.2,61,0,2023-07-13 18:19:41,2,Medium
7/13/2023,18:19:45,29.2,61,0,2023-07-13 18:19:45,2,Medium
7/13/2023,18:19:50,29.2,61,0,2023-07-13 18:19:50,2,Medium
7/13/2023,18:19:54,29.2,61,0,2023-07-13 18:19:54,2,Medium
7/13/2023,18:19:58,29.2,61,0,2023-07-13 18:19:58,2,Medium
7/13/2023,18:20:04,29.2,61,0,2023-07-13 18:20:04,2,Medium
7/13/2023,18:20:08,29.2,61,0,2023-07-13 18:20:08,2,Medium
7/13/2023,18:20:12,29.2,61,0,2023-07-13 18:20:12,2,Medium
7/13/2023,18:20:16,29.2,61,0,2023-07-13 18:20:16,2,Medium
7/13/2023,18:20:20,29.2,61,0,2023-07-13 18:20:20,2,Medium
7/13/2023,18:20:25,29.2,62,0,2023-07-13 18:20:25,2,Medium
7/13/2023,18:20:29,29.2,62,0,2023-07-13 18:20:29,2,Medium
7/13/2023,18:20:33,29.2,62,0,2023-07-13 18:20:33,2,Medium
7/13/2023,18:20:37,29.2,61,0,2023-07-13 18:20:37,2,Medium
7/13/2023,18:20:41,29.2,62,0,2023-07-13 18:20:41,2,Medium
7/13/2023,18:20:46,29.2,61,0,2023-07-13 18:20:46,2,Medium
7/13/2023,18:20:50,29.2,61,0,2023-07-13 18:20:50,2,Medium
7/13/2023,18:20:55,29.2,61,0,2023-07-13 18:20:55,2,Medium
7/13/2023,18:21:00,29.2,61,0,2023-07-13 18:21:00,2,Medium
7/13/2023,18:21:04,29.3,61,0,2023-07-13 18:21:04,2,Medium
7/13/2023,18:21:08,29.3,61,0,2023-07-13 18:21:08,2,Medium
7/13/2023,18:21:12,29.3,61,0,2023-07-13 18:21:12,2,Medium
7/13/2023,18:21:17,29.3,61,0,2023-07-13 18:21:17,2,Medium
7/13/2023,18:21:21,29.3,61,0,2023-07-13 18:21:21,2,Medium
7/13/2023,18:21:26,29.3,61,0,2023-07-13 18:21:26,2,Medium
7/13/2023,18:21:30,29.3,61,0,2023-07-13 18:21:30,2,Medium
7/13/2023,18:21:34,29.3,61,0,2023-07-13 18:21:34,2,Medium
7/13/2023,18:21:38,29.3,61,0,2023-07-13 18:21:38,2,Medium
7/13/2023,18:21:43,29.3,61,0,2023-07-13 18:21:43,2,Medium
7/13/2023,18:21:47,29.3,61,0,2023-07-13 18:21:47,2,Medium
7/13/2023,18:21:52,29.3,61,0,2023-07-13 18:21:52,2,Medium
7/13/2023,18:21:56,29.3,61,0,2023-07-13 18:21:56,2,Medium
7/13/2023,18:22:00,29.3,61,0,2023-07-13 18:22:00,2,Medium
7/13/2023,18:22:04,29.3,61,0,2023-07-13 18:22:04,2,Medium
7/13/2023,18:22:09,29.3,61,0,2023-07-13 18:22:09,2,Medium
7/13/2023,18:22:14,29.3,61,0,2023-07-13 18:22:14,2,Medium
7/13/2023,18:22:18,29.3,61,0,2023-07-13 18:22:18,2,Medium
7/13/2023,18:22:22,29.3,61,0,2023-07-13 18:22:22,2,Medium
7/13/2023,18:22:26,29.3,61,0,2023-07-13 18:22:26,2,Medium
7/13/2023,18:22:31,29.3,61,0,2023-07-13 18:22:31,2,Medium
7/13/2023,18:22:35,29.3,61,0,2023-07-13 18:22:35,2,Medium
7/13/2023,18:22:39,29.3,61,0,2023-07-13 18:22:39,2,Medium
7/13/2023,18:22:44,29.3,61,0,2023-07-13 18:22:44,2,Medium
7/13/2023,18:22:48,29.3,61,0,2023-07-13 18:22:48,2,Medium
7/14/2023,9:10:57,28.0,67,0,2023-07-14 09:10:57,2,Medium
7/14/2023,9:11:01,28.1,67,0,2023-07-14 09:11:01,2,Medium
7/14/2023,9:11:05,28.1,67,0,2023-07-14 09:11:05,2,Medium
7/14/2023,9:11:10,28.1,67,0,2023-07-14 09:11:10,2,Medium
7/14/2023,9:11:17,28.1,66,0,2023-07-14 09:11:17,2,Medium
7/14/2023,9:11:22,28.1,66,0,2023-07-14 09:11:22,2,Medium
7/14/2023,9:11:26,28.1,66,0,2023-07-14 09:11:26,2,Medium
7/14/2023,9:11:31,28.2,66,0,2023-07-14 09:11:31,2,Medium
7/14/2023,9:11:35,28.2,66,0,2023-07-14 09:11:35,2,Medium
7/14/2023,9:11:39,28.2,66,0,2023-07-14 09:11:39,2,Medium
7/14/2023,9:11:44,28.2,66,0,2023-07-14 09:11:44,2,Medium
7/14/2023,9:11:48,28.2,66,0,2023-07-14 09:11:48,2,Medium
7/14/2023,9:11:52,28.2,66,0,2023-07-14 09:11:52,2,Medium
7/14/2023,9:11:57,28.3,65,0,2023-07-14 09:11:57,2,Medium
7/14/2023,9:12:02,28.3,65,0,2023-07-14 09:12:02,2,Medium
7/14/2023,9:12:06,28.3,65,0,2023-07-14 09:12:06,2,Medium
7/14/2023,9:12:11,28.3,65,0,2023-07-14 09:12:11,2,Medium
7/14/2023,9:12:16,28.3,65,0,2023-07-14 09:12:16,2,Medium
7/14/2023,9:12:22,28.3,65,0,2023-07-14 09:12:22,2,Medium
7/14/2023,9:12:28,28.4,65,0,2023-07-14 09:12:28,2,Medium
7/14/2023,9:12:33,28.4,65,0,2023-07-14 09:12:33,2,Medium
7/14/2023,9:12:38,28.4,64,0,2023-07-14 09:12:38,2,Medium
7/14/2023,9:12:43,28.4,64,0,2023-07-14 09:12:43,2,Medium
7/14/2023,9:12:47,28.4,64,0,2023-07-14 09:12:47,2,Medium
7/14/2023,9:12:51,28.4,64,0,2023-07-14 09:12:51,2,Medium
7/14/2023,9:12:55,28.5,64,0,2023-07-14 09:12:55,2,Medium
7/14/2023,9:13:00,28.5,64,0,2023-07-14 09:13:00,2,Medium
7/14/2023,9:13:04,28.5,64,0,2023-07-14 09:13:04,2,Medium
7/14/2023,9:13:09,28.5,64,0,2023-07-14 09:13:09,2,Medium
7/14/2023,9:13:13,28.6,64,0,2023-07-14 09:13:13,2,Medium
7/14/2023,9:13:18,28.6,64,0,2023-07-14 09:13:18,2,Medium
7/14/2023,9:13:23,28.6,64,0,2023-07-14 09:13:23,2,Medium
7/14/2023,9:13:27,28.6,64,0,2023-07-14 09:13:27,2,Medium
7/14/2023,9:13:32,28.6,64,0,2023-07-14 09:13:32,2,Medium
7/14/2023,9:13:36,28.6,64,0,2023-07-14 09:13:36,2,Medium
7/14/2023,9:13:40,28.7,64,0,2023-07-14 09:13:40,2,Medium
7/14/2023,9:13:46,28.7,64,0,2023-07-14 09:13:46,2,Medium
7/14/2023,9:13:51,28.7,64,0,2023-07-14 09:13:51,2,Medium
7/14/2023,9:13:55,28.7,64,0,2023-07-14 09:13:55,2,Medium
7/14/2023,9:14:00,28.8,64,0,2023-07-14 09:14:00,2,Medium
7/14/2023,9:14:04,28.8,64,0,2023-07-14 09:14:04,2,Medium
7/14/2023,9:14:09,28.8,64,0,2023-07-14 09:14:09,2,Medium
7/14/2023,9:14:14,28.8,64,0,2023-07-14 09:14:14,2,Medium
7/14/2023,9:14:18,28.9,64,0,2023-07-14 09:14:18,2,Medium
7/14/2023,9:14:22,28.9,64,0,2023-07-14 09:14:22,2,Medium
7/14/2023,9:14:28,28.9,64,0,2023-07-14 09:14:28,2,Medium
7/14/2023,9:14:33,29.0,64,0,2023-07-14 09:14:33,2,Medium
7/14/2023,9:14:40,29.0,64,0,2023-07-14 09:14:40,2,Medium
7/14/2023,9:14:45,29.1,63,0,2023-07-14 09:14:45,2,Medium
7/14/2023,9:14:49,29.1,63,0,2023-07-14 09:14:49,2,Medium
7/14/2023,9:14:54,29.1,63,0,2023-07-14 09:14:54,2,Medium
7/14/2023,9:14:58,29.2,63,0,2023-07-14 09:14:58,2,Medium
7/14/2023,9:15:03,29.2,63,0,2023-07-14 09:15:03,2,Medium
7/14/2023,9:15:07,29.2,63,0,2023-07-14 09:15:07,2,Medium
7/14/2023,9:15:12,29.2,63,0,2023-07-14 09:15:12,2,Medium
7/14/2023,9:15:16,29.2,63,0,2023-07-14 09:15:16,2,Medium
7/14/2023,9:15:21,29.3,63,0,2023-07-14 09:15:21,2,Medium
7/14/2023,9:15:29,29.3,63,0,2023-07-14 09:15:29,2,Medium
7/14/2023,9:15:34,29.3,63,0,2023-07-14 09:15:34,2,Medium
7/14/2023,9:15:38,29.4,62,0,2023-07-14 09:15:38,2,Medium
7/14/2023,9:15:43,29.4,62,0,2023-07-14 09:15:43,2,Medium
7/14/2023,9:15:47,29.4,62,0,2023-07-14 09:15:47,2,Medium
7/14/2023,9:15:52,29.5,62,0,2023-07-14 09:15:52,2,Medium
7/14/2023,9:15:56,29.5,62,0,2023-07-14 09:15:56,2,Medium
7/14/2023,9:16:00,29.5,62,0,2023-07-14 09:16:00,2,Medium
7/14/2023,9:16:05,29.5,62,0,2023-07-14 09:16:05,2,Medium
7/14/2023,9:16:09,29.5,62,0,2023-07-14 09:16:09,2,Medium
7/14/2023,9:16:15,29.5,62,0,2023-07-14 09:16:15,2,Medium
7/14/2023,9:16:20,29.5,62,0,2023-07-14 09:16:20,2,Medium
7/14/2023,9:16:25,29.5,62,0,2023-07-14 09:16:25,2,Medium
7/14/2023,9:16:30,29.6,62,0,2023-07-14 09:16:30,2,Medium
7/14/2023,9:16:35,29.6,62,0,2023-07-14 09:16:35,2,Medium
7/14/2023,9:16:42,29.6,62,0,2023-07-14 09:16:42,2,Medium
7/14/2023,9:17:31,29.6,62,0,2023-07-14 09:17:31,2,Medium
7/14/2023,9:17:36,29.7,62,0,2023-07-14 09:17:36,2,Medium
7/14/2023,9:17:40,29.7,61,0,2023-07-14 09:17:40,2,Medium
7/14/2023,9:17:44,29.7,61,0,2023-07-14 09:17:44,2,Medium
7/14/2023,9:17:49,29.7,61,0,2023-07-14 09:17:49,2,Medium
7/14/2023,9:17:54,29.7,61,0,2023-07-14 09:17:54,2,Medium
7/14/2023,9:17:58,29.7,61,0,2023-07-14 09:17:58,2,Medium
7/14/2023,9:18:02,29.6,61,0,2023-07-14 09:18:02,2,Medium
7/14/2023,9:18:07,29.7,61,0,2023-07-14 09:18:07,2,Medium
7/14/2023,9:18:12,29.6,61,0,2023-07-14 09:18:12,2,Medium
7/14/2023,9:18:16,29.6,61,0,2023-07-14 09:18:16,2,Medium
7/14/2023,9:18:20,29.7,62,0,2023-07-14 09:18:20,2,Medium
7/14/2023,9:18:26,29.7,62,0,2023-07-14 09:18:26,2,Medium
7/14/2023,9:18:31,29.7,62,0,2023-07-14 09:18:31,2,Medium
7/14/2023,9:18:35,29.7,62,0,2023-07-14 09:18:35,2,Medium
7/14/2023,9:18:43,29.7,61,0,2023-07-14 09:18:43,2,Medium
7/14/2023,9:18:47,29.7,61,0,2023-07-14 09:18:47,2,Medium
7/14/2023,9:18:51,29.7,61,0,2023-07-14 09:18:51,2,Medium
7/14/2023,9:18:55,29.8,61,0,2023-07-14 09:18:55,2,Medium
7/14/2023,9:19:01,29.8,61,0,2023-07-14 09:19:01,2,Medium
7/14/2023,9:19:05,29.8,62,0,2023-07-14 09:19:05,2,Medium
7/14/2023,9:19:10,29.8,62,0,2023-07-14 09:19:10,2,Medium
7/14/2023,9:19:14,29.8,62,0,2023-07-14 09:19:14,2,Medium
7/14/2023,9:19:19,29.8,62,0,2023-07-14 09:19:19,2,Medium
7/14/2023,9:19:23,29.8,62,0,2023-07-14 09:19:23,2,Medium
7/14/2023,9:19:28,29.8,62,0,2023-07-14 09:19:28,2,Medium
7/14/2023,9:19:33,29.8,62,0,2023-07-14 09:19:33,2,Medium
7/14/2023,9:20:22,29.8,62,0,2023-07-14 09:20:22,2,Medium
7/14/2023,9:20:27,30.1,62,0,2023-07-14 09:20:27,1,Low
7/14/2023,9:20:31,30.1,62,0,2023-07-14 09:20:31,1,Low
7/14/2023,9:20:35,30.1,62,0,2023-07-14 09:20:35,1,Low
7/14/2023,9:20:39,30.2,62,0,2023-07-14 09:20:39,1,Low
7/14/2023,9:20:44,30.2,62,0,2023-07-14 09:20:44,1,Low
7/14/2023,9:20:48,30.2,62,0,2023-07-14 09:20:48,1,Low
7/14/2023,9:20:52,30.2,62,0,2023-07-14 09:20:52,1,Low
7/14/2023,9:20:57,30.3,62,0,2023-07-14 09:20:57,1,Low
7/14/2023,9:21:02,30.3,62,0,2023-07-14 09:21:02,1,Low
7/14/2023,9:21:07,30.3,62,0,2023-07-14 09:21:07,1,Low
7/14/2023,9:21:11,30.3,62,0,2023-07-14 09:21:11,1,Low
7/14/2023,9:21:15,30.3,62,0,2023-07-14 09:21:15,1,Low
7/14/2023,9:21:19,30.3,62,0,2023-07-14 09:21:19,1,Low
7/14/2023,9:21:24,30.3,62,0,2023-07-14 09:21:24,1,Low
7/14/2023,9:21:28,30.3,62,0,2023-07-14 09:21:28,1,Low
7/14/2023,9:21:32,30.3,62,0,2023-07-14 09:21:32,1,Low
7/14/2023,9:21:36,30.3,61,0,2023-07-14 09:21:36,1,Low
7/14/2023,9:21:41,30.3,61,0,2023-07-14 09:21:41,1,Low
7/14/2023,9:21:46,30.4,61,0,2023-07-14 09:21:46,1,Low
7/14/2023,9:21:50,30.4,61,0,2023-07-14 09:21:50,1,Low
7/14/2023,9:21:55,30.4,61,0,2023-07-14 09:21:55,1,Low
7/14/2023,9:21:59,30.4,61,0,2023-07-14 09:21:59,1,Low
7/14/2023,9:22:03,30.4,61,0,2023-07-14 09:22:03,1,Low
7/14/2023,9:22:11,30.4,61,0,2023-07-14 09:22:11,1,Low
7/14/2023,9:22:15,30.4,61,0,2023-07-14 09:22:15,1,Low
7/14/2023,9:22:20,30.4,61,0,2023-07-14 09:22:20,1,Low
7/14/2023,9:22:24,30.4,61,0,2023-07-14 09:22:24,1,Low
7/14/2023,9:22:29,30.4,61,0,2023-07-14 09:22:29,1,Low
7/14/2023,9:22:33,30.4,60,0,2023-07-14 09:22:33,1,Low
7/14/2023,9:22:37,30.4,60,0,2023-07-14 09:22:37,1,Low
7/14/2023,9:22:42,30.4,60,0,2023-07-14 09:22:42,1,Low
7/14/2023,9:22:46,30.4,60,0,2023-07-14 09:22:46,1,Low
7/14/2023,9:22:50,30.4,60,0,2023-07-14 09:22:50,1,Low
7/14/2023,9:22:55,30.4,60,0,2023-07-14 09:22:55,1,Low
7/14/2023,9:22:59,30.4,60,0,2023-07-14 09:22:59,1,Low
7/14/2023,9:23:05,30.4,60,0,2023-07-14 09:23:05,1,Low
7/14/2023,9:23:09,30.5,59,0,2023-07-14 09:23:09,0,Low
7/14/2023,9:23:14,30.5,59,0,2023-07-14 09:23:14,0,Low
7/14/2023,9:23:19,30.5,59,0,2023-07-14 09:23:19,0,Low
7/14/2023,9:23:23,30.5,59,0,2023-07-14 09:23:23,0,Low
7/14/2023,9:23:28,30.5,59,0,2023-07-14 09:23:28,0,Low
7/14/2023,9:23:33,30.5,58,0,2023-07-14 09:23:33,0,Low
7/14/2023,9:23:38,30.5,59,0,2023-07-14 09:23:38,0,Low
7/14/2023,9:23:42,30.5,59,1,2023-07-14 09:23:42,1,Low
7/14/2023,9:23:46,30.6,59,0,2023-07-14 09:23:46,0,Low
7/14/2023,9:23:51,30.6,59,0,2023-07-14 09:23:51,0,Low
7/14/2023,9:23:56,30.6,60,0,2023-07-14 09:23:56,1,Low
7/14/2023,9:24:00,30.6,59,0,2023-07-14 09:24:00,0,Low
7/14/2023,9:24:04,30.6,59,0,2023-07-14 09:24:04,0,Low
7/14/2023,9:24:58,30.6,58,0,2023-07-14 09:24:58,0,Low
7/14/2023,9:25:02,30.6,58,0,2023-07-14 09:25:02,0,Low
7/14/2023,9:25:07,30.6,58,0,2023-07-14 09:25:07,0,Low
7/14/2023,9:25:11,30.6,58,0,2023-07-14 09:25:11,0,Low
7/14/2023,9:25:15,30.6,58,0,2023-07-14 09:25:15,0,Low
7/14/2023,9:25:20,30.6,58,0,2023-07-14 09:25:20,0,Low
7/14/2023,9:25:25,30.7,58,0,2023-07-14 09:25:25,0,Low
7/14/2023,9:25:29,30.7,58,0,2023-07-14 09:25:29,0,Low
7/14/2023,9:25:34,30.7,58,0,2023-07-14 09:25:34,0,Low
7/14/2023,9:25:38,30.7,58,0,2023-07-14 09:25:38,0,Low
7/14/2023,9:25:43,30.7,58,0,2023-07-14 09:25:43,0,Low
7/14/2023,9:26:36,30.7,58,0,2023-07-14 09:26:36,0,Low
7/14/2023,9:26:40,30.8,59,0,2023-07-14 09:26:40,0,Low
7/14/2023,9:26:45,30.8,59,0,2023-07-14 09:26:45,0,Low
7/14/2023,9:26:50,30.8,59,0,2023-07-14 09:26:50,0,Low
7/14/2023,9:26:54,30.8,59,0,2023-07-14 09:26:54,0,Low
7/14/2023,9:26:59,30.8,59,0,2023-07-14 09:26:59,0,Low
7/14/2023,9:27:03,30.8,59,0,2023-07-14 09:27:03,0,Low
7/14/2023,9:27:07,30.8,59,0,2023-07-14 09:27:07,0,Low
7/14/2023,9:27:12,30.8,58,0,2023-07-14 09:27:12,0,Low
7/14/2023,9:27:16,30.8,58,0,2023-07-14 09:27:16,0,Low
7/14/2023,9:27:21,30.8,57,0,2023-07-14 09:27:21,0,Low
7/14/2023,9:27:26,30.8,57,0,2023-07-14 09:27:26,0,Low
7/14/2023,9:27:30,30.8,57,0,2023-07-14 09:27:30,0,Low
7/14/2023,9:27:35,30.8,57,0,2023-07-14 09:27:35,0,Low
7/14/2023,9:27:39,30.8,57,0,2023-07-14 09:27:39,0,Low
7/14/2023,9:27:44,30.8,57,0,2023-07-14 09:27:44,0,Low
7/14/2023,9:27:48,30.8,57,0,2023-07-14 09:27:48,0,Low
7/14/2023,9:27:53,30.8,58,0,2023-07-14 09:27:53,0,Low
7/14/2023,9:27:58,30.8,58,0,2023-07-14 09:27:58,0,Low
7/14/2023,9:28:02,30.8,57,0,2023-07-14 09:28:02,0,Low
7/14/2023,9:28:06,30.8,57,0,2023-07-14 09:28:06,0,Low
7/14/2023,9:28:11,30.9,57,0,2023-07-14 09:28:11,0,Low
7/14/2023,9:28:15,30.9,57,0,2023-07-14 09:28:15,0,Low
7/14/2023,9:28:19,30.9,57,0,2023-07-14 09:28:19,0,Low
7/14/2023,9:28:24,30.9,57,0,2023-07-14 09:28:24,0,Low
7/14/2023,9:28:29,30.9,57,0,2023-07-14 09:28:29,0,Low
7/14/2023,9:28:33,30.9,57,0,2023-07-14 09:28:33,0,Low
7/14/2023,9:28:38,30.9,58,0,2023-07-14 09:28:38,0,Low
7/14/2023,9:28:43,30.9,58,0,2023-07-14 09:28:43,0,Low
7/14/2023,9:28:47,30.9,58,0,2023-07-14 09:28:47,0,Low
7/14/2023,9:28:51,31.0,58,0,2023-07-14 09:28:51,0,Low
7/14/2023,9:28:55,31.0,58,0,2023-07-14 09:28:55,0,Low
7/14/2023,9:29:00,31.0,58,0,2023-07-14 09:29:00,0,Low
7/14/2023,9:29:04,31.0,58,0,2023-07-14 09:29:04,0,Low
7/14/2023,9:29:08,31.0,58,0,2023-07-14 09:29:08,0,Low
7/14/2023,9:29:13,31.0,58,0,2023-07-14 09:29:13,0,Low
7/14/2023,9:29:18,31.0,58,0,2023-07-14 09:29:18,0,Low
7/14/2023,9:30:11,31.1,58,0,2023-07-14 09:30:11,0,Low
7/14/2023,9:30:15,31.2,59,0,2023-07-14 09:30:15,0,Low
7/14/2023,9:30:19,31.3,59,0,2023-07-14 09:30:19,0,Low
7/14/2023,9:30:24,31.3,59,0,2023-07-14 09:30:24,0,Low
7/14/2023,9:30:29,31.3,59,0,2023-07-14 09:30:29,0,Low
7/14/2023,9:30:34,31.4,59,0,2023-07-14 09:30:34,0,Low
7/14/2023,9:30:39,31.4,59,0,2023-07-14 09:30:39,0,Low
7/14/2023,9:30:43,31.4,59,0,2023-07-14 09:30:43,0,Low
7/14/2023,9:30:48,31.4,59,0,2023-07-14 09:30:48,0,Low
7/14/2023,9:30:52,31.4,58,0,2023-07-14 09:30:52,0,Low
7/14/2023,9:30:56,31.4,58,0,2023-07-14 09:30:56,0,Low
7/14/2023,9:31:01,31.4,58,0,2023-07-14 09:31:01,0,Low
7/14/2023,9:31:05,31.4,57,0,2023-07-14 09:31:05,0,Low
7/14/2023,9:31:09,31.4,57,0,2023-07-14 09:31:09,0,Low
7/14/2023,9:31:16,31.4,57,0,2023-07-14 09:31:16,0,Low
7/14/2023,9:31:21,31.4,57,0,2023-07-14 09:31:21,0,Low
7/14/2023,9:31:26,31.4,57,0,2023-07-14 09:31:26,0,Low
7/14/2023,9:31:31,31.4,57,0,2023-07-14 09:31:31,0,Low
7/14/2023,9:31:35,31.4,57,0,2023-07-14 09:31:35,0,Low
7/14/2023,9:31:41,31.4,57,0,2023-07-14 09:31:41,0,Low
7/14/2023,9:31:45,31.4,57,0,2023-07-14 09:31:45,0,Low
7/14/2023,9:31:50,31.4,57,0,2023-07-14 09:31:50,0,Low
7/14/2023,9:31:54,31.4,57,0,2023-07-14 09:31:54,0,Low
7/14/2023,9:32:00,31.4,57,0,2023-07-14 09:32:00,0,Low
7/14/2023,9:32:04,31.4,56,0,2023-07-14 09:32:04,0,Low
7/14/2023,9:32:08,31.4,57,0,2023-07-14 09:32:08,0,Low
7/14/2023,9:32:13,31.4,57,0,2023-07-14 09:32:13,0,Low
7/14/2023,9:32:17,31.4,57,0,2023-07-14 09:32:17,0,Low
7/14/2023,9:32:22,31.4,56,0,2023-07-14 09:32:22,0,Low
7/14/2023,9:32:27,31.4,56,0,2023-07-14 09:32:27,0,Low
7/14/2023,9:32:31,31.4,56,0,2023-07-14 09:32:31,0,Low
7/14/2023,9:32:36,31.5,56,0,2023-07-14 09:32:36,0,Low
7/14/2023,9:32:40,31.5,56,0,2023-07-14 09:32:40,0,Low
7/14/2023,9:32:45,31.5,56,0,2023-07-14 09:32:45,0,Low
7/14/2023,9:32:49,31.5,56,0,2023-07-14 09:32:49,0,Low
7/14/2023,9:32:55,31.5,56,0,2023-07-14 09:32:55,0,Low
7/14/2023,9:32:59,31.6,56,0,2023-07-14 09:32:59,0,Low
7/14/2023,9:33:04,31.6,56,0,2023-07-14 09:33:04,0,Low
7/14/2023,9:33:09,31.6,56,0,2023-07-14 09:33:09,0,Low
7/14/2023,9:33:13,31.6,56,0,2023-07-14 09:33:13,0,Low
7/14/2023,9:33:17,31.7,56,0,2023-07-14 09:33:17,0,Low
7/14/2023,9:33:22,31.7,56,0,2023-07-14 09:33:22,0,Low
7/14/2023,9:33:26,31.7,56,0,2023-07-14 09:33:26,0,Low
7/14/2023,9:33:30,31.8,56,0,2023-07-14 09:33:30,0,Low
7/14/2023,9:33:35,31.8,56,0,2023-07-14 09:33:35,0,Low
7/14/2023,9:33:40,31.8,56,0,2023-07-14 09:33:40,0,Low
7/14/2023,9:33:45,31.8,56,0,2023-07-14 09:33:45,0,Low
7/14/2023,9:33:50,31.9,56,0,2023-07-14 09:33:50,0,Low
7/14/2023,9:33:54,31.9,56,0,2023-07-14 09:33:54,0,Low
7/14/2023,9:33:59,31.9,56,0,2023-07-14 09:33:59,0,Low
7/14/2023,9:34:04,31.9,56,0,2023-07-14 09:34:04,0,Low
7/14/2023,9:34:08,32.0,55,0,2023-07-14 09:34:08,0,Low
7/14/2023,9:34:13,32.0,55,0,2023-07-14 09:34:13,0,Low
7/14/2023,9:34:18,32.0,55,0,2023-07-14 09:34:18,0,Low
7/14/2023,9:34:22,32.0,54,0,2023-07-14 09:34:22,0,Low
7/14/2023,9:34:26,32.0,53,0,2023-07-14 09:34:26,0,Low
7/14/2023,9:34:30,32.0,52,0,2023-07-14 09:34:30,0,Low
7/14/2023,9:34:35,32.0,52,0,2023-07-14 09:34:35,0,Low
7/14/2023,9:34:39,32.0,52,0,2023-07-14 09:34:39,0,Low
7/14/2023,9:34:44,32.0,52,0,2023-07-14 09:34:44,0,Low
7/14/2023,9:34:48,31.9,52,0,2023-07-14 09:34:48,0,Low
7/14/2023,9:34:52,31.9,52,0,2023-07-14 09:34:52,0,Low
7/14/2023,9:34:57,31.9,52,0,2023-07-14 09:34:57,0,Low
7/14/2023,9:35:01,31.9,52,0,2023-07-14 09:35:01,0,Low
7/14/2023,9:35:06,31.9,52,0,2023-07-14 09:35:06,0,Low
7/14/2023,22:38:51,26.8,67,0,2023-07-14 22:38:51,2,Medium
7/14/2023,22:38:55,26.8,67,0,2023-07-14 22:38:55,2,Medium
7/14/2023,22:39:00,26.8,67,0,2023-07-14 22:39:00,2,Medium
7/14/2023,22:39:04,26.8,67,0,2023-07-14 22:39:04,2,Medium
7/14/2023,22:39:08,26.8,67,0,2023-07-14 22:39:08,2,Medium
7/14/2023,22:39:13,26.8,67,0,2023-07-14 22:39:13,2,Medium
7/14/2023,22:39:17,26.8,67,0,2023-07-14 22:39:17,2,Medium
7/14/2023,22:39:22,26.8,67,0,2023-07-14 22:39:22,2,Medium
7/14/2023,22:39:26,26.8,67,0,2023-07-14 22:39:26,2,Medium
7/14/2023,22:39:31,26.8,67,0,2023-07-14 22:39:31,2,Medium
7/14/2023,22:39:38,26.8,67,0,2023-07-14 22:39:38,2,Medium
7/14/2023,22:39:43,26.8,67,0,2023-07-14 22:39:43,2,Medium
7/14/2023,22:39:48,26.8,67,0,2023-07-14 22:39:48,2,Medium
7/14/2023,22:39:52,26.8,67,0,2023-07-14 22:39:52,2,Medium
7/14/2023,22:39:56,26.8,67,0,2023-07-14 22:39:56,2,Medium
7/14/2023,22:40:01,26.9,67,0,2023-07-14 22:40:01,2,Medium
7/14/2023,22:40:05,26.9,67,0,2023-07-14 22:40:05,2,Medium
7/14/2023,22:40:10,26.9,67,0,2023-07-14 22:40:10,2,Medium
7/14/2023,22:40:15,26.9,67,0,2023-07-14 22:40:15,2,Medium
7/14/2023,22:40:18,26.9,67,0,2023-07-14 22:40:18,2,Medium
7/14/2023,22:40:23,26.9,67,0,2023-07-14 22:40:23,2,Medium
7/14/2023,22:40:29,26.9,67,0,2023-07-14 22:40:29,2,Medium
7/14/2023,22:40:33,26.8,67,0,2023-07-14 22:40:33,2,Medium
7/14/2023,22:40:37,26.8,67,0,2023-07-14 22:40:37,2,Medium
7/14/2023,22:40:42,26.8,67,0,2023-07-14 22:40:42,2,Medium
7/14/2023,22:41:33,26.8,67,0,2023-07-14 22:41:33,2,Medium
7/14/2023,22:41:38,27.0,66,0,2023-07-14 22:41:38,2,Medium
7/14/2023,22:41:43,27.0,66,0,2023-07-14 22:41:43,2,Medium
7/14/2023,22:41:47,27.0,66,0,2023-07-14 22:41:47,2,Medium
7/14/2023,22:41:52,27.0,66,0,2023-07-14 22:41:52,2,Medium
7/14/2023,22:41:56,26.9,66,0,2023-07-14 22:41:56,2,Medium
7/14/2023,22:42:01,26.9,66,0,2023-07-14 22:42:01,2,Medium
7/14/2023,22:42:05,26.9,66,0,2023-07-14 22:42:05,2,Medium
7/14/2023,22:42:10,26.9,66,0,2023-07-14 22:42:10,2,Medium
7/14/2023,22:42:15,26.9,66,0,2023-07-14 22:42:15,2,Medium
7/14/2023,22:42:20,26.9,66,0,2023-07-14 22:42:20,2,Medium
7/14/2023,22:42:25,26.8,66,0,2023-07-14 22:42:25,2,Medium
7/14/2023,22:42:30,26.8,66,0,2023-07-14 22:42:30,2,Medium
7/14/2023,22:42:35,26.8,66,0,2023-07-14 22:42:35,2,Medium
7/14/2023,22:42:40,26.8,67,0,2023-07-14 22:42:40,2,Medium
7/14/2023,22:42:45,26.8,67,0,2023-07-14 22:42:45,2,Medium
7/14/2023,22:42:50,26.8,67,0,2023-07-14 22:42:50,2,Medium
7/14/2023,22:42:56,26.7,67,0,2023-07-14 22:42:56,2,Medium
7/14/2023,22:43:01,26.7,67,0,2023-07-14 22:43:01,2,Medium
7/14/2023,22:43:06,26.7,67,0,2023-07-14 22:43:06,2,Medium
7/14/2023,22:43:12,26.7,67,0,2023-07-14 22:43:12,2,Medium
7/14/2023,22:43:16,26.7,67,0,2023-07-14 22:43:16,2,Medium
7/14/2023,22:43:21,26.7,67,0,2023-07-14 22:43:21,2,Medium
7/14/2023,22:43:25,26.7,67,0,2023-07-14 22:43:25,2,Medium
7/14/2023,22:43:29,26.7,67,0,2023-07-14 22:43:29,2,Medium
7/14/2023,22:43:33,26.7,67,0,2023-07-14 22:43:33,2,Medium
7/14/2023,22:43:37,26.6,67,0,2023-07-14 22:43:37,2,Medium
7/14/2023,22:43:42,26.6,67,0,2023-07-14 22:43:42,2,Medium
7/14/2023,22:43:46,26.6,67,0,2023-07-14 22:43:46,2,Medium
7/14/2023,22:43:51,26.6,67,0,2023-07-14 22:43:51,2,Medium
7/14/2023,22:43:55,26.6,67,0,2023-07-14 22:43:55,2,Medium
7/14/2023,22:44:47,26.6,67,0,2023-07-14 22:44:47,2,Medium
7/14/2023,22:44:57,26.5,68,0,2023-07-14 22:44:57,2,Medium
7/14/2023,22:45:03,26.5,68,0,2023-07-14 22:45:03,2,Medium
7/14/2023,22:45:11,26.5,68,0,2023-07-14 22:45:11,2,Medium
7/14/2023,22:45:18,26.5,68,0,2023-07-14 22:45:18,2,Medium
7/14/2023,22:45:24,26.5,68,0,2023-07-14 22:45:24,2,Medium
7/14/2023,22:45:29,26.5,68,0,2023-07-14 22:45:29,2,Medium
7/14/2023,22:45:34,26.5,68,0,2023-07-14 22:45:34,2,Medium
7/14/2023,22:45:38,26.5,68,0,2023-07-14 22:45:38,2,Medium
7/14/2023,22:45:44,26.5,68,0,2023-07-14 22:45:44,2,Medium
7/14/2023,22:45:50,26.5,68,0,2023-07-14 22:45:50,2,Medium
7/14/2023,22:45:57,26.5,68,0,2023-07-14 22:45:57,2,Medium
7/14/2023,22:46:02,26.5,68,0,2023-07-14 22:46:02,2,Medium
7/14/2023,22:46:07,26.5,68,0,2023-07-14 22:46:07,2,Medium
7/14/2023,22:46:13,26.5,69,0,2023-07-14 22:46:13,2,Medium
7/14/2023,22:46:21,26.5,69,0,2023-07-14 22:46:21,2,Medium
7/14/2023,22:46:27,26.5,69,0,2023-07-14 22:46:27,2,Medium
7/14/2023,22:46:32,26.5,69,0,2023-07-14 22:46:32,2,Medium
7/14/2023,22:46:37,26.5,69,0,2023-07-14 22:46:37,2,Medium
7/14/2023,22:46:41,26.5,69,0,2023-07-14 22:46:41,2,Medium
7/14/2023,22:46:49,26.5,69,0,2023-07-14 22:46:49,2,Medium
7/14/2023,22:46:54,26.5,69,0,2023-07-14 22:46:54,2,Medium
7/14/2023,22:46:58,26.5,69,0,2023-07-14 22:46:58,2,Medium
7/14/2023,22:47:03,26.5,69,0,2023-07-14 22:47:03,2,Medium
7/14/2023,22:47:07,26.5,69,0,2023-07-14 22:47:07,2,Medium
7/14/2023,22:47:11,26.5,69,0,2023-07-14 22:47:11,2,Medium
7/14/2023,22:47:16,26.5,69,0,2023-07-14 22:47:16,2,Medium
7/14/2023,22:47:21,26.5,69,0,2023-07-14 22:47:21,2,Medium
7/14/2023,22:47:26,26.5,69,0,2023-07-14 22:47:26,2,Medium
7/14/2023,22:47:30,26.5,69,0,2023-07-14 22:47:30,2,Medium
7/14/2023,22:47:35,26.5,69,0,2023-07-14 22:47:35,2,Medium
7/14/2023,22:47:46,26.5,69,0,2023-07-14 22:47:46,2,Medium
7/14/2023,22:47:52,26.5,69,0,2023-07-14 22:47:52,2,Medium
7/14/2023,22:47:59,26.5,69,0,2023-07-14 22:47:59,2,Medium
7/14/2023,22:48:04,26.5,69,0,2023-07-14 22:48:04,2,Medium
7/14/2023,22:48:09,26.5,69,0,2023-07-14 22:48:09,2,Medium
7/14/2023,22:48:13,26.5,69,0,2023-07-14 22:48:13,2,Medium
7/14/2023,22:48:18,26.5,69,0,2023-07-14 22:48:18,2,Medium
7/14/2023,22:48:23,26.5,69,0,2023-07-14 22:48:23,2,Medium
7/14/2023,22:48:28,26.5,69,0,2023-07-14 22:48:28,2,Medium
7/14/2023,22:48:32,26.5,69,0,2023-07-14 22:48:32,2,Medium
7/14/2023,22:48:37,26.5,69,0,2023-07-14 22:48:37,2,Medium
7/14/2023,22:48:42,26.5,69,0,2023-07-14 22:48:42,2,Medium
7/14/2023,22:48:47,26.4,69,0,2023-07-14 22:48:47,2,Medium
7/14/2023,22:48:52,26.4,69,0,2023-07-14 22:48:52,2,Medium
7/14/2023,22:48:56,26.4,69,0,2023-07-14 22:48:56,2,Medium
7/14/2023,22:49:00,26.4,69,0,2023-07-14 22:49:00,2,Medium
7/15/2023,19:03:19,26.1,71,0,2023-07-15 19:03:19,3,Medium
7/15/2023,19:03:24,26.7,71,0,2023-07-15 19:03:24,3,Medium
7/15/2023,19:03:28,26.7,71,0,2023-07-15 19:03:28,3,Medium
7/15/2023,19:03:33,26.7,71,0,2023-07-15 19:03:33,3,Medium
7/15/2023,19:03:37,26.7,71,0,2023-07-15 19:03:37,3,Medium
7/15/2023,19:03:42,26.8,71,0,2023-07-15 19:03:42,3,Medium
7/15/2023,19:03:46,26.8,71,0,2023-07-15 19:03:46,3,Medium
7/15/2023,19:03:50,26.8,71,0,2023-07-15 19:03:50,3,Medium
7/15/2023,19:03:55,26.8,71,0,2023-07-15 19:03:55,3,Medium
7/15/2023,19:03:59,26.8,71,0,2023-07-15 19:03:59,3,Medium
7/15/2023,19:04:04,26.8,71,0,2023-07-15 19:04:04,3,Medium
7/15/2023,19:04:08,26.8,71,0,2023-07-15 19:04:08,3,Medium
7/15/2023,19:04:14,26.8,71,0,2023-07-15 19:04:14,3,Medium
7/15/2023,19:04:18,26.8,71,0,2023-07-15 19:04:18,3,Medium
7/15/2023,19:04:22,26.8,71,0,2023-07-15 19:04:22,3,Medium
7/15/2023,19:04:27,26.8,71,0,2023-07-15 19:04:27,3,Medium
7/15/2023,19:04:32,26.8,70,0,2023-07-15 19:04:32,3,Medium
7/15/2023,19:04:36,26.8,70,0,2023-07-15 19:04:36,3,Medium
7/15/2023,19:04:41,26.8,70,0,2023-07-15 19:04:41,3,Medium
7/15/2023,19:04:45,26.9,70,0,2023-07-15 19:04:45,3,Medium
7/15/2023,19:04:50,26.8,70,0,2023-07-15 19:04:50,3,Medium
7/15/2023,19:04:54,26.9,70,0,2023-07-15 19:04:54,3,Medium
7/15/2023,19:04:59,26.9,70,0,2023-07-15 19:04:59,3,Medium
7/15/2023,19:05:04,26.9,70,0,2023-07-15 19:05:04,3,Medium
7/15/2023,19:05:08,26.9,70,0,2023-07-15 19:05:08,3,Medium
7/15/2023,19:05:12,26.9,70,0,2023-07-15 19:05:12,3,Medium
7/15/2023,19:05:16,26.9,70,0,2023-07-15 19:05:16,3,Medium
7/15/2023,19:05:21,26.9,70,0,2023-07-15 19:05:21,3,Medium
7/15/2023,19:05:25,26.9,70,0,2023-07-15 19:05:25,3,Medium
7/15/2023,19:05:29,26.9,70,0,2023-07-15 19:05:29,3,Medium
7/15/2023,19:05:33,26.9,69,0,2023-07-15 19:05:33,2,Medium
7/15/2023,19:05:37,26.9,69,0,2023-07-15 19:05:37,2,Medium
7/15/2023,19:05:42,26.9,69,0,2023-07-15 19:05:42,2,Medium
7/15/2023,19:05:46,26.9,69,0,2023-07-15 19:05:46,2,Medium
7/15/2023,19:05:50,26.9,69,0,2023-07-15 19:05:50,2,Medium
7/15/2023,19:05:55,26.9,69,0,2023-07-15 19:05:55,2,Medium
7/15/2023,19:05:59,26.9,69,0,2023-07-15 19:05:59,2,Medium
7/15/2023,19:06:04,26.9,69,0,2023-07-15 19:06:04,2,Medium
7/15/2023,19:06:08,26.9,69,0,2023-07-15 19:06:08,2,Medium
7/15/2023,19:06:12,26.9,69,0,2023-07-15 19:06:12,2,Medium
7/15/2023,19:06:16,26.9,69,0,2023-07-15 19:06:16,2,Medium
7/15/2023,19:06:21,26.9,69,0,2023-07-15 19:06:21,2,Medium
7/15/2023,19:06:25,26.9,69,0,2023-07-15 19:06:25,2,Medium
7/15/2023,19:06:30,26.9,69,0,2023-07-15 19:06:30,2,Medium
7/15/2023,19:06:35,26.9,69,0,2023-07-15 19:06:35,2,Medium
7/15/2023,19:06:40,27.0,69,0,2023-07-15 19:06:40,2,Medium
7/15/2023,19:06:44,27.0,69,0,2023-07-15 19:06:44,2,Medium
7/15/2023,19:06:50,27.0,69,0,2023-07-15 19:06:50,2,Medium
7/15/2023,19:06:55,27.0,69,0,2023-07-15 19:06:55,2,Medium
7/15/2023,19:06:59,27.0,69,0,2023-07-15 19:06:59,2,Medium
7/15/2023,19:07:04,27.0,69,0,2023-07-15 19:07:04,2,Medium
7/15/2023,19:07:08,27.0,69,0,2023-07-15 19:07:08,2,Medium
7/15/2023,19:07:12,27.0,69,0,2023-07-15 19:07:12,2,Medium
7/15/2023,19:07:17,27.0,69,0,2023-07-15 19:07:17,2,Medium
7/15/2023,19:07:21,27.0,69,0,2023-07-15 19:07:21,2,Medium
7/15/2023,19:07:25,27.0,69,0,2023-07-15 19:07:25,2,Medium
7/15/2023,19:07:29,27.0,69,0,2023-07-15 19:07:29,2,Medium
7/15/2023,19:07:34,27.0,69,0,2023-07-15 19:07:34,2,Medium
7/15/2023,19:07:38,27.0,69,0,2023-07-15 19:07:38,2,Medium
7/15/2023,19:07:42,27.0,69,0,2023-07-15 19:07:42,2,Medium
7/15/2023,19:07:47,27.1,69,0,2023-07-15 19:07:47,2,Medium
7/15/2023,19:07:51,27.1,69,0,2023-07-15 19:07:51,2,Medium
7/15/2023,19:07:55,27.1,69,0,2023-07-15 19:07:55,2,Medium
7/15/2023,19:07:59,27.1,69,0,2023-07-15 19:07:59,2,Medium
7/15/2023,19:08:04,27.1,69,0,2023-07-15 19:08:04,2,Medium
7/15/2023,19:08:08,27.1,69,0,2023-07-15 19:08:08,2,Medium
7/15/2023,19:08:12,27.1,69,0,2023-07-15 19:08:12,2,Medium
7/15/2023,19:08:16,27.1,68,0,2023-07-15 19:08:16,2,Medium
7/15/2023,19:08:21,27.1,69,0,2023-07-15 19:08:21,2,Medium
7/15/2023,19:08:25,27.1,68,0,2023-07-15 19:08:25,2,Medium
7/15/2023,19:08:29,27.1,68,0,2023-07-15 19:08:29,2,Medium
7/15/2023,19:08:33,27.1,68,0,2023-07-15 19:08:33,2,Medium
7/15/2023,19:08:38,27.1,68,0,2023-07-15 19:08:38,2,Medium
7/15/2023,19:08:42,27.1,68,0,2023-07-15 19:08:42,2,Medium
7/15/2023,19:08:47,27.1,68,0,2023-07-15 19:08:47,2,Medium
7/15/2023,19:08:51,27.1,68,0,2023-07-15 19:08:51,2,Medium
7/15/2023,19:08:55,27.1,68,0,2023-07-15 19:08:55,2,Medium
7/15/2023,19:08:59,27.1,68,0,2023-07-15 19:08:59,2,Medium
7/15/2023,19:09:03,27.1,68,0,2023-07-15 19:09:03,2,Medium
7/15/2023,19:09:08,27.1,68,0,2023-07-15 19:09:08,2,Medium
7/15/2023,19:09:12,27.1,68,0,2023-07-15 19:09:12,2,Medium
7/15/2023,19:09:17,27.1,68,0,2023-07-15 19:09:17,2,Medium
7/15/2023,19:09:21,27.1,69,0,2023-07-15 19:09:21,2,Medium
7/15/2023,19:09:25,27.1,68,0,2023-07-15 19:09:25,2,Medium
7/15/2023,19:09:30,27.2,68,0,2023-07-15 19:09:30,2,Medium
7/15/2023,19:09:34,27.2,68,0,2023-07-15 19:09:34,2,Medium
7/15/2023,19:09:39,27.2,68,0,2023-07-15 19:09:39,2,Medium
7/15/2023,19:09:43,27.2,68,0,2023-07-15 19:09:43,2,Medium
7/15/2023,19:09:47,27.2,68,0,2023-07-15 19:09:47,2,Medium
7/15/2023,19:09:51,27.2,68,0,2023-07-15 19:09:51,2,Medium
7/15/2023,19:09:56,27.2,68,0,2023-07-15 19:09:56,2,Medium
7/15/2023,19:10:00,27.2,68,0,2023-07-15 19:10:00,2,Medium
7/15/2023,19:10:04,27.2,68,0,2023-07-15 19:10:04,2,Medium
7/15/2023,19:10:08,27.2,68,0,2023-07-15 19:10:08,2,Medium
7/15/2023,19:10:12,27.2,68,0,2023-07-15 19:10:12,2,Medium
7/15/2023,19:10:17,27.2,68,0,2023-07-15 19:10:17,2,Medium
7/15/2023,19:10:21,27.2,68,0,2023-07-15 19:10:21,2,Medium
7/15/2023,19:10:25,27.2,68,0,2023-07-15 19:10:25,2,Medium
7/15/2023,19:10:30,27.2,68,1,2023-07-15 19:10:30,3,Medium
7/15/2023,19:10:34,27.2,68,2,2023-07-15 19:10:34,3,Medium
7/15/2023,19:10:39,27.2,68,2,2023-07-15 19:10:39,3,Medium
7/15/2023,19:10:43,27.2,68,2,2023-07-15 19:10:43,3,Medium
7/15/2023,19:10:48,27.2,68,2,2023-07-15 19:10:48,3,Medium
7/15/2023,19:10:52,27.3,68,2,2023-07-15 19:10:52,3,Medium
7/15/2023,19:10:57,27.3,68,2,2023-07-15 19:10:57,3,Medium
7/15/2023,19:11:01,27.3,68,3,2023-07-15 19:11:01,3,Medium
7/15/2023,19:11:06,27.3,68,0,2023-07-15 19:11:06,2,Medium
7/15/2023,19:11:10,27.3,68,0,2023-07-15 19:11:10,2,Medium
7/15/2023,19:11:15,27.3,68,0,2023-07-15 19:11:15,2,Medium
7/15/2023,19:11:19,27.3,68,0,2023-07-15 19:11:19,2,Medium
7/15/2023,19:11:24,27.3,68,1,2023-07-15 19:11:24,3,Medium
7/15/2023,19:11:28,27.3,68,1,2023-07-15 19:11:28,3,Medium
7/15/2023,19:11:32,27.3,68,0,2023-07-15 19:11:32,2,Medium
7/15/2023,19:11:36,27.3,68,3,2023-07-15 19:11:36,3,Medium
7/15/2023,19:11:41,27.3,68,4,2023-07-15 19:11:41,3,Medium
7/15/2023,19:11:45,27.3,68,0,2023-07-15 19:11:45,2,Medium
7/15/2023,19:11:49,27.3,68,0,2023-07-15 19:11:49,2,Medium
7/15/2023,19:11:54,27.3,68,0,2023-07-15 19:11:54,2,Medium
7/15/2023,19:11:58,27.3,68,0,2023-07-15 19:11:58,2,Medium
7/15/2023,19:12:03,27.4,68,0,2023-07-15 19:12:03,2,Medium
7/15/2023,19:12:07,27.4,68,0,2023-07-15 19:12:07,2,Medium
7/15/2023,19:12:12,27.4,68,0,2023-07-15 19:12:12,2,Medium
7/15/2023,19:12:16,27.4,68,0,2023-07-15 19:12:16,2,Medium
7/15/2023,19:12:20,27.4,68,0,2023-07-15 19:12:20,2,Medium
7/15/2023,19:12:24,27.4,68,0,2023-07-15 19:12:24,2,Medium
7/15/2023,19:12:29,27.4,67,0,2023-07-15 19:12:29,2,Medium
7/15/2023,19:12:33,27.4,67,0,2023-07-15 19:12:33,2,Medium
7/15/2023,19:12:37,27.4,67,0,2023-07-15 19:12:37,2,Medium
7/15/2023,19:12:41,27.4,67,0,2023-07-15 19:12:41,2,Medium
7/15/2023,19:12:46,27.4,67,0,2023-07-15 19:12:46,2,Medium
7/15/2023,19:12:51,27.4,67,0,2023-07-15 19:12:51,2,Medium
7/15/2023,19:12:55,27.4,67,0,2023-07-15 19:12:55,2,Medium
7/17/2023,17:39:37,29.3,63,0,2023-07-17 17:39:37,2,Medium
7/17/2023,17:39:42,29.3,63,0,2023-07-17 17:39:42,2,Medium
7/17/2023,17:39:46,29.3,63,0,2023-07-17 17:39:46,2,Medium
7/17/2023,17:39:50,29.3,63,0,2023-07-17 17:39:50,2,Medium
7/17/2023,17:39:58,29.3,63,0,2023-07-17 17:39:58,2,Medium
7/17/2023,17:40:02,29.3,63,0,2023-07-17 17:40:02,2,Medium
7/17/2023,17:40:07,29.2,63,0,2023-07-17 17:40:07,2,Medium
7/17/2023,17:40:11,29.3,63,0,2023-07-17 17:40:11,2,Medium
7/17/2023,17:40:15,29.2,63,0,2023-07-17 17:40:15,2,Medium
7/17/2023,17:40:20,29.2,63,0,2023-07-17 17:40:20,2,Medium
7/17/2023,17:40:24,29.2,63,0,2023-07-17 17:40:24,2,Medium
7/17/2023,17:40:29,29.3,63,0,2023-07-17 17:40:29,2,Medium
7/17/2023,17:40:33,29.2,63,0,2023-07-17 17:40:33,2,Medium
7/17/2023,17:40:37,29.2,63,0,2023-07-17 17:40:37,2,Medium
7/17/2023,17:40:41,29.3,63,0,2023-07-17 17:40:41,2,Medium
7/17/2023,17:40:46,29.2,63,0,2023-07-17 17:40:46,2,Medium
7/17/2023,17:40:50,29.3,63,0,2023-07-17 17:40:50,2,Medium
7/17/2023,17:40:55,29.2,63,0,2023-07-17 17:40:55,2,Medium
7/17/2023,17:40:59,29.2,63,0,2023-07-17 17:40:59,2,Medium
7/17/2023,17:41:04,29.2,63,0,2023-07-17 17:41:04,2,Medium
7/17/2023,17:41:09,29.2,63,0,2023-07-17 17:41:09,2,Medium
7/17/2023,17:41:14,29.2,63,0,2023-07-17 17:41:14,2,Medium
7/17/2023,17:41:19,29.2,63,0,2023-07-17 17:41:19,2,Medium
7/17/2023,17:41:24,29.2,63,0,2023-07-17 17:41:24,2,Medium
7/17/2023,17:41:29,29.3,63,0,2023-07-17 17:41:29,2,Medium
7/17/2023,17:41:33,29.2,63,0,2023-07-17 17:41:33,2,Medium
7/17/2023,17:41:37,29.2,63,0,2023-07-17 17:41:37,2,Medium
7/17/2023,17:41:42,29.2,63,0,2023-07-17 17:41:42,2,Medium
7/17/2023,17:41:46,29.2,63,0,2023-07-17 17:41:46,2,Medium
7/17/2023,17:41:50,29.2,63,0,2023-07-17 17:41:50,2,Medium
7/17/2023,17:41:54,29.2,63,0,2023-07-17 17:41:54,2,Medium
7/17/2023,17:41:59,29.2,63,0,2023-07-17 17:41:59,2,Medium
7/17/2023,17:42:03,29.2,63,0,2023-07-17 17:42:03,2,Medium
7/17/2023,17:42:08,29.2,63,0,2023-07-17 17:42:08,2,Medium
7/17/2023,17:42:13,29.2,63,0,2023-07-17 17:42:13,2,Medium
7/17/2023,17:42:17,29.2,63,0,2023-07-17 17:42:17,2,Medium
7/17/2023,17:42:22,29.2,63,0,2023-07-17 17:42:22,2,Medium
7/17/2023,17:42:26,29.2,63,0,2023-07-17 17:42:26,2,Medium
7/17/2023,17:42:31,29.2,63,0,2023-07-17 17:42:31,2,Medium
7/17/2023,17:42:35,29.2,63,0,2023-07-17 17:42:35,2,Medium
7/17/2023,17:42:39,29.2,63,0,2023-07-17 17:42:39,2,Medium
7/17/2023,17:42:43,29.2,63,0,2023-07-17 17:42:43,2,Medium
7/17/2023,17:42:47,29.2,63,0,2023-07-17 17:42:47,2,Medium
7/17/2023,17:42:52,29.2,63,0,2023-07-17 17:42:52,2,Medium
7/17/2023,17:42:56,29.2,63,0,2023-07-17 17:42:56,2,Medium
7/17/2023,17:43:01,29.2,63,0,2023-07-17 17:43:01,2,Medium
7/17/2023,17:43:58,29.2,63,0,2023-07-17 17:43:58,2,Medium
7/17/2023,17:44:07,29.2,63,0,2023-07-17 17:44:07,2,Medium
7/17/2023,17:44:16,29.2,63,0,2023-07-17 17:44:16,2,Medium
7/17/2023,17:44:25,29.2,63,0,2023-07-17 17:44:25,2,Medium
7/17/2023,17:44:34,29.2,63,0,2023-07-17 17:44:34,2,Medium
7/17/2023,17:44:43,29.2,63,0,2023-07-17 17:44:43,2,Medium
7/17/2023,17:44:51,29.2,63,0,2023-07-17 17:44:51,2,Medium
7/17/2023,17:45:00,29.2,63,0,2023-07-17 17:45:00,2,Medium
7/17/2023,17:45:09,29.2,63,0,2023-07-17 17:45:09,2,Medium
7/17/2023,17:45:18,29.2,63,0,2023-07-17 17:45:18,2,Medium
7/17/2023,17:45:27,29.2,63,0,2023-07-17 17:45:27,2,Medium
7/17/2023,17:45:36,29.2,63,0,2023-07-17 17:45:36,2,Medium
7/17/2023,17:45:45,29.2,63,0,2023-07-17 17:45:45,2,Medium
7/17/2023,17:45:53,29.2,63,0,2023-07-17 17:45:53,2,Medium
7/17/2023,17:46:02,29.2,63,0,2023-07-17 17:46:02,2,Medium
7/17/2023,17:46:10,29.2,63,0,2023-07-17 17:46:10,2,Medium
7/17/2023,17:46:20,29.2,63,0,2023-07-17 17:46:20,2,Medium
7/17/2023,17:46:28,29.2,63,0,2023-07-17 17:46:28,2,Medium
7/17/2023,17:46:38,29.2,63,0,2023-07-17 17:46:38,2,Medium
7/17/2023,17:46:46,29.2,63,0,2023-07-17 17:46:46,2,Medium
7/17/2023,17:46:56,29.2,63,0,2023-07-17 17:46:56,2,Medium
7/17/2023,17:47:05,29.2,63,0,2023-07-17 17:47:05,2,Medium
7/17/2023,17:47:14,29.2,63,0,2023-07-17 17:47:14,2,Medium
7/17/2023,17:47:22,29.2,63,0,2023-07-17 17:47:22,2,Medium
7/17/2023,17:47:31,29.2,63,0,2023-07-17 17:47:31,2,Medium
7/17/2023,17:47:40,29.2,63,0,2023-07-17 17:47:40,2,Medium
7/17/2023,17:47:49,29.1,63,0,2023-07-17 17:47:49,2,Medium
7/17/2023,17:47:58,29.2,63,0,2023-07-17 17:47:58,2,Medium
7/17/2023,17:48:07,29.1,63,0,2023-07-17 17:48:07,2,Medium
7/17/2023,17:48:16,29.1,63,0,2023-07-17 17:48:16,2,Medium
7/17/2023,17:48:25,29.1,63,0,2023-07-17 17:48:25,2,Medium
7/17/2023,17:48:34,29.1,62,0,2023-07-17 17:48:34,2,Medium
7/17/2023,17:48:43,29.1,62,0,2023-07-17 17:48:43,2,Medium
7/17/2023,17:48:52,29.1,62,0,2023-07-17 17:48:52,2,Medium
7/17/2023,17:49:04,29.1,62,0,2023-07-17 17:49:04,2,Medium
7/17/2023,17:50:05,29.1,62,0,2023-07-17 17:50:05,2,Medium
7/17/2023,17:50:15,29.0,62,0,2023-07-17 17:50:15,2,Medium
7/17/2023,17:50:24,29.0,62,0,2023-07-17 17:50:24,2,Medium
7/17/2023,17:50:33,29.0,62,0,2023-07-17 17:50:33,2,Medium
7/17/2023,17:50:42,29.0,62,0,2023-07-17 17:50:42,2,Medium
7/17/2023,17:50:51,29.0,62,0,2023-07-17 17:50:51,2,Medium
7/17/2023,17:51:00,28.9,62,0,2023-07-17 17:51:00,2,Medium
7/17/2023,17:51:09,28.9,62,0,2023-07-17 17:51:09,2,Medium
7/17/2023,17:51:18,28.9,62,0,2023-07-17 17:51:18,2,Medium
7/17/2023,17:51:27,28.9,62,0,2023-07-17 17:51:27,2,Medium
7/17/2023,17:51:35,28.9,62,0,2023-07-17 17:51:35,2,Medium
7/17/2023,17:53:46,28.7,62,0,2023-07-17 17:53:46,2,Medium
7/17/2023,17:54:43,28.7,62,0,2023-07-17 17:54:43,2,Medium
7/17/2023,17:54:47,28.7,62,0,2023-07-17 17:54:47,2,Medium
7/17/2023,17:54:51,28.7,62,0,2023-07-17 17:54:51,2,Medium
7/17/2023,17:54:57,28.7,62,0,2023-07-17 17:54:57,2,Medium
7/17/2023,17:55:01,28.6,62,0,2023-07-17 17:55:01,2,Medium
7/17/2023,17:55:05,28.6,62,0,2023-07-17 17:55:05,2,Medium
7/17/2023,17:55:10,28.6,62,0,2023-07-17 17:55:10,2,Medium
7/17/2023,21:24:01,26.8,68,0,2023-07-17 21:24:01,2,Medium
7/17/2023,21:24:05,26.8,68,0,2023-07-17 21:24:05,2,Medium
7/17/2023,21:24:09,26.8,69,0,2023-07-17 21:24:09,2,Medium
7/17/2023,21:24:14,26.8,69,0,2023-07-17 21:24:14,2,Medium
7/17/2023,21:24:18,26.8,69,0,2023-07-17 21:24:18,2,Medium
7/17/2023,21:24:22,26.8,70,0,2023-07-17 21:24:22,3,Medium
7/17/2023,21:24:26,26.8,70,0,2023-07-17 21:24:26,3,Medium
7/17/2023,21:24:30,26.8,70,0,2023-07-17 21:24:30,3,Medium
7/17/2023,21:24:34,26.8,70,0,2023-07-17 21:24:34,3,Medium
7/17/2023,21:24:38,26.8,70,0,2023-07-17 21:24:38,3,Medium
7/17/2023,21:24:42,26.8,70,0,2023-07-17 21:24:42,3,Medium
7/17/2023,21:24:46,26.8,70,0,2023-07-17 21:24:46,3,Medium
7/17/2023,21:24:50,26.8,70,0,2023-07-17 21:24:50,3,Medium
7/17/2023,21:24:55,26.7,70,0,2023-07-17 21:24:55,3,Medium
7/17/2023,21:24:59,26.7,70,0,2023-07-17 21:24:59,3,Medium
7/17/2023,21:25:03,26.7,70,0,2023-07-17 21:25:03,3,Medium
7/17/2023,21:25:08,26.7,70,0,2023-07-17 21:25:08,3,Medium
7/17/2023,21:25:12,26.7,71,0,2023-07-17 21:25:12,3,Medium
7/17/2023,21:29:00,26.6,71,0,2023-07-17 21:29:00,3,Medium
7/17/2023,21:29:04,26.5,71,0,2023-07-17 21:29:04,3,Medium
7/17/2023,21:29:09,26.5,71,0,2023-07-17 21:29:09,3,Medium
7/17/2023,21:29:13,26.5,71,0,2023-07-17 21:29:13,3,Medium
7/17/2023,21:29:17,26.5,71,0,2023-07-17 21:29:17,3,Medium
7/17/2023,21:29:22,26.5,71,0,2023-07-17 21:29:22,3,Medium
7/17/2023,21:29:26,26.5,71,0,2023-07-17 21:29:26,3,Medium
7/17/2023,21:29:30,26.5,71,0,2023-07-17 21:29:30,3,Medium
7/17/2023,21:29:34,26.5,71,0,2023-07-17 21:29:34,3,Medium
7/17/2023,21:29:38,26.5,71,0,2023-07-17 21:29:38,3,Medium
7/17/2023,21:29:42,26.5,71,0,2023-07-17 21:29:42,3,Medium
7/17/2023,21:29:46,26.5,71,0,2023-07-17 21:29:46,3,Medium
7/17/2023,21:29:50,26.5,71,0,2023-07-17 21:29:50,3,Medium
7/17/2023,21:29:54,26.5,71,0,2023-07-17 21:29:54,3,Medium
7/17/2023,21:29:59,26.5,71,0,2023-07-17 21:29:59,3,Medium
7/17/2023,21:30:03,26.5,71,0,2023-07-17 21:30:03,3,Medium
7/17/2023,21:30:07,26.5,71,0,2023-07-17 21:30:07,3,Medium
7/17/2023,21:30:11,26.5,71,0,2023-07-17 21:30:11,3,Medium
7/17/2023,21:30:15,26.5,71,0,2023-07-17 21:30:15,3,Medium
7/17/2023,21:30:20,26.5,71,0,2023-07-17 21:30:20,3,Medium
7/17/2023,21:30:25,26.5,71,0,2023-07-17 21:30:25,3,Medium
7/17/2023,21:30:29,26.5,71,0,2023-07-17 21:30:29,3,Medium
7/17/2023,21:30:34,26.5,71,0,2023-07-17 21:30:34,3,Medium
7/17/2023,21:30:38,26.5,71,0,2023-07-17 21:30:38,3,Medium
7/17/2023,21:30:42,26.5,71,0,2023-07-17 21:30:42,3,Medium
7/17/2023,21:30:47,26.5,71,0,2023-07-17 21:30:47,3,Medium
7/17/2023,21:30:51,26.5,71,0,2023-07-17 21:30:51,3,Medium
7/17/2023,21:30:55,26.5,71,0,2023-07-17 21:30:55,3,Medium
7/17/2023,21:30:59,26.5,71,0,2023-07-17 21:30:59,3,Medium
7/17/2023,21:31:04,26.5,71,0,2023-07-17 21:31:04,3,Medium
7/18/2023,22:08:16,27.5,73,0,2023-07-18 22:08:16,3,Medium
7/18/2023,22:08:22,27.5,74,0,2023-07-18 22:08:22,3,Medium
7/18/2023,22:08:26,27.5,74,0,2023-07-18 22:08:26,3,Medium
7/18/2023,22:08:30,27.5,74,0,2023-07-18 22:08:30,3,Medium
7/18/2023,22:08:34,27.5,74,0,2023-07-18 22:08:34,3,Medium
7/18/2023,22:08:38,27.6,74,0,2023-07-18 22:08:38,3,Medium
7/18/2023,22:08:43,27.6,74,0,2023-07-18 22:08:43,3,Medium
7/18/2023,22:08:47,27.6,74,0,2023-07-18 22:08:47,3,Medium
7/18/2023,22:08:52,27.6,74,0,2023-07-18 22:08:52,3,Medium
7/18/2023,22:08:56,27.6,74,0,2023-07-18 22:08:56,3,Medium
7/18/2023,22:09:00,27.6,74,0,2023-07-18 22:09:00,3,Medium
7/18/2023,22:09:05,27.6,74,0,2023-07-18 22:09:05,3,Medium
7/18/2023,22:09:09,27.6,74,0,2023-07-18 22:09:09,3,Medium
7/18/2023,22:09:13,27.6,75,0,2023-07-18 22:09:13,3,Medium
7/18/2023,22:09:18,27.6,75,0,2023-07-18 22:09:18,3,Medium
7/18/2023,22:09:22,27.6,75,0,2023-07-18 22:09:22,3,Medium
7/18/2023,22:09:26,27.6,75,0,2023-07-18 22:09:26,3,Medium
7/18/2023,22:09:30,27.7,75,0,2023-07-18 22:09:30,3,Medium
7/18/2023,22:09:34,27.7,75,0,2023-07-18 22:09:34,3,Medium
7/18/2023,22:09:38,27.7,75,0,2023-07-18 22:09:38,3,Medium
7/18/2023,22:09:42,27.7,75,0,2023-07-18 22:09:42,3,Medium
7/18/2023,22:09:47,27.7,75,0,2023-07-18 22:09:47,3,Medium
7/18/2023,22:09:51,27.7,75,0,2023-07-18 22:09:51,3,Medium
7/18/2023,22:09:56,27.8,75,0,2023-07-18 22:09:56,3,Medium
7/18/2023,22:10:01,27.8,75,0,2023-07-18 22:10:01,3,Medium
7/18/2023,22:10:05,27.8,75,0,2023-07-18 22:10:05,3,Medium
7/18/2023,22:10:10,27.8,75,0,2023-07-18 22:10:10,3,Medium
7/18/2023,22:10:13,27.8,75,0,2023-07-18 22:10:13,3,Medium
7/18/2023,22:10:18,27.8,75,0,2023-07-18 22:10:18,3,Medium
7/18/2023,22:10:22,27.8,75,0,2023-07-18 22:10:22,3,Medium
7/18/2023,22:10:26,27.8,75,0,2023-07-18 22:10:26,3,Medium
7/18/2023,22:10:30,27.8,75,0,2023-07-18 22:10:30,3,Medium
7/18/2023,22:10:35,27.8,75,0,2023-07-18 22:10:35,3,Medium
7/18/2023,22:10:39,27.8,75,0,2023-07-18 22:10:39,3,Medium
7/18/2023,22:10:43,27.8,75,0,2023-07-18 22:10:43,3,Medium
7/18/2023,22:10:47,27.9,75,0,2023-07-18 22:10:47,3,Medium
7/18/2023,22:10:52,27.9,75,0,2023-07-18 22:10:52,3,Medium
7/18/2023,22:10:56,27.9,75,0,2023-07-18 22:10:56,3,Medium
7/18/2023,22:11:06,27.9,75,0,2023-07-18 22:11:06,3,Medium
7/18/2023,22:11:10,27.9,75,0,2023-07-18 22:11:10,3,Medium
7/18/2023,22:11:16,27.9,75,0,2023-07-18 22:11:16,3,Medium
7/18/2023,22:11:20,27.9,75,0,2023-07-18 22:11:20,3,Medium
7/18/2023,22:11:24,27.9,74,0,2023-07-18 22:11:24,3,Medium
7/18/2023,22:11:28,27.9,74,0,2023-07-18 22:11:28,3,Medium
7/18/2023,22:11:33,27.9,74,0,2023-07-18 22:11:33,3,Medium
7/18/2023,22:11:37,27.9,74,0,2023-07-18 22:11:37,3,Medium
7/18/2023,22:11:41,27.9,74,0,2023-07-18 22:11:41,3,Medium
7/18/2023,22:11:45,27.9,74,0,2023-07-18 22:11:45,3,Medium
7/18/2023,22:11:50,27.9,74,0,2023-07-18 22:11:50,3,Medium
7/18/2023,22:11:54,27.9,74,0,2023-07-18 22:11:54,3,Medium
7/18/2023,22:11:58,27.9,74,0,2023-07-18 22:11:58,3,Medium
7/18/2023,22:12:03,27.9,74,0,2023-07-18 22:12:03,3,Medium
7/18/2023,22:12:07,27.8,74,0,2023-07-18 22:12:07,3,Medium
7/18/2023,22:12:11,27.8,74,0,2023-07-18 22:12:11,3,Medium
7/18/2023,22:12:15,27.8,74,0,2023-07-18 22:12:15,3,Medium
7/18/2023,22:12:20,27.8,74,0,2023-07-18 22:12:20,3,Medium
7/18/2023,22:12:24,27.8,75,0,2023-07-18 22:12:24,3,Medium
7/18/2023,22:12:29,27.8,75,0,2023-07-18 22:12:29,3,Medium
7/18/2023,22:12:33,27.9,75,0,2023-07-18 22:12:33,3,Medium
7/18/2023,22:12:37,27.9,75,0,2023-07-18 22:12:37,3,Medium
7/18/2023,22:12:42,27.9,75,0,2023-07-18 22:12:42,3,Medium
7/18/2023,22:12:46,27.9,75,0,2023-07-18 22:12:46,3,Medium
7/18/2023,22:12:50,27.9,75,0,2023-07-18 22:12:50,3,Medium
7/18/2023,22:12:55,27.9,74,0,2023-07-18 22:12:55,3,Medium
7/18/2023,22:12:59,27.9,74,0,2023-07-18 22:12:59,3,Medium
7/18/2023,22:13:04,27.9,74,0,2023-07-18 22:13:04,3,Medium
7/18/2023,22:13:08,27.9,75,0,2023-07-18 22:13:08,3,Medium
7/18/2023,22:13:13,27.9,75,0,2023-07-18 22:13:13,3,Medium
7/18/2023,22:13:17,27.9,74,0,2023-07-18 22:13:17,3,Medium
7/18/2023,22:13:21,27.9,74,0,2023-07-18 22:13:21,3,Medium
7/18/2023,22:13:26,27.9,74,0,2023-07-18 22:13:26,3,Medium
7/18/2023,22:13:30,27.9,74,0,2023-07-18 22:13:30,3,Medium
7/18/2023,22:13:35,27.9,74,0,2023-07-18 22:13:35,3,Medium
7/18/2023,22:14:23,27.9,74,0,2023-07-18 22:14:23,3,Medium
7/18/2023,22:14:27,27.8,75,0,2023-07-18 22:14:27,3,Medium
7/18/2023,22:14:31,27.8,75,0,2023-07-18 22:14:31,3,Medium
7/18/2023,22:14:36,27.8,75,0,2023-07-18 22:14:36,3,Medium
7/18/2023,22:14:43,27.7,75,0,2023-07-18 22:14:43,3,Medium
7/18/2023,22:14:48,27.8,75,0,2023-07-18 22:14:48,3,Medium
7/18/2023,22:14:53,27.7,75,0,2023-07-18 22:14:53,3,Medium
7/18/2023,22:14:57,27.7,75,0,2023-07-18 22:14:57,3,Medium
7/18/2023,22:15:01,27.7,75,0,2023-07-18 22:15:01,3,Medium
7/18/2023,22:15:05,27.7,75,0,2023-07-18 22:15:05,3,Medium
7/18/2023,22:15:09,27.7,75,0,2023-07-18 22:15:09,3,Medium
7/18/2023,22:15:14,27.7,75,0,2023-07-18 22:15:14,3,Medium
7/18/2023,22:15:18,27.7,75,0,2023-07-18 22:15:18,3,Medium
7/18/2023,22:15:23,27.7,75,0,2023-07-18 22:15:23,3,Medium
7/18/2023,22:15:27,27.7,75,0,2023-07-18 22:15:27,3,Medium
7/18/2023,22:15:31,27.7,75,0,2023-07-18 22:15:31,3,Medium
7/18/2023,22:15:35,27.7,75,0,2023-07-18 22:15:35,3,Medium
7/18/2023,22:15:40,27.7,75,0,2023-07-18 22:15:40,3,Medium
7/18/2023,22:15:44,27.7,75,0,2023-07-18 22:15:44,3,Medium
7/18/2023,22:15:51,27.7,75,0,2023-07-18 22:15:51,3,Medium
7/18/2023,22:15:56,27.7,75,0,2023-07-18 22:15:56,3,Medium
7/18/2023,22:16:01,27.7,75,0,2023-07-18 22:16:01,3,Medium
7/18/2023,22:16:05,27.7,75,0,2023-07-18 22:16:05,3,Medium
7/18/2023,22:16:10,27.7,75,0,2023-07-18 22:16:10,3,Medium
7/18/2023,22:16:14,27.7,75,0,2023-07-18 22:16:14,3,Medium
7/18/2023,22:16:18,27.7,75,0,2023-07-18 22:16:18,3,Medium
7/18/2023,22:16:22,27.7,75,0,2023-07-18 22:16:22,3,Medium
7/18/2023,22:16:26,27.7,75,0,2023-07-18 22:16:26,3,Medium
7/18/2023,22:16:31,27.7,75,0,2023-07-18 22:16:31,3,Medium
7/18/2023,22:16:35,27.7,75,0,2023-07-18 22:16:35,3,Medium
7/18/2023,22:16:38,27.7,75,0,2023-07-18 22:16:38,3,Medium
7/18/2023,22:16:42,27.7,75,0,2023-07-18 22:16:42,3,Medium
7/18/2023,22:16:46,27.7,75,0,2023-07-18 22:16:46,3,Medium
7/18/2023,22:16:50,27.7,75,0,2023-07-18 22:16:50,3,Medium
7/18/2023,22:16:54,27.7,75,0,2023-07-18 22:16:54,3,Medium
7/18/2023,22:16:58,27.7,75,0,2023-07-18 22:16:58,3,Medium
7/18/2023,22:17:03,27.7,75,0,2023-07-18 22:17:03,3,Medium
7/18/2023,22:17:09,27.7,75,0,2023-07-18 22:17:09,3,Medium
7/18/2023,22:17:12,27.7,75,0,2023-07-18 22:17:12,3,Medium
7/18/2023,22:17:16,27.7,75,0,2023-07-18 22:17:16,3,Medium
7/18/2023,22:17:20,27.7,75,0,2023-07-18 22:17:20,3,Medium
7/18/2023,22:17:25,27.7,75,0,2023-07-18 22:17:25,3,Medium
7/18/2023,22:17:29,27.7,75,0,2023-07-18 22:17:29,3,Medium
7/18/2023,22:17:33,27.7,75,0,2023-07-18 22:17:33,3,Medium
7/18/2023,22:17:37,27.7,75,0,2023-07-18 22:17:37,3,Medium
7/18/2023,22:17:41,27.7,75,0,2023-07-18 22:17:41,3,Medium
7/19/2023,12:19:39,28.0,74,0,2023-07-19 12:19:39,3,Medium
7/19/2023,12:19:43,28.0,74,0,2023-07-19 12:19:43,3,Medium
7/19/2023,12:19:47,28.0,74,0,2023-07-19 12:19:47,3,Medium
7/19/2023,12:19:51,28.0,74,0,2023-07-19 12:19:51,3,Medium
7/19/2023,12:19:56,28.0,74,0,2023-07-19 12:19:56,3,Medium
7/19/2023,12:20:51,28.0,74,0,2023-07-19 12:20:51,3,Medium
7/19/2023,12:20:55,28.1,74,0,2023-07-19 12:20:55,3,Medium
7/19/2023,12:20:59,28.1,74,0,2023-07-19 12:20:59,3,Medium
7/19/2023,12:21:04,28.1,74,0,2023-07-19 12:21:04,3,Medium
7/19/2023,12:21:08,28.1,74,0,2023-07-19 12:21:08,3,Medium
7/19/2023,12:21:12,28.1,74,0,2023-07-19 12:21:12,3,Medium
7/19/2023,12:21:16,28.1,74,0,2023-07-19 12:21:16,3,Medium
7/19/2023,12:21:20,28.1,74,0,2023-07-19 12:21:20,3,Medium
7/19/2023,12:21:24,28.1,74,0,2023-07-19 12:21:24,3,Medium
7/19/2023,12:21:28,28.1,74,0,2023-07-19 12:21:28,3,Medium
7/19/2023,12:21:33,28.1,74,0,2023-07-19 12:21:33,3,Medium
7/19/2023,12:21:37,28.1,74,0,2023-07-19 12:21:37,3,Medium
7/19/2023,12:21:41,28.1,74,0,2023-07-19 12:21:41,3,Medium
7/19/2023,12:21:45,28.1,74,0,2023-07-19 12:21:45,3,Medium
7/19/2023,12:21:49,28.1,74,0,2023-07-19 12:21:49,3,Medium
7/19/2023,12:21:54,28.1,74,0,2023-07-19 12:21:54,3,Medium
7/19/2023,12:21:58,28.1,74,0,2023-07-19 12:21:58,3,Medium
7/19/2023,12:22:49,28.1,74,0,2023-07-19 12:22:49,3,Medium
7/19/2023,12:22:53,28.1,74,0,2023-07-19 12:22:53,3,Medium
7/19/2023,12:22:57,28.1,74,0,2023-07-19 12:22:57,3,Medium
7/19/2023,12:23:02,28.1,74,0,2023-07-19 12:23:02,3,Medium
7/19/2023,12:23:06,28.1,74,0,2023-07-19 12:23:06,3,Medium
7/19/2023,12:23:10,28.1,74,0,2023-07-19 12:23:10,3,Medium
7/19/2023,12:23:15,28.1,74,0,2023-07-19 12:23:15,3,Medium
7/19/2023,12:23:19,28.1,74,0,2023-07-19 12:23:19,3,Medium
7/19/2023,12:23:23,28.1,74,0,2023-07-19 12:23:23,3,Medium
7/19/2023,12:23:27,28.1,74,0,2023-07-19 12:23:27,3,Medium
7/19/2023,12:23:31,28.1,74,7,2023-07-19 12:23:31,4,High
7/19/2023,12:23:35,28.1,74,0,2023-07-19 12:23:35,3,Medium
7/19/2023,12:23:39,28.1,74,0,2023-07-19 12:23:39,3,Medium
7/19/2023,12:23:43,28.1,74,0,2023-07-19 12:23:43,3,Medium
7/19/2023,12:23:47,28.1,74,0,2023-07-19 12:23:47,3,Medium
7/19/2023,12:23:51,28.1,74,0,2023-07-19 12:23:51,3,Medium
7/19/2023,12:23:56,28.1,74,0,2023-07-19 12:23:56,3,Medium
7/19/2023,12:24:00,28.1,74,0,2023-07-19 12:24:00,3,Medium
7/19/2023,12:24:04,28.1,74,0,2023-07-19 12:24:04,3,Medium
7/19/2023,12:24:08,28.1,74,0,2023-07-19 12:24:08,3,Medium
7/19/2023,12:24:13,28.1,74,0,2023-07-19 12:24:13,3,Medium
7/19/2023,12:24:18,28.1,74,0,2023-07-19 12:24:18,3,Medium
7/19/2023,12:24:22,28.1,74,0,2023-07-19 12:24:22,3,Medium
7/19/2023,12:24:26,28.1,74,0,2023-07-19 12:24:26,3,Medium
7/19/2023,12:24:30,28.1,74,0,2023-07-19 12:24:30,3,Medium
7/19/2023,12:24:34,28.1,74,0,2023-07-19 12:24:34,3,Medium
7/19/2023,12:24:38,28.1,74,0,2023-07-19 12:24:38,3,Medium
7/19/2023,12:24:43,28.1,74,0,2023-07-19 12:24:43,3,Medium
7/19/2023,12:25:38,28.1,74,0,2023-07-19 12:25:38,3,Medium
7/19/2023,12:25:42,28.1,74,0,2023-07-19 12:25:42,3,Medium
7/19/2023,12:25:46,28.1,74,0,2023-07-19 12:25:46,3,Medium
7/19/2023,12:25:50,28.1,74,0,2023-07-19 12:25:50,3,Medium
7/19/2023,12:25:57,28.1,74,0,2023-07-19 12:25:57,3,Medium
7/19/2023,12:26:01,28.1,74,0,2023-07-19 12:26:01,3,Medium
7/19/2023,12:26:05,28.1,74,0,2023-07-19 12:26:05,3,Medium
7/19/2023,12:26:10,28.1,74,0,2023-07-19 12:26:10,3,Medium
7/19/2023,12:26:14,28.1,74,0,2023-07-19 12:26:14,3,Medium
7/19/2023,12:26:18,28.1,74,0,2023-07-19 12:26:18,3,Medium
7/19/2023,12:26:22,28.1,74,0,2023-07-19 12:26:22,3,Medium
7/19/2023,12:26:26,28.1,74,0,2023-07-19 12:26:26,3,Medium
7/19/2023,12:26:31,28.1,74,0,2023-07-19 12:26:31,3,Medium
7/19/2023,12:26:35,28.1,74,0,2023-07-19 12:26:35,3,Medium
7/19/2023,12:26:39,28.1,74,0,2023-07-19 12:26:39,3,Medium
7/19/2023,12:26:43,28.1,74,0,2023-07-19 12:26:43,3,Medium
7/19/2023,12:26:48,28.1,74,0,2023-07-19 12:26:48,3,Medium
7/19/2023,12:26:52,28.1,74,0,2023-07-19 12:26:52,3,Medium
7/19/2023,12:26:56,28.1,74,0,2023-07-19 12:26:56,3,Medium
7/19/2023,12:27:00,28.1,74,0,2023-07-19 12:27:00,3,Medium
7/19/2023,12:27:04,28.1,74,0,2023-07-19 12:27:04,3,Medium
7/19/2023,12:27:08,28.1,74,0,2023-07-19 12:27:08,3,Medium
7/19/2023,12:27:12,28.1,74,0,2023-07-19 12:27:12,3,Medium
7/19/2023,12:27:17,28.1,74,0,2023-07-19 12:27:17,3,Medium
7/19/2023,12:27:21,28.1,74,0,2023-07-19 12:27:21,3,Medium
7/19/2023,12:27:25,28.1,74,0,2023-07-19 12:27:25,3,Medium
7/19/2023,12:27:30,28.1,74,0,2023-07-19 12:27:30,3,Medium
7/19/2023,12:27:35,28.1,74,0,2023-07-19 12:27:35,3,Medium
7/19/2023,12:27:39,28.1,74,0,2023-07-19 12:27:39,3,Medium
7/19/2023,12:27:43,28.1,74,0,2023-07-19 12:27:43,3,Medium
7/19/2023,12:27:47,28.1,74,0,2023-07-19 12:27:47,3,Medium
7/19/2023,12:27:51,28.1,74,0,2023-07-19 12:27:51,3,Medium
7/19/2023,12:27:55,28.1,74,0,2023-07-19 12:27:55,3,Medium
7/19/2023,12:28:00,28.1,74,0,2023-07-19 12:28:00,3,Medium
7/19/2023,12:28:04,28.1,74,0,2023-07-19 12:28:04,3,Medium
7/19/2023,12:28:08,28.1,74,0,2023-07-19 12:28:08,3,Medium
7/19/2023,12:28:13,28.1,74,0,2023-07-19 12:28:13,3,Medium
7/19/2023,12:28:17,28.1,74,0,2023-07-19 12:28:17,3,Medium
7/19/2023,12:28:21,28.1,74,0,2023-07-19 12:28:21,3,Medium
7/19/2023,12:28:25,28.1,74,0,2023-07-19 12:28:25,3,Medium
7/19/2023,12:28:29,28.1,74,0,2023-07-19 12:28:29,3,Medium
7/19/2023,12:28:34,28.1,74,0,2023-07-19 12:28:34,3,Medium
7/19/2023,12:28:38,28.1,74,0,2023-07-19 12:28:38,3,Medium
7/19/2023,12:28:42,28.1,74,0,2023-07-19 12:28:42,3,Medium
7/19/2023,12:28:46,28.1,74,0,2023-07-19 12:28:46,3,Medium
7/19/2023,12:28:51,28.1,74,0,2023-07-19 12:28:51,3,Medium
7/19/2023,12:28:55,28.1,74,0,2023-07-19 12:28:55,3,Medium
7/19/2023,12:28:59,28.1,74,0,2023-07-19 12:28:59,3,Medium
7/19/2023,12:29:03,28.1,74,0,2023-07-19 12:29:03,3,Medium
7/19/2023,12:29:07,28.1,74,0,2023-07-19 12:29:07,3,Medium
7/19/2023,12:29:12,28.1,74,0,2023-07-19 12:29:12,3,Medium
7/19/2023,12:29:17,28.1,74,0,2023-07-19 12:29:17,3,Medium
7/19/2023,12:29:21,28.1,74,0,2023-07-19 12:29:21,3,Medium
7/19/2023,12:29:25,28.1,74,0,2023-07-19 12:29:25,3,Medium
7/19/2023,12:29:29,28.1,74,0,2023-07-19 12:29:29,3,Medium
7/19/2023,12:29:33,28.1,74,0,2023-07-19 12:29:33,3,Medium
7/19/2023,12:29:37,28.1,74,0,2023-07-19 12:29:37,3,Medium
7/19/2023,12:29:42,28.1,74,0,2023-07-19 12:29:42,3,Medium
7/19/2023,12:29:46,28.1,74,0,2023-07-19 12:29:46,3,Medium
7/19/2023,12:29:50,28.1,74,0,2023-07-19 12:29:50,3,Medium
7/19/2023,12:29:54,28.1,74,0,2023-07-19 12:29:54,3,Medium
7/19/2023,12:29:58,28.1,74,0,2023-07-19 12:29:58,3,Medium
7/19/2023,12:30:02,28.1,74,0,2023-07-19 12:30:02,3,Medium
7/19/2023,12:30:07,28.1,74,0,2023-07-19 12:30:07,3,Medium
7/19/2023,12:30:11,28.2,74,0,2023-07-19 12:30:11,3,Medium
7/19/2023,12:30:15,28.1,74,0,2023-07-19 12:30:15,3,Medium
7/19/2023,12:30:19,28.1,74,0,2023-07-19 12:30:19,3,Medium
7/19/2023,12:30:23,28.1,74,0,2023-07-19 12:30:23,3,Medium
7/19/2023,12:30:27,28.2,74,0,2023-07-19 12:30:27,3,Medium
7/19/2023,12:30:32,28.1,74,0,2023-07-19 12:30:32,3,Medium
7/19/2023,12:30:36,28.2,74,0,2023-07-19 12:30:36,3,Medium
7/19/2023,12:30:40,28.2,74,0,2023-07-19 12:30:40,3,Medium
7/19/2023,12:30:45,28.1,74,0,2023-07-19 12:30:45,3,Medium
7/19/2023,12:30:49,28.1,74,0,2023-07-19 12:30:49,3,Medium
7/19/2023,12:30:53,28.2,74,0,2023-07-19 12:30:53,3,Medium
7/19/2023,12:30:57,28.1,74,0,2023-07-19 12:30:57,3,Medium
7/19/2023,12:31:01,28.2,74,0,2023-07-19 12:31:01,3,Medium
7/19/2023,12:31:05,28.2,74,0,2023-07-19 12:31:05,3,Medium
7/19/2023,12:31:09,28.2,74,0,2023-07-19 12:31:09,3,Medium
7/19/2023,12:31:14,28.2,74,0,2023-07-19 12:31:14,3,Medium
7/19/2023,12:31:18,28.2,74,0,2023-07-19 12:31:18,3,Medium
7/19/2023,12:31:22,28.2,74,0,2023-07-19 12:31:22,3,Medium
7/19/2023,12:31:27,28.2,74,0,2023-07-19 12:31:27,3,Medium
7/19/2023,12:31:31,28.2,74,0,2023-07-19 12:31:31,3,Medium
7/19/2023,12:31:36,28.2,74,0,2023-07-19 12:31:36,3,Medium
7/19/2023,12:31:41,28.2,74,0,2023-07-19 12:31:41,3,Medium
7/19/2023,12:31:45,28.2,74,0,2023-07-19 12:31:45,3,Medium
7/19/2023,12:31:50,28.2,74,0,2023-07-19 12:31:50,3,Medium
7/19/2023,12:31:54,28.2,74,0,2023-07-19 12:31:54,3,Medium
7/19/2023,12:31:59,28.2,74,0,2023-07-19 12:31:59,3,Medium
7/19/2023,12:32:03,28.2,74,0,2023-07-19 12:32:03,3,Medium
7/19/2023,12:32:07,28.2,74,0,2023-07-19 12:32:07,3,Medium
7/19/2023,12:32:11,28.2,74,0,2023-07-19 12:32:11,3,Medium
7/19/2023,12:32:16,28.2,74,0,2023-07-19 12:32:16,3,Medium
7/19/2023,12:32:20,28.2,74,0,2023-07-19 12:32:20,3,Medium
7/19/2023,12:32:25,28.2,74,0,2023-07-19 12:32:25,3,Medium
7/19/2023,12:32:30,28.2,74,0,2023-07-19 12:32:30,3,Medium
7/19/2023,12:32:35,28.2,74,0,2023-07-19 12:32:35,3,Medium
7/19/2023,12:32:40,28.2,74,0,2023-07-19 12:32:40,3,Medium
7/19/2023,12:32:45,28.2,74,0,2023-07-19 12:32:45,3,Medium
7/19/2023,12:32:49,28.2,74,0,2023-07-19 12:32:49,3,Medium
7/19/2023,12:32:56,28.2,74,0,2023-07-19 12:32:56,3,Medium
7/19/2023,12:33:01,28.2,74,0,2023-07-19 12:33:01,3,Medium
7/19/2023,12:33:05,28.2,74,0,2023-07-19 12:33:05,3,Medium
7/19/2023,12:33:10,28.2,74,0,2023-07-19 12:33:10,3,Medium
7/19/2023,12:33:15,28.2,74,0,2023-07-19 12:33:15,3,Medium
7/19/2023,12:33:20,28.2,74,0,2023-07-19 12:33:20,3,Medium
7/19/2023,12:33:24,28.2,74,0,2023-07-19 12:33:24,3,Medium
7/19/2023,12:33:29,28.2,74,0,2023-07-19 12:33:29,3,Medium
7/19/2023,12:33:34,28.2,74,0,2023-07-19 12:33:34,3,Medium
7/19/2023,12:33:38,28.2,74,0,2023-07-19 12:33:38,3,Medium
7/19/2023,12:33:43,28.2,74,0,2023-07-19 12:33:43,3,Medium
7/19/2023,12:33:48,28.2,74,0,2023-07-19 12:33:48,3,Medium
7/19/2023,12:33:53,28.2,74,0,2023-07-19 12:33:53,3,Medium
7/19/2023,12:33:58,28.2,74,0,2023-07-19 12:33:58,3,Medium
7/19/2023,12:34:02,28.2,74,0,2023-07-19 12:34:02,3,Medium
7/19/2023,12:34:06,28.2,74,0,2023-07-19 12:34:06,3,Medium
7/19/2023,12:34:11,28.2,74,0,2023-07-19 12:34:11,3,Medium
7/19/2023,12:34:15,28.2,74,0,2023-07-19 12:34:15,3,Medium
7/19/2023,12:34:19,28.2,74,0,2023-07-19 12:34:19,3,Medium
7/19/2023,12:34:24,28.2,74,0,2023-07-19 12:34:24,3,Medium
7/19/2023,12:34:28,28.2,74,0,2023-07-19 12:34:28,3,Medium
7/19/2023,12:34:32,28.2,74,0,2023-07-19 12:34:32,3,Medium
7/19/2023,12:34:37,28.2,74,0,2023-07-19 12:34:37,3,Medium
7/19/2023,12:34:41,28.2,74,0,2023-07-19 12:34:41,3,Medium
7/19/2023,12:34:46,28.2,74,0,2023-07-19 12:34:46,3,Medium
7/19/2023,12:34:50,28.2,74,0,2023-07-19 12:34:50,3,Medium
7/19/2023,12:34:55,28.2,74,0,2023-07-19 12:34:55,3,Medium
7/19/2023,12:34:59,28.2,74,0,2023-07-19 12:34:59,3,Medium
7/19/2023,12:35:04,28.2,74,0,2023-07-19 12:35:04,3,Medium
7/19/2023,12:35:08,28.2,74,0,2023-07-19 12:35:08,3,Medium
7/19/2023,12:35:12,28.2,74,0,2023-07-19 12:35:12,3,Medium
7/19/2023,12:35:16,28.2,74,0,2023-07-19 12:35:16,3,Medium
7/19/2023,12:35:24,28.2,74,0,2023-07-19 12:35:24,3,Medium
7/19/2023,12:35:29,28.2,74,0,2023-07-19 12:35:29,3,Medium
7/19/2023,12:35:34,28.2,74,0,2023-07-19 12:35:34,3,Medium
7/19/2023,12:35:39,28.2,74,0,2023-07-19 12:35:39,3,Medium
7/19/2023,12:36:29,28.2,74,0,2023-07-19 12:36:29,3,Medium
7/19/2023,12:36:33,28.2,74,0,2023-07-19 12:36:33,3,Medium
7/19/2023,12:36:37,28.2,74,0,2023-07-19 12:36:37,3,Medium
7/19/2023,12:36:41,28.2,74,0,2023-07-19 12:36:41,3,Medium
7/19/2023,12:36:45,28.2,74,0,2023-07-19 12:36:45,3,Medium
7/19/2023,12:36:49,28.2,74,0,2023-07-19 12:36:49,3,Medium
7/19/2023,12:36:54,28.2,74,0,2023-07-19 12:36:54,3,Medium
7/19/2023,12:36:58,28.2,74,0,2023-07-19 12:36:58,3,Medium
7/19/2023,12:37:02,28.2,74,0,2023-07-19 12:37:02,3,Medium
7/19/2023,12:37:06,28.2,74,0,2023-07-19 12:37:06,3,Medium
7/19/2023,12:37:10,28.2,74,0,2023-07-19 12:37:10,3,Medium
7/19/2023,12:37:14,28.2,74,0,2023-07-19 12:37:14,3,Medium
7/19/2023,12:37:19,28.2,74,0,2023-07-19 12:37:19,3,Medium
7/19/2023,12:37:23,28.2,74,0,2023-07-19 12:37:23,3,Medium
7/19/2023,12:37:27,28.2,74,0,2023-07-19 12:37:27,3,Medium
7/19/2023,12:37:31,28.2,74,0,2023-07-19 12:37:31,3,Medium
7/19/2023,12:37:35,28.2,74,0,2023-07-19 12:37:35,3,Medium
7/19/2023,12:37:40,28.2,74,0,2023-07-19 12:37:40,3,Medium
7/19/2023,12:37:44,28.2,74,0,2023-07-19 12:37:44,3,Medium
7/19/2023,12:37:48,28.2,74,0,2023-07-19 12:37:48,3,Medium
7/19/2023,12:37:52,28.2,74,0,2023-07-19 12:37:52,3,Medium
7/19/2023,12:37:56,28.2,74,0,2023-07-19 12:37:56,3,Medium
7/19/2023,12:38:00,28.2,74,0,2023-07-19 12:38:00,3,Medium
7/19/2023,12:38:04,28.2,74,0,2023-07-19 12:38:04,3,Medium
7/19/2023,12:38:08,28.2,74,0,2023-07-19 12:38:08,3,Medium
7/19/2023,12:38:13,28.2,74,0,2023-07-19 12:38:13,3,Medium
7/19/2023,12:38:17,28.2,74,0,2023-07-19 12:38:17,3,Medium
7/19/2023,12:38:22,28.2,74,0,2023-07-19 12:38:22,3,Medium
7/19/2023,12:38:27,28.2,74,0,2023-07-19 12:38:27,3,Medium
7/19/2023,12:38:31,28.2,74,0,2023-07-19 12:38:31,3,Medium
7/19/2023,12:38:35,28.2,74,0,2023-07-19 12:38:35,3,Medium
7/19/2023,12:38:39,28.2,74,0,2023-07-19 12:38:39,3,Medium
7/19/2023,12:38:43,28.2,74,0,2023-07-19 12:38:43,3,Medium
7/19/2023,12:38:47,28.2,74,0,2023-07-19 12:38:47,3,Medium
7/19/2023,12:38:51,28.2,74,0,2023-07-19 12:38:51,3,Medium
7/19/2023,12:38:56,28.2,74,0,2023-07-19 12:38:56,3,Medium
7/19/2023,12:39:00,28.2,74,0,2023-07-19 12:39:00,3,Medium
7/19/2023,12:39:04,28.2,74,0,2023-07-19 12:39:04,3,Medium
7/19/2023,12:39:07,28.2,74,0,2023-07-19 12:39:07,3,Medium
7/19/2023,12:39:11,28.2,74,0,2023-07-19 12:39:11,3,Medium
7/19/2023,12:39:15,28.2,74,0,2023-07-19 12:39:15,3,Medium
7/19/2023,12:39:19,28.2,74,0,2023-07-19 12:39:19,3,Medium
7/19/2023,12:39:23,28.2,74,0,2023-07-19 12:39:23,3,Medium
7/19/2023,12:39:27,28.2,74,0,2023-07-19 12:39:27,3,Medium
7/19/2023,12:39:31,28.2,74,0,2023-07-19 12:39:31,3,Medium
7/19/2023,12:39:35,28.2,74,0,2023-07-19 12:39:35,3,Medium
7/19/2023,12:39:43,28.2,74,0,2023-07-19 12:39:43,3,Medium
7/19/2023,12:39:47,28.2,74,0,2023-07-19 12:39:47,3,Medium
7/19/2023,12:39:51,28.2,74,0,2023-07-19 12:39:51,3,Medium
7/19/2023,12:39:55,28.2,74,0,2023-07-19 12:39:55,3,Medium
7/19/2023,12:39:59,28.2,74,0,2023-07-19 12:39:59,3,Medium
7/19/2023,12:40:06,28.2,74,0,2023-07-19 12:40:06,3,Medium
7/19/2023,12:40:10,28.2,74,0,2023-07-19 12:40:10,3,Medium
7/19/2023,12:40:14,28.2,74,0,2023-07-19 12:40:14,3,Medium
7/19/2023,12:40:18,28.2,74,0,2023-07-19 12:40:18,3,Medium
7/19/2023,12:40:22,28.2,74,0,2023-07-19 12:40:22,3,Medium
7/19/2023,12:40:29,28.2,74,0,2023-07-19 12:40:29,3,Medium
7/19/2023,12:40:34,28.2,74,0,2023-07-19 12:40:34,3,Medium
7/19/2023,12:40:37,28.2,74,0,2023-07-19 12:40:37,3,Medium
7/19/2023,12:40:41,28.2,74,0,2023-07-19 12:40:41,3,Medium
7/19/2023,12:40:46,28.2,74,0,2023-07-19 12:40:46,3,Medium
7/19/2023,12:40:50,28.2,74,0,2023-07-19 12:40:50,3,Medium
7/19/2023,12:40:54,28.2,74,0,2023-07-19 12:40:54,3,Medium
7/19/2023,12:40:59,28.2,74,0,2023-07-19 12:40:59,3,Medium
7/19/2023,12:41:03,28.2,74,0,2023-07-19 12:41:03,3,Medium
7/19/2023,12:41:08,28.2,74,0,2023-07-19 12:41:08,3,Medium
7/19/2023,12:41:12,28.2,74,0,2023-07-19 12:41:12,3,Medium
7/19/2023,12:41:16,28.2,74,0,2023-07-19 12:41:16,3,Medium
7/19/2023,12:41:20,28.2,74,0,2023-07-19 12:41:20,3,Medium
7/19/2023,12:41:24,28.2,74,0,2023-07-19 12:41:24,3,Medium
7/19/2023,12:41:29,28.2,74,0,2023-07-19 12:41:29,3,Medium
7/19/2023,12:41:33,28.2,74,0,2023-07-19 12:41:33,3,Medium
7/19/2023,12:41:38,28.2,74,0,2023-07-19 12:41:38,3,Medium
7/19/2023,12:41:43,28.2,74,0,2023-07-19 12:41:43,3,Medium
7/19/2023,12:41:47,28.2,74,0,2023-07-19 12:41:47,3,Medium
7/19/2023,12:41:51,28.2,74,0,2023-07-19 12:41:51,3,Medium
7/19/2023,12:41:56,28.2,74,0,2023-07-19 12:41:56,3,Medium
7/19/2023,12:42:01,28.2,74,0,2023-07-19 12:42:01,3,Medium
7/19/2023,12:42:05,28.2,74,0,2023-07-19 12:42:05,3,Medium
7/19/2023,12:42:10,28.2,74,0,2023-07-19 12:42:10,3,Medium
7/19/2023,12:42:14,28.2,74,0,2023-07-19 12:42:14,3,Medium
7/19/2023,12:42:18,28.2,74,0,2023-07-19 12:42:18,3,Medium
7/19/2023,12:42:23,28.2,74,0,2023-07-19 12:42:23,3,Medium
7/19/2023,12:42:27,28.2,74,0,2023-07-19 12:42:27,3,Medium
7/19/2023,12:42:31,28.2,74,0,2023-07-19 12:42:31,3,Medium
7/19/2023,12:42:35,28.2,74,0,2023-07-19 12:42:35,3,Medium
7/19/2023,12:42:39,28.2,74,0,2023-07-19 12:42:39,3,Medium
7/19/2023,12:42:43,28.2,74,0,2023-07-19 12:42:43,3,Medium
7/19/2023,12:42:47,28.2,74,0,2023-07-19 12:42:47,3,Medium
7/19/2023,12:42:51,28.2,74,0,2023-07-19 12:42:51,3,Medium
7/19/2023,12:42:55,28.2,74,0,2023-07-19 12:42:55,3,Medium
7/19/2023,12:42:59,28.2,74,0,2023-07-19 12:42:59,3,Medium
7/19/2023,12:43:03,28.2,74,0,2023-07-19 12:43:03,3,Medium
7/19/2023,12:43:07,28.2,74,0,2023-07-19 12:43:07,3,Medium
7/19/2023,12:43:11,28.2,74,0,2023-07-19 12:43:11,3,Medium
7/19/2023,12:43:15,28.2,74,0,2023-07-19 12:43:15,3,Medium
7/19/2023,12:43:20,28.2,74,0,2023-07-19 12:43:20,3,Medium
7/19/2023,12:43:24,28.2,74,0,2023-07-19 12:43:24,3,Medium
7/19/2023,12:43:28,28.2,74,0,2023-07-19 12:43:28,3,Medium
7/19/2023,12:43:32,28.2,74,0,2023-07-19 12:43:32,3,Medium
7/19/2023,12:43:37,28.2,74,0,2023-07-19 12:43:37,3,Medium
7/19/2023,12:43:42,28.2,74,0,2023-07-19 12:43:42,3,Medium
7/19/2023,12:43:46,28.2,74,0,2023-07-19 12:43:46,3,Medium
7/19/2023,12:43:50,28.2,74,0,2023-07-19 12:43:50,3,Medium
7/19/2023,12:43:54,28.2,74,0,2023-07-19 12:43:54,3,Medium
7/19/2023,12:43:58,28.2,74,0,2023-07-19 12:43:58,3,Medium
7/19/2023,12:44:02,28.2,74,0,2023-07-19 12:44:02,3,Medium
7/19/2023,12:44:07,28.2,74,0,2023-07-19 12:44:07,3,Medium
7/19/2023,12:44:11,28.2,74,0,2023-07-19 12:44:11,3,Medium
7/19/2023,12:44:15,28.2,74,0,2023-07-19 12:44:15,3,Medium
7/19/2023,12:44:19,28.2,74,0,2023-07-19 12:44:19,3,Medium
7/19/2023,12:44:23,28.2,74,0,2023-07-19 12:44:23,3,Medium
7/19/2023,12:44:27,28.2,74,0,2023-07-19 12:44:27,3,Medium
7/19/2023,12:44:31,28.2,74,0,2023-07-19 12:44:31,3,Medium
7/19/2023,12:44:35,28.2,74,0,2023-07-19 12:44:35,3,Medium
7/19/2023,12:44:40,28.2,74,0,2023-07-19 12:44:40,3,Medium
7/19/2023,12:44:44,28.2,74,0,2023-07-19 12:44:44,3,Medium
7/19/2023,12:44:48,28.2,74,0,2023-07-19 12:44:48,3,Medium
7/19/2023,12:44:52,28.2,74,0,2023-07-19 12:44:52,3,Medium
7/19/2023,12:44:56,28.2,74,0,2023-07-19 12:44:56,3,Medium
7/19/2023,12:45:00,28.2,74,0,2023-07-19 12:45:00,3,Medium
7/19/2023,12:45:03,28.2,74,0,2023-07-19 12:45:03,3,Medium
7/25/2023,19:23:16,25.9,71,0,2023-07-25 19:23:16,3,Medium
7/25/2023,19:23:20,27.1,70,0,2023-07-25 19:23:20,3,Medium
7/25/2023,19:23:24,27.1,70,0,2023-07-25 19:23:24,3,Medium
7/25/2023,19:23:28,27.1,70,0,2023-07-25 19:23:28,3,Medium
7/25/2023,19:23:32,27.1,69,0,2023-07-25 19:23:32,2,Medium
7/25/2023,19:23:37,27.1,69,0,2023-07-25 19:23:37,2,Medium
7/25/2023,19:23:40,27.1,69,0,2023-07-25 19:23:40,2,Medium
7/25/2023,19:23:45,27.1,69,0,2023-07-25 19:23:45,2,Medium
7/25/2023,19:23:49,27.1,69,0,2023-07-25 19:23:49,2,Medium
7/25/2023,19:23:53,27.1,69,0,2023-07-25 19:23:53,2,Medium
7/25/2023,19:23:58,27.1,69,0,2023-07-25 19:23:58,2,Medium
7/25/2023,19:24:02,27.1,69,0,2023-07-25 19:24:02,2,Medium
7/25/2023,19:24:06,27.1,69,0,2023-07-25 19:24:06,2,Medium
7/25/2023,19:24:10,27.1,69,0,2023-07-25 19:24:10,2,Medium
7/25/2023,19:24:14,27.1,68,0,2023-07-25 19:24:14,2,Medium
7/25/2023,19:24:19,27.1,68,0,2023-07-25 19:24:19,2,Medium
7/25/2023,19:24:23,27.1,69,0,2023-07-25 19:24:23,2,Medium
7/25/2023,19:24:28,27.1,69,0,2023-07-25 19:24:28,2,Medium
7/25/2023,19:24:32,27.1,69,0,2023-07-25 19:24:32,2,Medium
7/25/2023,19:24:36,27.1,69,0,2023-07-25 19:24:36,2,Medium
7/25/2023,19:24:41,27.1,69,0,2023-07-25 19:24:41,2,Medium
7/25/2023,19:24:45,27.1,69,0,2023-07-25 19:24:45,2,Medium
7/25/2023,19:24:50,27.2,69,0,2023-07-25 19:24:50,2,Medium
7/25/2023,19:24:54,27.1,69,0,2023-07-25 19:24:54,2,Medium
7/25/2023,19:24:58,27.1,69,0,2023-07-25 19:24:58,2,Medium
7/25/2023,19:25:02,27.2,69,0,2023-07-25 19:25:02,2,Medium
7/25/2023,19:25:07,27.2,68,0,2023-07-25 19:25:07,2,Medium
7/25/2023,19:25:11,27.2,68,0,2023-07-25 19:25:11,2,Medium
7/25/2023,19:25:15,27.2,68,0,2023-07-25 19:25:15,2,Medium
7/25/2023,19:25:19,27.2,69,0,2023-07-25 19:25:19,2,Medium
7/25/2023,19:25:23,27.2,68,0,2023-07-25 19:25:23,2,Medium
7/25/2023,19:25:28,27.2,68,0,2023-07-25 19:25:28,2,Medium
7/25/2023,19:25:32,27.2,68,0,2023-07-25 19:25:32,2,Medium
7/25/2023,19:25:37,27.2,68,0,2023-07-25 19:25:37,2,Medium
7/25/2023,19:25:41,27.2,68,0,2023-07-25 19:25:41,2,Medium
7/25/2023,19:25:45,27.2,68,0,2023-07-25 19:25:45,2,Medium
7/25/2023,19:25:50,27.2,69,0,2023-07-25 19:25:50,2,Medium
7/25/2023,19:25:54,27.2,69,0,2023-07-25 19:25:54,2,Medium
7/25/2023,19:25:58,27.2,69,0,2023-07-25 19:25:58,2,Medium
7/25/2023,19:26:02,27.2,69,0,2023-07-25 19:26:02,2,Medium
7/25/2023,19:26:08,27.2,69,0,2023-07-25 19:26:08,2,Medium
7/25/2023,19:26:12,27.2,69,0,2023-07-25 19:26:12,2,Medium
7/25/2023,19:26:16,27.2,68,0,2023-07-25 19:26:16,2,Medium
7/25/2023,19:26:20,27.2,69,0,2023-07-25 19:26:20,2,Medium
7/25/2023,19:26:25,27.2,69,0,2023-07-25 19:26:25,2,Medium
7/25/2023,19:26:29,27.2,69,0,2023-07-25 19:26:29,2,Medium
7/25/2023,19:26:33,27.2,69,0,2023-07-25 19:26:33,2,Medium
7/25/2023,19:26:38,27.2,69,0,2023-07-25 19:26:38,2,Medium
7/25/2023,19:26:42,27.2,68,0,2023-07-25 19:26:42,2,Medium
7/25/2023,19:26:47,27.2,68,0,2023-07-25 19:26:47,2,Medium
7/25/2023,19:26:52,27.2,68,0,2023-07-25 19:26:52,2,Medium
7/25/2023,19:26:57,27.2,68,0,2023-07-25 19:26:57,2,Medium
7/25/2023,19:27:01,27.2,68,0,2023-07-25 19:27:01,2,Medium
7/25/2023,19:27:05,27.2,68,0,2023-07-25 19:27:05,2,Medium
7/25/2023,19:27:09,27.2,68,0,2023-07-25 19:27:09,2,Medium
7/25/2023,19:27:14,27.2,68,0,2023-07-25 19:27:14,2,Medium
7/25/2023,19:27:18,27.2,68,0,2023-07-25 19:27:18,2,Medium
7/25/2023,19:27:22,27.2,68,0,2023-07-25 19:27:22,2,Medium
7/25/2023,19:27:26,27.2,68,0,2023-07-25 19:27:26,2,Medium
7/25/2023,19:27:30,27.2,68,0,2023-07-25 19:27:30,2,Medium
7/25/2023,19:27:34,27.2,68,0,2023-07-25 19:27:34,2,Medium
7/25/2023,19:27:38,27.2,68,0,2023-07-25 19:27:38,2,Medium
7/25/2023,19:27:43,27.2,68,0,2023-07-25 19:27:43,2,Medium
7/25/2023,19:27:47,27.2,68,0,2023-07-25 19:27:47,2,Medium
7/25/2023,19:27:51,27.2,68,0,2023-07-25 19:27:51,2,Medium
7/25/2023,19:27:55,27.2,67,0,2023-07-25 19:27:55,2,Medium
7/25/2023,19:27:59,27.2,67,0,2023-07-25 19:27:59,2,Medium
7/25/2023,19:28:04,27.2,67,0,2023-07-25 19:28:04,2,Medium
7/25/2023,19:28:08,27.2,68,0,2023-07-25 19:28:08,2,Medium
7/25/2023,19:28:13,27.2,68,0,2023-07-25 19:28:13,2,Medium
7/25/2023,19:28:17,27.2,68,0,2023-07-25 19:28:17,2,Medium
7/25/2023,19:28:22,27.2,68,0,2023-07-25 19:28:22,2,Medium
7/25/2023,19:28:26,27.2,68,0,2023-07-25 19:28:26,2,Medium
7/25/2023,19:28:31,27.2,68,0,2023-07-25 19:28:31,2,Medium
7/25/2023,19:28:35,27.2,68,0,2023-07-25 19:28:35,2,Medium
7/25/2023,19:28:40,27.2,68,0,2023-07-25 19:28:40,2,Medium
7/25/2023,19:28:45,27.2,68,0,2023-07-25 19:28:45,2,Medium
7/25/2023,19:28:49,27.2,68,0,2023-07-25 19:28:49,2,Medium
7/25/2023,19:28:54,27.2,68,0,2023-07-25 19:28:54,2,Medium
7/25/2023,19:28:58,27.2,68,0,2023-07-25 19:28:58,2,Medium
7/25/2023,19:29:02,27.2,68,0,2023-07-25 19:29:02,2,Medium
7/25/2023,19:29:06,27.2,68,0,2023-07-25 19:29:06,2,Medium
7/25/2023,19:29:11,27.2,68,0,2023-07-25 19:29:11,2,Medium
7/25/2023,19:29:15,27.2,68,0,2023-07-25 19:29:15,2,Medium
7/25/2023,19:29:20,27.2,68,0,2023-07-25 19:29:20,2,Medium
7/25/2023,19:29:24,27.2,68,0,2023-07-25 19:29:24,2,Medium
7/25/2023,19:29:28,27.2,68,0,2023-07-25 19:29:28,2,Medium
7/25/2023,19:29:32,27.2,68,0,2023-07-25 19:29:32,2,Medium
7/25/2023,19:29:37,27.2,68,0,2023-07-25 19:29:37,2,Medium
7/25/2023,19:29:42,27.2,68,0,2023-07-25 19:29:42,2,Medium
7/25/2023,19:29:46,27.2,68,0,2023-07-25 19:29:46,2,Medium
7/25/2023,19:29:50,27.2,68,0,2023-07-25 19:29:50,2,Medium
7/25/2023,19:29:55,27.2,68,0,2023-07-25 19:29:55,2,Medium
7/25/2023,19:29:59,27.2,68,0,2023-07-25 19:29:59,2,Medium
7/25/2023,19:30:03,27.2,68,0,2023-07-25 19:30:03,2,Medium
7/25/2023,19:30:07,27.2,67,0,2023-07-25 19:30:07,2,Medium
7/25/2023,19:30:11,27.2,68,0,2023-07-25 19:30:11,2,Medium
7/25/2023,19:30:16,27.2,68,0,2023-07-25 19:30:16,2,Medium
7/25/2023,19:30:20,27.2,67,0,2023-07-25 19:30:20,2,Medium
7/25/2023,19:30:24,27.2,67,0,2023-07-25 19:30:24,2,Medium
7/25/2023,19:30:28,27.2,67,0,2023-07-25 19:30:28,2,Medium
7/25/2023,19:30:33,27.1,67,0,2023-07-25 19:30:33,2,Medium
7/25/2023,19:30:37,27.1,68,0,2023-07-25 19:30:37,2,Medium
7/25/2023,19:30:42,27.2,68,0,2023-07-25 19:30:42,2,Medium
7/25/2023,19:30:46,27.1,68,0,2023-07-25 19:30:46,2,Medium
7/25/2023,19:30:50,27.2,68,0,2023-07-25 19:30:50,2,Medium
7/25/2023,19:30:55,27.2,68,0,2023-07-25 19:30:55,2,Medium
7/25/2023,19:30:59,27.1,67,0,2023-07-25 19:30:59,2,Medium
7/25/2023,19:31:03,27.1,67,0,2023-07-25 19:31:03,2,Medium
7/25/2023,19:31:07,27.1,67,0,2023-07-25 19:31:07,2,Medium
7/25/2023,19:31:11,27.1,67,0,2023-07-25 19:31:11,2,Medium
7/25/2023,19:31:15,27.1,67,0,2023-07-25 19:31:15,2,Medium
7/25/2023,19:31:19,27.1,67,0,2023-07-25 19:31:19,2,Medium
7/25/2023,19:31:24,27.1,67,0,2023-07-25 19:31:24,2,Medium
7/25/2023,19:31:28,27.1,67,0,2023-07-25 19:31:28,2,Medium
7/25/2023,19:31:32,27.1,67,0,2023-07-25 19:31:32,2,Medium
7/25/2023,19:31:39,27.1,67,0,2023-07-25 19:31:39,2,Medium
7/25/2023,19:31:43,27.1,67,0,2023-07-25 19:31:43,2,Medium
7/25/2023,19:31:48,27.1,67,0,2023-07-25 19:31:48,2,Medium
7/25/2023,19:31:52,27.1,67,0,2023-07-25 19:31:52,2,Medium
7/25/2023,19:31:56,27.1,67,0,2023-07-25 19:31:56,2,Medium
7/25/2023,19:32:00,27.1,67,0,2023-07-25 19:32:00,2,Medium
7/25/2023,19:32:04,27.1,67,0,2023-07-25 19:32:04,2,Medium
7/25/2023,19:32:08,27.1,67,0,2023-07-25 19:32:08,2,Medium
7/25/2023,19:32:12,27.1,67,0,2023-07-25 19:32:12,2,Medium
7/25/2023,19:32:16,27.1,68,0,2023-07-25 19:32:16,2,Medium
7/25/2023,19:32:21,27.1,68,0,2023-07-25 19:32:21,2,Medium
7/25/2023,19:32:25,27.1,68,0,2023-07-25 19:32:25,2,Medium
7/25/2023,19:32:30,27.1,68,0,2023-07-25 19:32:30,2,Medium
7/25/2023,19:32:34,27.1,68,0,2023-07-25 19:32:34,2,Medium
7/25/2023,19:32:38,27.1,68,0,2023-07-25 19:32:38,2,Medium
7/25/2023,19:32:42,27.1,68,0,2023-07-25 19:32:42,2,Medium
7/25/2023,19:32:47,27.1,68,0,2023-07-25 19:32:47,2,Medium
7/25/2023,19:32:51,27.1,68,0,2023-07-25 19:32:51,2,Medium
7/25/2023,19:32:55,27.1,68,0,2023-07-25 19:32:55,2,Medium
7/25/2023,19:33:04,27.1,68,2,2023-07-25 19:33:04,3,Medium
7/25/2023,19:33:09,27.1,68,0,2023-07-25 19:33:09,2,Medium
7/25/2023,19:33:13,27.1,68,0,2023-07-25 19:33:13,2,Medium
7/25/2023,19:33:18,27.1,68,0,2023-07-25 19:33:18,2,Medium
7/25/2023,19:33:22,27.1,68,0,2023-07-25 19:33:22,2,Medium
7/25/2023,19:33:26,27.1,68,1,2023-07-25 19:33:26,3,Medium
7/25/2023,19:33:30,27.1,68,1,2023-07-25 19:33:30,3,Medium
7/25/2023,19:33:35,27.1,68,1,2023-07-25 19:33:35,3,Medium
7/25/2023,19:33:39,27.1,68,1,2023-07-25 19:33:39,3,Medium
7/25/2023,19:33:43,27.2,68,1,2023-07-25 19:33:43,3,Medium
7/25/2023,19:33:47,27.2,69,1,2023-07-25 19:33:47,3,Medium
7/25/2023,19:33:51,27.2,69,1,2023-07-25 19:33:51,3,Medium
7/25/2023,19:33:55,27.2,69,1,2023-07-25 19:33:55,3,Medium
7/25/2023,19:33:59,27.2,69,1,2023-07-25 19:33:59,3,Medium
7/25/2023,19:34:03,27.2,69,0,2023-07-25 19:34:03,2,Medium
7/25/2023,19:34:07,27.2,69,0,2023-07-25 19:34:07,2,Medium
7/25/2023,19:34:13,27.3,68,0,2023-07-25 19:34:13,2,Medium
7/25/2023,19:34:18,27.3,68,0,2023-07-25 19:34:18,2,Medium
7/25/2023,19:34:22,27.3,68,0,2023-07-25 19:34:22,2,Medium
7/25/2023,19:34:26,27.3,68,1,2023-07-25 19:34:26,3,Medium
7/25/2023,19:34:31,27.3,68,1,2023-07-25 19:34:31,3,Medium
7/25/2023,19:34:35,27.3,68,1,2023-07-25 19:34:35,3,Medium
7/25/2023,19:34:40,27.3,68,1,2023-07-25 19:34:40,3,Medium
7/25/2023,19:34:44,27.3,68,1,2023-07-25 19:34:44,3,Medium
7/25/2023,19:34:48,27.4,67,1,2023-07-25 19:34:48,3,Medium
7/25/2023,19:34:52,27.4,67,1,2023-07-25 19:34:52,3,Medium
7/25/2023,19:34:56,27.4,67,0,2023-07-25 19:34:56,2,Medium
7/25/2023,19:35:01,27.4,67,0,2023-07-25 19:35:01,2,Medium
7/25/2023,19:35:05,27.4,67,0,2023-07-25 19:35:05,2,Medium
7/25/2023,19:35:09,27.4,67,0,2023-07-25 19:35:09,2,Medium
7/25/2023,19:35:14,27.4,67,0,2023-07-25 19:35:14,2,Medium
7/25/2023,19:35:18,27.4,67,0,2023-07-25 19:35:18,2,Medium
7/25/2023,19:35:21,27.4,67,0,2023-07-25 19:35:21,2,Medium
7/25/2023,19:35:26,27.4,67,0,2023-07-25 19:35:26,2,Medium
7/25/2023,19:35:31,27.4,67,0,2023-07-25 19:35:31,2,Medium
7/25/2023,19:35:37,27.4,67,0,2023-07-25 19:35:37,2,Medium
7/26/2023,10:45:47,25.6,71,0,2023-07-26 10:45:47,3,Medium
7/26/2023,10:45:51,26.3,72,0,2023-07-26 10:45:51,3,Medium
7/26/2023,10:45:55,26.3,72,0,2023-07-26 10:45:55,3,Medium
7/26/2023,10:45:59,26.3,72,0,2023-07-26 10:45:59,3,Medium
7/26/2023,10:46:03,26.3,72,0,2023-07-26 10:46:03,3,Medium
7/26/2023,10:46:07,26.3,72,0,2023-07-26 10:46:07,3,Medium
7/26/2023,10:46:11,26.4,72,0,2023-07-26 10:46:11,3,Medium
7/26/2023,10:46:15,26.4,72,0,2023-07-26 10:46:15,3,Medium
7/26/2023,10:46:18,26.4,72,0,2023-07-26 10:46:18,3,Medium
7/26/2023,10:46:23,26.4,72,0,2023-07-26 10:46:23,3,Medium
7/26/2023,10:46:26,26.4,72,0,2023-07-26 10:46:26,3,Medium
7/26/2023,10:46:30,26.4,72,0,2023-07-26 10:46:30,3,Medium
7/26/2023,10:46:34,26.4,72,0,2023-07-26 10:46:34,3,Medium
7/26/2023,10:46:38,26.4,72,0,2023-07-26 10:46:38,3,Medium
7/26/2023,10:46:42,26.4,72,0,2023-07-26 10:46:42,3,Medium
7/26/2023,10:46:46,26.5,72,0,2023-07-26 10:46:46,3,Medium
7/26/2023,10:46:50,26.5,72,0,2023-07-26 10:46:50,3,Medium
7/26/2023,10:46:53,26.5,72,0,2023-07-26 10:46:53,3,Medium
7/26/2023,10:46:57,26.5,72,0,2023-07-26 10:46:57,3,Medium
7/26/2023,10:47:01,26.5,72,0,2023-07-26 10:47:01,3,Medium
7/26/2023,10:47:05,26.5,72,0,2023-07-26 10:47:05,3,Medium
7/26/2023,10:47:08,26.5,72,0,2023-07-26 10:47:08,3,Medium
7/26/2023,10:47:13,26.6,72,0,2023-07-26 10:47:13,3,Medium
7/26/2023,10:47:17,26.6,72,0,2023-07-26 10:47:17,3,Medium
7/26/2023,10:47:21,26.6,72,0,2023-07-26 10:47:21,3,Medium
7/26/2023,10:47:24,26.6,72,0,2023-07-26 10:47:24,3,Medium
7/26/2023,10:47:28,26.6,72,0,2023-07-26 10:47:28,3,Medium
7/26/2023,10:47:32,26.6,72,0,2023-07-26 10:47:32,3,Medium
7/26/2023,10:47:37,26.6,72,0,2023-07-26 10:47:37,3,Medium
7/26/2023,10:47:41,26.6,72,0,2023-07-26 10:47:41,3,Medium
7/26/2023,10:47:45,26.6,72,0,2023-07-26 10:47:45,3,Medium
7/26/2023,10:47:49,26.7,72,0,2023-07-26 10:47:49,3,Medium
7/26/2023,10:47:53,26.7,72,0,2023-07-26 10:47:53,3,Medium
7/26/2023,10:47:57,26.7,72,0,2023-07-26 10:47:57,3,Medium
7/26/2023,10:48:01,26.7,72,0,2023-07-26 10:48:01,3,Medium
7/26/2023,10:48:05,26.7,72,0,2023-07-26 10:48:05,3,Medium
7/26/2023,10:48:10,26.7,72,0,2023-07-26 10:48:10,3,Medium
7/26/2023,10:48:14,26.7,72,0,2023-07-26 10:48:14,3,Medium
7/26/2023,10:48:18,26.7,72,0,2023-07-26 10:48:18,3,Medium
7/26/2023,10:48:22,26.8,72,0,2023-07-26 10:48:22,3,Medium
7/26/2023,10:48:26,26.8,72,0,2023-07-26 10:48:26,3,Medium
7/26/2023,10:48:30,26.8,72,0,2023-07-26 10:48:30,3,Medium
7/26/2023,10:48:34,26.8,72,0,2023-07-26 10:48:34,3,Medium
7/26/2023,10:48:39,26.8,72,0,2023-07-26 10:48:39,3,Medium
7/26/2023,10:48:43,26.8,72,0,2023-07-26 10:48:43,3,Medium
7/26/2023,10:48:47,26.8,72,0,2023-07-26 10:48:47,3,Medium
7/26/2023,10:48:51,26.8,72,0,2023-07-26 10:48:51,3,Medium
7/26/2023,10:48:55,26.8,72,0,2023-07-26 10:48:55,3,Medium
7/26/2023,10:48:59,26.8,72,0,2023-07-26 10:48:59,3,Medium
7/26/2023,10:49:04,26.8,72,0,2023-07-26 10:49:04,3,Medium
7/26/2023,10:49:08,26.8,72,0,2023-07-26 10:49:08,3,Medium
7/26/2023,10:49:12,26.8,72,0,2023-07-26 10:49:12,3,Medium
7/26/2023,10:49:16,26.9,71,0,2023-07-26 10:49:16,3,Medium
7/26/2023,10:49:20,26.9,71,0,2023-07-26 10:49:20,3,Medium
7/26/2023,10:49:25,26.9,71,0,2023-07-26 10:49:25,3,Medium
7/26/2023,10:49:29,26.9,71,0,2023-07-26 10:49:29,3,Medium
7/26/2023,10:49:34,26.9,71,0,2023-07-26 10:49:34,3,Medium
7/26/2023,10:49:38,26.9,71,0,2023-07-26 10:49:38,3,Medium
7/26/2023,10:49:44,26.9,71,0,2023-07-26 10:49:44,3,Medium
7/26/2023,10:49:49,26.9,71,0,2023-07-26 10:49:49,3,Medium
7/26/2023,10:49:53,26.9,71,0,2023-07-26 10:49:53,3,Medium
7/26/2023,10:49:57,26.9,71,0,2023-07-26 10:49:57,3,Medium
7/26/2023,10:50:01,26.9,71,0,2023-07-26 10:50:01,3,Medium
7/26/2023,10:50:06,26.9,71,0,2023-07-26 10:50:06,3,Medium
7/26/2023,10:50:10,26.9,71,0,2023-07-26 10:50:10,3,Medium
7/26/2023,10:50:14,26.9,71,0,2023-07-26 10:50:14,3,Medium
7/26/2023,10:50:19,26.9,71,0,2023-07-26 10:50:19,3,Medium
7/26/2023,10:50:23,26.9,71,0,2023-07-26 10:50:23,3,Medium
7/26/2023,10:50:27,26.9,71,0,2023-07-26 10:50:27,3,Medium
7/26/2023,10:50:30,26.9,71,0,2023-07-26 10:50:30,3,Medium
7/26/2023,10:50:34,26.9,71,0,2023-07-26 10:50:34,3,Medium
7/26/2023,10:50:39,26.9,71,0,2023-07-26 10:50:39,3,Medium
7/26/2023,10:50:43,26.9,71,0,2023-07-26 10:50:43,3,Medium
7/26/2023,10:50:47,26.9,71,0,2023-07-26 10:50:47,3,Medium
7/26/2023,10:50:51,26.9,71,0,2023-07-26 10:50:51,3,Medium
7/26/2023,10:50:55,26.9,71,0,2023-07-26 10:50:55,3,Medium
7/26/2023,10:50:59,26.9,71,0,2023-07-26 10:50:59,3,Medium
7/26/2023,10:51:03,26.9,71,0,2023-07-26 10:51:03,3,Medium
7/26/2023,10:51:07,26.9,71,0,2023-07-26 10:51:07,3,Medium
7/26/2023,10:51:11,26.9,71,0,2023-07-26 10:51:11,3,Medium
7/26/2023,10:51:15,26.9,71,0,2023-07-26 10:51:15,3,Medium
7/26/2023,10:51:19,26.9,71,0,2023-07-26 10:51:19,3,Medium
7/26/2023,10:51:22,27.0,71,0,2023-07-26 10:51:22,3,Medium
7/26/2023,10:51:27,27.0,71,0,2023-07-26 10:51:27,3,Medium
7/26/2023,10:51:31,27.0,71,0,2023-07-26 10:51:31,3,Medium
7/26/2023,10:51:35,27.0,71,0,2023-07-26 10:51:35,3,Medium
7/26/2023,10:51:39,27.0,71,0,2023-07-26 10:51:39,3,Medium
7/26/2023,10:51:43,27.0,71,0,2023-07-26 10:51:43,3,Medium
7/26/2023,10:51:47,27.0,71,0,2023-07-26 10:51:47,3,Medium
7/26/2023,10:51:51,27.0,70,0,2023-07-26 10:51:51,3,Medium
7/26/2023,10:51:55,27.0,70,0,2023-07-26 10:51:55,3,Medium
7/26/2023,10:51:58,27.0,70,0,2023-07-26 10:51:58,3,Medium
7/26/2023,10:52:02,27.0,70,0,2023-07-26 10:52:02,3,Medium
7/26/2023,10:52:06,27.0,70,0,2023-07-26 10:52:06,3,Medium
7/26/2023,10:52:10,27.0,70,0,2023-07-26 10:52:10,3,Medium
7/26/2023,10:52:15,27.0,70,0,2023-07-26 10:52:15,3,Medium
7/26/2023,10:52:18,27.0,70,0,2023-07-26 10:52:18,3,Medium
7/26/2023,10:52:22,27.0,70,0,2023-07-26 10:52:22,3,Medium
7/26/2023,10:52:26,27.0,70,0,2023-07-26 10:52:26,3,Medium
7/26/2023,10:52:30,27.0,70,0,2023-07-26 10:52:30,3,Medium
7/26/2023,10:52:34,27.0,70,0,2023-07-26 10:52:34,3,Medium
7/26/2023,10:52:38,27.0,70,0,2023-07-26 10:52:38,3,Medium
7/26/2023,10:52:42,27.0,70,0,2023-07-26 10:52:42,3,Medium
7/26/2023,10:52:46,27.0,70,0,2023-07-26 10:52:46,3,Medium
7/26/2023,10:52:50,27.0,70,0,2023-07-26 10:52:50,3,Medium
7/26/2023,10:52:54,27.0,70,0,2023-07-26 10:52:54,3,Medium
7/26/2023,10:52:59,27.0,70,0,2023-07-26 10:52:59,3,Medium
7/26/2023,10:53:03,27.0,70,0,2023-07-26 10:53:03,3,Medium
7/26/2023,10:53:07,27.0,70,0,2023-07-26 10:53:07,3,Medium
7/26/2023,10:53:12,27.1,70,0,2023-07-26 10:53:12,3,Medium
7/26/2023,10:53:21,27.0,70,0,2023-07-26 10:53:21,3,Medium
7/26/2023,10:53:27,27.0,70,0,2023-07-26 10:53:27,3,Medium
7/26/2023,10:53:31,27.0,70,0,2023-07-26 10:53:31,3,Medium
7/26/2023,10:53:35,27.0,70,0,2023-07-26 10:53:35,3,Medium
7/26/2023,10:53:39,27.0,70,0,2023-07-26 10:53:39,3,Medium
7/26/2023,10:53:43,27.0,70,0,2023-07-26 10:53:43,3,Medium
7/26/2023,10:53:47,27.0,70,0,2023-07-26 10:53:47,3,Medium
7/26/2023,10:53:51,27.0,70,0,2023-07-26 10:53:51,3,Medium
7/26/2023,10:53:55,27.0,70,0,2023-07-26 10:53:55,3,Medium
7/26/2023,10:53:59,27.0,70,0,2023-07-26 10:53:59,3,Medium
7/26/2023,10:54:03,27.0,70,0,2023-07-26 10:54:03,3,Medium
7/26/2023,10:54:07,27.0,70,0,2023-07-26 10:54:07,3,Medium
7/26/2023,10:54:11,27.0,70,0,2023-07-26 10:54:11,3,Medium
7/26/2023,10:54:16,27.0,70,0,2023-07-26 10:54:16,3,Medium
7/26/2023,10:54:20,27.0,70,0,2023-07-26 10:54:20,3,Medium
7/26/2023,10:54:24,27.0,70,0,2023-07-26 10:54:24,3,Medium
7/26/2023,10:54:27,27.0,70,0,2023-07-26 10:54:27,3,Medium
7/26/2023,10:54:32,27.0,70,0,2023-07-26 10:54:32,3,Medium
7/26/2023,10:54:36,27.0,70,0,2023-07-26 10:54:36,3,Medium
7/26/2023,10:54:40,27.0,70,0,2023-07-26 10:54:40,3,Medium
7/26/2023,10:54:44,27.0,70,0,2023-07-26 10:54:44,3,Medium
7/26/2023,10:54:48,27.0,70,0,2023-07-26 10:54:48,3,Medium
7/26/2023,10:54:51,27.0,70,0,2023-07-26 10:54:51,3,Medium
7/26/2023,10:54:56,27.0,70,0,2023-07-26 10:54:56,3,Medium
7/26/2023,10:55:00,27.0,70,0,2023-07-26 10:55:00,3,Medium
7/26/2023,10:55:03,27.0,70,0,2023-07-26 10:55:03,3,Medium
7/26/2023,10:55:07,27.0,70,0,2023-07-26 10:55:07,3,Medium
7/26/2023,10:55:12,27.0,70,0,2023-07-26 10:55:12,3,Medium
7/26/2023,10:55:16,27.1,70,0,2023-07-26 10:55:16,3,Medium
7/26/2023,10:55:24,27.0,70,0,2023-07-26 10:55:24,3,Medium
7/26/2023,10:55:28,27.1,70,0,2023-07-26 10:55:28,3,Medium
7/26/2023,10:55:32,27.1,70,0,2023-07-26 10:55:32,3,Medium
7/26/2023,10:55:36,27.1,70,0,2023-07-26 10:55:36,3,Medium
7/26/2023,10:55:41,27.1,70,0,2023-07-26 10:55:41,3,Medium
7/26/2023,10:55:45,27.1,70,0,2023-07-26 10:55:45,3,Medium
7/26/2023,10:55:49,27.1,70,0,2023-07-26 10:55:49,3,Medium
7/26/2023,10:55:53,27.1,70,0,2023-07-26 10:55:53,3,Medium
7/26/2023,10:55:58,27.1,70,0,2023-07-26 10:55:58,3,Medium
7/26/2023,10:56:01,27.1,70,0,2023-07-26 10:56:01,3,Medium
7/26/2023,10:56:05,27.1,70,0,2023-07-26 10:56:05,3,Medium
7/26/2023,10:56:09,27.1,70,0,2023-07-26 10:56:09,3,Medium
7/26/2023,10:56:13,27.1,70,0,2023-07-26 10:56:13,3,Medium
7/26/2023,10:56:17,27.1,70,0,2023-07-26 10:56:17,3,Medium
7/26/2023,10:56:21,27.1,70,0,2023-07-26 10:56:21,3,Medium
7/26/2023,10:56:25,27.1,70,0,2023-07-26 10:56:25,3,Medium
7/26/2023,10:56:29,27.1,70,0,2023-07-26 10:56:29,3,Medium
7/26/2023,10:56:33,27.1,70,0,2023-07-26 10:56:33,3,Medium
7/26/2023,10:56:37,27.1,70,0,2023-07-26 10:56:37,3,Medium
7/26/2023,10:56:42,27.1,70,0,2023-07-26 10:56:42,3,Medium
7/26/2023,10:56:45,27.1,70,0,2023-07-26 10:56:45,3,Medium
7/26/2023,10:56:50,27.1,70,0,2023-07-26 10:56:50,3,Medium
7/26/2023,10:56:54,27.1,70,0,2023-07-26 10:56:54,3,Medium
7/26/2023,10:56:58,27.1,70,0,2023-07-26 10:56:58,3,Medium
7/26/2023,10:57:02,27.1,70,0,2023-07-26 10:57:02,3,Medium
7/26/2023,10:57:07,27.1,70,0,2023-07-26 10:57:07,3,Medium
7/26/2023,10:57:13,27.1,70,0,2023-07-26 10:57:13,3,Medium
7/26/2023,10:57:17,27.1,70,0,2023-07-26 10:57:17,3,Medium
7/26/2023,10:57:22,27.1,69,0,2023-07-26 10:57:22,2,Medium
7/26/2023,10:57:26,27.1,69,0,2023-07-26 10:57:26,2,Medium
7/27/2023,8:18:22,25.6,71,0,2023-07-27 08:18:22,3,Medium
7/27/2023,8:18:26,25.7,72,0,2023-07-27 08:18:26,3,Medium
7/27/2023,8:18:31,25.7,72,0,2023-07-27 08:18:31,3,Medium
7/27/2023,8:18:35,25.7,72,0,2023-07-27 08:18:35,3,Medium
7/27/2023,8:18:40,25.7,72,0,2023-07-27 08:18:40,3,Medium
7/27/2023,8:18:45,25.7,72,0,2023-07-27 08:18:45,3,Medium
7/27/2023,8:18:50,25.7,72,0,2023-07-27 08:18:50,3,Medium
7/27/2023,8:18:54,25.7,72,0,2023-07-27 08:18:54,3,Medium
7/27/2023,8:18:58,25.7,72,0,2023-07-27 08:18:58,3,Medium
7/27/2023,8:19:03,25.7,72,0,2023-07-27 08:19:03,3,Medium
7/27/2023,8:19:08,25.7,72,0,2023-07-27 08:19:08,3,Medium
7/27/2023,8:19:12,25.7,72,0,2023-07-27 08:19:12,3,Medium
7/27/2023,8:19:17,25.7,72,0,2023-07-27 08:19:17,3,Medium
7/27/2023,8:19:21,25.7,72,0,2023-07-27 08:19:21,3,Medium
7/27/2023,8:19:25,25.7,72,0,2023-07-27 08:19:25,3,Medium
7/27/2023,8:19:29,25.7,72,0,2023-07-27 08:19:29,3,Medium
7/27/2023,8:19:34,25.7,72,0,2023-07-27 08:19:34,3,Medium
7/27/2023,8:19:38,25.7,72,0,2023-07-27 08:19:38,3,Medium
7/27/2023,8:19:42,25.7,72,0,2023-07-27 08:19:42,3,Medium
7/27/2023,8:19:46,25.7,72,0,2023-07-27 08:19:46,3,Medium
7/27/2023,8:19:51,25.7,72,0,2023-07-27 08:19:51,3,Medium
7/27/2023,8:19:55,25.7,72,0,2023-07-27 08:19:55,3,Medium
7/27/2023,8:20:00,25.7,72,0,2023-07-27 08:20:00,3,Medium
7/27/2023,8:20:05,25.7,72,0,2023-07-27 08:20:05,3,Medium
7/27/2023,8:20:09,25.7,72,0,2023-07-27 08:20:09,3,Medium
7/27/2023,8:20:14,25.7,72,0,2023-07-27 08:20:14,3,Medium
7/27/2023,8:20:18,25.7,72,0,2023-07-27 08:20:18,3,Medium
7/27/2023,8:20:22,25.7,72,0,2023-07-27 08:20:22,3,Medium
7/27/2023,8:20:28,25.7,72,0,2023-07-27 08:20:28,3,Medium
7/27/2023,8:20:32,25.7,72,0,2023-07-27 08:20:32,3,Medium
7/27/2023,8:20:37,25.7,72,0,2023-07-27 08:20:37,3,Medium
7/27/2023,8:20:41,25.7,72,0,2023-07-27 08:20:41,3,Medium
7/27/2023,8:20:45,25.7,72,0,2023-07-27 08:20:45,3,Medium
7/27/2023,8:20:50,25.7,72,0,2023-07-27 08:20:50,3,Medium
7/27/2023,8:20:55,25.7,72,0,2023-07-27 08:20:55,3,Medium
7/27/2023,8:20:59,25.7,72,0,2023-07-27 08:20:59,3,Medium
7/27/2023,8:21:03,25.7,72,0,2023-07-27 08:21:03,3,Medium
7/27/2023,8:21:07,25.7,72,0,2023-07-27 08:21:07,3,Medium
7/27/2023,8:21:11,25.7,72,0,2023-07-27 08:21:11,3,Medium
7/27/2023,8:21:16,25.7,72,0,2023-07-27 08:21:16,3,Medium
7/27/2023,8:21:21,25.7,72,0,2023-07-27 08:21:21,3,Medium
7/27/2023,8:21:26,25.7,72,0,2023-07-27 08:21:26,3,Medium
7/27/2023,8:21:30,25.7,72,0,2023-07-27 08:21:30,3,Medium
7/27/2023,8:21:35,25.7,72,0,2023-07-27 08:21:35,3,Medium
7/27/2023,8:21:39,25.7,72,0,2023-07-27 08:21:39,3,Medium
7/27/2023,8:21:43,25.7,72,0,2023-07-27 08:21:43,3,Medium
7/27/2023,8:21:48,25.7,72,0,2023-07-27 08:21:48,3,Medium
7/27/2023,8:21:52,25.7,72,0,2023-07-27 08:21:52,3,Medium
7/27/2023,8:21:57,25.7,72,0,2023-07-27 08:21:57,3,Medium
7/27/2023,8:22:01,25.7,72,0,2023-07-27 08:22:01,3,Medium
7/27/2023,8:22:06,25.7,72,0,2023-07-27 08:22:06,3,Medium
7/27/2023,8:22:10,25.7,72,0,2023-07-27 08:22:10,3,Medium
7/27/2023,8:22:14,25.7,72,0,2023-07-27 08:22:14,3,Medium
7/27/2023,8:22:19,25.7,72,0,2023-07-27 08:22:19,3,Medium
7/27/2023,8:22:23,25.7,72,0,2023-07-27 08:22:23,3,Medium
7/27/2023,8:22:28,25.7,72,0,2023-07-27 08:22:28,3,Medium
7/27/2023,8:22:32,25.7,72,0,2023-07-27 08:22:32,3,Medium
7/27/2023,8:22:36,25.7,72,0,2023-07-27 08:22:36,3,Medium
7/27/2023,8:22:40,25.7,72,0,2023-07-27 08:22:40,3,Medium
7/27/2023,8:22:44,25.7,72,0,2023-07-27 08:22:44,3,Medium
7/27/2023,8:22:48,25.7,72,0,2023-07-27 08:22:48,3,Medium
7/27/2023,8:22:52,25.7,72,0,2023-07-27 08:22:52,3,Medium
7/27/2023,8:22:57,25.7,72,0,2023-07-27 08:22:57,3,Medium
7/27/2023,8:23:01,25.7,72,0,2023-07-27 08:23:01,3,Medium
7/27/2023,8:23:05,25.7,72,0,2023-07-27 08:23:05,3,Medium
7/27/2023,8:23:09,25.7,72,0,2023-07-27 08:23:09,3,Medium
7/27/2023,8:23:13,25.7,72,0,2023-07-27 08:23:13,3,Medium
7/27/2023,8:23:20,25.7,72,0,2023-07-27 08:23:20,3,Medium
7/27/2023,8:23:24,25.7,72,0,2023-07-27 08:23:24,3,Medium
7/27/2023,8:23:29,25.7,72,0,2023-07-27 08:23:29,3,Medium
7/27/2023,8:23:33,25.7,72,0,2023-07-27 08:23:33,3,Medium
7/27/2023,8:23:37,25.7,72,0,2023-07-27 08:23:37,3,Medium
7/27/2023,8:23:41,25.7,72,0,2023-07-27 08:23:41,3,Medium
7/27/2023,8:23:46,25.7,72,0,2023-07-27 08:23:46,3,Medium
7/27/2023,8:23:50,25.7,72,0,2023-07-27 08:23:50,3,Medium
7/27/2023,8:23:54,25.7,72,0,2023-07-27 08:23:54,3,Medium
7/27/2023,8:23:59,25.7,72,0,2023-07-27 08:23:59,3,Medium
7/27/2023,8:24:03,25.7,72,0,2023-07-27 08:24:03,3,Medium
7/27/2023,8:24:08,25.7,72,0,2023-07-27 08:24:08,3,Medium
7/27/2023,8:24:13,25.7,72,0,2023-07-27 08:24:13,3,Medium
7/27/2023,8:24:17,25.7,72,0,2023-07-27 08:24:17,3,Medium
7/27/2023,8:24:21,25.7,72,0,2023-07-27 08:24:21,3,Medium
7/27/2023,8:24:25,25.7,72,0,2023-07-27 08:24:25,3,Medium
7/27/2023,8:24:30,25.7,72,0,2023-07-27 08:24:30,3,Medium
7/27/2023,8:24:34,25.7,72,0,2023-07-27 08:24:34,3,Medium
7/27/2023,8:24:39,25.7,72,0,2023-07-27 08:24:39,3,Medium
7/27/2023,8:24:43,25.7,72,0,2023-07-27 08:24:43,3,Medium
7/27/2023,8:24:47,25.7,72,0,2023-07-27 08:24:47,3,Medium
7/27/2023,8:24:51,25.7,72,0,2023-07-27 08:24:51,3,Medium
7/27/2023,8:24:56,25.7,72,0,2023-07-27 08:24:56,3,Medium
7/27/2023,8:25:00,25.7,72,0,2023-07-27 08:25:00,3,Medium
7/27/2023,8:25:05,25.7,72,0,2023-07-27 08:25:05,3,Medium
7/27/2023,8:25:09,25.7,72,0,2023-07-27 08:25:09,3,Medium
7/27/2023,8:25:14,25.7,72,0,2023-07-27 08:25:14,3,Medium
7/27/2023,8:25:18,25.7,72,0,2023-07-27 08:25:18,3,Medium
7/27/2023,8:25:23,25.7,72,0,2023-07-27 08:25:23,3,Medium
7/27/2023,8:25:27,25.7,72,0,2023-07-27 08:25:27,3,Medium
7/27/2023,8:25:31,25.7,72,0,2023-07-27 08:25:31,3,Medium
7/27/2023,8:25:36,25.7,72,0,2023-07-27 08:25:36,3,Medium
7/27/2023,8:25:41,25.7,72,0,2023-07-27 08:25:41,3,Medium
7/27/2023,8:25:46,25.7,72,0,2023-07-27 08:25:46,3,Medium
7/27/2023,8:25:50,25.7,72,0,2023-07-27 08:25:50,3,Medium
7/27/2023,8:25:54,25.7,72,0,2023-07-27 08:25:54,3,Medium
7/27/2023,8:25:58,25.7,72,0,2023-07-27 08:25:58,3,Medium
7/27/2023,8:26:02,25.7,72,0,2023-07-27 08:26:02,3,Medium
7/27/2023,8:26:06,25.7,72,0,2023-07-27 08:26:06,3,Medium
7/27/2023,8:26:11,25.7,72,0,2023-07-27 08:26:11,3,Medium
7/27/2023,8:26:15,25.7,72,0,2023-07-27 08:26:15,3,Medium
7/27/2023,8:26:19,25.7,72,0,2023-07-27 08:26:19,3,Medium
7/27/2023,8:26:24,25.7,72,0,2023-07-27 08:26:24,3,Medium
7/27/2023,8:26:28,25.7,72,0,2023-07-27 08:26:28,3,Medium
7/27/2023,8:26:33,25.7,72,0,2023-07-27 08:26:33,3,Medium
7/27/2023,8:26:37,25.7,72,0,2023-07-27 08:26:37,3,Medium
7/27/2023,8:26:41,25.7,72,0,2023-07-27 08:26:41,3,Medium
7/27/2023,8:26:46,25.7,72,0,2023-07-27 08:26:46,3,Medium
7/27/2023,8:26:51,25.7,72,0,2023-07-27 08:26:51,3,Medium
7/27/2023,8:26:55,25.7,72,0,2023-07-27 08:26:55,3,Medium
7/27/2023,8:26:59,25.7,72,0,2023-07-27 08:26:59,3,Medium
7/27/2023,8:27:03,25.7,72,0,2023-07-27 08:27:03,3,Medium
7/27/2023,8:27:08,25.7,72,0,2023-07-27 08:27:08,3,Medium
7/27/2023,8:27:12,25.7,72,0,2023-07-27 08:27:12,3,Medium
7/27/2023,8:27:17,25.8,72,0,2023-07-27 08:27:17,3,Medium
7/27/2023,8:27:21,25.8,72,0,2023-07-27 08:27:21,3,Medium
7/27/2023,8:27:26,25.8,72,0,2023-07-27 08:27:26,3,Medium
7/27/2023,8:27:30,25.8,72,0,2023-07-27 08:27:30,3,Medium
7/27/2023,8:27:35,25.8,72,0,2023-07-27 08:27:35,3,Medium
7/27/2023,8:27:39,25.8,72,0,2023-07-27 08:27:39,3,Medium
7/27/2023,8:27:43,25.8,72,0,2023-07-27 08:27:43,3,Medium
7/27/2023,8:27:48,25.8,72,0,2023-07-27 08:27:48,3,Medium
7/27/2023,8:27:52,25.8,72,0,2023-07-27 08:27:52,3,Medium
7/27/2023,8:27:56,25.8,72,0,2023-07-27 08:27:56,3,Medium
7/27/2023,8:28:00,25.8,72,0,2023-07-27 08:28:00,3,Medium
7/27/2023,8:28:04,25.8,72,0,2023-07-27 08:28:04,3,Medium
7/27/2023,8:28:09,25.8,72,1,2023-07-27 08:28:09,4,High
7/27/2023,8:28:14,25.8,72,1,2023-07-27 08:28:14,4,High
7/27/2023,8:28:18,25.8,72,1,2023-07-27 08:28:18,4,High
7/27/2023,8:28:22,25.8,72,1,2023-07-27 08:28:22,4,High
7/27/2023,8:28:27,25.8,72,1,2023-07-27 08:28:27,4,High
7/27/2023,8:28:36,25.8,72,2,2023-07-27 08:28:36,4,High
7/27/2023,8:28:41,25.8,72,2,2023-07-27 08:28:41,4,High
7/27/2023,8:28:46,25.8,72,2,2023-07-27 08:28:46,4,High
7/27/2023,8:28:50,25.8,72,2,2023-07-27 08:28:50,4,High
7/27/2023,8:28:55,25.8,72,2,2023-07-27 08:28:55,4,High
7/27/2023,8:29:00,25.8,73,2,2023-07-27 08:29:00,4,High
7/27/2023,8:29:04,25.8,72,1,2023-07-27 08:29:04,4,High
7/27/2023,8:29:13,25.9,72,2,2023-07-27 08:29:13,4,High
7/27/2023,8:29:22,25.9,72,0,2023-07-27 08:29:22,3,Medium
7/27/2023,8:29:27,25.9,72,0,2023-07-27 08:29:27,3,Medium
7/27/2023,8:29:31,25.9,73,0,2023-07-27 08:29:31,3,Medium
7/27/2023,8:29:36,25.9,73,0,2023-07-27 08:29:36,3,Medium
7/27/2023,8:29:40,25.9,73,0,2023-07-27 08:29:40,3,Medium
7/27/2023,8:29:45,25.9,73,0,2023-07-27 08:29:45,3,Medium
7/27/2023,8:29:50,25.9,72,0,2023-07-27 08:29:50,3,Medium
7/27/2023,8:29:54,25.9,72,0,2023-07-27 08:29:54,3,Medium
7/27/2023,8:29:59,25.9,72,0,2023-07-27 08:29:59,3,Medium
7/27/2023,8:30:03,25.9,72,0,2023-07-27 08:30:03,3,Medium
7/27/2023,8:30:08,25.9,72,0,2023-07-27 08:30:08,3,Medium
7/27/2023,8:30:13,25.9,72,0,2023-07-27 08:30:13,3,Medium
7/27/2023,8:30:22,25.9,72,0,2023-07-27 08:30:22,3,Medium
7/27/2023,8:30:27,25.9,72,2,2023-07-27 08:30:27,4,High
7/27/2023,8:30:32,26.0,72,1,2023-07-27 08:30:32,4,High
7/27/2023,8:30:42,26.0,72,2,2023-07-27 08:30:42,4,High
7/27/2023,8:30:47,26.0,73,2,2023-07-27 08:30:47,4,High
7/27/2023,8:30:52,26.0,73,1,2023-07-27 08:30:52,4,High
7/27/2023,8:30:56,26.0,73,1,2023-07-27 08:30:56,4,High
7/27/2023,8:31:05,26.1,73,2,2023-07-27 08:31:05,4,High
7/27/2023,8:31:09,26.1,72,2,2023-07-27 08:31:09,4,High
7/27/2023,8:31:13,26.1,72,1,2023-07-27 08:31:13,4,High
7/27/2023,8:31:22,26.1,72,2,2023-07-27 08:31:22,4,High
7/27/2023,8:31:31,26.1,72,0,2023-07-27 08:31:31,3,Medium
7/27/2023,8:31:35,26.1,72,0,2023-07-27 08:31:35,3,Medium
7/27/2023,8:31:41,26.1,72,0,2023-07-27 08:31:41,3,Medium
7/27/2023,8:31:45,26.1,72,0,2023-07-27 08:31:45,3,Medium
7/27/2023,8:31:50,26.1,72,0,2023-07-27 08:31:50,3,Medium
7/27/2023,8:31:54,26.1,72,0,2023-07-27 08:31:54,3,Medium
7/27/2023,8:31:58,26.2,72,0,2023-07-27 08:31:58,3,Medium
7/27/2023,8:32:02,26.2,72,0,2023-07-27 08:32:02,3,Medium
7/27/2023,8:32:07,26.2,72,0,2023-07-27 08:32:07,3,Medium
7/27/2023,8:32:11,26.2,72,0,2023-07-27 08:32:11,3,Medium
7/27/2023,8:32:15,26.2,72,0,2023-07-27 08:32:15,3,Medium
7/27/2023,8:32:19,26.2,72,0,2023-07-27 08:32:19,3,Medium
7/27/2023,8:32:24,26.2,72,0,2023-07-27 08:32:24,3,Medium
7/27/2023,8:32:28,26.2,72,0,2023-07-27 08:32:28,3,Medium
7/27/2023,8:32:32,26.2,72,0,2023-07-27 08:32:32,3,Medium
7/27/2023,8:32:36,26.2,72,0,2023-07-27 08:32:36,3,Medium
7/27/2023,8:32:41,26.2,72,0,2023-07-27 08:32:41,3,Medium
7/27/2023,8:32:45,26.2,72,0,2023-07-27 08:32:45,3,Medium
7/27/2023,8:32:49,26.2,72,0,2023-07-27 08:32:49,3,Medium
7/27/2023,8:32:54,26.2,72,0,2023-07-27 08:32:54,3,Medium
7/27/2023,8:32:58,26.2,72,0,2023-07-27 08:32:58,3,Medium
7/27/2023,8:33:03,26.2,72,0,2023-07-27 08:33:03,3,Medium
7/27/2023,8:33:07,26.2,72,0,2023-07-27 08:33:07,3,Medium
7/27/2023,8:33:11,26.2,72,0,2023-07-27 08:33:11,3,Medium
7/27/2023,8:33:15,26.2,72,0,2023-07-27 08:33:15,3,Medium
7/27/2023,8:33:20,26.2,72,0,2023-07-27 08:33:20,3,Medium
7/27/2023,8:33:24,26.2,72,0,2023-07-27 08:33:24,3,Medium
7/27/2023,8:33:29,26.1,72,0,2023-07-27 08:33:29,3,Medium
7/27/2023,8:33:34,26.2,72,0,2023-07-27 08:33:34,3,Medium
7/27/2023,8:33:39,26.2,72,0,2023-07-27 08:33:39,3,Medium
7/27/2023,8:33:43,26.2,72,0,2023-07-27 08:33:43,3,Medium
7/27/2023,8:33:48,26.2,72,0,2023-07-27 08:33:48,3,Medium
7/27/2023,8:33:52,26.2,72,0,2023-07-27 08:33:52,3,Medium
7/27/2023,8:33:57,26.2,72,0,2023-07-27 08:33:57,3,Medium
7/27/2023,8:34:01,26.2,72,0,2023-07-27 08:34:01,3,Medium
7/27/2023,8:34:06,26.1,72,0,2023-07-27 08:34:06,3,Medium
7/27/2023,8:34:10,26.1,72,0,2023-07-27 08:34:10,3,Medium
7/27/2023,8:34:14,26.2,72,0,2023-07-27 08:34:14,3,Medium
7/27/2023,8:34:18,26.1,72,0,2023-07-27 08:34:18,3,Medium
7/27/2023,8:34:23,26.1,72,0,2023-07-27 08:34:23,3,Medium
7/27/2023,8:34:27,26.1,72,0,2023-07-27 08:34:27,3,Medium
7/27/2023,8:34:31,26.1,72,0,2023-07-27 08:34:31,3,Medium
7/27/2023,8:34:36,26.1,72,0,2023-07-27 08:34:36,3,Medium
7/27/2023,8:34:40,26.1,72,0,2023-07-27 08:34:40,3,Medium
7/27/2023,8:34:44,26.1,72,0,2023-07-27 08:34:44,3,Medium
7/27/2023,8:34:49,26.1,72,0,2023-07-27 08:34:49,3,Medium
7/27/2023,8:34:53,26.1,72,0,2023-07-27 08:34:53,3,Medium
7/27/2023,8:34:57,26.1,72,0,2023-07-27 08:34:57,3,Medium
7/27/2023,8:35:02,26.1,72,0,2023-07-27 08:35:02,3,Medium
7/27/2023,8:35:07,26.1,72,0,2023-07-27 08:35:07,3,Medium
7/27/2023,8:35:12,26.1,72,0,2023-07-27 08:35:12,3,Medium
7/27/2023,8:35:17,26.1,72,0,2023-07-27 08:35:17,3,Medium
7/27/2023,8:35:21,26.1,72,0,2023-07-27 08:35:21,3,Medium
7/27/2023,8:35:25,26.1,72,0,2023-07-27 08:35:25,3,Medium
7/27/2023,8:35:30,26.1,72,0,2023-07-27 08:35:30,3,Medium
7/27/2023,8:35:34,26.1,72,0,2023-07-27 08:35:34,3,Medium
7/27/2023,8:35:39,26.1,72,0,2023-07-27 08:35:39,3,Medium
7/27/2023,8:35:43,26.1,72,0,2023-07-27 08:35:43,3,Medium
7/27/2023,8:35:48,26.1,72,0,2023-07-27 08:35:48,3,Medium
7/27/2023,8:35:52,26.1,72,0,2023-07-27 08:35:52,3,Medium
7/27/2023,8:35:56,26.1,72,0,2023-07-27 08:35:56,3,Medium
7/27/2023,8:36:01,26.1,72,0,2023-07-27 08:36:01,3,Medium
7/27/2023,8:36:05,26.1,72,0,2023-07-27 08:36:05,3,Medium
7/27/2023,8:36:10,26.1,72,0,2023-07-27 08:36:10,3,Medium
7/27/2023,8:36:14,26.1,72,0,2023-07-27 08:36:14,3,Medium
7/27/2023,8:36:19,26.1,72,0,2023-07-27 08:36:19,3,Medium
7/27/2023,8:36:24,26.1,72,0,2023-07-27 08:36:24,3,Medium
7/27/2023,8:36:29,26.1,72,0,2023-07-27 08:36:29,3,Medium
7/27/2023,8:36:34,26.1,72,0,2023-07-27 08:36:34,3,Medium
7/27/2023,8:36:38,26.1,72,0,2023-07-27 08:36:38,3,Medium
7/27/2023,8:36:42,26.1,72,0,2023-07-27 08:36:42,3,Medium
7/27/2023,8:36:47,26.1,72,0,2023-07-27 08:36:47,3,Medium
7/27/2023,8:36:51,26.1,72,0,2023-07-27 08:36:51,3,Medium
7/27/2023,8:36:55,26.1,72,0,2023-07-27 08:36:55,3,Medium
7/27/2023,8:36:59,26.1,72,0,2023-07-27 08:36:59,3,Medium
7/27/2023,8:37:03,26.0,72,0,2023-07-27 08:37:03,3,Medium
7/27/2023,8:37:07,26.0,72,0,2023-07-27 08:37:07,3,Medium
7/27/2023,8:37:12,26.0,72,0,2023-07-27 08:37:12,3,Medium
7/27/2023,8:37:16,26.0,72,0,2023-07-27 08:37:16,3,Medium
7/27/2023,8:37:21,26.0,72,0,2023-07-27 08:37:21,3,Medium
7/27/2023,8:37:26,26.0,72,0,2023-07-27 08:37:26,3,Medium
7/27/2023,8:37:31,26.0,72,0,2023-07-27 08:37:31,3,Medium
7/27/2023,8:37:36,26.0,72,0,2023-07-27 08:37:36,3,Medium
7/27/2023,8:37:40,26.0,72,0,2023-07-27 08:37:40,3,Medium
7/27/2023,8:37:45,26.0,72,0,2023-07-27 08:37:45,3,Medium
7/27/2023,8:37:49,26.0,72,0,2023-07-27 08:37:49,3,Medium
7/27/2023,8:37:54,26.0,72,0,2023-07-27 08:37:54,3,Medium
7/27/2023,8:37:58,26.0,72,0,2023-07-27 08:37:58,3,Medium
7/27/2023,8:38:02,26.0,72,0,2023-07-27 08:38:02,3,Medium
7/27/2023,8:38:07,26.0,72,0,2023-07-27 08:38:07,3,Medium
7/27/2023,8:38:11,26.0,72,0,2023-07-27 08:38:11,3,Medium
7/27/2023,8:38:16,26.0,72,0,2023-07-27 08:38:16,3,Medium
7/27/2023,8:38:21,26.0,72,0,2023-07-27 08:38:21,3,Medium
7/27/2023,8:38:25,26.0,72,0,2023-07-27 08:38:25,3,Medium
7/27/2023,8:38:30,26.0,72,0,2023-07-27 08:38:30,3,Medium
7/27/2023,8:38:35,26.0,72,0,2023-07-27 08:38:35,3,Medium
7/27/2023,8:38:39,26.0,72,0,2023-07-27 08:38:39,3,Medium
7/27/2023,8:38:44,26.0,72,0,2023-07-27 08:38:44,3,Medium
7/27/2023,8:38:48,26.0,72,0,2023-07-27 08:38:48,3,Medium
7/27/2023,8:38:53,26.0,72,0,2023-07-27 08:38:53,3,Medium
7/27/2023,8:38:58,26.0,72,4,2023-07-27 08:38:58,4,High
7/27/2023,8:39:06,26.0,72,3,2023-07-27 08:39:06,4,High
7/27/2023,8:39:11,26.0,72,3,2023-07-27 08:39:11,4,High
7/27/2023,8:39:15,26.0,72,2,2023-07-27 08:39:15,4,High
7/27/2023,8:39:20,26.0,72,2,2023-07-27 08:39:20,4,High
7/27/2023,8:39:24,26.0,72,2,2023-07-27 08:39:24,4,High
7/27/2023,8:39:29,26.0,72,2,2023-07-27 08:39:29,4,High
7/27/2023,8:39:33,26.0,72,2,2023-07-27 08:39:33,4,High
7/27/2023,8:39:37,26.0,72,8,2023-07-27 08:39:37,4,High
7/27/2023,8:39:42,26.0,72,8,2023-07-27 08:39:42,4,High
7/27/2023,8:39:46,26.0,73,8,2023-07-27 08:39:46,4,High
7/27/2023,8:39:55,26.0,73,0,2023-07-27 08:39:55,3,Medium
7/27/2023,8:40:00,26.0,73,0,2023-07-27 08:40:00,3,Medium
7/27/2023,8:40:05,26.0,73,0,2023-07-27 08:40:05,3,Medium
7/27/2023,8:40:10,26.0,73,0,2023-07-27 08:40:10,3,Medium
7/27/2023,8:40:14,26.0,73,0,2023-07-27 08:40:14,3,Medium
7/27/2023,8:40:19,26.0,73,0,2023-07-27 08:40:19,3,Medium
7/27/2023,8:40:23,26.0,72,0,2023-07-27 08:40:23,3,Medium
7/27/2023,8:40:27,26.0,72,0,2023-07-27 08:40:27,3,Medium
7/27/2023,8:40:32,26.0,72,0,2023-07-27 08:40:32,3,Medium
7/27/2023,8:40:36,26.0,72,0,2023-07-27 08:40:36,3,Medium
7/27/2023,8:40:40,26.0,72,0,2023-07-27 08:40:40,3,Medium
7/27/2023,8:40:45,26.0,72,0,2023-07-27 08:40:45,3,Medium
7/27/2023,8:40:49,26.0,72,0,2023-07-27 08:40:49,3,Medium
7/27/2023,8:40:53,26.0,72,0,2023-07-27 08:40:53,3,Medium
7/27/2023,8:40:58,26.0,72,0,2023-07-27 08:40:58,3,Medium
7/27/2023,8:41:02,26.0,72,0,2023-07-27 08:41:02,3,Medium
7/27/2023,8:41:06,26.0,72,0,2023-07-27 08:41:06,3,Medium
7/27/2023,18:40:24,25.7,73,0,2023-07-27 18:40:24,3,Medium
7/27/2023,18:40:29,25.7,73,0,2023-07-27 18:40:29,3,Medium
7/27/2023,18:40:34,25.7,73,0,2023-07-27 18:40:34,3,Medium
7/27/2023,18:40:38,25.7,73,0,2023-07-27 18:40:38,3,Medium
7/27/2023,18:40:43,25.7,73,0,2023-07-27 18:40:43,3,Medium
7/27/2023,18:40:47,25.8,73,0,2023-07-27 18:40:47,3,Medium
7/27/2023,18:40:52,25.8,73,0,2023-07-27 18:40:52,3,Medium
7/27/2023,18:40:57,25.8,73,0,2023-07-27 18:40:57,3,Medium
7/27/2023,18:41:01,25.8,73,0,2023-07-27 18:41:01,3,Medium
7/27/2023,18:41:05,25.8,73,0,2023-07-27 18:41:05,3,Medium
7/27/2023,18:41:09,25.8,73,0,2023-07-27 18:41:09,3,Medium
7/27/2023,18:41:14,25.8,73,0,2023-07-27 18:41:14,3,Medium
7/27/2023,18:41:19,25.8,73,0,2023-07-27 18:41:19,3,Medium
7/27/2023,18:41:23,25.8,73,0,2023-07-27 18:41:23,3,Medium
7/27/2023,18:41:27,25.8,73,0,2023-07-27 18:41:27,3,Medium
7/27/2023,18:41:31,25.8,73,0,2023-07-27 18:41:31,3,Medium
7/27/2023,18:41:36,25.8,73,0,2023-07-27 18:41:36,3,Medium
7/27/2023,18:41:41,25.8,73,0,2023-07-27 18:41:41,3,Medium
7/27/2023,18:41:45,25.8,73,0,2023-07-27 18:41:45,3,Medium
7/27/2023,18:41:50,25.8,73,0,2023-07-27 18:41:50,3,Medium
7/27/2023,18:41:54,25.8,73,0,2023-07-27 18:41:54,3,Medium
7/27/2023,18:41:59,25.8,73,0,2023-07-27 18:41:59,3,Medium
7/27/2023,18:42:03,25.9,73,0,2023-07-27 18:42:03,3,Medium
7/27/2023,18:42:08,25.9,73,0,2023-07-27 18:42:08,3,Medium
7/27/2023,18:42:12,25.9,73,0,2023-07-27 18:42:12,3,Medium
7/27/2023,18:42:16,25.9,73,0,2023-07-27 18:42:16,3,Medium
7/27/2023,18:42:20,25.9,73,0,2023-07-27 18:42:20,3,Medium
7/27/2023,18:42:24,25.9,73,0,2023-07-27 18:42:24,3,Medium
7/27/2023,18:42:29,25.9,73,0,2023-07-27 18:42:29,3,Medium
7/27/2023,18:42:33,25.9,73,0,2023-07-27 18:42:33,3,Medium
7/27/2023,18:42:38,25.9,74,0,2023-07-27 18:42:38,3,Medium
7/27/2023,18:42:42,25.9,74,1,2023-07-27 18:42:42,4,High
7/27/2023,18:42:51,26.0,74,2,2023-07-27 18:42:51,4,High
7/27/2023,18:42:56,26.0,73,2,2023-07-27 18:42:56,4,High
7/27/2023,18:43:01,26.1,73,2,2023-07-27 18:43:01,4,High
7/27/2023,18:43:05,26.1,73,2,2023-07-27 18:43:05,4,High
7/27/2023,18:43:14,26.1,73,0,2023-07-27 18:43:14,3,Medium
7/27/2023,18:43:19,26.1,73,2,2023-07-27 18:43:19,4,High
7/27/2023,18:43:23,26.1,73,2,2023-07-27 18:43:23,4,High
7/27/2023,18:43:28,26.1,73,3,2023-07-27 18:43:28,4,High
7/27/2023,18:43:32,26.1,73,3,2023-07-27 18:43:32,4,High
7/27/2023,18:43:36,26.1,73,3,2023-07-27 18:43:36,4,High
7/27/2023,18:43:40,26.1,73,0,2023-07-27 18:43:40,3,Medium
7/27/2023,18:43:44,26.2,73,2,2023-07-27 18:43:44,4,High
7/27/2023,18:43:48,26.2,73,2,2023-07-27 18:43:48,4,High
7/27/2023,18:43:53,26.2,73,2,2023-07-27 18:43:53,4,High
7/27/2023,18:43:57,26.2,73,0,2023-07-27 18:43:57,3,Medium
7/27/2023,18:44:02,26.2,73,0,2023-07-27 18:44:02,3,Medium
7/27/2023,18:44:06,26.2,73,0,2023-07-27 18:44:06,3,Medium
7/27/2023,18:44:11,26.2,73,0,2023-07-27 18:44:11,3,Medium
7/27/2023,18:44:16,26.2,73,0,2023-07-27 18:44:16,3,Medium
7/27/2023,18:44:21,26.2,73,0,2023-07-27 18:44:21,3,Medium
7/27/2023,18:44:26,26.2,73,0,2023-07-27 18:44:26,3,Medium
7/27/2023,18:44:30,26.2,73,0,2023-07-27 18:44:30,3,Medium
7/27/2023,18:44:35,26.2,73,0,2023-07-27 18:44:35,3,Medium
7/27/2023,18:44:39,26.3,73,0,2023-07-27 18:44:39,3,Medium
7/27/2023,18:44:44,26.3,73,0,2023-07-27 18:44:44,3,Medium
7/27/2023,18:44:48,26.3,73,0,2023-07-27 18:44:48,3,Medium
7/27/2023,18:44:52,26.3,73,0,2023-07-27 18:44:52,3,Medium
7/27/2023,18:44:56,26.4,73,0,2023-07-27 18:44:56,3,Medium
7/27/2023,18:45:01,26.4,73,4,2023-07-27 18:45:01,4,High
7/27/2023,18:45:06,26.4,73,5,2023-07-27 18:45:06,4,High
7/27/2023,18:45:14,26.5,73,0,2023-07-27 18:45:14,3,Medium
7/27/2023,18:45:23,26.5,73,2,2023-07-27 18:45:23,4,High
7/27/2023,18:45:27,26.5,72,2,2023-07-27 18:45:27,4,High
7/27/2023,18:45:31,26.6,72,2,2023-07-27 18:45:31,4,High
7/27/2023,18:45:35,26.6,72,0,2023-07-27 18:45:35,3,Medium
7/27/2023,18:45:40,26.6,72,0,2023-07-27 18:45:40,3,Medium
7/27/2023,18:45:44,26.6,72,0,2023-07-27 18:45:44,3,Medium
7/27/2023,18:45:49,26.6,72,0,2023-07-27 18:45:49,3,Medium
7/27/2023,18:45:53,26.6,72,0,2023-07-27 18:45:53,3,Medium
7/27/2023,18:45:57,26.6,72,0,2023-07-27 18:45:57,3,Medium
7/27/2023,18:46:02,26.6,72,0,2023-07-27 18:46:02,3,Medium
7/27/2023,18:46:06,26.6,72,0,2023-07-27 18:46:06,3,Medium
7/27/2023,18:46:10,26.6,72,0,2023-07-27 18:46:10,3,Medium
7/27/2023,18:46:14,26.6,72,0,2023-07-27 18:46:14,3,Medium
7/27/2023,18:46:19,26.6,72,0,2023-07-27 18:46:19,3,Medium
7/27/2023,18:46:24,26.6,72,0,2023-07-27 18:46:24,3,Medium
7/27/2023,18:46:29,26.6,72,0,2023-07-27 18:46:29,3,Medium
7/27/2023,18:46:33,26.6,72,0,2023-07-27 18:46:33,3,Medium
7/27/2023,18:46:38,26.6,72,0,2023-07-27 18:46:38,3,Medium
7/27/2023,18:46:43,26.6,72,0,2023-07-27 18:46:43,3,Medium
7/27/2023,18:46:47,26.6,71,0,2023-07-27 18:46:47,3,Medium
7/27/2023,18:46:52,26.6,71,0,2023-07-27 18:46:52,3,Medium
7/27/2023,18:46:56,26.6,71,0,2023-07-27 18:46:56,3,Medium
7/27/2023,18:47:01,26.6,71,0,2023-07-27 18:47:01,3,Medium
7/27/2023,18:47:06,26.6,72,0,2023-07-27 18:47:06,3,Medium
7/27/2023,18:47:11,26.6,72,0,2023-07-27 18:47:11,3,Medium
7/27/2023,18:47:16,26.6,72,0,2023-07-27 18:47:16,3,Medium
7/27/2023,18:47:21,26.6,72,0,2023-07-27 18:47:21,3,Medium
7/27/2023,18:47:24,26.6,72,0,2023-07-27 18:47:24,3,Medium
7/27/2023,18:47:28,26.6,72,0,2023-07-27 18:47:28,3,Medium
7/27/2023,18:47:33,26.6,72,0,2023-07-27 18:47:33,3,Medium
7/27/2023,18:47:37,26.6,72,0,2023-07-27 18:47:37,3,Medium
7/27/2023,18:47:41,26.6,72,0,2023-07-27 18:47:41,3,Medium
7/27/2023,18:47:46,26.6,72,0,2023-07-27 18:47:46,3,Medium
7/27/2023,18:47:50,26.6,72,0,2023-07-27 18:47:50,3,Medium
7/27/2023,18:47:54,26.6,72,0,2023-07-27 18:47:54,3,Medium
7/27/2023,18:47:58,26.6,71,0,2023-07-27 18:47:58,3,Medium
7/27/2023,18:48:03,26.7,71,0,2023-07-27 18:48:03,3,Medium
7/27/2023,18:48:07,26.6,71,0,2023-07-27 18:48:07,3,Medium
7/27/2023,18:48:12,26.7,71,0,2023-07-27 18:48:12,3,Medium
7/27/2023,18:48:16,26.7,71,0,2023-07-27 18:48:16,3,Medium
7/27/2023,18:48:21,26.7,71,0,2023-07-27 18:48:21,3,Medium
7/27/2023,18:48:25,26.7,71,0,2023-07-27 18:48:25,3,Medium
7/27/2023,18:48:30,26.7,71,0,2023-07-27 18:48:30,3,Medium
7/27/2023,18:48:36,26.7,71,0,2023-07-27 18:48:36,3,Medium
7/27/2023,18:48:41,26.7,71,0,2023-07-27 18:48:41,3,Medium
7/27/2023,18:48:45,26.7,71,0,2023-07-27 18:48:45,3,Medium
7/27/2023,18:48:49,26.7,71,0,2023-07-27 18:48:49,3,Medium
7/27/2023,18:48:54,26.7,71,0,2023-07-27 18:48:54,3,Medium
7/27/2023,18:48:58,26.7,71,0,2023-07-27 18:48:58,3,Medium
7/27/2023,18:49:02,26.7,71,0,2023-07-27 18:49:02,3,Medium
7/27/2023,18:49:06,26.7,71,0,2023-07-27 18:49:06,3,Medium
7/27/2023,18:49:11,26.7,71,0,2023-07-27 18:49:11,3,Medium
7/27/2023,18:49:16,26.7,71,0,2023-07-27 18:49:16,3,Medium
7/27/2023,18:49:20,26.7,71,0,2023-07-27 18:49:20,3,Medium
7/27/2023,18:49:24,26.7,71,0,2023-07-27 18:49:24,3,Medium
7/27/2023,18:49:28,26.7,71,0,2023-07-27 18:49:28,3,Medium
7/27/2023,18:49:33,26.7,71,0,2023-07-27 18:49:33,3,Medium
7/27/2023,18:49:37,26.7,71,0,2023-07-27 18:49:37,3,Medium
7/27/2023,18:49:41,26.7,71,0,2023-07-27 18:49:41,3,Medium
7/27/2023,18:49:45,26.7,71,0,2023-07-27 18:49:45,3,Medium
7/27/2023,18:49:49,26.7,71,0,2023-07-27 18:49:49,3,Medium
7/27/2023,18:49:54,26.7,71,0,2023-07-27 18:49:54,3,Medium
7/27/2023,18:49:58,26.7,71,0,2023-07-27 18:49:58,3,Medium
7/27/2023,18:50:03,26.7,71,0,2023-07-27 18:50:03,3,Medium
7/27/2023,18:50:08,26.7,71,0,2023-07-27 18:50:08,3,Medium
7/27/2023,18:50:13,26.7,71,0,2023-07-27 18:50:13,3,Medium
7/27/2023,18:50:17,26.7,71,0,2023-07-27 18:50:17,3,Medium
7/27/2023,18:50:21,26.7,71,0,2023-07-27 18:50:21,3,Medium
7/27/2023,18:50:25,26.7,71,0,2023-07-27 18:50:25,3,Medium
7/27/2023,18:50:30,26.7,71,0,2023-07-27 18:50:30,3,Medium
7/27/2023,18:50:34,26.7,71,0,2023-07-27 18:50:34,3,Medium
7/27/2023,18:50:39,26.7,71,0,2023-07-27 18:50:39,3,Medium
7/27/2023,18:50:43,26.7,71,0,2023-07-27 18:50:43,3,Medium
7/27/2023,18:50:48,26.7,71,0,2023-07-27 18:50:48,3,Medium
7/27/2023,18:50:52,26.7,71,0,2023-07-27 18:50:52,3,Medium
7/27/2023,18:50:57,26.7,71,0,2023-07-27 18:50:57,3,Medium
7/27/2023,18:51:01,26.7,71,0,2023-07-27 18:51:01,3,Medium
7/27/2023,18:51:05,26.7,71,4,2023-07-27 18:51:05,4,High
7/27/2023,18:51:15,26.7,71,0,2023-07-27 18:51:15,3,Medium
7/27/2023,18:51:20,26.7,71,0,2023-07-27 18:51:20,3,Medium
7/27/2023,18:51:24,26.7,71,0,2023-07-27 18:51:24,3,Medium
7/27/2023,18:51:29,26.7,71,0,2023-07-27 18:51:29,3,Medium
7/27/2023,18:51:34,26.7,71,0,2023-07-27 18:51:34,3,Medium
7/27/2023,18:51:38,26.8,71,0,2023-07-27 18:51:38,3,Medium
7/27/2023,18:51:43,26.8,71,0,2023-07-27 18:51:43,3,Medium
7/27/2023,18:51:47,26.8,71,0,2023-07-27 18:51:47,3,Medium
7/27/2023,18:51:52,26.8,71,0,2023-07-27 18:51:52,3,Medium
7/27/2023,18:51:56,26.8,71,0,2023-07-27 18:51:56,3,Medium
7/27/2023,18:52:01,26.8,71,0,2023-07-27 18:52:01,3,Medium
7/27/2023,18:52:05,26.8,71,0,2023-07-27 18:52:05,3,Medium
7/27/2023,18:52:09,26.8,71,0,2023-07-27 18:52:09,3,Medium
7/27/2023,18:52:14,26.8,71,0,2023-07-27 18:52:14,3,Medium
7/27/2023,18:52:18,26.8,71,0,2023-07-27 18:52:18,3,Medium
7/27/2023,18:52:23,26.8,71,0,2023-07-27 18:52:23,3,Medium
7/27/2023,18:52:27,26.8,71,0,2023-07-27 18:52:27,3,Medium
7/27/2023,18:52:31,26.8,71,0,2023-07-27 18:52:31,3,Medium
7/27/2023,18:52:36,26.8,71,0,2023-07-27 18:52:36,3,Medium
7/27/2023,18:52:40,26.8,71,0,2023-07-27 18:52:40,3,Medium
7/27/2023,18:52:45,26.8,71,0,2023-07-27 18:52:45,3,Medium
7/27/2023,18:52:49,26.8,71,0,2023-07-27 18:52:49,3,Medium
7/27/2023,18:52:53,26.8,71,0,2023-07-27 18:52:53,3,Medium
7/27/2023,18:52:57,26.8,71,0,2023-07-27 18:52:57,3,Medium
7/27/2023,18:53:03,26.8,71,0,2023-07-27 18:53:03,3,Medium
7/27/2023,18:53:08,26.8,71,0,2023-07-27 18:53:08,3,Medium
7/27/2023,18:53:12,26.8,71,0,2023-07-27 18:53:12,3,Medium
7/27/2023,18:53:17,26.8,71,0,2023-07-27 18:53:17,3,Medium
7/27/2023,18:53:21,26.8,71,0,2023-07-27 18:53:21,3,Medium
7/27/2023,18:53:25,26.8,71,0,2023-07-27 18:53:25,3,Medium
7/27/2023,18:53:30,26.9,71,0,2023-07-27 18:53:30,3,Medium
7/27/2023,18:53:34,26.9,71,0,2023-07-27 18:53:34,3,Medium
7/27/2023,18:53:38,26.9,71,0,2023-07-27 18:53:38,3,Medium
7/27/2023,18:53:43,26.9,71,0,2023-07-27 18:53:43,3,Medium
7/27/2023,18:53:48,26.9,71,0,2023-07-27 18:53:48,3,Medium
7/27/2023,18:53:52,26.9,71,0,2023-07-27 18:53:52,3,Medium
7/27/2023,18:53:57,26.9,71,0,2023-07-27 18:53:57,3,Medium
7/27/2023,18:54:02,26.9,71,0,2023-07-27 18:54:02,3,Medium
7/27/2023,18:54:07,26.9,71,0,2023-07-27 18:54:07,3,Medium
7/27/2023,18:54:11,26.9,71,0,2023-07-27 18:54:11,3,Medium
7/27/2023,18:54:15,26.9,71,0,2023-07-27 18:54:15,3,Medium
7/27/2023,18:54:20,26.9,71,0,2023-07-27 18:54:20,3,Medium
7/27/2023,18:54:24,26.9,71,0,2023-07-27 18:54:24,3,Medium
7/27/2023,18:54:28,26.9,71,0,2023-07-27 18:54:28,3,Medium
7/27/2023,18:54:33,26.9,71,0,2023-07-27 18:54:33,3,Medium
7/27/2023,18:54:38,26.9,71,0,2023-07-27 18:54:38,3,Medium
7/27/2023,18:54:42,26.9,71,0,2023-07-27 18:54:42,3,Medium
7/27/2023,18:54:47,26.9,71,0,2023-07-27 18:54:47,3,Medium
7/27/2023,18:54:51,26.9,71,0,2023-07-27 18:54:51,3,Medium
7/27/2023,18:54:55,26.9,71,0,2023-07-27 18:54:55,3,Medium
7/27/2023,18:55:00,26.9,71,0,2023-07-27 18:55:00,3,Medium
7/27/2023,18:55:05,26.9,71,0,2023-07-27 18:55:05,3,Medium
7/27/2023,18:55:09,26.9,71,0,2023-07-27 18:55:09,3,Medium
7/27/2023,18:55:13,26.9,71,0,2023-07-27 18:55:13,3,Medium
7/27/2023,18:55:18,26.9,71,0,2023-07-27 18:55:18,3,Medium
7/27/2023,18:55:23,26.9,71,0,2023-07-27 18:55:23,3,Medium
7/27/2023,18:55:27,27.0,71,0,2023-07-27 18:55:27,3,Medium
7/27/2023,18:55:32,27.0,71,0,2023-07-27 18:55:32,3,Medium
7/27/2023,18:55:39,27.0,71,0,2023-07-27 18:55:39,3,Medium
7/27/2023,18:55:44,27.0,71,0,2023-07-27 18:55:44,3,Medium
7/27/2023,18:55:49,27.0,71,0,2023-07-27 18:55:49,3,Medium
7/27/2023,18:55:56,27.0,71,0,2023-07-27 18:55:56,3,Medium
7/27/2023,18:56:00,27.0,71,0,2023-07-27 18:56:00,3,Medium
7/27/2023,18:56:11,27.0,71,0,2023-07-27 18:56:11,3,Medium
7/27/2023,18:56:17,27.0,71,0,2023-07-27 18:56:17,3,Medium
7/27/2023,18:56:39,27.0,71,0,2023-07-27 18:56:39,3,Medium
7/27/2023,18:57:19,27.0,71,0,2023-07-27 18:57:19,3,Medium
7/27/2023,18:58:47,27.0,71,0,2023-07-27 18:58:47,3,Medium
7/27/2023,18:58:53,27.0,71,0,2023-07-27 18:58:53,3,Medium
7/27/2023,18:58:57,27.1,71,0,2023-07-27 18:58:57,3,Medium
7/27/2023,18:59:01,27.1,71,0,2023-07-27 18:59:01,3,Medium
7/27/2023,18:59:06,27.1,71,0,2023-07-27 18:59:06,3,Medium
7/27/2023,18:59:11,27.1,71,0,2023-07-27 18:59:11,3,Medium
7/27/2023,18:59:15,27.1,70,0,2023-07-27 18:59:15,3,Medium
7/27/2023,18:59:20,27.1,71,0,2023-07-27 18:59:20,3,Medium
7/27/2023,18:59:24,27.1,70,0,2023-07-27 18:59:24,3,Medium
7/27/2023,18:59:29,27.1,70,0,2023-07-27 18:59:29,3,Medium
7/27/2023,18:59:34,27.1,70,0,2023-07-27 18:59:34,3,Medium
7/27/2023,18:59:38,27.1,70,0,2023-07-27 18:59:38,3,Medium
7/27/2023,18:59:46,27.1,70,0,2023-07-27 18:59:46,3,Medium
7/27/2023,18:59:51,27.1,70,0,2023-07-27 18:59:51,3,Medium
7/27/2023,18:59:55,27.1,70,0,2023-07-27 18:59:55,3,Medium
7/27/2023,19:00:00,27.1,70,0,2023-07-27 19:00:00,3,Medium
7/27/2023,19:00:04,27.1,70,0,2023-07-27 19:00:04,3,Medium
7/27/2023,19:00:09,27.1,70,0,2023-07-27 19:00:09,3,Medium
7/27/2023,19:00:13,27.1,70,0,2023-07-27 19:00:13,3,Medium
7/27/2023,19:00:18,27.1,70,0,2023-07-27 19:00:18,3,Medium
7/27/2023,19:00:22,27.1,70,0,2023-07-27 19:00:22,3,Medium
7/27/2023,19:00:27,27.1,70,0,2023-07-27 19:00:27,3,Medium
7/27/2023,19:00:30,27.1,70,0,2023-07-27 19:00:30,3,Medium
7/27/2023,19:00:34,27.1,70,0,2023-07-27 19:00:34,3,Medium
7/27/2023,19:00:39,27.1,70,0,2023-07-27 19:00:39,3,Medium
7/27/2023,19:00:43,27.1,70,0,2023-07-27 19:00:43,3,Medium
7/27/2023,19:00:47,27.1,70,0,2023-07-27 19:00:47,3,Medium
7/27/2023,19:00:52,27.1,70,0,2023-07-27 19:00:52,3,Medium
7/27/2023,19:00:56,27.1,70,0,2023-07-27 19:00:56,3,Medium
7/27/2023,19:01:01,27.1,70,0,2023-07-27 19:01:01,3,Medium
7/27/2023,19:01:05,27.1,70,0,2023-07-27 19:01:05,3,Medium
7/27/2023,19:01:09,27.1,70,0,2023-07-27 19:01:09,3,Medium
7/27/2023,19:01:13,27.1,70,0,2023-07-27 19:01:13,3,Medium
7/27/2023,19:01:17,27.1,70,0,2023-07-27 19:01:17,3,Medium
7/27/2023,19:01:21,27.1,70,0,2023-07-27 19:01:21,3,Medium
7/27/2023,19:01:26,27.1,70,0,2023-07-27 19:01:26,3,Medium
7/27/2023,19:01:31,27.1,70,0,2023-07-27 19:01:31,3,Medium
7/27/2023,19:01:35,27.1,70,0,2023-07-27 19:01:35,3,Medium
7/27/2023,19:01:39,27.1,70,0,2023-07-27 19:01:39,3,Medium
7/27/2023,19:01:43,27.1,70,0,2023-07-27 19:01:43,3,Medium
7/27/2023,19:01:48,27.1,70,0,2023-07-27 19:01:48,3,Medium
7/27/2023,19:01:52,27.1,70,0,2023-07-27 19:01:52,3,Medium
7/27/2023,19:01:57,27.1,70,0,2023-07-27 19:01:57,3,Medium
7/27/2023,19:02:01,27.1,70,0,2023-07-27 19:02:01,3,Medium
7/27/2023,19:02:05,27.1,70,0,2023-07-27 19:02:05,3,Medium
7/27/2023,19:02:09,27.1,70,0,2023-07-27 19:02:09,3,Medium
7/27/2023,19:02:14,27.1,70,0,2023-07-27 19:02:14,3,Medium
7/27/2023,19:02:18,27.1,70,0,2023-07-27 19:02:18,3,Medium
7/27/2023,19:02:22,27.1,70,0,2023-07-27 19:02:22,3,Medium
7/27/2023,19:02:26,27.1,70,0,2023-07-27 19:02:26,3,Medium
7/27/2023,19:02:31,27.1,70,0,2023-07-27 19:02:31,3,Medium
7/27/2023,19:02:35,27.1,70,0,2023-07-27 19:02:35,3,Medium
7/27/2023,19:02:39,27.1,70,0,2023-07-27 19:02:39,3,Medium
7/27/2023,19:02:44,27.1,70,0,2023-07-27 19:02:44,3,Medium
7/27/2023,19:02:48,27.1,70,0,2023-07-27 19:02:48,3,Medium
7/27/2023,19:02:53,27.1,70,0,2023-07-27 19:02:53,3,Medium
7/27/2023,19:02:57,27.1,70,0,2023-07-27 19:02:57,3,Medium
7/27/2023,19:03:01,27.1,70,0,2023-07-27 19:03:01,3,Medium
7/27/2023,19:03:05,27.1,70,0,2023-07-27 19:03:05,3,Medium
7/27/2023,19:03:09,27.1,70,0,2023-07-27 19:03:09,3,Medium
7/27/2023,19:03:13,27.1,70,0,2023-07-27 19:03:13,3,Medium
7/27/2023,19:03:18,27.1,70,0,2023-07-27 19:03:18,3,Medium
7/27/2023,19:03:22,27.1,70,0,2023-07-27 19:03:22,3,Medium
7/27/2023,19:03:27,27.1,70,0,2023-07-27 19:03:27,3,Medium
7/27/2023,19:03:31,27.1,70,0,2023-07-27 19:03:31,3,Medium
7/27/2023,19:03:35,27.1,70,0,2023-07-27 19:03:35,3,Medium
7/27/2023,19:03:40,27.1,70,0,2023-07-27 19:03:40,3,Medium
7/27/2023,19:03:44,27.1,70,0,2023-07-27 19:03:44,3,Medium
7/27/2023,19:03:48,27.1,70,0,2023-07-27 19:03:48,3,Medium
7/27/2023,19:03:52,27.1,70,0,2023-07-27 19:03:52,3,Medium
7/27/2023,19:03:57,27.1,70,0,2023-07-27 19:03:57,3,Medium
7/27/2023,19:04:01,27.1,70,0,2023-07-27 19:04:01,3,Medium
7/27/2023,19:04:06,27.1,70,0,2023-07-27 19:04:06,3,Medium
7/27/2023,19:04:10,27.1,70,0,2023-07-27 19:04:10,3,Medium
7/27/2023,19:04:14,27.1,70,0,2023-07-27 19:04:14,3,Medium
7/27/2023,19:04:18,27.1,70,0,2023-07-27 19:04:18,3,Medium
7/27/2023,19:04:23,27.1,70,0,2023-07-27 19:04:23,3,Medium
7/27/2023,19:04:27,27.1,70,0,2023-07-27 19:04:27,3,Medium
7/27/2023,19:04:31,27.1,70,0,2023-07-27 19:04:31,3,Medium
7/27/2023,19:04:36,27.1,69,0,2023-07-27 19:04:36,2,Medium
7/27/2023,19:04:41,27.1,69,0,2023-07-27 19:04:41,2,Medium
7/27/2023,19:04:45,27.1,69,0,2023-07-27 19:04:45,2,Medium
7/27/2023,19:04:50,27.1,69,0,2023-07-27 19:04:50,2,Medium
7/27/2023,19:04:54,27.1,69,0,2023-07-27 19:04:54,2,Medium
7/27/2023,19:04:59,27.1,69,0,2023-07-27 19:04:59,2,Medium
7/27/2023,19:05:03,27.1,70,0,2023-07-27 19:05:03,3,Medium
7/27/2023,19:05:07,27.1,69,0,2023-07-27 19:05:07,2,Medium
7/27/2023,19:05:12,27.1,69,0,2023-07-27 19:05:12,2,Medium
7/27/2023,19:05:17,27.1,70,0,2023-07-27 19:05:17,3,Medium
7/27/2023,19:05:21,27.1,70,0,2023-07-27 19:05:21,3,Medium
7/27/2023,19:05:26,27.1,69,0,2023-07-27 19:05:26,2,Medium
7/27/2023,19:05:30,27.1,69,0,2023-07-27 19:05:30,2,Medium
7/27/2023,19:05:35,27.1,69,0,2023-07-27 19:05:35,2,Medium
7/27/2023,19:05:40,27.1,69,0,2023-07-27 19:05:40,2,Medium
7/27/2023,19:05:44,27.1,69,0,2023-07-27 19:05:44,2,Medium
7/27/2023,19:05:48,27.1,69,0,2023-07-27 19:05:48,2,Medium
7/27/2023,19:05:55,27.1,69,0,2023-07-27 19:05:55,2,Medium
7/27/2023,19:06:00,27.1,69,0,2023-07-27 19:06:00,2,Medium
7/27/2023,19:06:04,27.1,69,0,2023-07-27 19:06:04,2,Medium
7/27/2023,19:06:08,27.1,69,0,2023-07-27 19:06:08,2,Medium
7/27/2023,19:06:12,27.1,69,0,2023-07-27 19:06:12,2,Medium
7/27/2023,19:06:17,27.1,69,0,2023-07-27 19:06:17,2,Medium
7/27/2023,19:06:21,27.1,69,0,2023-07-27 19:06:21,2,Medium
7/27/2023,19:06:26,27.1,69,0,2023-07-27 19:06:26,2,Medium
7/27/2023,19:06:32,27.1,69,0,2023-07-27 19:06:32,2,Medium
7/27/2023,19:06:36,27.1,69,0,2023-07-27 19:06:36,2,Medium
7/27/2023,19:06:40,27.1,69,0,2023-07-27 19:06:40,2,Medium
7/27/2023,19:06:44,27.1,69,0,2023-07-27 19:06:44,2,Medium
7/27/2023,19:06:48,27.1,69,0,2023-07-27 19:06:48,2,Medium
7/27/2023,19:06:53,27.1,69,0,2023-07-27 19:06:53,2,Medium
7/27/2023,19:06:58,27.1,69,0,2023-07-27 19:06:58,2,Medium
7/27/2023,19:07:02,27.1,69,0,2023-07-27 19:07:02,2,Medium
7/27/2023,19:07:07,27.1,69,0,2023-07-27 19:07:07,2,Medium
7/27/2023,19:07:11,27.1,69,0,2023-07-27 19:07:11,2,Medium
7/27/2023,19:07:15,27.1,69,0,2023-07-27 19:07:15,2,Medium
7/27/2023,19:07:19,27.1,69,0,2023-07-27 19:07:19,2,Medium
7/27/2023,19:07:23,27.1,69,0,2023-07-27 19:07:23,2,Medium
7/27/2023,19:07:28,27.1,69,0,2023-07-27 19:07:28,2,Medium
7/27/2023,19:07:33,27.1,69,0,2023-07-27 19:07:33,2,Medium
7/27/2023,19:07:37,27.1,69,0,2023-07-27 19:07:37,2,Medium
7/27/2023,19:07:41,27.1,69,0,2023-07-27 19:07:41,2,Medium
7/27/2023,19:07:45,27.1,69,0,2023-07-27 19:07:45,2,Medium
7/27/2023,19:07:50,27.1,69,0,2023-07-27 19:07:50,2,Medium
7/27/2023,19:07:54,27.1,69,0,2023-07-27 19:07:54,2,Medium
7/27/2023,19:07:59,27.1,69,0,2023-07-27 19:07:59,2,Medium
7/27/2023,19:08:03,27.1,69,0,2023-07-27 19:08:03,2,Medium
7/27/2023,19:08:07,27.1,69,0,2023-07-27 19:08:07,2,Medium
7/27/2023,19:08:11,27.1,69,0,2023-07-27 19:08:11,2,Medium
7/27/2023,19:08:15,27.1,69,0,2023-07-27 19:08:15,2,Medium
7/27/2023,19:08:20,27.1,69,0,2023-07-27 19:08:20,2,Medium
7/27/2023,19:08:24,27.1,69,0,2023-07-27 19:08:24,2,Medium
7/27/2023,19:08:28,27.1,69,0,2023-07-27 19:08:28,2,Medium
7/27/2023,19:08:37,27.0,69,0,2023-07-27 19:08:37,2,Medium
7/27/2023,19:08:41,27.0,69,0,2023-07-27 19:08:41,2,Medium
7/27/2023,19:08:45,27.0,69,0,2023-07-27 19:08:45,2,Medium
7/27/2023,19:08:50,27.1,69,0,2023-07-27 19:08:50,2,Medium
7/27/2023,19:08:59,27.0,69,0,2023-07-27 19:08:59,2,Medium
7/27/2023,19:09:04,27.0,69,0,2023-07-27 19:09:04,2,Medium
7/27/2023,19:09:08,27.0,69,0,2023-07-27 19:09:08,2,Medium
7/27/2023,19:09:17,27.0,69,3,2023-07-27 19:09:17,3,Medium
7/27/2023,19:09:21,27.0,70,5,2023-07-27 19:09:21,4,High
7/27/2023,19:09:25,27.0,70,1,2023-07-27 19:09:25,4,High
7/27/2023,19:09:34,27.0,70,0,2023-07-27 19:09:34,3,Medium
7/27/2023,19:09:39,27.0,70,0,2023-07-27 19:09:39,3,Medium
7/27/2023,19:09:43,27.0,70,0,2023-07-27 19:09:43,3,Medium
7/27/2023,19:09:47,27.0,70,0,2023-07-27 19:09:47,3,Medium
7/27/2023,19:09:51,27.0,70,0,2023-07-27 19:09:51,3,Medium
7/27/2023,19:09:56,27.0,69,0,2023-07-27 19:09:56,2,Medium
7/27/2023,19:10:01,27.0,69,0,2023-07-27 19:10:01,2,Medium
7/27/2023,19:10:06,27.0,70,0,2023-07-27 19:10:06,3,Medium
7/27/2023,19:10:14,27.0,70,0,2023-07-27 19:10:14,3,Medium
7/27/2023,19:10:19,27.0,70,0,2023-07-27 19:10:19,3,Medium
7/27/2023,19:10:24,27.0,70,0,2023-07-27 19:10:24,3,Medium
7/27/2023,19:10:28,27.0,70,0,2023-07-27 19:10:28,3,Medium
7/27/2023,19:10:32,27.0,70,0,2023-07-27 19:10:32,3,Medium
7/27/2023,19:10:37,27.0,70,0,2023-07-27 19:10:37,3,Medium
7/27/2023,19:10:41,27.0,70,0,2023-07-27 19:10:41,3,Medium
7/27/2023,19:10:45,27.0,70,0,2023-07-27 19:10:45,3,Medium
7/27/2023,19:10:49,27.0,70,0,2023-07-27 19:10:49,3,Medium
7/27/2023,19:10:53,27.0,70,0,2023-07-27 19:10:53,3,Medium
7/27/2023,19:10:58,27.0,70,0,2023-07-27 19:10:58,3,Medium
7/27/2023,19:11:02,27.0,70,0,2023-07-27 19:11:02,3,Medium
7/27/2023,19:11:07,27.0,70,0,2023-07-27 19:11:07,3,Medium
7/27/2023,19:11:11,27.0,70,0,2023-07-27 19:11:11,3,Medium
7/27/2023,19:11:16,27.0,70,0,2023-07-27 19:11:16,3,Medium
7/27/2023,19:11:20,27.0,70,0,2023-07-27 19:11:20,3,Medium
7/27/2023,19:11:24,27.0,70,0,2023-07-27 19:11:24,3,Medium
7/27/2023,19:11:30,27.0,70,0,2023-07-27 19:11:30,3,Medium
7/27/2023,19:11:34,27.0,69,0,2023-07-27 19:11:34,2,Medium
7/27/2023,19:11:39,27.0,69,0,2023-07-27 19:11:39,2,Medium
7/27/2023,19:11:43,27.0,69,0,2023-07-27 19:11:43,2,Medium
7/27/2023,19:11:47,27.0,69,0,2023-07-27 19:11:47,2,Medium
7/27/2023,19:11:52,27.0,69,0,2023-07-27 19:11:52,2,Medium
7/27/2023,19:11:57,27.0,69,0,2023-07-27 19:11:57,2,Medium
7/27/2023,19:12:01,27.0,69,0,2023-07-27 19:12:01,2,Medium
7/27/2023,19:12:05,27.0,69,0,2023-07-27 19:12:05,2,Medium
7/27/2023,19:12:09,27.0,69,0,2023-07-27 19:12:09,2,Medium
7/27/2023,19:12:14,27.0,69,0,2023-07-27 19:12:14,2,Medium
7/27/2023,19:12:19,27.0,69,0,2023-07-27 19:12:19,2,Medium
7/27/2023,19:12:23,27.0,69,0,2023-07-27 19:12:23,2,Medium
7/27/2023,19:12:27,27.0,69,0,2023-07-27 19:12:27,2,Medium
7/27/2023,19:12:31,27.0,69,0,2023-07-27 19:12:31,2,Medium
7/27/2023,19:12:36,27.0,69,0,2023-07-27 19:12:36,2,Medium
7/27/2023,19:12:40,27.0,69,0,2023-07-27 19:12:40,2,Medium
7/27/2023,19:12:45,27.0,69,0,2023-07-27 19:12:45,2,Medium
7/27/2023,19:12:49,27.0,69,0,2023-07-27 19:12:49,2,Medium
7/27/2023,19:12:53,27.0,69,0,2023-07-27 19:12:53,2,Medium
7/27/2023,19:12:58,27.0,69,0,2023-07-27 19:12:58,2,Medium
7/27/2023,19:13:02,27.0,69,0,2023-07-27 19:13:02,2,Medium
7/27/2023,19:13:08,27.0,69,0,2023-07-27 19:13:08,2,Medium
7/27/2023,19:13:13,27.0,69,0,2023-07-27 19:13:13,2,Medium
7/27/2023,19:13:17,27.0,69,0,2023-07-27 19:13:17,2,Medium
7/27/2023,19:13:21,27.0,69,0,2023-07-27 19:13:21,2,Medium
7/27/2023,19:13:25,27.0,69,0,2023-07-27 19:13:25,2,Medium
7/27/2023,19:13:29,27.0,69,0,2023-07-27 19:13:29,2,Medium
7/27/2023,19:13:34,27.0,69,0,2023-07-27 19:13:34,2,Medium
7/27/2023,19:13:39,27.0,69,0,2023-07-27 19:13:39,2,Medium
7/27/2023,19:13:43,26.9,69,0,2023-07-27 19:13:43,2,Medium
7/27/2023,19:13:47,27.0,69,0,2023-07-27 19:13:47,2,Medium
7/27/2023,19:13:52,26.9,69,0,2023-07-27 19:13:52,2,Medium
7/27/2023,19:13:56,27.0,69,0,2023-07-27 19:13:56,2,Medium
7/27/2023,19:14:01,26.9,69,0,2023-07-27 19:14:01,2,Medium
7/27/2023,19:14:05,26.9,69,0,2023-07-27 19:14:05,2,Medium
7/27/2023,19:14:09,26.9,69,0,2023-07-27 19:14:09,2,Medium
7/27/2023,19:14:13,26.9,69,0,2023-07-27 19:14:13,2,Medium
7/27/2023,19:14:17,26.9,69,0,2023-07-27 19:14:17,2,Medium
7/27/2023,19:14:22,26.9,69,0,2023-07-27 19:14:22,2,Medium
7/27/2023,19:14:26,26.9,69,0,2023-07-27 19:14:26,2,Medium
7/27/2023,19:14:30,27.0,69,0,2023-07-27 19:14:30,2,Medium
7/27/2023,19:14:34,26.9,69,0,2023-07-27 19:14:34,2,Medium
7/27/2023,19:14:38,26.9,69,0,2023-07-27 19:14:38,2,Medium
7/27/2023,19:14:42,26.9,69,0,2023-07-27 19:14:42,2,Medium
7/27/2023,19:14:46,26.9,69,0,2023-07-27 19:14:46,2,Medium
7/27/2023,19:14:51,26.9,69,0,2023-07-27 19:14:51,2,Medium
7/27/2023,19:14:55,26.9,69,0,2023-07-27 19:14:55,2,Medium
7/27/2023,19:15:00,26.9,69,0,2023-07-27 19:15:00,2,Medium
7/27/2023,19:15:05,26.9,69,0,2023-07-27 19:15:05,2,Medium
7/27/2023,19:15:09,26.9,69,0,2023-07-27 19:15:09,2,Medium
7/27/2023,19:15:14,26.9,69,0,2023-07-27 19:15:14,2,Medium
7/27/2023,19:15:18,26.9,69,0,2023-07-27 19:15:18,2,Medium
7/27/2023,19:15:23,26.9,69,0,2023-07-27 19:15:23,2,Medium
7/27/2023,19:15:27,26.9,69,0,2023-07-27 19:15:27,2,Medium
7/27/2023,19:15:32,26.9,69,0,2023-07-27 19:15:32,2,Medium
7/27/2023,19:15:36,26.9,70,0,2023-07-27 19:15:36,3,Medium
7/27/2023,19:15:40,26.9,70,0,2023-07-27 19:15:40,3,Medium
7/27/2023,19:15:45,26.9,70,0,2023-07-27 19:15:45,3,Medium
7/27/2023,19:15:49,26.9,70,0,2023-07-27 19:15:49,3,Medium
7/27/2023,19:15:53,26.9,70,0,2023-07-27 19:15:53,3,Medium
7/27/2023,19:15:58,26.9,70,0,2023-07-27 19:15:58,3,Medium
7/27/2023,19:16:02,26.9,70,0,2023-07-27 19:16:02,3,Medium
7/27/2023,19:16:07,26.9,70,0,2023-07-27 19:16:07,3,Medium
7/27/2023,19:16:12,26.9,70,0,2023-07-27 19:16:12,3,Medium
7/27/2023,19:16:17,26.9,70,0,2023-07-27 19:16:17,3,Medium
7/27/2023,19:16:21,26.9,70,0,2023-07-27 19:16:21,3,Medium
7/27/2023,19:16:26,26.9,70,0,2023-07-27 19:16:26,3,Medium
7/27/2023,19:16:30,26.9,70,0,2023-07-27 19:16:30,3,Medium
7/27/2023,19:16:34,26.9,70,0,2023-07-27 19:16:34,3,Medium
7/27/2023,19:16:39,26.9,70,0,2023-07-27 19:16:39,3,Medium
7/27/2023,19:16:44,26.9,70,0,2023-07-27 19:16:44,3,Medium
7/27/2023,19:16:48,26.9,70,0,2023-07-27 19:16:48,3,Medium
7/27/2023,19:16:52,26.9,70,0,2023-07-27 19:16:52,3,Medium
7/27/2023,19:16:57,26.9,70,0,2023-07-27 19:16:57,3,Medium
7/27/2023,19:17:01,26.9,69,0,2023-07-27 19:17:01,2,Medium
7/27/2023,19:17:06,26.9,69,0,2023-07-27 19:17:06,2,Medium
7/27/2023,19:17:11,26.9,69,0,2023-07-27 19:17:11,2,Medium
7/27/2023,19:17:15,26.9,69,0,2023-07-27 19:17:15,2,Medium
7/27/2023,19:17:20,26.9,69,0,2023-07-27 19:17:20,2,Medium
7/27/2023,19:17:25,26.9,69,0,2023-07-27 19:17:25,2,Medium
7/27/2023,19:17:29,26.9,69,0,2023-07-27 19:17:29,2,Medium
7/27/2023,19:17:34,26.9,69,0,2023-07-27 19:17:34,2,Medium
7/27/2023,19:17:38,26.9,69,0,2023-07-27 19:17:38,2,Medium
7/27/2023,19:17:42,26.9,69,0,2023-07-27 19:17:42,2,Medium
7/27/2023,19:17:46,26.9,69,0,2023-07-27 19:17:46,2,Medium
7/27/2023,19:17:50,26.9,70,0,2023-07-27 19:17:50,3,Medium
7/27/2023,19:17:55,26.9,69,0,2023-07-27 19:17:55,2,Medium
7/27/2023,19:17:59,26.9,69,0,2023-07-27 19:17:59,2,Medium
7/27/2023,19:18:03,26.9,69,0,2023-07-27 19:18:03,2,Medium
7/27/2023,19:18:07,26.9,69,0,2023-07-27 19:18:07,2,Medium
7/27/2023,19:18:11,26.9,69,0,2023-07-27 19:18:11,2,Medium
7/27/2023,19:18:16,26.9,69,0,2023-07-27 19:18:16,2,Medium
7/27/2023,19:18:20,26.9,70,0,2023-07-27 19:18:20,3,Medium
7/27/2023,19:18:25,26.9,70,0,2023-07-27 19:18:25,3,Medium
7/27/2023,19:18:29,26.9,70,0,2023-07-27 19:18:29,3,Medium
7/27/2023,19:18:34,26.9,70,0,2023-07-27 19:18:34,3,Medium
7/27/2023,19:18:38,26.9,70,0,2023-07-27 19:18:38,3,Medium
7/27/2023,19:18:42,26.9,70,0,2023-07-27 19:18:42,3,Medium
7/27/2023,19:18:47,26.9,70,0,2023-07-27 19:18:47,3,Medium
7/27/2023,19:18:51,26.9,70,0,2023-07-27 19:18:51,3,Medium
7/27/2023,19:18:56,27.0,69,0,2023-07-27 19:18:56,2,Medium
7/27/2023,19:19:01,26.9,69,0,2023-07-27 19:19:01,2,Medium
7/27/2023,19:19:05,26.9,69,0,2023-07-27 19:19:05,2,Medium
7/27/2023,19:19:11,26.9,69,0,2023-07-27 19:19:11,2,Medium
7/27/2023,19:19:15,26.9,69,0,2023-07-27 19:19:15,2,Medium
7/27/2023,19:19:19,26.9,69,0,2023-07-27 19:19:19,2,Medium
7/27/2023,19:19:23,26.9,69,0,2023-07-27 19:19:23,2,Medium
7/27/2023,19:19:27,26.9,69,0,2023-07-27 19:19:27,2,Medium
7/27/2023,19:19:32,26.9,69,0,2023-07-27 19:19:32,2,Medium
7/27/2023,19:19:36,26.9,69,0,2023-07-27 19:19:36,2,Medium
7/27/2023,19:19:40,26.9,69,0,2023-07-27 19:19:40,2,Medium
7/27/2023,19:19:45,26.9,69,0,2023-07-27 19:19:45,2,Medium
7/27/2023,19:19:49,26.9,69,0,2023-07-27 19:19:49,2,Medium
7/27/2023,19:19:54,26.9,69,0,2023-07-27 19:19:54,2,Medium
7/27/2023,19:19:59,26.9,69,0,2023-07-27 19:19:59,2,Medium
7/27/2023,19:20:03,26.9,69,0,2023-07-27 19:20:03,2,Medium
7/27/2023,19:20:08,26.9,70,0,2023-07-27 19:20:08,3,Medium
7/27/2023,19:20:12,26.9,70,0,2023-07-27 19:20:12,3,Medium
7/27/2023,19:20:17,26.9,69,0,2023-07-27 19:20:17,2,Medium
7/27/2023,19:20:22,26.9,69,0,2023-07-27 19:20:22,2,Medium
7/27/2023,19:20:27,26.9,69,0,2023-07-27 19:20:27,2,Medium
7/27/2023,19:20:32,26.9,69,0,2023-07-27 19:20:32,2,Medium
7/27/2023,19:20:36,26.9,70,0,2023-07-27 19:20:36,3,Medium
7/27/2023,19:20:40,26.9,70,0,2023-07-27 19:20:40,3,Medium
7/27/2023,19:20:45,26.9,70,0,2023-07-27 19:20:45,3,Medium
7/27/2023,19:20:50,26.9,70,0,2023-07-27 19:20:50,3,Medium
7/27/2023,19:20:54,26.9,70,0,2023-07-27 19:20:54,3,Medium
7/27/2023,19:20:58,26.9,70,0,2023-07-27 19:20:58,3,Medium
7/27/2023,19:21:03,26.9,70,0,2023-07-27 19:21:03,3,Medium
7/27/2023,19:21:07,26.9,70,0,2023-07-27 19:21:07,3,Medium
7/27/2023,19:21:11,26.9,70,0,2023-07-27 19:21:11,3,Medium
7/27/2023,19:21:16,26.9,69,0,2023-07-27 19:21:16,2,Medium
7/27/2023,19:21:20,26.9,69,0,2023-07-27 19:21:20,2,Medium
7/27/2023,19:21:24,26.9,69,0,2023-07-27 19:21:24,2,Medium
7/27/2023,19:21:29,26.9,69,0,2023-07-27 19:21:29,2,Medium
7/27/2023,19:21:33,26.9,69,0,2023-07-27 19:21:33,2,Medium
7/27/2023,19:21:38,26.9,69,0,2023-07-27 19:21:38,2,Medium
7/27/2023,19:21:42,26.9,69,0,2023-07-27 19:21:42,2,Medium
7/27/2023,19:21:46,26.9,69,0,2023-07-27 19:21:46,2,Medium
7/27/2023,19:21:51,26.9,69,0,2023-07-27 19:21:51,2,Medium
7/27/2023,19:21:55,26.9,69,0,2023-07-27 19:21:55,2,Medium
7/27/2023,19:22:00,26.9,69,0,2023-07-27 19:22:00,2,Medium
7/27/2023,19:22:04,26.9,69,0,2023-07-27 19:22:04,2,Medium
7/27/2023,19:22:09,26.9,69,0,2023-07-27 19:22:09,2,Medium
7/27/2023,19:22:14,26.9,69,0,2023-07-27 19:22:14,2,Medium
7/27/2023,19:22:18,26.9,69,0,2023-07-27 19:22:18,2,Medium
7/27/2023,19:22:22,26.9,70,0,2023-07-27 19:22:22,3,Medium
7/27/2023,19:22:27,26.9,70,0,2023-07-27 19:22:27,3,Medium
7/27/2023,19:22:31,26.9,70,0,2023-07-27 19:22:31,3,Medium
7/27/2023,19:22:35,26.9,70,0,2023-07-27 19:22:35,3,Medium
7/27/2023,19:22:39,26.9,70,0,2023-07-27 19:22:39,3,Medium
7/27/2023,19:22:44,27.0,70,0,2023-07-27 19:22:44,3,Medium
7/27/2023,19:22:48,27.0,70,0,2023-07-27 19:22:48,3,Medium
7/27/2023,19:22:53,27.0,70,0,2023-07-27 19:22:53,3,Medium
7/27/2023,19:22:57,27.0,70,0,2023-07-27 19:22:57,3,Medium
7/27/2023,19:23:02,27.0,70,0,2023-07-27 19:23:02,3,Medium
7/27/2023,19:23:06,27.0,70,0,2023-07-27 19:23:06,3,Medium
7/27/2023,19:23:10,27.0,70,0,2023-07-27 19:23:10,3,Medium
7/27/2023,19:23:14,27.0,70,0,2023-07-27 19:23:14,3,Medium
7/27/2023,19:23:19,27.0,70,0,2023-07-27 19:23:19,3,Medium
7/27/2023,19:23:23,27.0,70,0,2023-07-27 19:23:23,3,Medium
7/27/2023,19:23:27,27.0,70,0,2023-07-27 19:23:27,3,Medium
7/27/2023,19:23:31,27.0,70,0,2023-07-27 19:23:31,3,Medium
7/27/2023,19:23:36,27.0,70,0,2023-07-27 19:23:36,3,Medium
7/27/2023,19:23:40,27.0,70,0,2023-07-27 19:23:40,3,Medium
7/27/2023,19:23:45,27.0,70,0,2023-07-27 19:23:45,3,Medium
7/27/2023,19:23:49,27.0,70,0,2023-07-27 19:23:49,3,Medium
7/27/2023,19:23:54,27.0,70,0,2023-07-27 19:23:54,3,Medium
7/27/2023,19:23:58,27.0,70,0,2023-07-27 19:23:58,3,Medium
7/27/2023,19:24:03,27.0,70,0,2023-07-27 19:24:03,3,Medium
7/27/2023,19:24:07,27.0,70,0,2023-07-27 19:24:07,3,Medium
7/27/2023,19:24:11,27.0,70,0,2023-07-27 19:24:11,3,Medium
7/27/2023,19:24:16,27.0,70,0,2023-07-27 19:24:16,3,Medium
7/27/2023,19:24:20,27.0,70,0,2023-07-27 19:24:20,3,Medium
7/27/2023,19:24:24,27.0,70,0,2023-07-27 19:24:24,3,Medium
7/27/2023,19:24:29,27.0,70,0,2023-07-27 19:24:29,3,Medium
7/27/2023,19:24:34,27.0,70,0,2023-07-27 19:24:34,3,Medium
7/27/2023,19:24:38,27.0,70,0,2023-07-27 19:24:38,3,Medium
7/27/2023,19:24:43,27.0,70,0,2023-07-27 19:24:43,3,Medium
7/27/2023,19:24:48,27.0,70,0,2023-07-27 19:24:48,3,Medium
7/27/2023,19:24:52,27.0,70,0,2023-07-27 19:24:52,3,Medium
7/27/2023,19:24:57,27.0,70,0,2023-07-27 19:24:57,3,Medium
7/27/2023,19:25:01,27.0,70,0,2023-07-27 19:25:01,3,Medium
7/27/2023,19:25:07,27.0,70,0,2023-07-27 19:25:07,3,Medium
7/27/2023,19:25:11,27.0,70,0,2023-07-27 19:25:11,3,Medium
7/27/2023,19:25:17,27.0,70,0,2023-07-27 19:25:17,3,Medium
7/27/2023,19:25:22,27.0,70,0,2023-07-27 19:25:22,3,Medium
7/27/2023,19:25:27,27.0,70,0,2023-07-27 19:25:27,3,Medium
7/27/2023,19:25:32,27.0,70,0,2023-07-27 19:25:32,3,Medium
7/27/2023,19:25:36,27.0,70,0,2023-07-27 19:25:36,3,Medium
7/27/2023,19:25:42,27.0,70,0,2023-07-27 19:25:42,3,Medium
7/27/2023,19:25:48,27.0,70,0,2023-07-27 19:25:48,3,Medium
7/27/2023,19:25:53,27.0,70,0,2023-07-27 19:25:53,3,Medium
7/27/2023,19:25:57,27.0,70,0,2023-07-27 19:25:57,3,Medium
7/27/2023,19:26:01,27.0,70,0,2023-07-27 19:26:01,3,Medium
7/27/2023,19:26:05,27.0,70,0,2023-07-27 19:26:05,3,Medium
7/27/2023,19:26:09,27.0,70,0,2023-07-27 19:26:09,3,Medium
7/27/2023,19:26:13,27.0,70,0,2023-07-27 19:26:13,3,Medium
7/27/2023,19:26:20,27.0,70,0,2023-07-27 19:26:20,3,Medium
7/27/2023,19:26:25,27.0,70,0,2023-07-27 19:26:25,3,Medium
7/27/2023,19:26:29,27.0,70,0,2023-07-27 19:26:29,3,Medium
7/27/2023,19:26:35,27.0,70,0,2023-07-27 19:26:35,3,Medium
7/27/2023,19:26:40,27.0,70,0,2023-07-27 19:26:40,3,Medium
7/27/2023,19:26:44,27.0,70,0,2023-07-27 19:26:44,3,Medium
7/27/2023,19:26:49,27.0,70,0,2023-07-27 19:26:49,3,Medium
7/27/2023,19:26:53,27.0,70,0,2023-07-27 19:26:53,3,Medium
7/27/2023,19:26:57,27.1,70,0,2023-07-27 19:26:57,3,Medium
7/27/2023,19:27:02,27.1,70,0,2023-07-27 19:27:02,3,Medium
7/27/2023,19:27:06,27.1,70,0,2023-07-27 19:27:06,3,Medium
7/27/2023,19:27:11,27.1,70,0,2023-07-27 19:27:11,3,Medium
7/27/2023,19:27:15,27.1,70,0,2023-07-27 19:27:15,3,Medium
7/27/2023,19:27:20,27.1,70,0,2023-07-27 19:27:20,3,Medium
7/27/2023,19:27:24,27.1,70,0,2023-07-27 19:27:24,3,Medium
7/27/2023,19:27:28,27.1,70,0,2023-07-27 19:27:28,3,Medium
7/27/2023,19:27:33,27.1,70,0,2023-07-27 19:27:33,3,Medium
7/27/2023,19:27:37,27.1,70,0,2023-07-27 19:27:37,3,Medium
7/27/2023,19:27:41,27.1,70,0,2023-07-27 19:27:41,3,Medium
7/27/2023,19:27:45,27.1,70,0,2023-07-27 19:27:45,3,Medium
7/27/2023,19:27:50,27.1,70,0,2023-07-27 19:27:50,3,Medium
7/27/2023,19:27:54,27.1,70,0,2023-07-27 19:27:54,3,Medium
7/27/2023,19:27:59,27.1,70,0,2023-07-27 19:27:59,3,Medium
7/27/2023,19:28:03,27.1,70,0,2023-07-27 19:28:03,3,Medium
7/27/2023,19:28:08,27.1,70,0,2023-07-27 19:28:08,3,Medium
7/27/2023,19:28:12,27.1,70,0,2023-07-27 19:28:12,3,Medium
7/27/2023,19:28:16,27.1,70,0,2023-07-27 19:28:16,3,Medium
7/27/2023,19:28:21,27.1,69,0,2023-07-27 19:28:21,2,Medium
7/27/2023,19:28:26,27.1,69,0,2023-07-27 19:28:26,2,Medium
7/27/2023,19:28:30,27.1,69,0,2023-07-27 19:28:30,2,Medium
7/27/2023,19:28:35,27.1,69,0,2023-07-27 19:28:35,2,Medium
7/27/2023,19:28:40,27.1,69,0,2023-07-27 19:28:40,2,Medium
7/27/2023,19:28:44,27.1,69,0,2023-07-27 19:28:44,2,Medium
7/27/2023,19:28:48,27.1,69,0,2023-07-27 19:28:48,2,Medium
7/27/2023,19:28:52,27.1,69,0,2023-07-27 19:28:52,2,Medium
7/27/2023,19:28:57,27.1,69,0,2023-07-27 19:28:57,2,Medium
7/27/2023,19:29:01,27.1,69,0,2023-07-27 19:29:01,2,Medium
7/27/2023,19:29:05,27.1,69,0,2023-07-27 19:29:05,2,Medium
7/27/2023,19:29:10,27.1,70,0,2023-07-27 19:29:10,3,Medium
7/27/2023,19:29:14,27.1,70,0,2023-07-27 19:29:14,3,Medium
7/27/2023,19:29:19,27.1,69,0,2023-07-27 19:29:19,2,Medium
7/27/2023,19:29:24,27.1,69,0,2023-07-27 19:29:24,2,Medium
7/27/2023,19:29:28,27.1,69,0,2023-07-27 19:29:28,2,Medium
7/27/2023,19:29:33,27.1,69,0,2023-07-27 19:29:33,2,Medium
7/27/2023,19:29:37,27.1,69,0,2023-07-27 19:29:37,2,Medium
7/27/2023,19:29:41,27.1,69,0,2023-07-27 19:29:41,2,Medium
7/27/2023,19:29:46,27.1,69,0,2023-07-27 19:29:46,2,Medium
7/27/2023,19:29:51,27.1,69,0,2023-07-27 19:29:51,2,Medium
7/27/2023,19:29:55,27.1,69,0,2023-07-27 19:29:55,2,Medium
7/27/2023,19:29:59,27.1,69,0,2023-07-27 19:29:59,2,Medium
7/27/2023,19:30:03,27.1,69,0,2023-07-27 19:30:03,2,Medium
7/27/2023,19:30:08,27.1,69,0,2023-07-27 19:30:08,2,Medium
7/27/2023,19:30:13,27.1,69,0,2023-07-27 19:30:13,2,Medium
7/27/2023,19:30:18,27.1,69,0,2023-07-27 19:30:18,2,Medium
7/27/2023,19:30:22,27.1,69,0,2023-07-27 19:30:22,2,Medium
7/27/2023,19:30:26,27.1,69,0,2023-07-27 19:30:26,2,Medium
7/27/2023,19:30:31,27.1,69,0,2023-07-27 19:30:31,2,Medium
7/27/2023,19:30:40,27.0,69,0,2023-07-27 19:30:40,2,Medium
7/27/2023,19:30:45,27.0,69,0,2023-07-27 19:30:45,2,Medium
7/27/2023,19:30:49,27.0,69,0,2023-07-27 19:30:49,2,Medium
7/27/2023,19:30:54,27.0,69,0,2023-07-27 19:30:54,2,Medium
7/27/2023,19:30:58,27.0,69,0,2023-07-27 19:30:58,2,Medium
7/27/2023,19:31:03,27.0,69,0,2023-07-27 19:31:03,2,Medium
7/27/2023,19:31:08,27.0,69,0,2023-07-27 19:31:08,2,Medium
7/27/2023,19:31:14,27.0,69,0,2023-07-27 19:31:14,2,Medium
7/27/2023,19:31:19,27.1,69,0,2023-07-27 19:31:19,2,Medium
7/27/2023,19:31:28,27.0,70,0,2023-07-27 19:31:28,3,Medium
7/27/2023,19:31:37,27.1,70,0,2023-07-27 19:31:37,3,Medium
7/27/2023,19:31:42,27.1,70,0,2023-07-27 19:31:42,3,Medium
7/27/2023,19:31:47,27.1,69,0,2023-07-27 19:31:47,2,Medium
7/27/2023,19:31:51,27.1,69,0,2023-07-27 19:31:51,2,Medium
7/27/2023,19:31:56,27.1,69,0,2023-07-27 19:31:56,2,Medium
7/27/2023,19:32:00,27.1,69,0,2023-07-27 19:32:00,2,Medium
7/27/2023,19:32:09,27.0,69,0,2023-07-27 19:32:09,2,Medium
7/27/2023,19:32:14,27.0,69,0,2023-07-27 19:32:14,2,Medium
7/27/2023,19:32:18,27.0,69,0,2023-07-27 19:32:18,2,Medium
7/27/2023,19:32:23,27.0,69,0,2023-07-27 19:32:23,2,Medium
7/27/2023,19:32:27,27.0,70,0,2023-07-27 19:32:27,3,Medium
7/27/2023,19:32:31,27.0,70,0,2023-07-27 19:32:31,3,Medium
7/27/2023,19:32:36,27.0,70,0,2023-07-27 19:32:36,3,Medium
7/27/2023,19:32:41,27.0,70,0,2023-07-27 19:32:41,3,Medium
7/27/2023,19:32:45,27.0,69,0,2023-07-27 19:32:45,2,Medium
7/27/2023,19:32:50,27.0,69,0,2023-07-27 19:32:50,2,Medium
7/27/2023,19:32:54,27.0,69,0,2023-07-27 19:32:54,2,Medium
7/27/2023,19:32:59,27.0,69,0,2023-07-27 19:32:59,2,Medium
7/27/2023,19:33:04,27.0,69,0,2023-07-27 19:33:04,2,Medium
7/27/2023,19:33:09,27.0,69,0,2023-07-27 19:33:09,2,Medium
7/27/2023,19:33:13,27.0,69,0,2023-07-27 19:33:13,2,Medium
7/27/2023,19:33:18,27.0,69,0,2023-07-27 19:33:18,2,Medium
7/27/2023,19:33:21,27.0,69,0,2023-07-27 19:33:21,2,Medium
7/27/2023,19:33:26,27.0,69,0,2023-07-27 19:33:26,2,Medium
7/27/2023,19:33:30,27.0,69,0,2023-07-27 19:33:30,2,Medium
7/27/2023,19:33:35,27.0,69,0,2023-07-27 19:33:35,2,Medium
7/27/2023,19:33:39,27.0,69,0,2023-07-27 19:33:39,2,Medium
7/27/2023,19:33:44,27.0,69,0,2023-07-27 19:33:44,2,Medium
7/27/2023,19:33:49,27.0,69,0,2023-07-27 19:33:49,2,Medium
7/27/2023,19:33:54,27.0,69,0,2023-07-27 19:33:54,2,Medium
7/27/2023,19:33:59,27.0,69,0,2023-07-27 19:33:59,2,Medium
7/27/2023,19:34:03,27.0,69,0,2023-07-27 19:34:03,2,Medium
7/27/2023,19:34:08,27.0,69,0,2023-07-27 19:34:08,2,Medium
7/28/2023,11:49:54,25.2,71,0,2023-07-28 11:49:54,3,Medium
7/28/2023,11:49:59,25.3,72,0,2023-07-28 11:49:59,3,Medium
7/28/2023,11:50:03,25.3,72,0,2023-07-28 11:50:03,3,Medium
7/28/2023,11:50:07,25.3,72,0,2023-07-28 11:50:07,3,Medium
7/28/2023,11:50:12,25.3,72,0,2023-07-28 11:50:12,3,Medium
7/28/2023,11:50:16,25.3,72,0,2023-07-28 11:50:16,3,Medium
7/28/2023,11:50:20,25.3,72,0,2023-07-28 11:50:20,3,Medium
7/28/2023,11:50:24,25.3,72,0,2023-07-28 11:50:24,3,Medium
7/28/2023,11:50:29,25.3,72,0,2023-07-28 11:50:29,3,Medium
7/28/2023,11:50:33,25.3,72,0,2023-07-28 11:50:33,3,Medium
7/28/2023,11:50:37,25.3,72,0,2023-07-28 11:50:37,3,Medium
7/28/2023,11:50:42,25.3,72,0,2023-07-28 11:50:42,3,Medium
7/28/2023,11:50:46,25.3,72,0,2023-07-28 11:50:46,3,Medium
7/28/2023,11:50:51,25.3,72,0,2023-07-28 11:50:51,3,Medium
7/28/2023,11:50:56,25.4,72,0,2023-07-28 11:50:56,3,Medium
7/28/2023,11:51:00,25.4,72,0,2023-07-28 11:51:00,3,Medium
7/28/2023,11:51:05,25.4,72,0,2023-07-28 11:51:05,3,Medium
7/28/2023,11:51:09,25.4,72,0,2023-07-28 11:51:09,3,Medium
7/28/2023,11:51:13,25.4,72,0,2023-07-28 11:51:13,3,Medium
7/28/2023,11:51:17,25.4,72,0,2023-07-28 11:51:17,3,Medium
7/28/2023,11:51:21,25.4,72,0,2023-07-28 11:51:21,3,Medium
7/28/2023,11:51:26,25.4,72,0,2023-07-28 11:51:26,3,Medium
7/28/2023,11:51:30,25.4,72,0,2023-07-28 11:51:30,3,Medium
7/28/2023,11:51:35,25.4,72,0,2023-07-28 11:51:35,3,Medium
7/28/2023,11:51:38,25.4,72,0,2023-07-28 11:51:38,3,Medium
7/28/2023,11:51:43,25.4,72,0,2023-07-28 11:51:43,3,Medium
7/28/2023,11:51:47,25.4,72,0,2023-07-28 11:51:47,3,Medium
7/28/2023,11:51:52,25.5,72,1,2023-07-28 11:51:52,4,High
7/28/2023,11:51:56,25.5,72,1,2023-07-28 11:51:56,4,High
7/28/2023,11:52:00,25.5,72,1,2023-07-28 11:52:00,4,High
7/28/2023,11:52:05,25.5,72,1,2023-07-28 11:52:05,4,High
7/28/2023,11:52:09,25.5,72,1,2023-07-28 11:52:09,4,High
7/28/2023,11:52:18,25.5,72,0,2023-07-28 11:52:18,3,Medium
7/28/2023,11:52:23,25.5,72,0,2023-07-28 11:52:23,3,Medium
7/28/2023,11:52:27,25.6,72,1,2023-07-28 11:52:27,4,High
7/28/2023,11:52:36,25.6,72,2,2023-07-28 11:52:36,4,High
7/28/2023,11:52:41,25.6,72,2,2023-07-28 11:52:41,4,High
7/28/2023,11:52:45,25.6,72,2,2023-07-28 11:52:45,4,High
7/28/2023,11:52:50,25.6,72,3,2023-07-28 11:52:50,4,High
7/28/2023,11:52:58,25.6,72,0,2023-07-28 11:52:58,3,Medium
7/28/2023,11:53:03,25.6,72,3,2023-07-28 11:53:03,4,High
7/28/2023,11:53:08,25.7,72,0,2023-07-28 11:53:08,3,Medium
7/28/2023,11:53:12,25.7,72,0,2023-07-28 11:53:12,3,Medium
7/28/2023,11:53:16,25.7,72,0,2023-07-28 11:53:16,3,Medium
7/28/2023,11:53:20,25.7,72,0,2023-07-28 11:53:20,3,Medium
7/28/2023,11:53:25,25.7,72,0,2023-07-28 11:53:25,3,Medium
7/28/2023,11:53:29,25.7,72,0,2023-07-28 11:53:29,3,Medium
7/28/2023,11:53:34,25.7,72,0,2023-07-28 11:53:34,3,Medium
7/28/2023,11:53:38,25.7,72,0,2023-07-28 11:53:38,3,Medium
7/28/2023,11:53:42,25.7,72,0,2023-07-28 11:53:42,3,Medium
7/28/2023,11:53:47,25.7,72,0,2023-07-28 11:53:47,3,Medium
7/28/2023,11:53:51,25.7,71,0,2023-07-28 11:53:51,3,Medium
7/28/2023,11:53:55,25.7,72,0,2023-07-28 11:53:55,3,Medium
7/28/2023,11:53:59,25.8,72,0,2023-07-28 11:53:59,3,Medium
7/28/2023,11:54:03,25.8,72,0,2023-07-28 11:54:03,3,Medium
7/28/2023,11:54:07,25.8,71,0,2023-07-28 11:54:07,3,Medium
7/28/2023,11:54:11,25.8,71,0,2023-07-28 11:54:11,3,Medium
7/28/2023,11:54:15,25.8,71,0,2023-07-28 11:54:15,3,Medium
7/28/2023,11:54:19,25.8,71,0,2023-07-28 11:54:19,3,Medium
7/28/2023,11:54:24,25.8,71,0,2023-07-28 11:54:24,3,Medium
7/28/2023,11:54:28,25.8,71,0,2023-07-28 11:54:28,3,Medium
7/28/2023,11:54:32,25.8,71,0,2023-07-28 11:54:32,3,Medium
7/28/2023,11:54:36,25.8,71,0,2023-07-28 11:54:36,3,Medium
7/28/2023,11:54:41,25.8,71,0,2023-07-28 11:54:41,3,Medium
7/28/2023,11:54:45,25.9,71,0,2023-07-28 11:54:45,3,Medium
7/28/2023,11:54:49,25.9,71,0,2023-07-28 11:54:49,3,Medium
7/28/2023,11:54:53,25.9,71,0,2023-07-28 11:54:53,3,Medium
7/28/2023,11:54:57,25.9,71,0,2023-07-28 11:54:57,3,Medium
7/28/2023,11:55:02,25.9,71,0,2023-07-28 11:55:02,3,Medium
7/28/2023,11:55:06,25.9,71,0,2023-07-28 11:55:06,3,Medium
7/28/2023,11:55:10,25.9,71,0,2023-07-28 11:55:10,3,Medium
7/28/2023,11:55:14,25.9,71,0,2023-07-28 11:55:14,3,Medium
7/28/2023,11:55:19,25.9,71,0,2023-07-28 11:55:19,3,Medium
7/28/2023,11:55:24,25.9,71,0,2023-07-28 11:55:24,3,Medium
7/28/2023,11:55:28,25.9,71,0,2023-07-28 11:55:28,3,Medium
7/28/2023,11:55:32,25.9,71,0,2023-07-28 11:55:32,3,Medium
7/28/2023,11:55:36,25.9,71,0,2023-07-28 11:55:36,3,Medium
7/28/2023,11:55:40,25.9,71,0,2023-07-28 11:55:40,3,Medium
7/28/2023,11:55:44,25.9,71,0,2023-07-28 11:55:44,3,Medium
7/28/2023,11:55:48,25.9,71,0,2023-07-28 11:55:48,3,Medium
7/28/2023,11:55:53,26.0,71,0,2023-07-28 11:55:53,3,Medium
7/28/2023,11:55:57,26.0,71,0,2023-07-28 11:55:57,3,Medium
7/28/2023,11:56:02,26.0,71,0,2023-07-28 11:56:02,3,Medium
7/28/2023,11:56:06,26.0,71,0,2023-07-28 11:56:06,3,Medium
7/28/2023,11:56:10,26.0,71,0,2023-07-28 11:56:10,3,Medium
7/28/2023,11:56:15,26.0,71,0,2023-07-28 11:56:15,3,Medium
7/28/2023,11:56:19,26.0,71,0,2023-07-28 11:56:19,3,Medium
7/28/2023,11:56:23,26.0,71,0,2023-07-28 11:56:23,3,Medium
7/28/2023,11:56:27,26.0,71,0,2023-07-28 11:56:27,3,Medium
7/28/2023,11:56:32,26.0,71,0,2023-07-28 11:56:32,3,Medium
7/28/2023,11:56:36,26.0,71,0,2023-07-28 11:56:36,3,Medium
7/28/2023,11:56:40,26.0,71,0,2023-07-28 11:56:40,3,Medium
7/28/2023,11:56:44,26.0,71,0,2023-07-28 11:56:44,3,Medium
7/28/2023,11:56:48,26.1,71,0,2023-07-28 11:56:48,3,Medium
7/28/2023,11:56:53,26.1,71,0,2023-07-28 11:56:53,3,Medium
7/28/2023,11:56:57,26.1,71,0,2023-07-28 11:56:57,3,Medium
7/28/2023,11:57:01,26.1,71,0,2023-07-28 11:57:01,3,Medium
7/28/2023,11:57:05,26.1,71,0,2023-07-28 11:57:05,3,Medium
7/28/2023,11:57:10,26.1,71,0,2023-07-28 11:57:10,3,Medium
7/28/2023,11:57:14,26.1,71,0,2023-07-28 11:57:14,3,Medium
7/28/2023,11:57:18,26.1,71,0,2023-07-28 11:57:18,3,Medium
7/28/2023,11:57:23,26.1,70,0,2023-07-28 11:57:23,3,Medium
7/28/2023,11:57:28,26.1,70,0,2023-07-28 11:57:28,3,Medium
7/28/2023,11:57:32,26.1,71,0,2023-07-28 11:57:32,3,Medium
7/28/2023,11:57:36,26.1,71,0,2023-07-28 11:57:36,3,Medium
7/28/2023,11:57:41,26.1,70,0,2023-07-28 11:57:41,3,Medium
7/28/2023,11:57:45,26.1,70,0,2023-07-28 11:57:45,3,Medium
7/28/2023,11:57:50,26.1,70,0,2023-07-28 11:57:50,3,Medium
7/28/2023,11:57:54,26.1,70,0,2023-07-28 11:57:54,3,Medium
7/28/2023,11:57:58,26.1,70,0,2023-07-28 11:57:58,3,Medium
7/28/2023,11:58:03,26.1,70,0,2023-07-28 11:58:03,3,Medium
7/28/2023,11:58:07,26.1,70,0,2023-07-28 11:58:07,3,Medium
7/28/2023,11:58:12,26.1,71,0,2023-07-28 11:58:12,3,Medium
7/28/2023,11:58:16,26.2,71,0,2023-07-28 11:58:16,3,Medium
7/28/2023,11:58:21,26.2,71,0,2023-07-28 11:58:21,3,Medium
7/28/2023,11:58:25,26.2,71,0,2023-07-28 11:58:25,3,Medium
7/28/2023,11:58:30,26.2,71,0,2023-07-28 11:58:30,3,Medium
7/28/2023,11:58:35,26.2,71,0,2023-07-28 11:58:35,3,Medium
7/28/2023,11:58:39,26.2,71,0,2023-07-28 11:58:39,3,Medium
7/28/2023,11:58:43,26.2,70,0,2023-07-28 11:58:43,3,Medium
7/28/2023,11:58:47,26.2,70,0,2023-07-28 11:58:47,3,Medium
7/28/2023,11:58:52,26.2,70,0,2023-07-28 11:58:52,3,Medium
7/28/2023,11:58:56,26.2,70,0,2023-07-28 11:58:56,3,Medium
7/28/2023,11:59:00,26.2,70,0,2023-07-28 11:59:00,3,Medium
7/28/2023,11:59:04,26.2,70,0,2023-07-28 11:59:04,3,Medium
7/28/2023,11:59:09,26.2,70,0,2023-07-28 11:59:09,3,Medium
7/28/2023,11:59:13,26.2,70,0,2023-07-28 11:59:13,3,Medium
7/28/2023,11:59:18,26.2,70,0,2023-07-28 11:59:18,3,Medium
7/28/2023,11:59:22,26.2,70,0,2023-07-28 11:59:22,3,Medium
7/28/2023,11:59:27,26.2,70,0,2023-07-28 11:59:27,3,Medium
7/28/2023,11:59:32,26.2,70,0,2023-07-28 11:59:32,3,Medium
7/28/2023,11:59:36,26.3,70,0,2023-07-28 11:59:36,3,Medium
7/28/2023,11:59:41,26.3,70,0,2023-07-28 11:59:41,3,Medium
7/28/2023,11:59:45,26.3,70,0,2023-07-28 11:59:45,3,Medium
7/28/2023,11:59:50,26.3,70,0,2023-07-28 11:59:50,3,Medium
7/28/2023,11:59:55,26.3,70,0,2023-07-28 11:59:55,3,Medium
7/28/2023,11:59:59,26.3,70,0,2023-07-28 11:59:59,3,Medium
7/28/2023,12:00:04,26.3,70,0,2023-07-28 12:00:04,3,Medium
7/28/2023,12:00:08,26.3,70,0,2023-07-28 12:00:08,3,Medium
7/28/2023,12:00:13,26.3,70,0,2023-07-28 12:00:13,3,Medium
7/28/2023,12:00:17,26.3,70,0,2023-07-28 12:00:17,3,Medium
7/28/2023,12:00:22,26.3,70,0,2023-07-28 12:00:22,3,Medium
7/28/2023,12:00:26,26.3,70,0,2023-07-28 12:00:26,3,Medium
7/28/2023,12:00:30,26.3,70,4,2023-07-28 12:00:30,4,High
7/28/2023,12:00:39,26.3,70,0,2023-07-28 12:00:39,3,Medium
7/28/2023,12:00:44,26.3,70,4,2023-07-28 12:00:44,4,High
7/28/2023,12:00:53,26.3,70,3,2023-07-28 12:00:53,4,High
7/28/2023,12:01:02,26.3,70,0,2023-07-28 12:01:02,3,Medium
7/28/2023,12:01:07,26.3,70,0,2023-07-28 12:01:07,3,Medium
7/28/2023,12:01:12,26.3,70,0,2023-07-28 12:01:12,3,Medium
7/28/2023,12:01:16,26.3,70,0,2023-07-28 12:01:16,3,Medium
7/28/2023,12:01:20,26.4,70,0,2023-07-28 12:01:20,3,Medium
7/28/2023,12:01:25,26.3,70,0,2023-07-28 12:01:25,3,Medium
7/28/2023,12:01:29,26.4,70,0,2023-07-28 12:01:29,3,Medium
7/28/2023,12:01:34,26.4,70,0,2023-07-28 12:01:34,3,Medium
7/28/2023,12:01:39,26.4,70,0,2023-07-28 12:01:39,3,Medium
7/28/2023,12:01:43,26.4,70,0,2023-07-28 12:01:43,3,Medium
7/28/2023,12:01:48,26.4,70,0,2023-07-28 12:01:48,3,Medium
7/28/2023,12:01:52,26.4,70,0,2023-07-28 12:01:52,3,Medium
7/28/2023,12:01:57,26.4,70,0,2023-07-28 12:01:57,3,Medium
7/28/2023,12:02:01,26.4,69,0,2023-07-28 12:02:01,2,Medium
7/28/2023,12:02:05,26.4,69,0,2023-07-28 12:02:05,2,Medium
7/28/2023,12:02:10,26.4,70,0,2023-07-28 12:02:10,3,Medium
7/28/2023,12:02:14,26.4,69,0,2023-07-28 12:02:14,2,Medium
7/28/2023,12:02:18,26.4,69,0,2023-07-28 12:02:18,2,Medium
7/28/2023,12:02:22,26.4,69,0,2023-07-28 12:02:22,2,Medium
7/28/2023,12:02:27,26.4,69,0,2023-07-28 12:02:27,2,Medium
7/28/2023,12:02:31,26.4,69,0,2023-07-28 12:02:31,2,Medium
7/28/2023,12:02:36,26.4,69,0,2023-07-28 12:02:36,2,Medium
7/28/2023,12:02:40,26.4,69,0,2023-07-28 12:02:40,2,Medium
7/28/2023,12:02:44,26.4,69,0,2023-07-28 12:02:44,2,Medium
7/28/2023,12:02:49,26.4,69,0,2023-07-28 12:02:49,2,Medium
7/28/2023,12:02:53,26.4,69,0,2023-07-28 12:02:53,2,Medium
7/28/2023,12:02:57,26.4,69,0,2023-07-28 12:02:57,2,Medium
7/28/2023,12:03:01,26.4,69,0,2023-07-28 12:03:01,2,Medium
7/28/2023,12:03:06,26.4,69,0,2023-07-28 12:03:06,2,Medium
7/28/2023,12:03:11,26.4,69,0,2023-07-28 12:03:11,2,Medium
7/28/2023,12:03:16,26.4,69,0,2023-07-28 12:03:16,2,Medium
7/28/2023,12:03:20,26.4,69,0,2023-07-28 12:03:20,2,Medium
7/28/2023,12:03:25,26.4,69,0,2023-07-28 12:03:25,2,Medium
7/28/2023,12:03:29,26.4,69,0,2023-07-28 12:03:29,2,Medium
7/28/2023,12:03:33,26.4,69,0,2023-07-28 12:03:33,2,Medium
7/28/2023,12:03:37,26.4,69,0,2023-07-28 12:03:37,2,Medium
7/28/2023,12:03:42,26.4,69,0,2023-07-28 12:03:42,2,Medium
7/28/2023,12:03:46,26.4,69,0,2023-07-28 12:03:46,2,Medium
7/28/2023,12:03:50,26.4,69,0,2023-07-28 12:03:50,2,Medium
7/28/2023,12:03:55,26.4,70,0,2023-07-28 12:03:55,3,Medium
7/28/2023,12:03:59,26.5,70,0,2023-07-28 12:03:59,3,Medium
7/28/2023,12:04:03,26.5,70,0,2023-07-28 12:04:03,3,Medium
7/28/2023,12:04:08,26.5,70,0,2023-07-28 12:04:08,3,Medium
7/28/2023,12:04:13,26.5,70,0,2023-07-28 12:04:13,3,Medium
7/28/2023,12:04:17,26.5,69,0,2023-07-28 12:04:17,2,Medium
7/28/2023,12:04:22,26.5,70,0,2023-07-28 12:04:22,3,Medium
7/28/2023,12:04:33,26.5,69,0,2023-07-28 12:04:33,2,Medium
7/28/2023,12:04:38,26.5,69,0,2023-07-28 12:04:38,2,Medium
7/28/2023,12:04:43,26.5,69,0,2023-07-28 12:04:43,2,Medium
7/28/2023,12:04:47,26.5,70,0,2023-07-28 12:04:47,3,Medium
7/28/2023,12:04:52,26.5,70,0,2023-07-28 12:04:52,3,Medium
7/28/2023,12:04:56,26.5,70,0,2023-07-28 12:04:56,3,Medium
7/28/2023,12:05:01,26.5,70,0,2023-07-28 12:05:01,3,Medium
7/28/2023,12:05:05,26.6,70,0,2023-07-28 12:05:05,3,Medium
7/28/2023,12:05:09,26.6,70,1,2023-07-28 12:05:09,4,High
7/28/2023,12:05:14,26.6,70,1,2023-07-28 12:05:14,4,High
7/28/2023,12:05:18,26.6,70,1,2023-07-28 12:05:18,4,High
7/28/2023,12:05:22,26.6,70,1,2023-07-28 12:05:22,4,High
7/28/2023,12:05:26,26.6,70,1,2023-07-28 12:05:26,4,High
7/28/2023,12:05:35,26.6,69,1,2023-07-28 12:05:35,3,Medium
7/28/2023,12:05:40,26.6,69,1,2023-07-28 12:05:40,3,Medium
7/28/2023,12:05:44,26.6,69,1,2023-07-28 12:05:44,3,Medium
7/28/2023,12:05:48,26.6,69,1,2023-07-28 12:05:48,3,Medium
7/28/2023,12:05:52,26.6,69,1,2023-07-28 12:05:52,3,Medium
7/28/2023,12:05:56,26.6,69,1,2023-07-28 12:05:56,3,Medium
7/28/2023,12:06:05,26.6,69,2,2023-07-28 12:06:05,3,Medium
7/28/2023,12:06:09,26.6,69,2,2023-07-28 12:06:09,3,Medium
7/28/2023,12:06:14,26.6,69,2,2023-07-28 12:06:14,3,Medium
7/28/2023,12:06:18,26.6,68,2,2023-07-28 12:06:18,3,Medium
7/28/2023,12:06:22,26.6,68,2,2023-07-28 12:06:22,3,Medium
7/28/2023,12:06:31,26.6,68,0,2023-07-28 12:06:31,2,Medium
7/28/2023,12:06:35,26.7,68,0,2023-07-28 12:06:35,2,Medium
7/28/2023,12:06:40,26.7,68,0,2023-07-28 12:06:40,2,Medium
7/28/2023,12:06:44,26.7,68,0,2023-07-28 12:06:44,2,Medium
7/28/2023,12:06:49,26.7,68,0,2023-07-28 12:06:49,2,Medium
7/28/2023,12:06:53,26.7,68,0,2023-07-28 12:06:53,2,Medium
7/28/2023,12:06:59,26.7,68,0,2023-07-28 12:06:59,2,Medium
7/28/2023,12:07:03,26.7,68,0,2023-07-28 12:07:03,2,Medium
7/28/2023,12:07:07,26.7,68,0,2023-07-28 12:07:07,2,Medium
7/28/2023,12:07:11,26.7,68,0,2023-07-28 12:07:11,2,Medium
7/28/2023,12:07:15,26.7,68,0,2023-07-28 12:07:15,2,Medium
7/28/2023,12:07:19,26.7,68,0,2023-07-28 12:07:19,2,Medium
7/28/2023,12:07:24,26.7,68,0,2023-07-28 12:07:24,2,Medium
7/28/2023,12:07:28,26.7,68,0,2023-07-28 12:07:28,2,Medium
7/28/2023,12:07:32,26.7,68,0,2023-07-28 12:07:32,2,Medium
7/28/2023,12:07:36,26.7,68,0,2023-07-28 12:07:36,2,Medium
7/28/2023,12:07:40,26.7,68,0,2023-07-28 12:07:40,2,Medium
7/28/2023,12:07:44,26.7,68,0,2023-07-28 12:07:44,2,Medium
7/28/2023,12:07:48,26.7,68,0,2023-07-28 12:07:48,2,Medium
7/28/2023,12:07:52,26.7,68,0,2023-07-28 12:07:52,2,Medium
7/28/2023,12:07:57,26.7,69,0,2023-07-28 12:07:57,2,Medium
7/28/2023,12:08:01,26.7,69,0,2023-07-28 12:08:01,2,Medium
7/28/2023,12:08:06,26.7,69,0,2023-07-28 12:08:06,2,Medium
7/28/2023,12:08:10,26.7,69,0,2023-07-28 12:08:10,2,Medium
7/28/2023,12:08:15,26.7,69,0,2023-07-28 12:08:15,2,Medium
7/28/2023,12:08:19,26.7,69,0,2023-07-28 12:08:19,2,Medium
7/28/2023,12:08:23,26.7,69,0,2023-07-28 12:08:23,2,Medium
7/28/2023,12:08:27,26.7,68,0,2023-07-28 12:08:27,2,Medium
7/28/2023,12:08:32,26.7,68,0,2023-07-28 12:08:32,2,Medium
7/28/2023,12:08:36,26.7,68,0,2023-07-28 12:08:36,2,Medium
7/28/2023,12:08:40,26.7,68,0,2023-07-28 12:08:40,2,Medium
7/28/2023,12:08:44,26.7,68,0,2023-07-28 12:08:44,2,Medium
7/28/2023,12:08:49,26.7,68,0,2023-07-28 12:08:49,2,Medium
7/28/2023,12:08:54,26.7,68,0,2023-07-28 12:08:54,2,Medium
7/28/2023,12:08:58,26.7,68,0,2023-07-28 12:08:58,2,Medium
7/28/2023,12:09:02,26.7,68,0,2023-07-28 12:09:02,2,Medium
7/28/2023,12:09:07,26.7,68,0,2023-07-28 12:09:07,2,Medium
7/28/2023,12:09:11,26.7,67,0,2023-07-28 12:09:11,2,Medium
7/28/2023,12:09:15,26.7,67,0,2023-07-28 12:09:15,2,Medium
7/28/2023,12:09:19,26.7,67,0,2023-07-28 12:09:19,2,Medium
7/28/2023,12:09:23,26.7,67,0,2023-07-28 12:09:23,2,Medium
7/28/2023,12:09:28,26.7,67,0,2023-07-28 12:09:28,2,Medium
7/28/2023,12:09:33,26.7,68,0,2023-07-28 12:09:33,2,Medium
7/28/2023,12:09:38,26.8,67,0,2023-07-28 12:09:38,2,Medium
7/28/2023,12:09:42,26.7,67,0,2023-07-28 12:09:42,2,Medium
7/28/2023,12:09:47,26.7,67,0,2023-07-28 12:09:47,2,Medium
7/28/2023,12:09:52,26.7,67,0,2023-07-28 12:09:52,2,Medium
7/28/2023,12:09:56,26.7,67,0,2023-07-28 12:09:56,2,Medium
7/28/2023,12:10:00,26.7,67,0,2023-07-28 12:10:00,2,Medium
7/28/2023,12:10:05,26.7,67,0,2023-07-28 12:10:05,2,Medium
7/28/2023,12:10:09,26.7,67,0,2023-07-28 12:10:09,2,Medium
7/28/2023,12:10:20,26.7,67,0,2023-07-28 12:10:20,2,Medium
7/28/2023,12:10:24,26.7,67,0,2023-07-28 12:10:24,2,Medium
7/28/2023,12:10:29,26.7,67,0,2023-07-28 12:10:29,2,Medium
7/28/2023,12:10:33,26.7,67,0,2023-07-28 12:10:33,2,Medium
7/28/2023,12:10:38,26.7,67,0,2023-07-28 12:10:38,2,Medium
7/28/2023,12:10:42,26.7,67,0,2023-07-28 12:10:42,2,Medium
7/28/2023,12:10:47,26.7,67,0,2023-07-28 12:10:47,2,Medium
7/28/2023,12:10:51,26.7,67,0,2023-07-28 12:10:51,2,Medium
7/28/2023,12:10:56,26.7,67,0,2023-07-28 12:10:56,2,Medium
7/28/2023,12:11:00,26.7,67,0,2023-07-28 12:11:00,2,Medium
7/28/2023,12:11:04,26.7,67,0,2023-07-28 12:11:04,2,Medium
7/28/2023,12:11:09,26.7,67,0,2023-07-28 12:11:09,2,Medium
7/28/2023,12:11:13,26.7,67,0,2023-07-28 12:11:13,2,Medium
7/28/2023,12:11:17,26.7,67,0,2023-07-28 12:11:17,2,Medium
7/28/2023,12:11:21,26.7,67,0,2023-07-28 12:11:21,2,Medium
7/28/2023,12:11:25,26.7,67,0,2023-07-28 12:11:25,2,Medium
7/28/2023,12:11:29,26.7,67,0,2023-07-28 12:11:29,2,Medium
7/28/2023,12:11:33,26.7,66,0,2023-07-28 12:11:33,2,Medium
7/28/2023,12:11:37,26.7,67,0,2023-07-28 12:11:37,2,Medium
7/28/2023,12:11:42,26.7,67,0,2023-07-28 12:11:42,2,Medium
7/28/2023,12:11:47,26.7,67,0,2023-07-28 12:11:47,2,Medium
7/28/2023,12:11:51,26.7,67,0,2023-07-28 12:11:51,2,Medium
7/28/2023,12:11:55,26.7,67,0,2023-07-28 12:11:55,2,Medium
7/28/2023,12:11:59,26.7,67,0,2023-07-28 12:11:59,2,Medium
7/28/2023,12:12:04,26.7,67,0,2023-07-28 12:12:04,2,Medium
7/28/2023,12:12:08,26.7,67,0,2023-07-28 12:12:08,2,Medium
7/28/2023,12:12:12,26.7,67,0,2023-07-28 12:12:12,2,Medium
7/28/2023,12:12:17,26.7,67,0,2023-07-28 12:12:17,2,Medium
7/28/2023,12:12:21,26.7,67,0,2023-07-28 12:12:21,2,Medium
7/28/2023,12:12:25,26.7,67,0,2023-07-28 12:12:25,2,Medium
7/28/2023,12:12:29,26.7,67,0,2023-07-28 12:12:29,2,Medium
7/28/2023,12:12:34,26.7,67,0,2023-07-28 12:12:34,2,Medium
7/28/2023,12:12:38,26.7,67,0,2023-07-28 12:12:38,2,Medium
7/28/2023,12:12:43,26.7,67,0,2023-07-28 12:12:43,2,Medium
7/28/2023,12:12:48,26.7,67,0,2023-07-28 12:12:48,2,Medium
7/28/2023,12:12:52,26.7,67,0,2023-07-28 12:12:52,2,Medium
7/28/2023,12:12:57,26.7,67,0,2023-07-28 12:12:57,2,Medium
7/28/2023,12:13:01,26.7,67,0,2023-07-28 12:13:01,2,Medium
7/28/2023,12:13:06,26.7,67,0,2023-07-28 12:13:06,2,Medium
7/28/2023,12:13:11,26.7,67,0,2023-07-28 12:13:11,2,Medium
7/28/2023,12:13:15,26.7,67,0,2023-07-28 12:13:15,2,Medium
7/28/2023,12:13:19,26.7,67,0,2023-07-28 12:13:19,2,Medium
7/28/2023,12:13:23,26.7,67,0,2023-07-28 12:13:23,2,Medium
7/28/2023,12:13:27,26.7,67,0,2023-07-28 12:13:27,2,Medium
7/28/2023,12:13:31,26.7,67,0,2023-07-28 12:13:31,2,Medium
7/28/2023,12:13:35,26.7,67,0,2023-07-28 12:13:35,2,Medium
7/28/2023,12:13:39,26.7,67,0,2023-07-28 12:13:39,2,Medium
7/28/2023,12:13:43,26.8,67,0,2023-07-28 12:13:43,2,Medium
7/28/2023,12:13:47,26.7,67,0,2023-07-28 12:13:47,2,Medium
7/28/2023,12:13:51,26.8,67,0,2023-07-28 12:13:51,2,Medium
7/28/2023,12:13:55,26.7,67,0,2023-07-28 12:13:55,2,Medium
7/28/2023,12:14:00,26.8,67,0,2023-07-28 12:14:00,2,Medium
7/28/2023,12:14:05,26.8,67,0,2023-07-28 12:14:05,2,Medium
7/28/2023,12:14:09,26.8,67,0,2023-07-28 12:14:09,2,Medium
7/28/2023,12:14:13,26.8,67,0,2023-07-28 12:14:13,2,Medium
7/28/2023,12:14:18,26.8,67,0,2023-07-28 12:14:18,2,Medium
7/28/2023,12:14:22,26.8,68,0,2023-07-28 12:14:22,2,Medium
7/28/2023,12:14:27,26.8,68,0,2023-07-28 12:14:27,2,Medium
7/28/2023,12:14:31,26.8,68,0,2023-07-28 12:14:31,2,Medium
7/28/2023,12:14:36,26.8,68,0,2023-07-28 12:14:36,2,Medium
7/28/2023,12:14:40,26.8,67,0,2023-07-28 12:14:40,2,Medium
7/28/2023,12:14:44,26.8,67,0,2023-07-28 12:14:44,2,Medium
7/28/2023,12:14:48,26.8,67,0,2023-07-28 12:14:48,2,Medium
7/28/2023,12:14:52,26.8,67,0,2023-07-28 12:14:52,2,Medium
7/28/2023,12:14:56,26.8,67,0,2023-07-28 12:14:56,2,Medium
7/28/2023,12:15:01,26.8,67,0,2023-07-28 12:15:01,2,Medium
7/28/2023,12:15:05,26.8,67,0,2023-07-28 12:15:05,2,Medium
7/28/2023,12:15:09,26.8,67,0,2023-07-28 12:15:09,2,Medium
7/28/2023,12:15:13,26.8,68,0,2023-07-28 12:15:13,2,Medium
7/28/2023,12:15:17,26.8,68,0,2023-07-28 12:15:17,2,Medium
7/28/2023,12:15:22,26.8,68,0,2023-07-28 12:15:22,2,Medium
7/28/2023,12:15:26,26.8,68,0,2023-07-28 12:15:26,2,Medium
7/28/2023,12:15:30,26.8,68,0,2023-07-28 12:15:30,2,Medium
7/28/2023,12:15:35,26.8,68,0,2023-07-28 12:15:35,2,Medium
7/28/2023,12:15:39,26.8,68,0,2023-07-28 12:15:39,2,Medium
7/28/2023,12:15:43,26.8,68,0,2023-07-28 12:15:43,2,Medium
7/28/2023,12:15:47,26.8,68,0,2023-07-28 12:15:47,2,Medium
7/28/2023,12:15:51,26.8,68,0,2023-07-28 12:15:51,2,Medium
7/28/2023,12:15:55,26.8,67,0,2023-07-28 12:15:55,2,Medium
7/28/2023,12:15:59,26.8,67,0,2023-07-28 12:15:59,2,Medium
7/28/2023,12:16:04,26.8,67,0,2023-07-28 12:16:04,2,Medium
7/28/2023,12:16:09,26.8,67,0,2023-07-28 12:16:09,2,Medium
7/28/2023,12:16:13,26.8,67,0,2023-07-28 12:16:13,2,Medium
7/28/2023,12:16:17,26.8,67,0,2023-07-28 12:16:17,2,Medium
7/28/2023,12:16:22,26.8,67,0,2023-07-28 12:16:22,2,Medium
7/28/2023,12:16:26,26.8,67,0,2023-07-28 12:16:26,2,Medium
7/28/2023,12:16:30,26.8,67,0,2023-07-28 12:16:30,2,Medium
7/28/2023,12:16:33,26.8,67,0,2023-07-28 12:16:33,2,Medium
7/28/2023,12:16:38,26.8,67,0,2023-07-28 12:16:38,2,Medium
7/28/2023,12:16:42,26.8,67,0,2023-07-28 12:16:42,2,Medium
7/28/2023,12:16:47,26.8,67,0,2023-07-28 12:16:47,2,Medium
7/28/2023,12:16:51,26.8,66,0,2023-07-28 12:16:51,2,Medium
7/28/2023,12:16:56,26.8,66,0,2023-07-28 12:16:56,2,Medium
7/28/2023,12:17:01,26.8,67,0,2023-07-28 12:17:01,2,Medium
7/28/2023,12:17:05,26.8,67,0,2023-07-28 12:17:05,2,Medium
7/28/2023,12:17:10,26.8,67,0,2023-07-28 12:17:10,2,Medium
7/28/2023,12:17:15,26.8,66,0,2023-07-28 12:17:15,2,Medium
7/28/2023,12:17:19,26.8,67,0,2023-07-28 12:17:19,2,Medium
7/28/2023,12:17:24,26.8,67,0,2023-07-28 12:17:24,2,Medium
7/28/2023,12:17:28,26.8,66,0,2023-07-28 12:17:28,2,Medium
7/28/2023,12:17:32,26.8,66,0,2023-07-28 12:17:32,2,Medium
7/28/2023,12:17:37,26.8,66,0,2023-07-28 12:17:37,2,Medium
7/28/2023,12:17:41,26.8,66,0,2023-07-28 12:17:41,2,Medium
7/28/2023,12:17:45,26.8,66,0,2023-07-28 12:17:45,2,Medium
7/28/2023,12:17:49,26.8,66,0,2023-07-28 12:17:49,2,Medium
7/28/2023,12:17:54,26.8,66,0,2023-07-28 12:17:54,2,Medium
7/28/2023,12:17:58,26.8,66,0,2023-07-28 12:17:58,2,Medium
7/28/2023,12:18:02,26.8,66,0,2023-07-28 12:18:02,2,Medium
7/28/2023,12:18:07,26.8,66,0,2023-07-28 12:18:07,2,Medium
7/28/2023,12:18:11,26.8,66,0,2023-07-28 12:18:11,2,Medium
7/28/2023,12:18:15,26.8,66,0,2023-07-28 12:18:15,2,Medium
7/28/2023,12:18:20,26.8,66,0,2023-07-28 12:18:20,2,Medium
7/28/2023,12:18:24,26.8,66,0,2023-07-28 12:18:24,2,Medium
7/28/2023,12:18:28,26.8,66,0,2023-07-28 12:18:28,2,Medium
7/28/2023,12:18:32,26.8,66,2,2023-07-28 12:18:32,3,Medium
7/28/2023,12:18:36,26.8,66,3,2023-07-28 12:18:36,3,Medium
7/28/2023,12:18:41,26.8,66,4,2023-07-28 12:18:41,3,Medium
7/28/2023,12:18:50,26.8,66,3,2023-07-28 12:18:50,3,Medium
7/28/2023,12:18:54,26.8,66,3,2023-07-28 12:18:54,3,Medium
7/28/2023,12:18:58,26.8,66,4,2023-07-28 12:18:58,3,Medium
7/28/2023,12:19:08,26.8,66,0,2023-07-28 12:19:08,2,Medium
7/28/2023,12:19:12,26.8,66,0,2023-07-28 12:19:12,2,Medium
7/28/2023,12:19:17,26.8,66,0,2023-07-28 12:19:17,2,Medium
7/28/2023,12:19:21,26.8,66,0,2023-07-28 12:19:21,2,Medium
7/28/2023,12:19:25,26.8,66,0,2023-07-28 12:19:25,2,Medium
7/28/2023,12:19:29,26.8,66,0,2023-07-28 12:19:29,2,Medium
7/28/2023,12:19:33,26.8,66,0,2023-07-28 12:19:33,2,Medium
7/28/2023,12:19:37,26.8,66,0,2023-07-28 12:19:37,2,Medium
7/28/2023,12:19:42,26.8,66,0,2023-07-28 12:19:42,2,Medium
7/28/2023,12:19:46,26.8,66,0,2023-07-28 12:19:46,2,Medium
7/28/2023,12:19:50,26.8,66,0,2023-07-28 12:19:50,2,Medium
7/28/2023,12:19:55,26.8,66,0,2023-07-28 12:19:55,2,Medium
7/28/2023,12:19:59,26.8,66,0,2023-07-28 12:19:59,2,Medium
7/28/2023,12:20:04,26.8,66,0,2023-07-28 12:20:04,2,Medium
7/28/2023,12:20:08,26.8,66,0,2023-07-28 12:20:08,2,Medium
7/28/2023,12:20:13,26.8,66,0,2023-07-28 12:20:13,2,Medium
7/28/2023,12:20:17,26.8,66,0,2023-07-28 12:20:17,2,Medium
7/28/2023,12:20:21,26.8,66,0,2023-07-28 12:20:21,2,Medium
7/28/2023,12:20:26,26.8,66,0,2023-07-28 12:20:26,2,Medium
7/28/2023,12:20:30,26.8,66,0,2023-07-28 12:20:30,2,Medium
7/28/2023,12:20:35,26.8,66,0,2023-07-28 12:20:35,2,Medium
7/28/2023,12:20:39,26.8,66,0,2023-07-28 12:20:39,2,Medium
7/28/2023,12:20:43,26.8,66,0,2023-07-28 12:20:43,2,Medium
7/28/2023,12:20:47,26.8,66,0,2023-07-28 12:20:47,2,Medium
7/28/2023,12:20:51,26.8,66,0,2023-07-28 12:20:51,2,Medium
7/30/2023,9:12:29,25.4,71,0,2023-07-30 09:12:29,3,Medium
7/30/2023,9:12:34,25.4,71,0,2023-07-30 09:12:34,3,Medium
7/30/2023,9:12:38,25.4,71,0,2023-07-30 09:12:38,3,Medium
7/30/2023,9:12:42,25.4,71,0,2023-07-30 09:12:42,3,Medium
7/30/2023,9:12:46,25.4,71,0,2023-07-30 09:12:46,3,Medium
7/30/2023,9:12:50,25.4,71,0,2023-07-30 09:12:50,3,Medium
7/30/2023,9:13:12,25.4,71,0,2023-07-30 09:13:12,3,Medium
7/30/2023,9:13:17,25.4,71,0,2023-07-30 09:13:17,3,Medium
7/30/2023,9:13:21,25.4,71,0,2023-07-30 09:13:21,3,Medium
7/30/2023,9:13:26,25.4,71,0,2023-07-30 09:13:26,3,Medium
7/30/2023,9:13:30,25.4,71,0,2023-07-30 09:13:30,3,Medium
7/30/2023,9:13:35,25.4,71,0,2023-07-30 09:13:35,3,Medium
7/30/2023,9:13:39,25.4,71,0,2023-07-30 09:13:39,3,Medium
7/30/2023,9:13:44,25.4,71,0,2023-07-30 09:13:44,3,Medium
7/30/2023,9:13:48,25.4,71,0,2023-07-30 09:13:48,3,Medium
7/30/2023,9:13:52,25.4,71,0,2023-07-30 09:13:52,3,Medium
7/30/2023,9:13:57,25.4,71,0,2023-07-30 09:13:57,3,Medium
7/30/2023,9:14:02,25.4,71,0,2023-07-30 09:14:02,3,Medium
7/30/2023,9:14:06,25.4,71,0,2023-07-30 09:14:06,3,Medium
7/30/2023,9:14:10,25.4,71,0,2023-07-30 09:14:10,3,Medium
7/30/2023,9:14:14,25.4,71,0,2023-07-30 09:14:14,3,Medium
7/30/2023,9:14:18,25.4,71,0,2023-07-30 09:14:18,3,Medium
7/30/2023,9:14:23,25.4,71,0,2023-07-30 09:14:23,3,Medium
7/30/2023,9:14:27,25.4,71,0,2023-07-30 09:14:27,3,Medium
7/30/2023,9:14:32,25.4,71,0,2023-07-30 09:14:32,3,Medium
7/30/2023,9:14:36,25.4,71,0,2023-07-30 09:14:36,3,Medium
7/30/2023,9:14:40,25.4,71,0,2023-07-30 09:14:40,3,Medium
7/30/2023,9:14:44,25.4,71,0,2023-07-30 09:14:44,3,Medium
7/30/2023,9:14:48,25.4,71,0,2023-07-30 09:14:48,3,Medium
7/30/2023,9:14:52,25.4,71,0,2023-07-30 09:14:52,3,Medium
7/30/2023,9:14:56,25.4,71,0,2023-07-30 09:14:56,3,Medium
7/30/2023,9:15:01,25.4,71,0,2023-07-30 09:15:01,3,Medium
7/30/2023,9:15:05,25.4,71,0,2023-07-30 09:15:05,3,Medium
7/30/2023,9:15:10,25.4,71,0,2023-07-30 09:15:10,3,Medium
7/30/2023,9:15:14,25.4,71,0,2023-07-30 09:15:14,3,Medium
7/30/2023,9:15:18,25.4,71,0,2023-07-30 09:15:18,3,Medium
7/30/2023,9:15:23,25.4,71,0,2023-07-30 09:15:23,3,Medium
7/30/2023,9:15:27,25.4,71,0,2023-07-30 09:15:27,3,Medium
7/30/2023,9:15:31,25.4,71,0,2023-07-30 09:15:31,3,Medium
7/30/2023,9:15:35,25.4,71,0,2023-07-30 09:15:35,3,Medium
7/30/2023,9:15:40,25.4,71,0,2023-07-30 09:15:40,3,Medium
7/30/2023,9:15:43,25.4,71,0,2023-07-30 09:15:43,3,Medium
7/30/2023,9:15:48,25.4,71,0,2023-07-30 09:15:48,3,Medium
7/30/2023,9:15:52,25.4,71,0,2023-07-30 09:15:52,3,Medium
7/30/2023,9:15:56,25.4,71,0,2023-07-30 09:15:56,3,Medium
7/30/2023,9:16:01,25.4,71,0,2023-07-30 09:16:01,3,Medium
7/30/2023,9:16:05,25.4,71,0,2023-07-30 09:16:05,3,Medium
7/30/2023,9:16:09,25.4,71,0,2023-07-30 09:16:09,3,Medium
7/30/2023,9:16:13,25.4,71,0,2023-07-30 09:16:13,3,Medium
7/30/2023,9:16:18,25.4,71,0,2023-07-30 09:16:18,3,Medium
7/30/2023,9:16:22,25.4,71,0,2023-07-30 09:16:22,3,Medium
7/30/2023,9:16:26,25.4,71,0,2023-07-30 09:16:26,3,Medium
7/30/2023,9:16:31,25.4,71,0,2023-07-30 09:16:31,3,Medium
7/30/2023,9:16:35,25.4,71,0,2023-07-30 09:16:35,3,Medium
7/30/2023,9:16:39,25.4,71,0,2023-07-30 09:16:39,3,Medium
7/30/2023,9:16:44,25.4,71,0,2023-07-30 09:16:44,3,Medium
7/30/2023,9:16:48,25.4,71,0,2023-07-30 09:16:48,3,Medium
7/30/2023,9:16:52,25.4,71,0,2023-07-30 09:16:52,3,Medium
7/30/2023,9:16:57,25.4,71,0,2023-07-30 09:16:57,3,Medium
7/30/2023,9:17:01,25.4,71,0,2023-07-30 09:17:01,3,Medium
7/30/2023,9:17:06,25.4,71,0,2023-07-30 09:17:06,3,Medium
7/30/2023,9:17:10,25.4,71,0,2023-07-30 09:17:10,3,Medium
7/30/2023,9:17:14,25.4,71,0,2023-07-30 09:17:14,3,Medium
7/30/2023,9:17:19,25.4,71,0,2023-07-30 09:17:19,3,Medium
7/30/2023,9:17:23,25.4,71,0,2023-07-30 09:17:23,3,Medium
7/30/2023,9:17:27,25.4,71,0,2023-07-30 09:17:27,3,Medium
7/30/2023,9:17:31,25.4,71,0,2023-07-30 09:17:31,3,Medium
7/30/2023,9:17:35,25.4,71,0,2023-07-30 09:17:35,3,Medium
7/30/2023,9:17:39,25.4,71,0,2023-07-30 09:17:39,3,Medium
7/30/2023,9:17:44,25.4,71,0,2023-07-30 09:17:44,3,Medium
7/30/2023,9:17:48,25.4,71,0,2023-07-30 09:17:48,3,Medium
7/30/2023,9:17:53,25.4,71,0,2023-07-30 09:17:53,3,Medium
7/30/2023,9:17:57,25.4,71,0,2023-07-30 09:17:57,3,Medium
7/30/2023,9:18:01,25.4,71,0,2023-07-30 09:18:01,3,Medium
7/30/2023,9:18:06,25.4,71,0,2023-07-30 09:18:06,3,Medium
7/30/2023,9:18:10,25.4,71,0,2023-07-30 09:18:10,3,Medium
7/30/2023,9:18:14,25.4,71,0,2023-07-30 09:18:14,3,Medium
7/30/2023,9:18:19,25.4,71,0,2023-07-30 09:18:19,3,Medium
7/30/2023,9:18:23,25.4,71,0,2023-07-30 09:18:23,3,Medium
7/30/2023,9:18:27,25.4,71,0,2023-07-30 09:18:27,3,Medium
7/30/2023,9:18:31,25.4,71,0,2023-07-30 09:18:31,3,Medium
7/30/2023,9:18:36,25.4,71,0,2023-07-30 09:18:36,3,Medium
7/30/2023,9:18:40,25.4,71,0,2023-07-30 09:18:40,3,Medium
7/30/2023,9:18:44,25.4,70,0,2023-07-30 09:18:44,3,Medium
7/30/2023,9:18:53,25.4,70,2,2023-07-30 09:18:53,4,High
7/30/2023,9:18:57,25.4,70,2,2023-07-30 09:18:57,4,High
7/30/2023,9:19:01,25.4,70,4,2023-07-30 09:19:01,4,High
7/30/2023,9:19:06,25.4,70,4,2023-07-30 09:19:06,4,High
7/30/2023,9:19:10,25.4,70,4,2023-07-30 09:19:10,4,High
7/30/2023,9:19:19,25.4,71,3,2023-07-30 09:19:19,4,High
7/30/2023,9:19:27,25.4,70,0,2023-07-30 09:19:27,3,Medium
7/30/2023,9:19:32,25.4,70,0,2023-07-30 09:19:32,3,Medium
7/30/2023,9:19:36,25.4,70,0,2023-07-30 09:19:36,3,Medium
7/30/2023,9:19:40,25.4,70,0,2023-07-30 09:19:40,3,Medium
7/30/2023,9:19:45,25.4,70,0,2023-07-30 09:19:45,3,Medium
7/30/2023,9:19:49,25.4,70,0,2023-07-30 09:19:49,3,Medium
7/30/2023,9:19:54,25.4,70,0,2023-07-30 09:19:54,3,Medium
7/30/2023,9:19:58,25.4,70,0,2023-07-30 09:19:58,3,Medium
7/30/2023,9:20:03,25.4,70,0,2023-07-30 09:20:03,3,Medium
7/30/2023,9:20:08,25.4,70,0,2023-07-30 09:20:08,3,Medium
7/30/2023,9:20:12,25.4,70,0,2023-07-30 09:20:12,3,Medium
7/30/2023,9:20:17,25.4,70,0,2023-07-30 09:20:17,3,Medium
7/30/2023,9:20:21,25.4,70,0,2023-07-30 09:20:21,3,Medium
7/30/2023,9:20:25,25.4,70,0,2023-07-30 09:20:25,3,Medium
7/30/2023,9:20:30,25.4,70,0,2023-07-30 09:20:30,3,Medium
7/30/2023,9:20:34,25.4,70,0,2023-07-30 09:20:34,3,Medium
7/30/2023,9:20:39,25.4,70,0,2023-07-30 09:20:39,3,Medium
7/30/2023,9:20:43,25.4,70,0,2023-07-30 09:20:43,3,Medium
7/30/2023,9:20:48,25.4,70,0,2023-07-30 09:20:48,3,Medium
7/30/2023,9:20:52,25.4,70,0,2023-07-30 09:20:52,3,Medium
7/30/2023,9:20:57,25.4,70,0,2023-07-30 09:20:57,3,Medium
7/30/2023,9:21:02,25.4,70,0,2023-07-30 09:21:02,3,Medium
7/30/2023,9:21:07,25.4,70,0,2023-07-30 09:21:07,3,Medium
7/30/2023,9:21:12,25.4,70,0,2023-07-30 09:21:12,3,Medium
7/30/2023,9:21:16,25.4,70,0,2023-07-30 09:21:16,3,Medium
7/30/2023,9:21:20,25.4,70,0,2023-07-30 09:21:20,3,Medium
7/30/2023,9:21:25,25.4,70,0,2023-07-30 09:21:25,3,Medium
7/30/2023,9:21:29,25.4,70,0,2023-07-30 09:21:29,3,Medium
7/30/2023,9:21:34,25.4,70,0,2023-07-30 09:21:34,3,Medium
7/30/2023,9:21:38,25.4,70,0,2023-07-30 09:21:38,3,Medium
7/30/2023,9:21:42,25.4,70,0,2023-07-30 09:21:42,3,Medium
7/30/2023,9:21:46,25.4,70,0,2023-07-30 09:21:46,3,Medium
7/30/2023,9:21:50,25.4,70,0,2023-07-30 09:21:50,3,Medium
7/30/2023,9:21:55,25.4,70,0,2023-07-30 09:21:55,3,Medium
7/30/2023,9:21:59,25.4,70,0,2023-07-30 09:21:59,3,Medium
7/30/2023,9:22:03,25.3,70,0,2023-07-30 09:22:03,3,Medium
7/30/2023,9:22:07,25.4,70,0,2023-07-30 09:22:07,3,Medium
7/30/2023,9:22:12,25.3,70,0,2023-07-30 09:22:12,3,Medium
7/30/2023,9:22:16,25.3,70,0,2023-07-30 09:22:16,3,Medium
7/30/2023,9:22:21,25.4,70,0,2023-07-30 09:22:21,3,Medium
7/30/2023,9:22:25,25.4,70,0,2023-07-30 09:22:25,3,Medium
7/30/2023,9:22:29,25.4,70,0,2023-07-30 09:22:29,3,Medium
7/30/2023,9:22:33,25.3,70,0,2023-07-30 09:22:33,3,Medium
7/30/2023,9:22:37,25.3,70,0,2023-07-30 09:22:37,3,Medium
7/30/2023,9:22:41,25.4,70,0,2023-07-30 09:22:41,3,Medium
7/30/2023,9:22:45,25.3,70,0,2023-07-30 09:22:45,3,Medium
7/30/2023,9:22:50,25.3,70,0,2023-07-30 09:22:50,3,Medium
7/30/2023,9:22:54,25.3,70,0,2023-07-30 09:22:54,3,Medium
7/30/2023,9:22:59,25.3,70,0,2023-07-30 09:22:59,3,Medium
7/30/2023,9:23:03,25.3,70,0,2023-07-30 09:23:03,3,Medium
7/30/2023,9:23:08,25.3,70,0,2023-07-30 09:23:08,3,Medium
7/30/2023,9:23:12,25.3,70,0,2023-07-30 09:23:12,3,Medium
7/30/2023,9:23:16,25.3,70,0,2023-07-30 09:23:16,3,Medium
7/30/2023,9:23:20,25.3,70,0,2023-07-30 09:23:20,3,Medium
7/30/2023,9:23:24,25.3,70,0,2023-07-30 09:23:24,3,Medium
7/30/2023,9:23:29,25.3,70,0,2023-07-30 09:23:29,3,Medium
7/30/2023,9:23:33,25.3,70,0,2023-07-30 09:23:33,3,Medium
7/30/2023,9:23:37,25.3,70,0,2023-07-30 09:23:37,3,Medium
7/30/2023,9:23:41,25.3,70,0,2023-07-30 09:23:41,3,Medium
7/30/2023,9:23:45,25.3,70,0,2023-07-30 09:23:45,3,Medium
7/30/2023,9:23:49,25.3,70,0,2023-07-30 09:23:49,3,Medium
7/30/2023,9:23:54,25.3,70,0,2023-07-30 09:23:54,3,Medium
7/30/2023,9:23:58,25.3,70,0,2023-07-30 09:23:58,3,Medium
7/30/2023,9:24:03,25.3,70,0,2023-07-30 09:24:03,3,Medium
7/30/2023,9:24:07,25.3,70,0,2023-07-30 09:24:07,3,Medium
7/30/2023,9:24:11,25.3,70,0,2023-07-30 09:24:11,3,Medium
7/30/2023,9:24:16,25.3,70,0,2023-07-30 09:24:16,3,Medium
7/30/2023,9:24:20,25.3,70,0,2023-07-30 09:24:20,3,Medium
7/30/2023,9:24:24,25.3,70,0,2023-07-30 09:24:24,3,Medium
7/30/2023,9:24:28,25.3,70,0,2023-07-30 09:24:28,3,Medium
7/30/2023,9:24:32,25.3,70,0,2023-07-30 09:24:32,3,Medium
7/30/2023,9:24:36,25.3,70,0,2023-07-30 09:24:36,3,Medium
7/30/2023,9:24:40,25.3,70,0,2023-07-30 09:24:40,3,Medium
7/30/2023,9:24:44,25.3,70,0,2023-07-30 09:24:44,3,Medium
7/30/2023,9:24:48,25.3,70,0,2023-07-30 09:24:48,3,Medium
7/30/2023,9:24:52,25.3,70,0,2023-07-30 09:24:52,3,Medium
7/30/2023,9:24:56,25.3,70,0,2023-07-30 09:24:56,3,Medium
7/30/2023,9:25:01,25.3,70,0,2023-07-30 09:25:01,3,Medium
7/30/2023,9:25:05,25.3,70,0,2023-07-30 09:25:05,3,Medium
7/30/2023,9:25:09,25.3,70,0,2023-07-30 09:25:09,3,Medium
7/30/2023,9:25:13,25.3,70,0,2023-07-30 09:25:13,3,Medium
7/30/2023,9:25:17,25.3,70,0,2023-07-30 09:25:17,3,Medium
7/30/2023,9:25:20,25.3,70,0,2023-07-30 09:25:20,3,Medium
7/30/2023,9:25:24,25.3,70,0,2023-07-30 09:25:24,3,Medium
7/30/2023,9:25:28,25.3,70,0,2023-07-30 09:25:28,3,Medium
7/30/2023,9:25:32,25.3,70,0,2023-07-30 09:25:32,3,Medium
7/30/2023,9:25:37,25.3,70,0,2023-07-30 09:25:37,3,Medium
7/30/2023,9:25:41,25.3,70,0,2023-07-30 09:25:41,3,Medium
7/30/2023,9:25:45,25.3,70,0,2023-07-30 09:25:45,3,Medium
7/30/2023,9:25:49,25.3,70,0,2023-07-30 09:25:49,3,Medium
7/30/2023,9:25:53,25.3,70,0,2023-07-30 09:25:53,3,Medium
7/30/2023,9:25:57,25.3,70,0,2023-07-30 09:25:57,3,Medium
7/30/2023,9:26:02,25.3,70,0,2023-07-30 09:26:02,3,Medium
7/30/2023,9:26:06,25.3,70,0,2023-07-30 09:26:06,3,Medium
7/30/2023,9:26:11,25.3,70,0,2023-07-30 09:26:11,3,Medium
7/30/2023,9:26:15,25.3,70,0,2023-07-30 09:26:15,3,Medium
7/30/2023,9:26:19,25.3,70,0,2023-07-30 09:26:19,3,Medium
7/30/2023,9:26:23,25.3,70,0,2023-07-30 09:26:23,3,Medium
7/30/2023,9:26:27,25.3,70,0,2023-07-30 09:26:27,3,Medium
7/30/2023,9:26:31,25.3,70,0,2023-07-30 09:26:31,3,Medium
7/30/2023,9:26:35,25.3,70,0,2023-07-30 09:26:35,3,Medium
7/30/2023,9:26:39,25.3,70,0,2023-07-30 09:26:39,3,Medium
7/30/2023,9:26:44,25.3,70,0,2023-07-30 09:26:44,3,Medium
7/30/2023,9:26:48,25.3,70,0,2023-07-30 09:26:48,3,Medium
7/30/2023,9:26:53,25.3,70,0,2023-07-30 09:26:53,3,Medium
7/30/2023,9:26:58,25.3,70,0,2023-07-30 09:26:58,3,Medium
7/30/2023,9:27:02,25.3,70,0,2023-07-30 09:27:02,3,Medium
7/30/2023,9:27:06,25.3,70,0,2023-07-30 09:27:06,3,Medium
7/30/2023,9:27:11,25.3,70,0,2023-07-30 09:27:11,3,Medium
7/30/2023,9:27:16,25.3,70,0,2023-07-30 09:27:16,3,Medium
7/30/2023,9:27:21,25.3,70,0,2023-07-30 09:27:21,3,Medium
7/30/2023,9:27:25,25.3,70,0,2023-07-30 09:27:25,3,Medium
7/30/2023,9:27:29,25.3,70,0,2023-07-30 09:27:29,3,Medium
7/30/2023,9:27:33,25.3,70,0,2023-07-30 09:27:33,3,Medium
7/30/2023,9:27:38,25.3,70,0,2023-07-30 09:27:38,3,Medium
7/30/2023,9:27:42,25.3,70,0,2023-07-30 09:27:42,3,Medium
7/30/2023,9:27:46,25.3,70,0,2023-07-30 09:27:46,3,Medium
7/30/2023,9:27:51,25.3,70,0,2023-07-30 09:27:51,3,Medium
7/30/2023,9:27:55,25.3,70,0,2023-07-30 09:27:55,3,Medium
7/30/2023,9:28:00,25.3,70,0,2023-07-30 09:28:00,3,Medium
7/30/2023,9:28:04,25.3,70,0,2023-07-30 09:28:04,3,Medium
7/30/2023,9:28:08,25.3,70,0,2023-07-30 09:28:08,3,Medium
7/30/2023,9:28:12,25.3,70,0,2023-07-30 09:28:12,3,Medium
7/30/2023,9:28:17,25.3,70,0,2023-07-30 09:28:17,3,Medium
7/30/2023,9:28:21,25.3,70,0,2023-07-30 09:28:21,3,Medium
7/30/2023,9:28:25,25.3,70,0,2023-07-30 09:28:25,3,Medium
7/30/2023,9:28:30,25.3,70,0,2023-07-30 09:28:30,3,Medium
7/30/2023,9:28:34,25.3,70,0,2023-07-30 09:28:34,3,Medium
7/30/2023,9:28:39,25.3,70,0,2023-07-30 09:28:39,3,Medium
7/30/2023,9:28:44,25.3,70,0,2023-07-30 09:28:44,3,Medium
7/30/2023,9:28:48,25.3,70,0,2023-07-30 09:28:48,3,Medium
7/30/2023,9:28:53,25.3,70,0,2023-07-30 09:28:53,3,Medium
7/30/2023,9:28:57,25.3,70,0,2023-07-30 09:28:57,3,Medium
7/30/2023,9:29:02,25.3,70,0,2023-07-30 09:29:02,3,Medium
7/30/2023,9:29:06,25.3,70,0,2023-07-30 09:29:06,3,Medium
7/30/2023,9:29:10,25.3,70,0,2023-07-30 09:29:10,3,Medium
7/30/2023,9:29:14,25.3,70,0,2023-07-30 09:29:14,3,Medium
7/30/2023,9:29:19,25.3,70,0,2023-07-30 09:29:19,3,Medium
7/30/2023,9:29:23,25.3,70,0,2023-07-30 09:29:23,3,Medium
7/30/2023,9:29:27,25.3,70,0,2023-07-30 09:29:27,3,Medium
7/30/2023,9:29:32,25.3,70,0,2023-07-30 09:29:32,3,Medium
7/30/2023,9:29:37,25.3,70,0,2023-07-30 09:29:37,3,Medium
7/30/2023,9:29:41,25.3,70,0,2023-07-30 09:29:41,3,Medium
7/30/2023,9:29:46,25.3,70,0,2023-07-30 09:29:46,3,Medium
7/30/2023,9:29:51,25.3,70,0,2023-07-30 09:29:51,3,Medium
7/30/2023,9:29:55,25.3,70,0,2023-07-30 09:29:55,3,Medium
7/30/2023,9:30:00,25.3,70,0,2023-07-30 09:30:00,3,Medium
7/30/2023,9:30:04,25.3,71,0,2023-07-30 09:30:04,3,Medium
7/30/2023,9:30:09,25.3,71,0,2023-07-30 09:30:09,3,Medium
7/30/2023,9:30:13,25.3,70,0,2023-07-30 09:30:13,3,Medium
7/30/2023,9:30:17,25.3,71,0,2023-07-30 09:30:17,3,Medium
7/30/2023,9:30:21,25.3,71,0,2023-07-30 09:30:21,3,Medium
7/30/2023,9:30:26,25.3,70,0,2023-07-30 09:30:26,3,Medium
7/30/2023,9:30:30,25.3,71,0,2023-07-30 09:30:30,3,Medium
7/30/2023,9:30:35,25.3,71,0,2023-07-30 09:30:35,3,Medium
7/30/2023,9:30:39,25.3,71,0,2023-07-30 09:30:39,3,Medium
7/30/2023,9:30:43,25.3,71,0,2023-07-30 09:30:43,3,Medium
7/30/2023,9:30:47,25.3,71,0,2023-07-30 09:30:47,3,Medium
7/30/2023,9:30:51,25.3,71,0,2023-07-30 09:30:51,3,Medium
7/30/2023,9:30:56,25.3,71,0,2023-07-30 09:30:56,3,Medium
7/30/2023,9:31:00,25.3,71,0,2023-07-30 09:31:00,3,Medium
7/30/2023,9:31:04,25.3,71,0,2023-07-30 09:31:04,3,Medium
7/30/2023,9:31:09,25.3,71,0,2023-07-30 09:31:09,3,Medium
7/30/2023,9:31:13,25.3,71,0,2023-07-30 09:31:13,3,Medium
7/30/2023,9:31:17,25.3,71,0,2023-07-30 09:31:17,3,Medium
7/30/2023,9:31:21,25.3,71,0,2023-07-30 09:31:21,3,Medium
7/30/2023,9:31:25,25.3,71,0,2023-07-30 09:31:25,3,Medium
7/30/2023,9:31:30,25.3,71,0,2023-07-30 09:31:30,3,Medium
7/30/2023,9:31:34,25.3,71,0,2023-07-30 09:31:34,3,Medium
7/30/2023,9:31:39,25.3,71,0,2023-07-30 09:31:39,3,Medium
7/30/2023,9:31:43,25.3,71,0,2023-07-30 09:31:43,3,Medium
7/30/2023,9:31:48,25.3,71,0,2023-07-30 09:31:48,3,Medium
7/30/2023,9:31:52,25.3,71,0,2023-07-30 09:31:52,3,Medium
7/30/2023,9:31:56,25.3,71,0,2023-07-30 09:31:56,3,Medium
7/30/2023,9:32:00,25.3,71,0,2023-07-30 09:32:00,3,Medium
7/30/2023,9:32:04,25.3,71,0,2023-07-30 09:32:04,3,Medium
7/30/2023,9:32:09,25.3,71,0,2023-07-30 09:32:09,3,Medium
7/30/2023,9:32:13,25.3,71,0,2023-07-30 09:32:13,3,Medium
7/30/2023,9:32:17,25.3,71,0,2023-07-30 09:32:17,3,Medium
7/30/2023,9:32:22,25.3,71,0,2023-07-30 09:32:22,3,Medium
7/30/2023,9:32:26,25.3,71,0,2023-07-30 09:32:26,3,Medium
7/30/2023,9:32:31,25.3,71,0,2023-07-30 09:32:31,3,Medium
7/30/2023,9:32:36,25.3,71,0,2023-07-30 09:32:36,3,Medium
7/30/2023,9:32:40,25.3,71,0,2023-07-30 09:32:40,3,Medium
7/30/2023,9:32:44,25.3,71,0,2023-07-30 09:32:44,3,Medium
7/30/2023,9:32:48,25.3,71,0,2023-07-30 09:32:48,3,Medium
7/30/2023,9:32:53,25.3,71,0,2023-07-30 09:32:53,3,Medium
7/30/2023,9:32:57,25.3,71,0,2023-07-30 09:32:57,3,Medium
7/30/2023,9:33:02,25.3,71,0,2023-07-30 09:33:02,3,Medium
7/30/2023,9:33:07,25.3,71,0,2023-07-30 09:33:07,3,Medium
7/30/2023,9:33:11,25.3,71,0,2023-07-30 09:33:11,3,Medium
7/30/2023,9:33:15,25.3,71,0,2023-07-30 09:33:15,3,Medium
7/30/2023,9:33:20,25.3,71,0,2023-07-30 09:33:20,3,Medium
7/30/2023,9:33:24,25.3,71,0,2023-07-30 09:33:24,3,Medium
7/30/2023,9:33:28,25.3,71,0,2023-07-30 09:33:28,3,Medium
7/30/2023,9:33:32,25.3,71,0,2023-07-30 09:33:32,3,Medium
7/30/2023,9:33:36,25.3,71,0,2023-07-30 09:33:36,3,Medium
7/30/2023,9:33:40,25.3,71,0,2023-07-30 09:33:40,3,Medium
7/30/2023,9:33:45,25.3,71,0,2023-07-30 09:33:45,3,Medium
7/30/2023,9:33:49,25.3,71,0,2023-07-30 09:33:49,3,Medium
7/30/2023,9:33:53,25.3,71,0,2023-07-30 09:33:53,3,Medium
7/30/2023,9:33:57,25.3,71,0,2023-07-30 09:33:57,3,Medium
7/30/2023,9:34:02,25.3,71,0,2023-07-30 09:34:02,3,Medium
7/30/2023,9:34:07,25.3,71,0,2023-07-30 09:34:07,3,Medium
7/30/2023,9:34:12,25.3,71,0,2023-07-30 09:34:12,3,Medium
7/30/2023,9:34:16,25.3,71,0,2023-07-30 09:34:16,3,Medium
7/30/2023,9:34:20,25.3,71,0,2023-07-30 09:34:20,3,Medium
7/30/2023,9:34:25,25.3,71,0,2023-07-30 09:34:25,3,Medium
7/30/2023,9:34:29,25.3,71,0,2023-07-30 09:34:29,3,Medium
7/30/2023,9:34:33,25.3,71,0,2023-07-30 09:34:33,3,Medium
7/30/2023,9:34:37,25.3,71,0,2023-07-30 09:34:37,3,Medium
7/30/2023,9:34:41,25.3,71,0,2023-07-30 09:34:41,3,Medium
7/30/2023,9:34:46,25.3,71,0,2023-07-30 09:34:46,3,Medium
7/30/2023,9:34:50,25.3,71,0,2023-07-30 09:34:50,3,Medium
7/30/2023,9:34:54,25.3,71,0,2023-07-30 09:34:54,3,Medium
7/30/2023,9:34:58,25.3,71,0,2023-07-30 09:34:58,3,Medium
7/30/2023,9:35:02,25.3,71,0,2023-07-30 09:35:02,3,Medium
7/30/2023,9:35:06,25.3,71,0,2023-07-30 09:35:06,3,Medium
7/30/2023,9:35:10,25.3,71,0,2023-07-30 09:35:10,3,Medium
7/30/2023,9:35:14,25.3,71,0,2023-07-30 09:35:14,3,Medium
7/30/2023,9:35:18,25.3,71,0,2023-07-30 09:35:18,3,Medium
7/30/2023,9:35:23,25.3,71,0,2023-07-30 09:35:23,3,Medium
7/30/2023,9:35:27,25.3,71,0,2023-07-30 09:35:27,3,Medium
7/30/2023,9:35:32,25.3,71,0,2023-07-30 09:35:32,3,Medium
7/30/2023,9:35:36,25.3,71,0,2023-07-30 09:35:36,3,Medium
7/30/2023,9:35:41,25.3,71,0,2023-07-30 09:35:41,3,Medium
7/30/2023,9:35:45,25.3,71,0,2023-07-30 09:35:45,3,Medium
7/30/2023,9:35:49,25.3,71,0,2023-07-30 09:35:49,3,Medium
7/30/2023,9:35:54,25.3,71,0,2023-07-30 09:35:54,3,Medium
7/30/2023,9:35:58,25.3,71,0,2023-07-30 09:35:58,3,Medium
7/30/2023,9:36:03,25.3,71,0,2023-07-30 09:36:03,3,Medium
7/30/2023,9:36:07,25.3,71,0,2023-07-30 09:36:07,3,Medium
7/30/2023,9:36:11,25.3,71,0,2023-07-30 09:36:11,3,Medium
7/30/2023,9:36:16,25.3,71,0,2023-07-30 09:36:16,3,Medium
7/30/2023,9:36:20,25.3,71,0,2023-07-30 09:36:20,3,Medium
7/30/2023,9:36:25,25.3,71,0,2023-07-30 09:36:25,3,Medium
7/30/2023,9:36:30,25.3,71,0,2023-07-30 09:36:30,3,Medium
7/30/2023,9:36:34,25.3,71,0,2023-07-30 09:36:34,3,Medium
7/30/2023,9:36:41,25.3,71,0,2023-07-30 09:36:41,3,Medium
7/30/2023,9:36:45,25.3,71,0,2023-07-30 09:36:45,3,Medium
7/30/2023,9:36:50,25.3,71,0,2023-07-30 09:36:50,3,Medium
7/30/2023,9:36:54,25.3,71,0,2023-07-30 09:36:54,3,Medium
7/30/2023,9:36:59,25.3,71,0,2023-07-30 09:36:59,3,Medium
7/30/2023,9:37:03,25.3,71,0,2023-07-30 09:37:03,3,Medium
7/30/2023,9:37:07,25.3,71,0,2023-07-30 09:37:07,3,Medium
7/30/2023,9:37:12,25.3,71,0,2023-07-30 09:37:12,3,Medium
7/30/2023,9:37:16,25.3,71,0,2023-07-30 09:37:16,3,Medium
7/30/2023,9:37:21,25.3,71,0,2023-07-30 09:37:21,3,Medium
7/30/2023,9:37:25,25.3,71,0,2023-07-30 09:37:25,3,Medium
7/30/2023,9:37:29,25.3,71,0,2023-07-30 09:37:29,3,Medium
7/30/2023,9:37:33,25.3,71,0,2023-07-30 09:37:33,3,Medium
7/30/2023,9:37:38,25.3,71,0,2023-07-30 09:37:38,3,Medium
7/30/2023,9:37:42,25.3,71,0,2023-07-30 09:37:42,3,Medium
7/30/2023,9:37:47,25.3,71,0,2023-07-30 09:37:47,3,Medium
7/30/2023,9:37:51,25.3,71,0,2023-07-30 09:37:51,3,Medium
7/30/2023,9:37:56,25.3,71,0,2023-07-30 09:37:56,3,Medium
7/30/2023,9:38:01,25.3,71,0,2023-07-30 09:38:01,3,Medium
7/30/2023,9:38:05,25.3,71,0,2023-07-30 09:38:05,3,Medium
7/30/2023,9:38:09,25.3,71,0,2023-07-30 09:38:09,3,Medium
7/30/2023,9:38:14,25.3,71,0,2023-07-30 09:38:14,3,Medium
7/30/2023,9:38:18,25.3,71,0,2023-07-30 09:38:18,3,Medium
7/30/2023,9:38:22,25.3,71,0,2023-07-30 09:38:22,3,Medium
7/30/2023,9:38:27,25.3,71,0,2023-07-30 09:38:27,3,Medium
7/30/2023,9:38:31,25.3,71,0,2023-07-30 09:38:31,3,Medium
7/30/2023,9:38:36,25.3,71,0,2023-07-30 09:38:36,3,Medium
7/30/2023,9:38:40,25.3,71,0,2023-07-30 09:38:40,3,Medium
7/30/2023,9:38:44,25.3,71,0,2023-07-30 09:38:44,3,Medium
7/30/2023,9:38:48,25.3,71,0,2023-07-30 09:38:48,3,Medium
7/30/2023,9:38:53,25.3,71,0,2023-07-30 09:38:53,3,Medium
7/30/2023,9:38:57,25.3,71,0,2023-07-30 09:38:57,3,Medium
7/30/2023,9:39:02,25.3,71,0,2023-07-30 09:39:02,3,Medium
7/30/2023,9:39:06,25.3,71,0,2023-07-30 09:39:06,3,Medium
7/30/2023,9:39:10,25.3,71,0,2023-07-30 09:39:10,3,Medium
7/30/2023,9:39:15,25.3,71,0,2023-07-30 09:39:15,3,Medium
7/30/2023,9:39:19,25.3,71,0,2023-07-30 09:39:19,3,Medium
7/30/2023,9:39:23,25.3,71,0,2023-07-30 09:39:23,3,Medium
7/30/2023,9:39:28,25.3,71,0,2023-07-30 09:39:28,3,Medium
7/30/2023,9:39:32,25.3,71,0,2023-07-30 09:39:32,3,Medium
7/30/2023,9:39:36,25.3,71,0,2023-07-30 09:39:36,3,Medium
7/30/2023,9:39:41,25.3,71,0,2023-07-30 09:39:41,3,Medium
7/30/2023,9:39:45,25.3,71,0,2023-07-30 09:39:45,3,Medium
7/30/2023,9:39:50,25.3,71,0,2023-07-30 09:39:50,3,Medium
7/30/2023,9:39:54,25.3,71,0,2023-07-30 09:39:54,3,Medium
7/30/2023,9:39:59,25.3,71,0,2023-07-30 09:39:59,3,Medium
7/30/2023,9:40:03,25.3,71,0,2023-07-30 09:40:03,3,Medium
7/30/2023,9:40:08,25.3,71,0,2023-07-30 09:40:08,3,Medium
7/30/2023,9:40:12,25.3,71,0,2023-07-30 09:40:12,3,Medium
7/30/2023,9:40:16,25.3,71,0,2023-07-30 09:40:16,3,Medium
7/30/2023,9:40:20,25.3,71,0,2023-07-30 09:40:20,3,Medium
7/30/2023,9:40:25,25.3,71,0,2023-07-30 09:40:25,3,Medium
7/30/2023,9:40:29,25.3,71,0,2023-07-30 09:40:29,3,Medium
7/30/2023,9:40:33,25.3,71,0,2023-07-30 09:40:33,3,Medium
7/30/2023,9:40:38,25.3,71,0,2023-07-30 09:40:38,3,Medium
7/30/2023,9:40:42,25.3,71,0,2023-07-30 09:40:42,3,Medium
7/30/2023,9:40:47,25.3,71,0,2023-07-30 09:40:47,3,Medium
7/30/2023,9:40:51,25.3,71,0,2023-07-30 09:40:51,3,Medium
7/30/2023,9:40:56,25.3,71,0,2023-07-30 09:40:56,3,Medium
7/30/2023,9:41:00,25.3,71,0,2023-07-30 09:41:00,3,Medium
7/30/2023,9:41:04,25.3,71,0,2023-07-30 09:41:04,3,Medium
7/30/2023,9:41:09,25.3,71,0,2023-07-30 09:41:09,3,Medium
7/30/2023,9:41:14,25.3,71,0,2023-07-30 09:41:14,3,Medium
7/30/2023,9:41:18,25.3,71,0,2023-07-30 09:41:18,3,Medium
7/30/2023,9:41:23,25.3,71,0,2023-07-30 09:41:23,3,Medium
7/30/2023,9:41:27,25.3,71,0,2023-07-30 09:41:27,3,Medium
7/30/2023,9:41:32,25.3,71,0,2023-07-30 09:41:32,3,Medium
7/30/2023,9:41:36,25.3,71,0,2023-07-30 09:41:36,3,Medium
7/30/2023,9:41:40,25.3,71,0,2023-07-30 09:41:40,3,Medium
7/30/2023,9:41:45,25.3,71,0,2023-07-30 09:41:45,3,Medium
7/30/2023,9:41:49,25.3,71,0,2023-07-30 09:41:49,3,Medium
7/30/2023,9:41:54,25.3,71,0,2023-07-30 09:41:54,3,Medium
7/30/2023,9:41:58,25.3,71,0,2023-07-30 09:41:58,3,Medium
7/30/2023,9:42:03,25.3,71,0,2023-07-30 09:42:03,3,Medium
7/30/2023,9:42:07,25.3,71,0,2023-07-30 09:42:07,3,Medium
7/30/2023,9:42:12,25.3,71,0,2023-07-30 09:42:12,3,Medium
7/30/2023,9:42:16,25.3,71,0,2023-07-30 09:42:16,3,Medium
7/30/2023,9:42:20,25.3,71,0,2023-07-30 09:42:20,3,Medium
7/30/2023,9:42:24,25.3,71,0,2023-07-30 09:42:24,3,Medium
7/30/2023,9:42:28,25.3,71,0,2023-07-30 09:42:28,3,Medium
7/30/2023,9:42:32,25.3,71,0,2023-07-30 09:42:32,3,Medium
7/30/2023,9:42:36,25.3,71,0,2023-07-30 09:42:36,3,Medium
7/30/2023,9:42:40,25.3,71,0,2023-07-30 09:42:40,3,Medium
7/30/2023,9:42:44,25.3,71,4,2023-07-30 09:42:44,4,High
7/30/2023,9:42:48,25.3,71,4,2023-07-30 09:42:48,4,High
7/30/2023,9:42:52,25.3,71,4,2023-07-30 09:42:52,4,High
7/31/2023,6:59:55,25.4,72,0,2023-07-31 06:59:55,3,Medium
7/31/2023,7:00:00,25.4,72,0,2023-07-31 07:00:00,3,Medium
7/31/2023,7:00:09,25.5,72,2,2023-07-31 07:00:09,4,High
7/31/2023,7:00:14,25.5,72,4,2023-07-31 07:00:14,4,High
7/31/2023,7:00:23,25.5,72,3,2023-07-31 07:00:23,4,High
7/31/2023,7:00:32,25.5,72,0,2023-07-31 07:00:32,3,Medium
7/31/2023,7:00:36,25.5,72,0,2023-07-31 07:00:36,3,Medium
7/31/2023,7:00:41,25.5,72,0,2023-07-31 07:00:41,3,Medium
7/31/2023,7:00:45,25.5,72,0,2023-07-31 07:00:45,3,Medium
7/31/2023,7:00:50,25.5,72,0,2023-07-31 07:00:50,3,Medium
7/31/2023,7:00:54,25.5,72,0,2023-07-31 07:00:54,3,Medium
7/31/2023,7:00:59,25.5,72,0,2023-07-31 07:00:59,3,Medium
7/31/2023,7:01:03,25.5,72,0,2023-07-31 07:01:03,3,Medium
7/31/2023,7:01:07,25.5,72,0,2023-07-31 07:01:07,3,Medium
7/31/2023,7:01:11,25.5,72,0,2023-07-31 07:01:11,3,Medium
7/31/2023,7:01:16,25.5,72,0,2023-07-31 07:01:16,3,Medium
7/31/2023,7:01:21,25.5,72,0,2023-07-31 07:01:21,3,Medium
7/31/2023,7:01:27,25.5,72,0,2023-07-31 07:01:27,3,Medium
7/31/2023,7:01:31,25.5,72,0,2023-07-31 07:01:31,3,Medium
7/31/2023,7:01:36,25.5,72,0,2023-07-31 07:01:36,3,Medium
7/31/2023,7:01:40,25.6,72,0,2023-07-31 07:01:40,3,Medium
7/31/2023,7:01:45,25.6,72,0,2023-07-31 07:01:45,3,Medium
7/31/2023,7:01:49,25.6,72,0,2023-07-31 07:01:49,3,Medium
7/31/2023,7:01:53,25.6,72,0,2023-07-31 07:01:53,3,Medium
7/31/2023,7:02:49,25.6,72,0,2023-07-31 07:02:49,3,Medium
7/31/2023,7:02:54,25.6,72,0,2023-07-31 07:02:54,3,Medium
7/31/2023,7:02:59,25.7,73,0,2023-07-31 07:02:59,3,Medium
7/31/2023,7:03:03,25.7,73,0,2023-07-31 07:03:03,3,Medium
7/31/2023,7:03:07,25.7,73,0,2023-07-31 07:03:07,3,Medium
7/31/2023,7:03:11,25.7,73,0,2023-07-31 07:03:11,3,Medium
7/31/2023,7:03:18,25.7,73,0,2023-07-31 07:03:18,3,Medium
7/31/2023,7:03:23,25.7,73,0,2023-07-31 07:03:23,3,Medium
7/31/2023,7:03:28,25.7,73,0,2023-07-31 07:03:28,3,Medium
7/31/2023,7:03:33,25.7,73,0,2023-07-31 07:03:33,3,Medium
7/31/2023,7:03:37,25.8,73,0,2023-07-31 07:03:37,3,Medium
7/31/2023,7:03:42,25.8,73,0,2023-07-31 07:03:42,3,Medium
7/31/2023,7:03:46,25.8,73,0,2023-07-31 07:03:46,3,Medium
7/31/2023,7:03:50,25.8,73,0,2023-07-31 07:03:50,3,Medium
7/31/2023,7:03:55,25.8,73,0,2023-07-31 07:03:55,3,Medium
7/31/2023,7:03:59,25.8,73,0,2023-07-31 07:03:59,3,Medium
7/31/2023,7:04:03,25.8,73,0,2023-07-31 07:04:03,3,Medium
7/31/2023,7:04:08,25.8,73,0,2023-07-31 07:04:08,3,Medium
7/31/2023,7:04:12,25.8,73,0,2023-07-31 07:04:12,3,Medium
7/31/2023,7:04:17,25.8,73,0,2023-07-31 07:04:17,3,Medium
7/31/2023,7:04:21,25.8,73,0,2023-07-31 07:04:21,3,Medium
7/31/2023,7:04:26,25.8,73,0,2023-07-31 07:04:26,3,Medium
7/31/2023,7:04:30,25.8,73,0,2023-07-31 07:04:30,3,Medium
7/31/2023,7:04:34,25.8,73,0,2023-07-31 07:04:34,3,Medium
7/31/2023,7:04:39,25.9,73,0,2023-07-31 07:04:39,3,Medium
7/31/2023,7:04:43,25.9,73,0,2023-07-31 07:04:43,3,Medium
7/31/2023,7:04:48,25.9,73,0,2023-07-31 07:04:48,3,Medium
7/31/2023,7:04:53,25.9,73,0,2023-07-31 07:04:53,3,Medium
7/31/2023,7:04:57,25.9,73,0,2023-07-31 07:04:57,3,Medium
7/31/2023,7:05:02,25.9,73,0,2023-07-31 07:05:02,3,Medium
7/31/2023,7:05:06,25.9,73,0,2023-07-31 07:05:06,3,Medium
7/31/2023,7:05:10,25.9,73,0,2023-07-31 07:05:10,3,Medium
7/31/2023,7:05:15,25.9,73,0,2023-07-31 07:05:15,3,Medium
7/31/2023,7:05:20,25.9,73,0,2023-07-31 07:05:20,3,Medium
7/31/2023,7:05:24,25.9,73,0,2023-07-31 07:05:24,3,Medium
7/31/2023,7:05:29,25.9,73,0,2023-07-31 07:05:29,3,Medium
7/31/2023,7:05:33,25.9,73,0,2023-07-31 07:05:33,3,Medium
7/31/2023,7:05:38,25.9,73,0,2023-07-31 07:05:38,3,Medium
7/31/2023,7:05:42,25.9,73,0,2023-07-31 07:05:42,3,Medium
7/31/2023,7:05:47,25.9,73,0,2023-07-31 07:05:47,3,Medium
7/31/2023,7:05:51,25.9,73,0,2023-07-31 07:05:51,3,Medium
7/31/2023,7:05:55,26.0,73,0,2023-07-31 07:05:55,3,Medium
7/31/2023,7:05:59,26.0,72,0,2023-07-31 07:05:59,3,Medium
7/31/2023,7:06:04,26.0,72,0,2023-07-31 07:06:04,3,Medium
7/31/2023,7:06:08,26.0,72,0,2023-07-31 07:06:08,3,Medium
7/31/2023,7:06:12,26.0,72,0,2023-07-31 07:06:12,3,Medium
7/31/2023,7:06:16,26.0,72,0,2023-07-31 07:06:16,3,Medium
7/31/2023,7:06:21,26.0,72,0,2023-07-31 07:06:21,3,Medium
7/31/2023,7:06:25,26.0,72,0,2023-07-31 07:06:25,3,Medium
7/31/2023,7:06:30,26.0,72,0,2023-07-31 07:06:30,3,Medium
7/31/2023,7:06:34,26.0,72,0,2023-07-31 07:06:34,3,Medium
7/31/2023,7:06:39,26.0,72,0,2023-07-31 07:06:39,3,Medium
7/31/2023,7:06:44,26.0,72,0,2023-07-31 07:06:44,3,Medium
7/31/2023,7:06:48,26.0,72,0,2023-07-31 07:06:48,3,Medium
7/31/2023,7:06:53,26.0,72,0,2023-07-31 07:06:53,3,Medium
7/31/2023,7:06:56,26.0,72,0,2023-07-31 07:06:56,3,Medium
7/31/2023,7:07:01,26.0,72,0,2023-07-31 07:07:01,3,Medium
7/31/2023,7:07:05,26.0,72,0,2023-07-31 07:07:05,3,Medium
7/31/2023,7:07:10,26.0,72,0,2023-07-31 07:07:10,3,Medium
7/31/2023,7:07:14,26.0,72,0,2023-07-31 07:07:14,3,Medium
7/31/2023,7:07:18,26.0,72,0,2023-07-31 07:07:18,3,Medium
7/31/2023,7:07:23,26.0,72,0,2023-07-31 07:07:23,3,Medium
7/31/2023,7:07:27,26.0,72,0,2023-07-31 07:07:27,3,Medium
7/31/2023,7:07:31,26.0,72,0,2023-07-31 07:07:31,3,Medium
7/31/2023,7:07:36,26.0,72,0,2023-07-31 07:07:36,3,Medium
7/31/2023,7:07:41,26.0,72,0,2023-07-31 07:07:41,3,Medium
7/31/2023,7:07:45,26.0,72,0,2023-07-31 07:07:45,3,Medium
7/31/2023,7:07:50,26.0,72,0,2023-07-31 07:07:50,3,Medium
7/31/2023,7:07:54,26.0,72,0,2023-07-31 07:07:54,3,Medium
7/31/2023,7:07:59,26.0,72,0,2023-07-31 07:07:59,3,Medium
7/31/2023,7:08:03,26.0,72,0,2023-07-31 07:08:03,3,Medium
7/31/2023,7:08:08,26.0,72,0,2023-07-31 07:08:08,3,Medium
7/31/2023,7:08:12,26.0,72,0,2023-07-31 07:08:12,3,Medium
7/31/2023,7:08:16,26.0,72,0,2023-07-31 07:08:16,3,Medium
7/31/2023,7:08:20,26.0,72,0,2023-07-31 07:08:20,3,Medium
7/31/2023,7:08:25,26.0,72,0,2023-07-31 07:08:25,3,Medium
7/31/2023,7:08:30,26.0,72,0,2023-07-31 07:08:30,3,Medium
7/31/2023,7:08:34,26.0,72,0,2023-07-31 07:08:34,3,Medium
7/31/2023,7:08:39,26.0,72,0,2023-07-31 07:08:39,3,Medium
7/31/2023,7:08:43,26.0,72,0,2023-07-31 07:08:43,3,Medium
7/31/2023,7:08:47,26.0,72,0,2023-07-31 07:08:47,3,Medium
7/31/2023,7:08:51,26.1,72,0,2023-07-31 07:08:51,3,Medium
7/31/2023,7:08:55,26.1,72,0,2023-07-31 07:08:55,3,Medium
7/31/2023,7:09:00,26.1,72,0,2023-07-31 07:09:00,3,Medium
7/31/2023,7:09:04,26.1,72,0,2023-07-31 07:09:04,3,Medium
7/31/2023,7:09:08,26.0,72,0,2023-07-31 07:09:08,3,Medium
7/31/2023,7:09:13,26.0,72,0,2023-07-31 07:09:13,3,Medium
7/31/2023,7:09:17,26.0,72,0,2023-07-31 07:09:17,3,Medium
7/31/2023,7:09:22,26.0,72,0,2023-07-31 07:09:22,3,Medium
7/31/2023,7:09:26,26.1,72,0,2023-07-31 07:09:26,3,Medium
7/31/2023,7:09:31,26.1,72,0,2023-07-31 07:09:31,3,Medium
7/31/2023,7:09:35,26.0,72,0,2023-07-31 07:09:35,3,Medium
7/31/2023,7:09:40,26.0,72,0,2023-07-31 07:09:40,3,Medium
7/31/2023,7:09:44,26.1,72,0,2023-07-31 07:09:44,3,Medium
7/31/2023,7:09:49,26.0,72,0,2023-07-31 07:09:49,3,Medium
7/31/2023,7:09:53,26.1,72,0,2023-07-31 07:09:53,3,Medium
7/31/2023,7:09:57,26.1,72,0,2023-07-31 07:09:57,3,Medium
7/31/2023,7:10:02,26.0,72,0,2023-07-31 07:10:02,3,Medium
7/31/2023,7:10:07,26.0,72,0,2023-07-31 07:10:07,3,Medium
7/31/2023,7:10:11,26.1,72,0,2023-07-31 07:10:11,3,Medium
7/31/2023,7:10:16,26.0,72,0,2023-07-31 07:10:16,3,Medium
7/31/2023,7:10:20,26.0,72,0,2023-07-31 07:10:20,3,Medium
7/31/2023,7:10:25,26.0,72,0,2023-07-31 07:10:25,3,Medium
7/31/2023,7:10:29,26.0,72,0,2023-07-31 07:10:29,3,Medium
7/31/2023,7:10:34,26.0,72,0,2023-07-31 07:10:34,3,Medium
7/31/2023,7:10:39,26.0,72,0,2023-07-31 07:10:39,3,Medium
7/31/2023,7:10:43,26.0,72,0,2023-07-31 07:10:43,3,Medium
7/31/2023,7:10:48,26.0,72,0,2023-07-31 07:10:48,3,Medium
7/31/2023,7:10:53,26.0,72,0,2023-07-31 07:10:53,3,Medium
7/31/2023,7:10:57,26.0,71,0,2023-07-31 07:10:57,3,Medium
7/31/2023,7:11:02,26.0,71,0,2023-07-31 07:11:02,3,Medium
7/31/2023,7:11:06,26.0,71,0,2023-07-31 07:11:06,3,Medium
7/31/2023,7:11:11,26.0,71,0,2023-07-31 07:11:11,3,Medium
7/31/2023,7:11:16,26.0,71,0,2023-07-31 07:11:16,3,Medium
7/31/2023,7:11:20,26.0,71,0,2023-07-31 07:11:20,3,Medium
7/31/2023,7:11:24,26.0,71,0,2023-07-31 07:11:24,3,Medium
7/31/2023,7:11:29,26.0,71,0,2023-07-31 07:11:29,3,Medium
7/31/2023,7:11:33,26.0,71,0,2023-07-31 07:11:33,3,Medium
7/31/2023,7:11:37,26.0,71,0,2023-07-31 07:11:37,3,Medium
7/31/2023,7:11:41,26.0,71,0,2023-07-31 07:11:41,3,Medium
7/31/2023,7:11:45,26.0,71,0,2023-07-31 07:11:45,3,Medium
7/31/2023,7:11:50,26.0,71,0,2023-07-31 07:11:50,3,Medium
7/31/2023,7:11:54,26.0,71,0,2023-07-31 07:11:54,3,Medium
7/31/2023,7:11:59,26.0,71,0,2023-07-31 07:11:59,3,Medium
7/31/2023,7:12:04,26.0,71,0,2023-07-31 07:12:04,3,Medium
7/31/2023,7:12:08,26.0,71,0,2023-07-31 07:12:08,3,Medium
7/31/2023,7:12:12,26.0,71,0,2023-07-31 07:12:12,3,Medium
7/31/2023,7:12:17,26.0,71,0,2023-07-31 07:12:17,3,Medium
7/31/2023,7:12:21,26.0,71,0,2023-07-31 07:12:21,3,Medium
7/31/2023,7:12:26,26.0,71,0,2023-07-31 07:12:26,3,Medium
7/31/2023,7:12:30,26.0,71,0,2023-07-31 07:12:30,3,Medium
7/31/2023,7:12:34,26.0,71,0,2023-07-31 07:12:34,3,Medium
7/31/2023,7:12:39,26.0,71,0,2023-07-31 07:12:39,3,Medium
7/31/2023,7:12:43,26.0,71,0,2023-07-31 07:12:43,3,Medium
7/31/2023,7:12:48,26.0,71,0,2023-07-31 07:12:48,3,Medium
7/31/2023,7:12:52,26.0,71,0,2023-07-31 07:12:52,3,Medium
7/31/2023,7:12:57,26.0,71,0,2023-07-31 07:12:57,3,Medium
7/31/2023,7:13:01,26.0,71,0,2023-07-31 07:13:01,3,Medium
7/31/2023,7:13:06,26.0,71,0,2023-07-31 07:13:06,3,Medium
7/31/2023,7:13:10,26.0,71,0,2023-07-31 07:13:10,3,Medium
7/31/2023,7:13:14,26.0,71,0,2023-07-31 07:13:14,3,Medium
7/31/2023,7:13:18,26.0,71,0,2023-07-31 07:13:18,3,Medium
7/31/2023,7:13:22,26.0,71,0,2023-07-31 07:13:22,3,Medium
7/31/2023,7:13:27,26.0,71,0,2023-07-31 07:13:27,3,Medium
7/31/2023,7:13:31,26.0,71,0,2023-07-31 07:13:31,3,Medium
7/31/2023,7:13:35,26.0,71,0,2023-07-31 07:13:35,3,Medium
7/31/2023,7:13:39,26.0,71,0,2023-07-31 07:13:39,3,Medium
7/31/2023,7:13:44,26.0,71,0,2023-07-31 07:13:44,3,Medium
7/31/2023,7:13:48,26.0,71,0,2023-07-31 07:13:48,3,Medium
7/31/2023,7:13:53,26.0,71,0,2023-07-31 07:13:53,3,Medium
7/31/2023,7:13:57,26.0,71,0,2023-07-31 07:13:57,3,Medium
7/31/2023,7:14:02,26.0,71,0,2023-07-31 07:14:02,3,Medium
7/31/2023,7:14:06,26.0,71,0,2023-07-31 07:14:06,3,Medium
7/31/2023,7:14:11,26.0,71,0,2023-07-31 07:14:11,3,Medium
7/31/2023,7:14:15,26.0,71,0,2023-07-31 07:14:15,3,Medium
7/31/2023,7:14:19,26.0,71,0,2023-07-31 07:14:19,3,Medium
7/31/2023,7:14:23,26.0,71,0,2023-07-31 07:14:23,3,Medium
7/31/2023,7:14:28,26.0,71,0,2023-07-31 07:14:28,3,Medium
7/31/2023,7:14:33,26.0,71,0,2023-07-31 07:14:33,3,Medium
7/31/2023,7:14:38,26.0,71,0,2023-07-31 07:14:38,3,Medium
7/31/2023,7:14:42,26.0,71,0,2023-07-31 07:14:42,3,Medium
7/31/2023,7:14:46,26.0,71,0,2023-07-31 07:14:46,3,Medium
7/31/2023,7:14:50,26.0,71,0,2023-07-31 07:14:50,3,Medium
7/31/2023,7:14:54,26.0,71,0,2023-07-31 07:14:54,3,Medium
7/31/2023,7:14:58,26.0,71,0,2023-07-31 07:14:58,3,Medium
7/31/2023,7:15:03,26.0,71,0,2023-07-31 07:15:03,3,Medium
7/31/2023,7:15:07,25.9,71,0,2023-07-31 07:15:07,3,Medium
7/31/2023,7:15:11,25.9,71,0,2023-07-31 07:15:11,3,Medium
7/31/2023,7:15:16,26.0,71,0,2023-07-31 07:15:16,3,Medium
7/31/2023,7:15:20,25.9,71,0,2023-07-31 07:15:20,3,Medium
7/31/2023,7:15:26,25.9,71,0,2023-07-31 07:15:26,3,Medium
7/31/2023,7:15:30,25.9,71,0,2023-07-31 07:15:30,3,Medium
7/31/2023,7:15:34,25.9,71,0,2023-07-31 07:15:34,3,Medium
7/31/2023,7:15:39,25.9,71,0,2023-07-31 07:15:39,3,Medium
7/31/2023,7:15:43,25.9,71,0,2023-07-31 07:15:43,3,Medium
7/31/2023,7:15:48,25.9,71,0,2023-07-31 07:15:48,3,Medium
7/31/2023,7:15:53,25.9,71,0,2023-07-31 07:15:53,3,Medium
7/31/2023,7:15:57,25.9,71,0,2023-07-31 07:15:57,3,Medium
7/31/2023,7:16:01,25.9,71,0,2023-07-31 07:16:01,3,Medium
7/31/2023,7:16:06,25.9,71,0,2023-07-31 07:16:06,3,Medium
7/31/2023,7:16:10,25.9,71,0,2023-07-31 07:16:10,3,Medium
7/31/2023,7:16:15,25.9,71,0,2023-07-31 07:16:15,3,Medium
7/31/2023,7:16:19,25.9,71,0,2023-07-31 07:16:19,3,Medium
7/31/2023,7:16:23,25.9,71,0,2023-07-31 07:16:23,3,Medium
7/31/2023,7:16:28,25.9,71,0,2023-07-31 07:16:28,3,Medium
7/31/2023,7:16:32,25.9,71,0,2023-07-31 07:16:32,3,Medium
7/31/2023,7:16:37,25.9,71,0,2023-07-31 07:16:37,3,Medium
7/31/2023,7:16:42,25.9,71,0,2023-07-31 07:16:42,3,Medium
7/31/2023,7:16:47,25.9,71,0,2023-07-31 07:16:47,3,Medium
7/31/2023,7:16:51,25.9,71,0,2023-07-31 07:16:51,3,Medium
7/31/2023,7:16:55,25.9,71,0,2023-07-31 07:16:55,3,Medium
7/31/2023,7:17:00,25.9,71,0,2023-07-31 07:17:00,3,Medium
7/31/2023,7:17:04,25.9,71,0,2023-07-31 07:17:04,3,Medium
7/31/2023,7:17:09,25.9,71,0,2023-07-31 07:17:09,3,Medium
7/31/2023,7:17:13,25.9,71,0,2023-07-31 07:17:13,3,Medium
7/31/2023,7:17:26,25.9,71,0,2023-07-31 07:17:26,3,Medium
7/31/2023,7:17:32,25.9,71,0,2023-07-31 07:17:32,3,Medium
7/31/2023,7:17:37,25.9,71,0,2023-07-31 07:17:37,3,Medium
7/31/2023,7:17:41,25.9,71,0,2023-07-31 07:17:41,3,Medium
7/31/2023,7:17:46,25.9,71,0,2023-07-31 07:17:46,3,Medium
7/31/2023,7:17:50,25.9,71,0,2023-07-31 07:17:50,3,Medium
7/31/2023,7:17:55,25.9,71,0,2023-07-31 07:17:55,3,Medium
7/31/2023,7:18:00,25.9,71,0,2023-07-31 07:18:00,3,Medium
7/31/2023,7:18:04,25.9,71,0,2023-07-31 07:18:04,3,Medium
7/31/2023,7:18:08,25.9,71,0,2023-07-31 07:18:08,3,Medium
7/31/2023,7:18:13,25.9,71,0,2023-07-31 07:18:13,3,Medium
7/31/2023,7:18:17,25.9,71,0,2023-07-31 07:18:17,3,Medium
7/31/2023,7:18:22,25.9,71,0,2023-07-31 07:18:22,3,Medium
7/31/2023,7:18:26,25.9,71,0,2023-07-31 07:18:26,3,Medium
7/31/2023,7:18:30,25.9,71,0,2023-07-31 07:18:30,3,Medium
7/31/2023,7:18:35,25.9,71,0,2023-07-31 07:18:35,3,Medium
7/31/2023,7:18:39,25.9,71,0,2023-07-31 07:18:39,3,Medium
7/31/2023,7:18:43,25.9,71,0,2023-07-31 07:18:43,3,Medium
7/31/2023,7:18:47,25.9,71,0,2023-07-31 07:18:47,3,Medium
7/31/2023,7:18:52,25.9,71,0,2023-07-31 07:18:52,3,Medium
7/31/2023,7:18:56,25.9,71,0,2023-07-31 07:18:56,3,Medium
7/31/2023,7:19:00,25.9,71,0,2023-07-31 07:19:00,3,Medium
7/31/2023,7:19:05,25.9,71,0,2023-07-31 07:19:05,3,Medium
7/31/2023,7:19:09,25.9,71,0,2023-07-31 07:19:09,3,Medium
7/31/2023,7:19:13,25.9,71,0,2023-07-31 07:19:13,3,Medium
7/31/2023,7:19:18,25.9,71,0,2023-07-31 07:19:18,3,Medium
7/31/2023,7:19:22,25.9,71,0,2023-07-31 07:19:22,3,Medium
7/31/2023,7:19:26,25.9,71,0,2023-07-31 07:19:26,3,Medium
7/31/2023,7:19:31,25.9,71,0,2023-07-31 07:19:31,3,Medium
7/31/2023,7:19:36,25.9,71,0,2023-07-31 07:19:36,3,Medium
7/31/2023,7:19:40,25.9,71,0,2023-07-31 07:19:40,3,Medium
7/31/2023,7:19:45,25.9,71,0,2023-07-31 07:19:45,3,Medium
7/31/2023,7:19:49,25.9,71,0,2023-07-31 07:19:49,3,Medium
7/31/2023,7:19:53,25.9,71,0,2023-07-31 07:19:53,3,Medium
7/31/2023,7:19:58,25.9,71,0,2023-07-31 07:19:58,3,Medium
7/31/2023,7:20:03,25.9,71,0,2023-07-31 07:20:03,3,Medium
7/31/2023,7:20:07,25.9,71,0,2023-07-31 07:20:07,3,Medium
7/31/2023,7:20:12,25.9,71,0,2023-07-31 07:20:12,3,Medium
7/31/2023,7:20:16,25.9,71,0,2023-07-31 07:20:16,3,Medium
7/31/2023,7:20:20,25.9,71,0,2023-07-31 07:20:20,3,Medium
7/31/2023,7:20:25,25.9,71,0,2023-07-31 07:20:25,3,Medium
7/31/2023,7:20:30,25.9,71,0,2023-07-31 07:20:30,3,Medium
7/31/2023,7:20:34,25.9,71,0,2023-07-31 07:20:34,3,Medium
7/31/2023,7:20:39,25.9,71,0,2023-07-31 07:20:39,3,Medium
7/31/2023,7:20:43,25.8,71,0,2023-07-31 07:20:43,3,Medium
7/31/2023,7:20:47,25.9,71,0,2023-07-31 07:20:47,3,Medium
7/31/2023,7:20:51,25.8,71,0,2023-07-31 07:20:51,3,Medium
7/31/2023,7:20:55,25.9,71,0,2023-07-31 07:20:55,3,Medium
7/31/2023,7:20:59,25.9,71,0,2023-07-31 07:20:59,3,Medium
7/31/2023,7:21:04,25.9,71,0,2023-07-31 07:21:04,3,Medium
7/31/2023,7:21:08,25.8,71,0,2023-07-31 07:21:08,3,Medium
7/31/2023,7:21:12,25.8,71,0,2023-07-31 07:21:12,3,Medium
7/31/2023,7:21:17,25.8,71,0,2023-07-31 07:21:17,3,Medium
7/31/2023,7:21:21,25.8,71,0,2023-07-31 07:21:21,3,Medium
7/31/2023,7:21:26,25.8,71,0,2023-07-31 07:21:26,3,Medium
7/31/2023,7:21:31,25.8,71,0,2023-07-31 07:21:31,3,Medium
7/31/2023,7:21:35,25.8,71,0,2023-07-31 07:21:35,3,Medium
7/31/2023,7:21:39,25.8,71,0,2023-07-31 07:21:39,3,Medium
7/31/2023,7:21:44,25.8,71,0,2023-07-31 07:21:44,3,Medium
7/31/2023,7:21:48,25.8,71,0,2023-07-31 07:21:48,3,Medium
7/31/2023,7:21:53,25.8,71,0,2023-07-31 07:21:53,3,Medium
7/31/2023,7:21:57,25.8,71,0,2023-07-31 07:21:57,3,Medium
7/31/2023,7:22:02,25.8,71,0,2023-07-31 07:22:02,3,Medium
7/31/2023,7:22:06,25.8,71,0,2023-07-31 07:22:06,3,Medium
7/31/2023,7:22:11,25.8,71,0,2023-07-31 07:22:11,3,Medium
7/31/2023,7:22:15,25.8,71,0,2023-07-31 07:22:15,3,Medium
7/31/2023,7:22:20,25.8,71,0,2023-07-31 07:22:20,3,Medium
7/31/2023,7:22:24,25.8,71,0,2023-07-31 07:22:24,3,Medium
7/31/2023,7:22:29,25.8,71,0,2023-07-31 07:22:29,3,Medium
7/31/2023,7:22:33,25.8,71,0,2023-07-31 07:22:33,3,Medium
7/31/2023,7:22:37,25.8,71,0,2023-07-31 07:22:37,3,Medium
7/31/2023,7:22:42,25.8,71,0,2023-07-31 07:22:42,3,Medium
7/31/2023,7:22:47,25.8,71,0,2023-07-31 07:22:47,3,Medium
7/31/2023,7:22:51,25.8,71,0,2023-07-31 07:22:51,3,Medium
7/31/2023,7:22:55,25.8,71,0,2023-07-31 07:22:55,3,Medium
7/31/2023,7:23:00,25.8,71,0,2023-07-31 07:23:00,3,Medium
7/31/2023,7:23:04,25.8,71,0,2023-07-31 07:23:04,3,Medium
7/31/2023,7:23:09,25.8,71,0,2023-07-31 07:23:09,3,Medium
7/31/2023,7:23:13,25.8,71,0,2023-07-31 07:23:13,3,Medium
7/31/2023,7:23:17,25.8,71,0,2023-07-31 07:23:17,3,Medium
7/31/2023,7:23:22,25.8,71,0,2023-07-31 07:23:22,3,Medium
7/31/2023,7:23:26,25.8,71,0,2023-07-31 07:23:26,3,Medium
7/31/2023,7:23:30,25.8,71,0,2023-07-31 07:23:30,3,Medium
7/31/2023,7:23:34,25.8,71,0,2023-07-31 07:23:34,3,Medium
7/31/2023,7:23:39,25.8,71,0,2023-07-31 07:23:39,3,Medium
7/31/2023,7:23:43,25.8,71,0,2023-07-31 07:23:43,3,Medium
7/31/2023,7:23:48,25.8,71,0,2023-07-31 07:23:48,3,Medium
7/31/2023,7:23:52,25.8,71,0,2023-07-31 07:23:52,3,Medium
7/31/2023,7:23:56,25.8,71,0,2023-07-31 07:23:56,3,Medium
7/31/2023,7:24:01,25.8,71,0,2023-07-31 07:24:01,3,Medium
7/31/2023,7:24:05,25.8,71,0,2023-07-31 07:24:05,3,Medium
7/31/2023,7:24:10,25.8,71,0,2023-07-31 07:24:10,3,Medium
7/31/2023,7:24:14,25.8,71,0,2023-07-31 07:24:14,3,Medium
7/31/2023,7:24:19,25.8,71,0,2023-07-31 07:24:19,3,Medium
7/31/2023,7:24:24,25.8,71,0,2023-07-31 07:24:24,3,Medium
7/31/2023,7:24:28,25.8,71,0,2023-07-31 07:24:28,3,Medium
7/31/2023,7:24:33,25.8,71,0,2023-07-31 07:24:33,3,Medium
7/31/2023,7:24:38,25.8,71,0,2023-07-31 07:24:38,3,Medium
7/31/2023,7:24:44,25.8,71,0,2023-07-31 07:24:44,3,Medium
7/31/2023,7:24:48,25.8,71,0,2023-07-31 07:24:48,3,Medium
7/31/2023,7:24:53,25.9,71,0,2023-07-31 07:24:53,3,Medium
7/31/2023,7:24:58,25.9,71,0,2023-07-31 07:24:58,3,Medium
7/31/2023,7:25:02,25.9,71,0,2023-07-31 07:25:02,3,Medium
7/31/2023,7:25:06,25.9,71,0,2023-07-31 07:25:06,3,Medium
7/31/2023,7:25:11,25.9,71,0,2023-07-31 07:25:11,3,Medium
7/31/2023,7:25:15,25.9,71,0,2023-07-31 07:25:15,3,Medium
7/31/2023,7:25:19,25.9,71,0,2023-07-31 07:25:19,3,Medium
7/31/2023,7:25:25,25.9,71,0,2023-07-31 07:25:25,3,Medium
7/31/2023,7:41:30,26.3,70,0,2023-07-31 07:41:30,3,Medium
7/31/2023,7:41:34,26.3,70,0,2023-07-31 07:41:34,3,Medium
7/31/2023,7:41:39,26.3,70,0,2023-07-31 07:41:39,3,Medium
7/31/2023,7:41:43,26.3,70,0,2023-07-31 07:41:43,3,Medium
7/31/2023,7:41:48,26.3,70,0,2023-07-31 07:41:48,3,Medium
7/31/2023,7:41:52,26.3,70,0,2023-07-31 07:41:52,3,Medium
7/31/2023,7:41:56,26.3,70,0,2023-07-31 07:41:56,3,Medium
7/31/2023,7:42:00,26.3,70,0,2023-07-31 07:42:00,3,Medium
7/31/2023,7:42:05,26.3,70,4,2023-07-31 07:42:05,4,High
7/31/2023,7:42:10,26.3,70,4,2023-07-31 07:42:10,4,High
7/31/2023,7:42:14,26.3,70,4,2023-07-31 07:42:14,4,High
7/31/2023,7:42:18,26.3,70,4,2023-07-31 07:42:18,4,High
7/31/2023,7:42:23,26.3,70,4,2023-07-31 07:42:23,4,High
7/31/2023,7:42:32,26.3,70,0,2023-07-31 07:42:32,3,Medium
7/31/2023,7:42:36,26.3,70,0,2023-07-31 07:42:36,3,Medium
7/31/2023,7:42:41,26.3,70,0,2023-07-31 07:42:41,3,Medium
7/31/2023,7:42:45,26.3,70,0,2023-07-31 07:42:45,3,Medium
7/31/2023,7:42:49,26.3,70,0,2023-07-31 07:42:49,3,Medium
7/31/2023,7:42:54,26.3,70,0,2023-07-31 07:42:54,3,Medium
7/31/2023,7:42:59,26.3,70,0,2023-07-31 07:42:59,3,Medium
7/31/2023,7:43:03,26.3,70,0,2023-07-31 07:43:03,3,Medium
7/31/2023,7:43:07,26.3,70,0,2023-07-31 07:43:07,3,Medium
7/31/2023,7:43:12,26.4,70,0,2023-07-31 07:43:12,3,Medium
7/31/2023,7:43:16,26.4,70,0,2023-07-31 07:43:16,3,Medium
7/31/2023,7:43:21,26.4,70,0,2023-07-31 07:43:21,3,Medium
7/31/2023,7:43:25,26.4,70,0,2023-07-31 07:43:25,3,Medium
7/31/2023,7:43:29,26.4,70,0,2023-07-31 07:43:29,3,Medium
7/31/2023,7:43:33,26.4,70,0,2023-07-31 07:43:33,3,Medium
7/31/2023,7:43:37,26.4,70,0,2023-07-31 07:43:37,3,Medium
7/31/2023,7:43:42,26.4,70,0,2023-07-31 07:43:42,3,Medium
7/31/2023,7:43:46,26.4,70,0,2023-07-31 07:43:46,3,Medium
7/31/2023,7:43:51,26.4,70,0,2023-07-31 07:43:51,3,Medium
7/31/2023,7:43:55,26.4,70,0,2023-07-31 07:43:55,3,Medium
7/31/2023,7:44:00,26.4,70,0,2023-07-31 07:44:00,3,Medium
7/31/2023,7:44:04,26.4,70,0,2023-07-31 07:44:04,3,Medium
7/31/2023,7:44:09,26.4,70,0,2023-07-31 07:44:09,3,Medium
7/31/2023,7:44:13,26.4,70,0,2023-07-31 07:44:13,3,Medium
7/31/2023,7:44:17,26.4,70,0,2023-07-31 07:44:17,3,Medium
7/31/2023,7:44:21,26.5,70,0,2023-07-31 07:44:21,3,Medium
7/31/2023,7:44:26,26.5,70,0,2023-07-31 07:44:26,3,Medium
7/31/2023,7:44:30,26.5,70,0,2023-07-31 07:44:30,3,Medium
7/31/2023,7:44:35,26.5,70,0,2023-07-31 07:44:35,3,Medium
7/31/2023,7:44:39,26.5,70,0,2023-07-31 07:44:39,3,Medium
7/31/2023,7:44:43,26.5,69,0,2023-07-31 07:44:43,2,Medium
7/31/2023,7:44:47,26.5,69,0,2023-07-31 07:44:47,2,Medium
7/31/2023,7:44:51,26.5,69,0,2023-07-31 07:44:51,2,Medium
7/31/2023,7:44:56,26.5,69,0,2023-07-31 07:44:56,2,Medium
7/31/2023,7:45:00,26.5,69,0,2023-07-31 07:45:00,2,Medium
7/31/2023,7:45:04,26.5,69,0,2023-07-31 07:45:04,2,Medium
7/31/2023,7:45:09,26.5,69,0,2023-07-31 07:45:09,2,Medium
7/31/2023,7:45:13,26.5,69,0,2023-07-31 07:45:13,2,Medium
7/31/2023,7:45:18,26.5,69,0,2023-07-31 07:45:18,2,Medium
7/31/2023,7:45:22,26.5,69,0,2023-07-31 07:45:22,2,Medium
7/31/2023,7:45:27,26.5,69,0,2023-07-31 07:45:27,2,Medium
7/31/2023,7:45:32,26.5,69,0,2023-07-31 07:45:32,2,Medium
7/31/2023,7:45:36,26.5,69,0,2023-07-31 07:45:36,2,Medium
7/31/2023,7:45:40,26.5,69,0,2023-07-31 07:45:40,2,Medium
7/31/2023,7:45:44,26.5,69,0,2023-07-31 07:45:44,2,Medium
7/31/2023,7:45:49,26.5,69,0,2023-07-31 07:45:49,2,Medium
7/31/2023,7:45:54,26.5,69,0,2023-07-31 07:45:54,2,Medium
7/31/2023,7:45:58,26.5,69,0,2023-07-31 07:45:58,2,Medium
7/31/2023,7:46:02,26.5,69,0,2023-07-31 07:46:02,2,Medium
7/31/2023,7:46:06,26.5,69,0,2023-07-31 07:46:06,2,Medium
7/31/2023,7:46:11,26.5,69,0,2023-07-31 07:46:11,2,Medium
7/31/2023,7:46:15,26.5,69,0,2023-07-31 07:46:15,2,Medium
7/31/2023,7:46:20,26.5,69,0,2023-07-31 07:46:20,2,Medium
7/31/2023,7:46:24,26.5,69,0,2023-07-31 07:46:24,2,Medium
7/31/2023,7:46:29,26.5,69,0,2023-07-31 07:46:29,2,Medium
7/31/2023,7:46:33,26.5,69,0,2023-07-31 07:46:33,2,Medium
7/31/2023,7:46:38,26.5,69,0,2023-07-31 07:46:38,2,Medium
7/31/2023,7:46:43,26.5,69,0,2023-07-31 07:46:43,2,Medium
7/31/2023,7:46:47,26.5,69,0,2023-07-31 07:46:47,2,Medium
7/31/2023,7:46:51,26.5,69,0,2023-07-31 07:46:51,2,Medium
7/31/2023,7:46:56,26.5,69,0,2023-07-31 07:46:56,2,Medium
7/31/2023,7:47:00,26.5,69,0,2023-07-31 07:47:00,2,Medium
7/31/2023,7:47:04,26.5,69,0,2023-07-31 07:47:04,2,Medium
7/31/2023,7:47:09,26.5,69,0,2023-07-31 07:47:09,2,Medium
7/31/2023,7:47:13,26.5,69,0,2023-07-31 07:47:13,2,Medium
7/31/2023,7:47:18,26.5,69,0,2023-07-31 07:47:18,2,Medium
7/31/2023,7:47:22,26.5,69,0,2023-07-31 07:47:22,2,Medium
7/31/2023,7:47:27,26.5,70,0,2023-07-31 07:47:27,3,Medium
7/31/2023,7:47:31,26.5,69,0,2023-07-31 07:47:31,2,Medium
7/31/2023,7:47:36,26.5,70,0,2023-07-31 07:47:36,3,Medium
7/31/2023,7:47:41,26.5,69,0,2023-07-31 07:47:41,2,Medium
7/31/2023,7:47:46,26.5,70,1,2023-07-31 07:47:46,4,High
7/31/2023,7:47:50,26.5,70,1,2023-07-31 07:47:50,4,High
7/31/2023,7:47:54,26.5,69,1,2023-07-31 07:47:54,3,Medium
7/31/2023,7:48:03,26.5,70,0,2023-07-31 07:48:03,3,Medium
7/31/2023,7:48:08,26.5,70,0,2023-07-31 07:48:08,3,Medium
7/31/2023,7:48:12,26.5,69,5,2023-07-31 07:48:12,3,Medium
7/31/2023,7:48:17,26.5,69,1,2023-07-31 07:48:17,3,Medium
7/31/2023,7:48:25,26.5,69,0,2023-07-31 07:48:25,2,Medium
7/31/2023,7:48:30,26.5,69,1,2023-07-31 07:48:30,3,Medium
7/31/2023,7:48:34,26.5,69,1,2023-07-31 07:48:34,3,Medium
7/31/2023,7:48:38,26.5,69,1,2023-07-31 07:48:38,3,Medium
7/31/2023,7:48:43,26.5,69,1,2023-07-31 07:48:43,3,Medium
7/31/2023,7:48:47,26.5,69,1,2023-07-31 07:48:47,3,Medium
7/31/2023,7:48:51,26.5,69,1,2023-07-31 07:48:51,3,Medium
7/31/2023,7:48:56,26.6,69,1,2023-07-31 07:48:56,3,Medium
7/31/2023,7:49:00,26.6,69,1,2023-07-31 07:49:00,3,Medium
7/31/2023,7:49:09,26.6,69,2,2023-07-31 07:49:09,3,Medium
7/31/2023,7:49:14,26.6,69,2,2023-07-31 07:49:14,3,Medium
7/31/2023,7:49:18,26.6,69,2,2023-07-31 07:49:18,3,Medium
7/31/2023,7:49:22,26.6,69,2,2023-07-31 07:49:22,3,Medium
7/31/2023,7:49:27,26.6,69,2,2023-07-31 07:49:27,3,Medium
7/31/2023,7:49:32,26.6,69,2,2023-07-31 07:49:32,3,Medium
7/31/2023,7:49:36,26.6,69,1,2023-07-31 07:49:36,3,Medium
7/31/2023,7:49:40,26.6,69,1,2023-07-31 07:49:40,3,Medium
7/31/2023,7:49:45,26.6,69,1,2023-07-31 07:49:45,3,Medium
7/31/2023,7:49:49,26.6,69,1,2023-07-31 07:49:49,3,Medium
7/31/2023,7:49:53,26.6,69,1,2023-07-31 07:49:53,3,Medium
7/31/2023,7:49:58,26.6,68,1,2023-07-31 07:49:58,3,Medium
7/31/2023,7:50:07,26.6,68,0,2023-07-31 07:50:07,2,Medium
7/31/2023,7:50:12,26.6,68,0,2023-07-31 07:50:12,2,Medium
7/31/2023,7:50:16,26.6,68,0,2023-07-31 07:50:16,2,Medium
7/31/2023,7:50:20,26.6,68,0,2023-07-31 07:50:20,2,Medium
7/31/2023,7:50:24,26.7,68,0,2023-07-31 07:50:24,2,Medium
7/31/2023,7:50:28,26.7,68,0,2023-07-31 07:50:28,2,Medium
7/31/2023,7:50:33,26.7,68,0,2023-07-31 07:50:33,2,Medium
7/31/2023,7:50:38,26.7,68,0,2023-07-31 07:50:38,2,Medium
7/31/2023,7:50:42,26.7,68,0,2023-07-31 07:50:42,2,Medium
7/31/2023,7:50:46,26.7,68,0,2023-07-31 07:50:46,2,Medium
7/31/2023,7:50:51,26.7,68,0,2023-07-31 07:50:51,2,Medium
7/31/2023,7:50:56,26.7,68,0,2023-07-31 07:50:56,2,Medium
7/31/2023,7:51:00,26.7,68,0,2023-07-31 07:51:00,2,Medium
7/31/2023,7:51:05,26.7,68,0,2023-07-31 07:51:05,2,Medium
7/31/2023,7:51:10,26.6,68,0,2023-07-31 07:51:10,2,Medium
7/31/2023,7:51:14,26.7,68,0,2023-07-31 07:51:14,2,Medium
7/31/2023,7:51:18,26.6,68,0,2023-07-31 07:51:18,2,Medium
7/31/2023,7:51:23,26.7,68,0,2023-07-31 07:51:23,2,Medium
7/31/2023,7:51:27,26.6,68,0,2023-07-31 07:51:27,2,Medium
7/31/2023,7:51:32,26.6,68,0,2023-07-31 07:51:32,2,Medium
7/31/2023,7:51:38,26.6,69,0,2023-07-31 07:51:38,2,Medium
7/31/2023,7:51:42,26.6,69,0,2023-07-31 07:51:42,2,Medium
7/31/2023,7:51:48,26.7,69,0,2023-07-31 07:51:48,2,Medium
7/31/2023,7:51:52,26.7,69,0,2023-07-31 07:51:52,2,Medium
7/31/2023,7:51:56,26.7,70,0,2023-07-31 07:51:56,3,Medium
7/31/2023,7:52:01,26.7,70,0,2023-07-31 07:52:01,3,Medium
7/31/2023,7:52:05,26.7,69,0,2023-07-31 07:52:05,2,Medium
7/31/2023,7:52:10,26.7,69,0,2023-07-31 07:52:10,2,Medium
7/31/2023,7:52:14,26.7,69,0,2023-07-31 07:52:14,2,Medium
7/31/2023,7:52:18,26.7,69,0,2023-07-31 07:52:18,2,Medium
7/31/2023,7:52:23,26.7,69,0,2023-07-31 07:52:23,2,Medium
7/31/2023,7:52:27,26.7,69,0,2023-07-31 07:52:27,2,Medium
7/31/2023,7:52:32,26.7,69,0,2023-07-31 07:52:32,2,Medium
7/31/2023,7:52:36,26.7,69,0,2023-07-31 07:52:36,2,Medium
7/31/2023,7:52:40,26.7,69,0,2023-07-31 07:52:40,2,Medium
7/31/2023,7:52:44,26.7,69,0,2023-07-31 07:52:44,2,Medium
7/31/2023,7:52:49,26.7,69,0,2023-07-31 07:52:49,2,Medium
7/31/2023,7:52:53,26.7,69,0,2023-07-31 07:52:53,2,Medium
7/31/2023,7:52:58,26.7,69,0,2023-07-31 07:52:58,2,Medium
7/31/2023,7:53:02,26.7,69,0,2023-07-31 07:53:02,2,Medium
7/31/2023,7:53:07,26.7,69,0,2023-07-31 07:53:07,2,Medium
7/31/2023,7:53:11,26.7,69,0,2023-07-31 07:53:11,2,Medium
7/31/2023,7:53:15,26.7,69,0,2023-07-31 07:53:15,2,Medium
7/31/2023,7:53:19,26.7,69,0,2023-07-31 07:53:19,2,Medium
7/31/2023,7:53:23,26.7,69,0,2023-07-31 07:53:23,2,Medium
7/31/2023,7:53:28,26.7,69,0,2023-07-31 07:53:28,2,Medium
7/31/2023,7:53:32,26.6,69,0,2023-07-31 07:53:32,2,Medium
7/31/2023,7:53:36,26.7,69,0,2023-07-31 07:53:36,2,Medium
7/31/2023,7:53:40,26.7,69,0,2023-07-31 07:53:40,2,Medium
7/31/2023,7:53:45,26.7,69,0,2023-07-31 07:53:45,2,Medium
7/31/2023,7:53:49,26.6,69,0,2023-07-31 07:53:49,2,Medium
7/31/2023,7:53:53,26.6,69,0,2023-07-31 07:53:53,2,Medium
7/31/2023,7:53:57,26.6,69,0,2023-07-31 07:53:57,2,Medium
7/31/2023,7:54:01,26.6,69,0,2023-07-31 07:54:01,2,Medium
7/31/2023,7:54:05,26.6,69,0,2023-07-31 07:54:05,2,Medium
7/31/2023,7:54:09,26.6,69,0,2023-07-31 07:54:09,2,Medium
7/31/2023,7:54:14,26.6,69,0,2023-07-31 07:54:14,2,Medium
7/31/2023,7:54:22,26.6,69,0,2023-07-31 07:54:22,2,Medium
7/31/2023,7:54:26,26.6,69,0,2023-07-31 07:54:26,2,Medium
7/31/2023,7:54:30,26.6,69,0,2023-07-31 07:54:30,2,Medium
7/31/2023,7:54:35,26.6,69,0,2023-07-31 07:54:35,2,Medium
7/31/2023,7:54:39,26.6,69,0,2023-07-31 07:54:39,2,Medium
7/31/2023,7:54:42,26.6,69,0,2023-07-31 07:54:42,2,Medium
7/31/2023,7:54:47,26.6,69,0,2023-07-31 07:54:47,2,Medium
7/31/2023,7:54:51,26.6,69,0,2023-07-31 07:54:51,2,Medium
7/31/2023,7:54:55,26.6,69,0,2023-07-31 07:54:55,2,Medium
7/31/2023,7:55:00,26.6,68,0,2023-07-31 07:55:00,2,Medium
7/31/2023,7:55:04,26.6,68,0,2023-07-31 07:55:04,2,Medium
7/31/2023,7:55:08,26.6,69,0,2023-07-31 07:55:08,2,Medium
7/31/2023,7:55:13,26.6,68,0,2023-07-31 07:55:13,2,Medium
7/31/2023,7:55:17,26.6,68,0,2023-07-31 07:55:17,2,Medium
7/31/2023,7:55:22,26.6,69,0,2023-07-31 07:55:22,2,Medium
7/31/2023,7:55:26,26.6,69,0,2023-07-31 07:55:26,2,Medium
7/31/2023,7:55:30,26.6,69,0,2023-07-31 07:55:30,2,Medium
7/31/2023,7:55:34,26.6,69,0,2023-07-31 07:55:34,2,Medium
7/31/2023,7:55:39,26.6,69,0,2023-07-31 07:55:39,2,Medium
7/31/2023,7:55:44,26.6,69,0,2023-07-31 07:55:44,2,Medium
7/31/2023,7:55:48,26.6,69,0,2023-07-31 07:55:48,2,Medium
7/31/2023,7:55:52,26.6,69,0,2023-07-31 07:55:52,2,Medium
7/31/2023,7:55:57,26.6,69,0,2023-07-31 07:55:57,2,Medium
7/31/2023,7:56:01,26.6,69,0,2023-07-31 07:56:01,2,Medium
7/31/2023,7:56:05,26.5,69,0,2023-07-31 07:56:05,2,Medium
7/31/2023,7:56:10,26.5,69,0,2023-07-31 07:56:10,2,Medium
7/31/2023,7:56:14,26.5,69,0,2023-07-31 07:56:14,2,Medium
7/31/2023,7:56:19,26.5,69,0,2023-07-31 07:56:19,2,Medium
7/31/2023,7:56:23,26.5,69,0,2023-07-31 07:56:23,2,Medium
7/31/2023,7:56:27,26.5,69,0,2023-07-31 07:56:27,2,Medium
7/31/2023,7:56:32,26.5,69,0,2023-07-31 07:56:32,2,Medium
7/31/2023,7:56:36,26.5,69,0,2023-07-31 07:56:36,2,Medium
7/31/2023,7:56:40,26.5,69,0,2023-07-31 07:56:40,2,Medium
7/31/2023,7:56:45,26.5,69,0,2023-07-31 07:56:45,2,Medium
7/31/2023,7:56:49,26.5,69,0,2023-07-31 07:56:49,2,Medium
7/31/2023,7:56:53,26.5,69,0,2023-07-31 07:56:53,2,Medium
7/31/2023,7:56:58,26.5,69,0,2023-07-31 07:56:58,2,Medium
7/31/2023,7:57:02,26.5,69,0,2023-07-31 07:57:02,2,Medium
7/31/2023,7:57:06,26.5,69,0,2023-07-31 07:57:06,2,Medium
7/31/2023,7:57:15,26.5,69,0,2023-07-31 07:57:15,2,Medium
7/31/2023,7:57:19,26.5,69,0,2023-07-31 07:57:19,2,Medium
7/31/2023,7:57:24,26.4,69,0,2023-07-31 07:57:24,2,Medium
7/31/2023,7:57:28,26.4,69,0,2023-07-31 07:57:28,2,Medium
7/31/2023,7:57:33,26.4,69,0,2023-07-31 07:57:33,2,Medium
7/31/2023,7:57:37,26.4,69,0,2023-07-31 07:57:37,2,Medium
7/31/2023,7:57:42,26.4,69,0,2023-07-31 07:57:42,2,Medium
7/31/2023,7:57:46,26.4,69,0,2023-07-31 07:57:46,2,Medium
7/31/2023,7:57:50,26.4,69,0,2023-07-31 07:57:50,2,Medium
7/31/2023,7:57:55,26.4,69,0,2023-07-31 07:57:55,2,Medium
7/31/2023,7:58:00,26.4,69,0,2023-07-31 07:58:00,2,Medium
7/31/2023,7:58:04,26.4,69,0,2023-07-31 07:58:04,2,Medium
7/31/2023,7:58:09,26.4,69,0,2023-07-31 07:58:09,2,Medium
7/31/2023,7:58:13,26.4,69,0,2023-07-31 07:58:13,2,Medium
7/31/2023,7:58:18,26.4,69,0,2023-07-31 07:58:18,2,Medium
7/31/2023,7:58:22,26.4,69,0,2023-07-31 07:58:22,2,Medium
7/31/2023,7:58:26,26.4,69,0,2023-07-31 07:58:26,2,Medium
7/31/2023,7:58:31,26.4,69,0,2023-07-31 07:58:31,2,Medium
7/31/2023,7:58:36,26.4,69,0,2023-07-31 07:58:36,2,Medium
7/31/2023,7:58:40,26.4,69,0,2023-07-31 07:58:40,2,Medium
7/31/2023,7:58:44,26.4,69,0,2023-07-31 07:58:44,2,Medium
7/31/2023,7:58:54,26.4,70,3,2023-07-31 07:58:54,4,High
7/31/2023,7:58:58,26.4,70,4,2023-07-31 07:58:58,4,High
7/31/2023,7:59:03,26.4,70,4,2023-07-31 07:59:03,4,High
7/31/2023,7:59:07,26.4,70,4,2023-07-31 07:59:07,4,High
7/31/2023,7:59:11,26.4,70,4,2023-07-31 07:59:11,4,High
7/31/2023,7:59:16,26.4,70,4,2023-07-31 07:59:16,4,High
7/31/2023,7:59:21,26.4,70,4,2023-07-31 07:59:21,4,High
7/31/2023,7:59:25,26.4,70,4,2023-07-31 07:59:25,4,High
7/31/2023,7:59:30,26.5,70,4,2023-07-31 07:59:30,4,High
7/31/2023,7:59:34,26.5,70,5,2023-07-31 07:59:34,4,High
7/31/2023,7:59:43,26.5,70,0,2023-07-31 07:59:43,3,Medium
7/31/2023,7:59:48,26.5,69,0,2023-07-31 07:59:48,2,Medium
7/31/2023,7:59:52,26.5,70,0,2023-07-31 07:59:52,3,Medium
7/31/2023,7:59:56,26.5,70,0,2023-07-31 07:59:56,3,Medium
7/31/2023,8:00:00,26.5,70,0,2023-07-31 08:00:00,3,Medium
7/31/2023,8:00:05,26.5,70,0,2023-07-31 08:00:05,3,Medium
7/31/2023,8:00:09,26.6,70,0,2023-07-31 08:00:09,3,Medium
7/31/2023,8:00:14,26.6,70,0,2023-07-31 08:00:14,3,Medium
7/31/2023,8:00:18,26.6,70,0,2023-07-31 08:00:18,3,Medium
7/31/2023,8:00:22,26.5,70,0,2023-07-31 08:00:22,3,Medium
8/1/2023,8:13:01,25.5,71,0,2023-08-01 08:13:01,3,Medium
8/1/2023,8:13:05,25.5,71,0,2023-08-01 08:13:05,3,Medium
8/1/2023,8:13:10,25.5,71,0,2023-08-01 08:13:10,3,Medium
8/1/2023,8:13:14,25.5,71,0,2023-08-01 08:13:14,3,Medium
8/1/2023,8:13:18,25.5,71,0,2023-08-01 08:13:18,3,Medium
8/1/2023,8:13:25,25.5,71,0,2023-08-01 08:13:25,3,Medium
8/1/2023,8:13:30,25.5,71,0,2023-08-01 08:13:30,3,Medium
8/1/2023,8:13:34,25.5,71,0,2023-08-01 08:13:34,3,Medium
8/1/2023,8:13:38,25.5,71,0,2023-08-01 08:13:38,3,Medium
8/1/2023,8:13:42,25.5,71,0,2023-08-01 08:13:42,3,Medium
8/1/2023,8:13:47,25.5,71,0,2023-08-01 08:13:47,3,Medium
8/1/2023,8:13:52,25.5,71,0,2023-08-01 08:13:52,3,Medium
8/1/2023,8:13:57,25.5,71,0,2023-08-01 08:13:57,3,Medium
8/1/2023,8:14:02,25.5,71,0,2023-08-01 08:14:02,3,Medium
8/1/2023,8:14:07,25.5,71,0,2023-08-01 08:14:07,3,Medium
8/1/2023,8:14:11,25.5,71,0,2023-08-01 08:14:11,3,Medium
8/1/2023,8:14:15,25.5,71,0,2023-08-01 08:14:15,3,Medium
8/1/2023,8:14:19,25.6,71,0,2023-08-01 08:14:19,3,Medium
8/1/2023,8:14:23,25.6,71,0,2023-08-01 08:14:23,3,Medium
8/1/2023,8:14:28,25.6,71,0,2023-08-01 08:14:28,3,Medium
8/1/2023,8:14:32,25.6,71,0,2023-08-01 08:14:32,3,Medium
8/1/2023,8:14:36,25.6,71,0,2023-08-01 08:14:36,3,Medium
8/1/2023,8:14:41,25.6,71,0,2023-08-01 08:14:41,3,Medium
8/1/2023,8:14:45,25.6,71,0,2023-08-01 08:14:45,3,Medium
8/1/2023,8:14:49,25.6,71,0,2023-08-01 08:14:49,3,Medium
8/1/2023,8:14:54,25.6,71,0,2023-08-01 08:14:54,3,Medium
8/1/2023,8:14:59,25.6,71,0,2023-08-01 08:14:59,3,Medium
8/1/2023,8:15:04,25.6,71,0,2023-08-01 08:15:04,3,Medium
8/1/2023,8:15:09,25.6,71,0,2023-08-01 08:15:09,3,Medium
8/1/2023,8:15:13,25.6,71,0,2023-08-01 08:15:13,3,Medium
8/1/2023,8:15:17,25.6,71,0,2023-08-01 08:15:17,3,Medium
8/1/2023,8:15:22,25.6,71,0,2023-08-01 08:15:22,3,Medium
8/1/2023,8:15:26,25.6,71,0,2023-08-01 08:15:26,3,Medium
8/1/2023,8:15:31,25.6,71,0,2023-08-01 08:15:31,3,Medium
8/1/2023,8:15:35,25.6,71,0,2023-08-01 08:15:35,3,Medium
8/1/2023,8:15:39,25.6,71,0,2023-08-01 08:15:39,3,Medium
8/1/2023,8:15:44,25.6,71,0,2023-08-01 08:15:44,3,Medium
8/1/2023,8:15:48,25.6,71,0,2023-08-01 08:15:48,3,Medium
8/1/2023,8:15:53,25.6,71,0,2023-08-01 08:15:53,3,Medium
8/1/2023,8:15:57,25.6,71,0,2023-08-01 08:15:57,3,Medium
8/1/2023,8:16:02,25.6,71,0,2023-08-01 08:16:02,3,Medium
8/1/2023,8:16:06,25.6,71,0,2023-08-01 08:16:06,3,Medium
8/1/2023,8:16:10,25.6,71,0,2023-08-01 08:16:10,3,Medium
8/1/2023,8:16:15,25.6,71,0,2023-08-01 08:16:15,3,Medium
8/1/2023,8:16:19,25.6,71,0,2023-08-01 08:16:19,3,Medium
8/1/2023,8:16:24,25.6,71,0,2023-08-01 08:16:24,3,Medium
8/1/2023,8:16:28,25.6,71,0,2023-08-01 08:16:28,3,Medium
8/1/2023,8:16:32,25.6,71,0,2023-08-01 08:16:32,3,Medium
8/1/2023,8:16:37,25.6,71,0,2023-08-01 08:16:37,3,Medium
8/1/2023,8:16:41,25.6,71,0,2023-08-01 08:16:41,3,Medium
8/1/2023,8:16:46,25.6,71,0,2023-08-01 08:16:46,3,Medium
8/1/2023,8:16:50,25.6,71,0,2023-08-01 08:16:50,3,Medium
8/1/2023,8:16:55,25.6,71,0,2023-08-01 08:16:55,3,Medium
8/1/2023,8:16:59,25.6,71,0,2023-08-01 08:16:59,3,Medium
8/1/2023,8:17:03,25.6,71,0,2023-08-01 08:17:03,3,Medium
8/1/2023,8:17:08,25.6,71,0,2023-08-01 08:17:08,3,Medium
8/1/2023,8:17:12,25.6,71,0,2023-08-01 08:17:12,3,Medium
8/1/2023,8:17:17,25.6,71,0,2023-08-01 08:17:17,3,Medium
8/1/2023,8:17:26,25.6,71,0,2023-08-01 08:17:26,3,Medium
8/1/2023,8:17:30,25.7,71,0,2023-08-01 08:17:30,3,Medium
8/1/2023,8:17:35,25.6,71,0,2023-08-01 08:17:35,3,Medium
8/1/2023,8:17:39,25.7,71,0,2023-08-01 08:17:39,3,Medium
8/1/2023,8:17:44,25.7,71,0,2023-08-01 08:17:44,3,Medium
8/1/2023,8:17:49,25.7,71,0,2023-08-01 08:17:49,3,Medium
8/1/2023,8:17:54,25.7,71,0,2023-08-01 08:17:54,3,Medium
8/1/2023,8:17:58,25.7,71,0,2023-08-01 08:17:58,3,Medium
8/1/2023,8:18:03,25.7,71,0,2023-08-01 08:18:03,3,Medium
8/1/2023,8:18:07,25.7,71,0,2023-08-01 08:18:07,3,Medium
8/1/2023,8:18:12,25.7,71,0,2023-08-01 08:18:12,3,Medium
8/1/2023,8:18:16,25.7,71,0,2023-08-01 08:18:16,3,Medium
8/1/2023,8:18:20,25.7,71,0,2023-08-01 08:18:20,3,Medium
8/1/2023,8:18:25,25.7,71,0,2023-08-01 08:18:25,3,Medium
8/1/2023,8:18:30,25.7,71,0,2023-08-01 08:18:30,3,Medium
8/1/2023,8:18:34,25.7,71,0,2023-08-01 08:18:34,3,Medium
8/1/2023,8:18:39,25.7,71,0,2023-08-01 08:18:39,3,Medium
8/1/2023,8:18:43,25.7,71,0,2023-08-01 08:18:43,3,Medium
8/1/2023,8:18:48,25.7,71,0,2023-08-01 08:18:48,3,Medium
8/1/2023,8:18:52,25.7,71,0,2023-08-01 08:18:52,3,Medium
8/1/2023,8:19:13,25.7,71,0,2023-08-01 08:19:13,3,Medium
8/1/2023,8:19:17,25.7,71,0,2023-08-01 08:19:17,3,Medium
8/1/2023,8:19:21,25.8,71,0,2023-08-01 08:19:21,3,Medium
8/1/2023,8:19:28,25.8,72,0,2023-08-01 08:19:28,3,Medium
8/1/2023,8:19:32,25.8,72,0,2023-08-01 08:19:32,3,Medium
8/1/2023,8:19:38,25.7,71,0,2023-08-01 08:19:38,3,Medium
8/1/2023,8:19:43,25.7,71,0,2023-08-01 08:19:43,3,Medium
8/1/2023,8:19:47,25.8,71,0,2023-08-01 08:19:47,3,Medium
8/1/2023,8:19:52,25.8,71,0,2023-08-01 08:19:52,3,Medium
8/1/2023,8:19:56,25.7,71,0,2023-08-01 08:19:56,3,Medium
8/1/2023,8:20:01,25.7,71,0,2023-08-01 08:20:01,3,Medium
8/1/2023,8:20:05,25.8,71,0,2023-08-01 08:20:05,3,Medium
8/1/2023,8:20:11,25.8,71,0,2023-08-01 08:20:11,3,Medium
8/1/2023,8:20:15,25.8,71,0,2023-08-01 08:20:15,3,Medium
8/1/2023,8:20:20,25.8,71,0,2023-08-01 08:20:20,3,Medium
8/1/2023,8:20:25,25.9,72,0,2023-08-01 08:20:25,3,Medium
8/1/2023,8:20:34,25.7,71,2,2023-08-01 08:20:34,4,High
8/1/2023,8:20:38,25.8,71,0,2023-08-01 08:20:38,3,Medium
8/1/2023,8:20:43,25.8,71,2,2023-08-01 08:20:43,4,High
8/1/2023,8:20:47,25.8,71,0,2023-08-01 08:20:47,3,Medium
8/1/2023,8:20:51,25.8,71,0,2023-08-01 08:20:51,3,Medium
8/1/2023,8:20:55,25.8,71,0,2023-08-01 08:20:55,3,Medium
8/1/2023,8:20:59,25.8,71,0,2023-08-01 08:20:59,3,Medium
8/1/2023,8:21:04,25.8,71,0,2023-08-01 08:21:04,3,Medium
8/1/2023,8:21:11,25.8,71,0,2023-08-01 08:21:11,3,Medium
8/1/2023,8:21:15,25.8,71,0,2023-08-01 08:21:15,3,Medium
8/1/2023,8:21:20,25.8,71,0,2023-08-01 08:21:20,3,Medium
8/1/2023,8:21:25,25.8,71,0,2023-08-01 08:21:25,3,Medium
8/1/2023,8:21:32,25.9,71,0,2023-08-01 08:21:32,3,Medium
8/1/2023,8:21:37,25.9,71,0,2023-08-01 08:21:37,3,Medium
8/1/2023,8:21:41,25.9,71,0,2023-08-01 08:21:41,3,Medium
8/1/2023,8:21:45,25.9,71,0,2023-08-01 08:21:45,3,Medium
8/1/2023,8:21:50,25.9,71,0,2023-08-01 08:21:50,3,Medium
8/1/2023,8:21:54,25.9,71,0,2023-08-01 08:21:54,3,Medium
8/1/2023,8:21:58,25.9,71,0,2023-08-01 08:21:58,3,Medium
8/1/2023,8:22:02,25.9,71,0,2023-08-01 08:22:02,3,Medium
8/1/2023,8:22:07,25.9,71,0,2023-08-01 08:22:07,3,Medium
8/1/2023,8:22:11,25.9,71,0,2023-08-01 08:22:11,3,Medium
8/1/2023,8:22:15,25.9,71,6,2023-08-01 08:22:15,4,High
8/1/2023,8:22:19,25.9,71,6,2023-08-01 08:22:19,4,High
8/1/2023,8:22:24,25.9,71,5,2023-08-01 08:22:24,4,High
8/1/2023,8:22:30,25.9,71,5,2023-08-01 08:22:30,4,High
8/1/2023,8:22:37,26.0,71,4,2023-08-01 08:22:37,4,High
8/1/2023,8:22:46,26.0,71,0,2023-08-01 08:22:46,3,Medium
8/1/2023,8:22:50,26.0,71,0,2023-08-01 08:22:50,3,Medium
8/1/2023,8:22:55,26.1,71,0,2023-08-01 08:22:55,3,Medium
8/1/2023,8:22:59,26.1,71,0,2023-08-01 08:22:59,3,Medium
8/1/2023,8:23:03,26.1,71,0,2023-08-01 08:23:03,3,Medium
8/1/2023,8:23:07,26.1,71,0,2023-08-01 08:23:07,3,Medium
8/1/2023,8:23:11,26.1,71,0,2023-08-01 08:23:11,3,Medium
8/1/2023,8:23:16,26.1,71,0,2023-08-01 08:23:16,3,Medium
8/1/2023,8:23:20,26.1,71,0,2023-08-01 08:23:20,3,Medium
8/1/2023,8:23:24,26.1,71,0,2023-08-01 08:23:24,3,Medium
8/1/2023,8:23:28,26.1,71,0,2023-08-01 08:23:28,3,Medium
8/1/2023,8:23:32,26.1,71,0,2023-08-01 08:23:32,3,Medium
8/1/2023,8:23:36,26.1,71,0,2023-08-01 08:23:36,3,Medium
8/1/2023,8:23:41,26.1,71,0,2023-08-01 08:23:41,3,Medium
8/1/2023,8:23:46,26.1,71,0,2023-08-01 08:23:46,3,Medium
8/1/2023,8:23:50,26.1,71,0,2023-08-01 08:23:50,3,Medium
8/1/2023,8:23:54,26.1,70,0,2023-08-01 08:23:54,3,Medium
8/1/2023,8:23:58,26.1,70,0,2023-08-01 08:23:58,3,Medium
8/1/2023,8:24:03,26.1,70,0,2023-08-01 08:24:03,3,Medium
8/1/2023,8:24:07,26.1,70,0,2023-08-01 08:24:07,3,Medium
8/1/2023,8:24:11,26.1,70,0,2023-08-01 08:24:11,3,Medium
8/1/2023,8:24:16,26.1,70,0,2023-08-01 08:24:16,3,Medium
8/1/2023,8:24:20,26.1,70,0,2023-08-01 08:24:20,3,Medium
8/1/2023,8:24:24,26.1,70,0,2023-08-01 08:24:24,3,Medium
8/1/2023,8:24:28,26.1,70,0,2023-08-01 08:24:28,3,Medium
8/1/2023,8:24:32,26.1,70,0,2023-08-01 08:24:32,3,Medium
8/1/2023,8:24:37,26.1,70,0,2023-08-01 08:24:37,3,Medium
8/1/2023,8:24:41,26.1,70,0,2023-08-01 08:24:41,3,Medium
8/1/2023,8:24:45,26.1,70,0,2023-08-01 08:24:45,3,Medium
8/1/2023,8:24:49,26.1,70,0,2023-08-01 08:24:49,3,Medium
8/1/2023,8:24:53,26.1,70,0,2023-08-01 08:24:53,3,Medium
8/1/2023,8:24:58,26.1,70,0,2023-08-01 08:24:58,3,Medium
8/1/2023,8:25:02,26.1,70,0,2023-08-01 08:25:02,3,Medium
8/1/2023,8:25:06,26.1,70,0,2023-08-01 08:25:06,3,Medium
8/1/2023,8:25:10,26.1,70,0,2023-08-01 08:25:10,3,Medium
8/1/2023,8:25:14,26.1,70,0,2023-08-01 08:25:14,3,Medium
8/1/2023,8:25:18,26.1,70,0,2023-08-01 08:25:18,3,Medium
8/1/2023,8:25:22,26.1,70,0,2023-08-01 08:25:22,3,Medium
8/1/2023,8:25:26,26.1,70,0,2023-08-01 08:25:26,3,Medium
8/1/2023,8:25:30,26.1,70,0,2023-08-01 08:25:30,3,Medium
8/1/2023,8:25:34,26.1,70,0,2023-08-01 08:25:34,3,Medium
8/1/2023,8:25:38,26.1,70,0,2023-08-01 08:25:38,3,Medium
8/1/2023,8:25:43,26.1,70,0,2023-08-01 08:25:43,3,Medium
8/1/2023,8:25:47,26.1,70,0,2023-08-01 08:25:47,3,Medium
8/1/2023,8:25:51,26.1,70,0,2023-08-01 08:25:51,3,Medium
8/1/2023,8:25:55,26.1,70,0,2023-08-01 08:25:55,3,Medium
8/1/2023,8:25:59,26.1,70,0,2023-08-01 08:25:59,3,Medium
8/1/2023,8:26:04,26.1,70,0,2023-08-01 08:26:04,3,Medium
8/1/2023,8:26:08,26.1,70,0,2023-08-01 08:26:08,3,Medium
8/1/2023,8:26:12,26.1,70,0,2023-08-01 08:26:12,3,Medium
8/1/2023,8:26:16,26.1,70,0,2023-08-01 08:26:16,3,Medium
8/1/2023,8:26:20,26.1,70,0,2023-08-01 08:26:20,3,Medium
8/1/2023,8:26:24,26.1,70,0,2023-08-01 08:26:24,3,Medium
8/1/2023,8:26:28,26.1,70,0,2023-08-01 08:26:28,3,Medium
8/1/2023,8:26:32,26.1,70,0,2023-08-01 08:26:32,3,Medium
8/1/2023,8:26:36,26.1,70,0,2023-08-01 08:26:36,3,Medium
8/1/2023,8:26:41,26.2,70,0,2023-08-01 08:26:41,3,Medium
8/1/2023,8:26:45,26.1,70,0,2023-08-01 08:26:45,3,Medium
8/1/2023,8:26:50,26.1,70,0,2023-08-01 08:26:50,3,Medium
8/1/2023,8:26:54,26.1,70,1,2023-08-01 08:26:54,4,High
8/1/2023,8:26:58,26.1,70,1,2023-08-01 08:26:58,4,High
8/1/2023,8:27:03,26.1,70,1,2023-08-01 08:27:03,4,High
8/1/2023,8:27:07,26.1,70,1,2023-08-01 08:27:07,4,High
8/1/2023,8:27:16,26.1,70,0,2023-08-01 08:27:16,3,Medium
8/1/2023,8:27:20,26.1,70,0,2023-08-01 08:27:20,3,Medium
8/1/2023,8:27:24,26.1,70,0,2023-08-01 08:27:24,3,Medium
8/1/2023,8:27:29,26.1,70,0,2023-08-01 08:27:29,3,Medium
8/1/2023,8:27:33,26.1,70,0,2023-08-01 08:27:33,3,Medium
8/1/2023,8:27:37,26.1,70,0,2023-08-01 08:27:37,3,Medium
8/1/2023,8:27:42,26.1,70,0,2023-08-01 08:27:42,3,Medium
8/1/2023,8:27:46,26.1,70,0,2023-08-01 08:27:46,3,Medium
8/1/2023,8:27:52,26.1,70,0,2023-08-01 08:27:52,3,Medium
8/1/2023,8:27:56,26.1,70,0,2023-08-01 08:27:56,3,Medium
8/1/2023,8:28:00,26.1,70,0,2023-08-01 08:28:00,3,Medium
8/1/2023,8:28:04,26.1,70,0,2023-08-01 08:28:04,3,Medium
8/1/2023,8:28:09,26.1,70,0,2023-08-01 08:28:09,3,Medium
8/1/2023,8:28:13,26.1,70,0,2023-08-01 08:28:13,3,Medium
8/1/2023,8:28:17,26.1,70,0,2023-08-01 08:28:17,3,Medium
8/1/2023,8:28:21,26.1,70,0,2023-08-01 08:28:21,3,Medium
8/1/2023,8:28:25,26.1,70,0,2023-08-01 08:28:25,3,Medium
8/1/2023,8:28:30,26.1,70,0,2023-08-01 08:28:30,3,Medium
8/1/2023,8:28:34,26.1,70,0,2023-08-01 08:28:34,3,Medium
8/1/2023,8:28:38,26.1,70,0,2023-08-01 08:28:38,3,Medium
8/1/2023,8:28:42,26.1,70,0,2023-08-01 08:28:42,3,Medium
8/1/2023,8:28:46,26.1,70,0,2023-08-01 08:28:46,3,Medium
8/1/2023,8:28:50,26.1,70,0,2023-08-01 08:28:50,3,Medium
8/1/2023,8:28:54,26.1,70,0,2023-08-01 08:28:54,3,Medium
8/1/2023,8:28:58,26.1,70,0,2023-08-01 08:28:58,3,Medium
8/1/2023,8:29:03,26.1,70,0,2023-08-01 08:29:03,3,Medium
8/1/2023,8:29:07,26.1,70,0,2023-08-01 08:29:07,3,Medium
8/1/2023,8:29:11,26.1,70,0,2023-08-01 08:29:11,3,Medium
8/1/2023,8:29:15,26.1,70,0,2023-08-01 08:29:15,3,Medium
8/1/2023,8:29:19,26.1,70,0,2023-08-01 08:29:19,3,Medium
8/1/2023,8:29:24,26.1,70,0,2023-08-01 08:29:24,3,Medium
8/1/2023,8:29:28,26.1,70,0,2023-08-01 08:29:28,3,Medium
8/1/2023,8:29:32,26.1,70,0,2023-08-01 08:29:32,3,Medium
8/1/2023,8:29:36,26.1,70,0,2023-08-01 08:29:36,3,Medium
8/1/2023,8:29:40,26.1,70,0,2023-08-01 08:29:40,3,Medium
8/1/2023,8:29:44,26.1,70,0,2023-08-01 08:29:44,3,Medium
8/1/2023,8:29:48,26.1,70,0,2023-08-01 08:29:48,3,Medium
8/1/2023,8:29:54,26.1,70,0,2023-08-01 08:29:54,3,Medium
8/1/2023,8:29:59,26.1,70,0,2023-08-01 08:29:59,3,Medium
8/1/2023,8:30:03,26.1,70,0,2023-08-01 08:30:03,3,Medium
8/1/2023,8:30:07,26.1,70,0,2023-08-01 08:30:07,3,Medium
8/1/2023,8:30:11,26.1,70,0,2023-08-01 08:30:11,3,Medium
8/1/2023,8:30:15,26.1,70,0,2023-08-01 08:30:15,3,Medium
8/1/2023,8:30:19,26.1,70,0,2023-08-01 08:30:19,3,Medium
8/1/2023,8:30:24,26.1,70,0,2023-08-01 08:30:24,3,Medium
8/1/2023,8:30:28,26.1,70,0,2023-08-01 08:30:28,3,Medium
8/1/2023,8:30:33,26.1,70,0,2023-08-01 08:30:33,3,Medium
8/1/2023,8:30:44,26.1,70,0,2023-08-01 08:30:44,3,Medium
8/1/2023,8:30:48,26.1,70,0,2023-08-01 08:30:48,3,Medium
8/1/2023,8:30:52,26.1,70,0,2023-08-01 08:30:52,3,Medium
8/1/2023,8:30:57,26.1,70,0,2023-08-01 08:30:57,3,Medium
8/1/2023,8:31:01,26.1,70,0,2023-08-01 08:31:01,3,Medium
8/1/2023,8:31:05,26.1,70,0,2023-08-01 08:31:05,3,Medium
8/1/2023,8:31:09,26.1,70,0,2023-08-01 08:31:09,3,Medium
8/1/2023,8:31:13,26.1,70,0,2023-08-01 08:31:13,3,Medium
8/1/2023,8:31:18,26.1,70,0,2023-08-01 08:31:18,3,Medium
8/1/2023,8:31:22,26.1,70,0,2023-08-01 08:31:22,3,Medium
8/1/2023,8:31:26,26.1,70,0,2023-08-01 08:31:26,3,Medium
8/1/2023,8:31:31,26.1,70,0,2023-08-01 08:31:31,3,Medium
8/1/2023,8:31:36,26.1,70,0,2023-08-01 08:31:36,3,Medium
8/1/2023,8:31:40,26.1,70,0,2023-08-01 08:31:40,3,Medium
8/1/2023,8:31:45,26.1,70,0,2023-08-01 08:31:45,3,Medium
8/1/2023,8:31:49,26.1,70,0,2023-08-01 08:31:49,3,Medium
8/1/2023,8:31:53,26.0,70,0,2023-08-01 08:31:53,3,Medium
8/1/2023,8:31:57,26.0,70,0,2023-08-01 08:31:57,3,Medium
8/1/2023,8:32:01,26.0,70,0,2023-08-01 08:32:01,3,Medium
8/1/2023,8:32:05,26.0,70,0,2023-08-01 08:32:05,3,Medium
8/1/2023,8:32:09,26.0,70,0,2023-08-01 08:32:09,3,Medium
8/1/2023,8:32:13,26.0,70,0,2023-08-01 08:32:13,3,Medium
8/1/2023,8:32:18,26.0,70,0,2023-08-01 08:32:18,3,Medium
8/1/2023,8:32:22,26.0,70,0,2023-08-01 08:32:22,3,Medium
8/1/2023,8:32:26,26.0,70,0,2023-08-01 08:32:26,3,Medium
8/1/2023,8:32:31,26.0,70,0,2023-08-01 08:32:31,3,Medium
8/1/2023,8:32:35,26.0,70,0,2023-08-01 08:32:35,3,Medium
8/1/2023,8:32:39,26.0,70,0,2023-08-01 08:32:39,3,Medium
8/1/2023,8:32:43,26.0,70,0,2023-08-01 08:32:43,3,Medium
8/1/2023,8:32:47,26.0,70,0,2023-08-01 08:32:47,3,Medium
8/1/2023,8:32:52,26.0,70,0,2023-08-01 08:32:52,3,Medium
8/1/2023,8:32:56,26.0,70,0,2023-08-01 08:32:56,3,Medium
8/1/2023,8:33:01,26.0,70,0,2023-08-01 08:33:01,3,Medium
8/1/2023,8:33:05,26.0,70,0,2023-08-01 08:33:05,3,Medium
8/1/2023,8:33:09,26.0,70,0,2023-08-01 08:33:09,3,Medium
8/1/2023,8:33:13,26.0,70,0,2023-08-01 08:33:13,3,Medium
8/1/2023,8:33:17,26.0,70,0,2023-08-01 08:33:17,3,Medium
8/1/2023,8:33:22,26.0,70,0,2023-08-01 08:33:22,3,Medium
8/1/2023,8:33:26,26.0,70,0,2023-08-01 08:33:26,3,Medium
8/1/2023,8:33:30,26.0,70,0,2023-08-01 08:33:30,3,Medium
8/1/2023,8:33:35,26.0,70,0,2023-08-01 08:33:35,3,Medium
8/1/2023,8:33:39,26.0,70,0,2023-08-01 08:33:39,3,Medium
8/1/2023,8:33:43,26.0,70,0,2023-08-01 08:33:43,3,Medium
8/1/2023,8:33:47,26.0,70,0,2023-08-01 08:33:47,3,Medium
8/1/2023,8:33:51,26.0,70,0,2023-08-01 08:33:51,3,Medium
8/1/2023,8:33:55,26.0,70,0,2023-08-01 08:33:55,3,Medium
8/1/2023,8:34:00,26.0,70,0,2023-08-01 08:34:00,3,Medium
8/1/2023,8:34:04,26.0,70,0,2023-08-01 08:34:04,3,Medium
8/1/2023,8:34:08,26.0,70,0,2023-08-01 08:34:08,3,Medium
8/1/2023,8:34:12,26.0,70,0,2023-08-01 08:34:12,3,Medium
8/1/2023,8:34:16,26.0,70,0,2023-08-01 08:34:16,3,Medium
8/1/2023,8:34:21,26.0,70,0,2023-08-01 08:34:21,3,Medium
8/1/2023,8:34:25,26.0,70,0,2023-08-01 08:34:25,3,Medium
8/1/2023,8:34:29,26.0,70,0,2023-08-01 08:34:29,3,Medium
8/1/2023,8:34:33,26.0,70,0,2023-08-01 08:34:33,3,Medium
8/1/2023,8:34:37,26.0,70,0,2023-08-01 08:34:37,3,Medium
8/1/2023,8:34:42,26.0,70,0,2023-08-01 08:34:42,3,Medium
8/1/2023,8:34:46,26.0,70,0,2023-08-01 08:34:46,3,Medium
8/1/2023,8:34:50,26.0,70,0,2023-08-01 08:34:50,3,Medium
8/1/2023,8:34:54,26.0,70,0,2023-08-01 08:34:54,3,Medium
8/1/2023,8:34:58,26.0,70,0,2023-08-01 08:34:58,3,Medium
8/1/2023,8:35:02,26.0,70,0,2023-08-01 08:35:02,3,Medium
8/1/2023,8:35:06,26.0,70,0,2023-08-01 08:35:06,3,Medium
8/1/2023,8:35:11,26.0,70,0,2023-08-01 08:35:11,3,Medium
8/1/2023,8:35:15,26.0,70,0,2023-08-01 08:35:15,3,Medium
8/1/2023,8:35:20,26.0,70,0,2023-08-01 08:35:20,3,Medium
8/1/2023,8:35:24,26.0,70,0,2023-08-01 08:35:24,3,Medium
8/1/2023,8:35:28,26.0,70,0,2023-08-01 08:35:28,3,Medium
8/1/2023,8:35:33,26.0,70,0,2023-08-01 08:35:33,3,Medium
8/1/2023,8:35:37,26.0,70,0,2023-08-01 08:35:37,3,Medium
8/1/2023,8:35:41,26.0,70,0,2023-08-01 08:35:41,3,Medium
8/1/2023,8:35:46,26.0,70,0,2023-08-01 08:35:46,3,Medium
8/1/2023,8:35:50,26.0,70,0,2023-08-01 08:35:50,3,Medium
8/1/2023,8:35:54,26.0,70,0,2023-08-01 08:35:54,3,Medium
8/1/2023,8:35:59,26.0,70,0,2023-08-01 08:35:59,3,Medium
8/1/2023,8:36:03,26.0,70,0,2023-08-01 08:36:03,3,Medium
8/1/2023,8:36:07,26.0,70,0,2023-08-01 08:36:07,3,Medium
8/1/2023,8:36:11,26.0,70,0,2023-08-01 08:36:11,3,Medium
8/1/2023,8:36:15,26.0,70,0,2023-08-01 08:36:15,3,Medium
8/1/2023,8:36:19,26.0,70,0,2023-08-01 08:36:19,3,Medium
8/1/2023,8:36:24,26.0,70,0,2023-08-01 08:36:24,3,Medium
8/1/2023,8:36:28,26.0,70,0,2023-08-01 08:36:28,3,Medium
8/1/2023,8:36:34,26.0,70,0,2023-08-01 08:36:34,3,Medium
8/1/2023,8:36:39,26.0,70,0,2023-08-01 08:36:39,3,Medium
8/1/2023,8:36:43,26.0,70,0,2023-08-01 08:36:43,3,Medium
8/1/2023,8:36:48,26.0,70,0,2023-08-01 08:36:48,3,Medium
8/1/2023,8:36:52,26.0,70,0,2023-08-01 08:36:52,3,Medium
8/1/2023,8:36:56,26.0,70,0,2023-08-01 08:36:56,3,Medium
8/1/2023,8:37:01,26.0,70,0,2023-08-01 08:37:01,3,Medium
8/1/2023,8:37:05,26.0,70,0,2023-08-01 08:37:05,3,Medium
8/1/2023,8:37:09,26.0,70,0,2023-08-01 08:37:09,3,Medium
8/1/2023,8:37:13,26.0,70,0,2023-08-01 08:37:13,3,Medium
8/1/2023,8:37:17,26.0,70,0,2023-08-01 08:37:17,3,Medium
8/1/2023,8:37:21,26.0,70,0,2023-08-01 08:37:21,3,Medium
8/1/2023,8:37:26,26.0,70,0,2023-08-01 08:37:26,3,Medium
8/1/2023,8:37:31,26.0,70,0,2023-08-01 08:37:31,3,Medium
8/1/2023,8:37:35,26.0,70,0,2023-08-01 08:37:35,3,Medium
8/1/2023,8:37:39,26.0,70,0,2023-08-01 08:37:39,3,Medium
8/1/2023,8:37:44,26.0,70,0,2023-08-01 08:37:44,3,Medium
8/1/2023,8:37:48,26.0,70,0,2023-08-01 08:37:48,3,Medium
8/1/2023,8:37:52,26.0,70,0,2023-08-01 08:37:52,3,Medium
8/1/2023,8:37:57,26.0,70,0,2023-08-01 08:37:57,3,Medium
8/1/2023,8:38:01,26.0,70,0,2023-08-01 08:38:01,3,Medium
8/1/2023,8:38:05,26.0,70,0,2023-08-01 08:38:05,3,Medium
8/1/2023,8:38:09,26.0,70,0,2023-08-01 08:38:09,3,Medium
8/1/2023,8:39:02,26.0,70,0,2023-08-01 08:39:02,3,Medium
8/1/2023,8:39:07,26.0,70,0,2023-08-01 08:39:07,3,Medium
8/1/2023,8:39:11,25.9,70,0,2023-08-01 08:39:11,3,Medium
8/1/2023,8:39:15,25.9,70,0,2023-08-01 08:39:15,3,Medium
8/1/2023,8:39:20,25.9,70,0,2023-08-01 08:39:20,3,Medium
8/1/2023,8:39:24,25.9,70,0,2023-08-01 08:39:24,3,Medium
8/1/2023,8:39:28,25.9,70,0,2023-08-01 08:39:28,3,Medium
8/1/2023,8:39:33,25.9,70,0,2023-08-01 08:39:33,3,Medium
8/1/2023,8:39:37,25.9,70,0,2023-08-01 08:39:37,3,Medium
8/1/2023,8:39:42,25.9,70,0,2023-08-01 08:39:42,3,Medium
8/1/2023,8:39:47,25.9,70,0,2023-08-01 08:39:47,3,Medium
8/1/2023,8:39:52,25.9,70,0,2023-08-01 08:39:52,3,Medium
8/1/2023,8:40:00,25.9,70,0,2023-08-01 08:40:00,3,Medium
8/1/2023,8:40:05,25.9,70,0,2023-08-01 08:40:05,3,Medium
8/1/2023,8:40:10,25.9,70,0,2023-08-01 08:40:10,3,Medium
8/1/2023,8:40:14,25.9,70,0,2023-08-01 08:40:14,3,Medium
8/1/2023,8:40:19,25.9,70,0,2023-08-01 08:40:19,3,Medium
8/1/2023,8:40:24,25.9,70,0,2023-08-01 08:40:24,3,Medium
8/1/2023,8:40:28,25.9,70,0,2023-08-01 08:40:28,3,Medium
8/1/2023,8:40:33,25.9,70,0,2023-08-01 08:40:33,3,Medium
8/1/2023,8:40:38,25.9,70,0,2023-08-01 08:40:38,3,Medium
8/1/2023,8:40:42,25.9,70,0,2023-08-01 08:40:42,3,Medium
8/1/2023,8:40:47,25.9,70,0,2023-08-01 08:40:47,3,Medium
8/1/2023,8:40:51,25.9,70,0,2023-08-01 08:40:51,3,Medium
8/1/2023,8:40:55,25.9,70,0,2023-08-01 08:40:55,3,Medium
8/1/2023,8:40:59,25.9,70,0,2023-08-01 08:40:59,3,Medium
8/1/2023,8:41:04,25.9,70,0,2023-08-01 08:41:04,3,Medium
8/1/2023,8:41:09,25.9,70,0,2023-08-01 08:41:09,3,Medium
8/1/2023,8:41:13,25.9,70,0,2023-08-01 08:41:13,3,Medium
8/1/2023,8:41:18,25.9,70,0,2023-08-01 08:41:18,3,Medium
8/1/2023,8:41:22,25.9,70,0,2023-08-01 08:41:22,3,Medium
8/1/2023,8:41:26,25.9,70,0,2023-08-01 08:41:26,3,Medium
8/1/2023,8:41:31,25.9,70,0,2023-08-01 08:41:31,3,Medium
8/1/2023,8:41:36,25.9,70,0,2023-08-01 08:41:36,3,Medium
8/1/2023,8:41:41,25.9,70,0,2023-08-01 08:41:41,3,Medium
8/1/2023,8:41:45,25.9,70,0,2023-08-01 08:41:45,3,Medium
8/1/2023,8:41:50,25.9,70,0,2023-08-01 08:41:50,3,Medium
8/1/2023,8:41:55,25.9,70,0,2023-08-01 08:41:55,3,Medium
8/1/2023,8:41:59,25.9,70,0,2023-08-01 08:41:59,3,Medium
8/1/2023,8:42:03,25.9,70,0,2023-08-01 08:42:03,3,Medium
8/1/2023,8:42:08,25.9,70,0,2023-08-01 08:42:08,3,Medium
8/1/2023,8:42:13,25.9,70,0,2023-08-01 08:42:13,3,Medium
8/1/2023,8:42:18,25.9,70,0,2023-08-01 08:42:18,3,Medium
8/1/2023,8:42:23,25.9,70,0,2023-08-01 08:42:23,3,Medium
8/1/2023,8:42:27,25.9,70,0,2023-08-01 08:42:27,3,Medium
8/1/2023,8:42:31,25.9,70,0,2023-08-01 08:42:31,3,Medium
8/1/2023,8:42:36,25.9,70,0,2023-08-01 08:42:36,3,Medium
8/1/2023,8:42:40,25.9,70,0,2023-08-01 08:42:40,3,Medium
8/1/2023,8:42:45,25.9,70,0,2023-08-01 08:42:45,3,Medium
8/1/2023,8:42:49,25.9,70,0,2023-08-01 08:42:49,3,Medium
8/1/2023,8:42:53,25.9,70,0,2023-08-01 08:42:53,3,Medium
8/1/2023,8:42:58,25.9,70,0,2023-08-01 08:42:58,3,Medium
8/1/2023,8:43:03,25.9,70,0,2023-08-01 08:43:03,3,Medium
8/1/2023,8:43:07,25.9,70,0,2023-08-01 08:43:07,3,Medium
8/1/2023,8:43:11,25.9,70,0,2023-08-01 08:43:11,3,Medium
8/1/2023,8:43:16,25.9,70,0,2023-08-01 08:43:16,3,Medium
8/1/2023,8:43:20,25.9,70,0,2023-08-01 08:43:20,3,Medium
8/1/2023,8:43:24,25.9,70,0,2023-08-01 08:43:24,3,Medium
8/1/2023,8:43:29,25.9,70,0,2023-08-01 08:43:29,3,Medium
8/1/2023,8:43:34,25.9,70,0,2023-08-01 08:43:34,3,Medium
8/1/2023,8:43:38,25.9,70,0,2023-08-01 08:43:38,3,Medium
8/1/2023,8:43:45,25.9,70,0,2023-08-01 08:43:45,3,Medium
8/1/2023,8:43:50,25.9,70,0,2023-08-01 08:43:50,3,Medium
8/1/2023,8:43:55,25.9,70,0,2023-08-01 08:43:55,3,Medium
8/1/2023,8:44:00,25.9,70,0,2023-08-01 08:44:00,3,Medium
8/1/2023,8:44:04,25.9,70,0,2023-08-01 08:44:04,3,Medium
8/1/2023,8:44:08,25.9,70,0,2023-08-01 08:44:08,3,Medium
8/1/2023,8:44:13,25.9,70,0,2023-08-01 08:44:13,3,Medium
8/1/2023,8:44:18,25.9,70,0,2023-08-01 08:44:18,3,Medium
8/1/2023,8:44:23,25.9,70,0,2023-08-01 08:44:23,3,Medium
8/1/2023,8:44:27,25.9,70,0,2023-08-01 08:44:27,3,Medium
8/1/2023,8:44:31,25.9,70,0,2023-08-01 08:44:31,3,Medium
8/1/2023,8:44:35,25.9,70,0,2023-08-01 08:44:35,3,Medium
8/1/2023,8:44:40,25.9,70,0,2023-08-01 08:44:40,3,Medium
8/1/2023,8:44:45,25.9,70,0,2023-08-01 08:44:45,3,Medium
8/1/2023,8:44:49,25.9,70,1,2023-08-01 08:44:49,4,High
8/1/2023,8:44:58,25.9,70,0,2023-08-01 08:44:58,3,Medium
8/1/2023,8:45:04,25.9,70,7,2023-08-01 08:45:04,4,High
8/1/2023,8:45:13,26.0,70,0,2023-08-01 08:45:13,3,Medium
8/1/2023,8:45:17,25.9,70,1,2023-08-01 08:45:17,4,High
8/1/2023,8:45:21,26.0,70,1,2023-08-01 08:45:21,4,High
8/1/2023,8:45:25,25.9,70,1,2023-08-01 08:45:25,4,High
8/1/2023,8:45:29,26.0,70,1,2023-08-01 08:45:29,4,High
8/1/2023,8:45:38,26.0,71,2,2023-08-01 08:45:38,4,High
8/1/2023,8:45:42,26.0,71,1,2023-08-01 08:45:42,4,High
8/1/2023,8:45:46,26.0,71,1,2023-08-01 08:45:46,4,High
8/1/2023,8:45:51,26.0,70,1,2023-08-01 08:45:51,4,High
8/1/2023,8:46:00,26.0,70,2,2023-08-01 08:46:00,4,High
8/1/2023,8:46:04,26.0,70,2,2023-08-01 08:46:04,4,High
8/1/2023,8:46:09,26.0,70,2,2023-08-01 08:46:09,4,High
8/1/2023,8:46:13,26.0,70,2,2023-08-01 08:46:13,4,High
8/1/2023,8:46:17,26.0,70,1,2023-08-01 08:46:17,4,High
8/1/2023,8:46:21,26.0,70,1,2023-08-01 08:46:21,4,High
8/1/2023,8:46:29,26.0,70,2,2023-08-01 08:46:29,4,High
8/1/2023,8:46:34,26.0,70,2,2023-08-01 08:46:34,4,High
8/1/2023,8:46:38,26.0,70,1,2023-08-01 08:46:38,4,High
8/1/2023,8:46:42,26.0,70,1,2023-08-01 08:46:42,4,High
8/1/2023,8:46:52,26.0,70,2,2023-08-01 08:46:52,4,High
8/1/2023,8:46:56,26.0,70,2,2023-08-01 08:46:56,4,High
8/1/2023,8:47:00,26.0,70,1,2023-08-01 08:47:00,4,High
8/1/2023,8:47:04,26.0,70,1,2023-08-01 08:47:04,4,High
8/1/2023,8:47:13,26.0,70,2,2023-08-01 08:47:13,4,High
8/1/2023,8:47:22,26.0,70,0,2023-08-01 08:47:22,3,Medium
8/1/2023,8:47:26,26.0,70,0,2023-08-01 08:47:26,3,Medium
8/1/2023,8:47:31,26.0,70,0,2023-08-01 08:47:31,3,Medium
8/1/2023,8:47:35,26.0,70,0,2023-08-01 08:47:35,3,Medium
8/1/2023,8:47:39,26.0,70,0,2023-08-01 08:47:39,3,Medium
8/1/2023,8:47:44,26.0,70,0,2023-08-01 08:47:44,3,Medium
8/1/2023,8:47:48,26.0,70,0,2023-08-01 08:47:48,3,Medium
8/1/2023,8:47:52,26.0,70,0,2023-08-01 08:47:52,3,Medium
8/1/2023,8:47:57,26.0,70,0,2023-08-01 08:47:57,3,Medium
8/1/2023,8:48:01,26.0,70,0,2023-08-01 08:48:01,3,Medium
8/1/2023,8:48:05,26.0,70,0,2023-08-01 08:48:05,3,Medium
8/1/2023,8:48:10,26.0,70,0,2023-08-01 08:48:10,3,Medium
8/1/2023,8:48:14,26.0,70,0,2023-08-01 08:48:14,3,Medium
8/1/2023,8:48:18,26.0,70,0,2023-08-01 08:48:18,3,Medium
8/1/2023,8:48:23,26.0,70,0,2023-08-01 08:48:23,3,Medium
8/1/2023,8:48:27,26.0,70,0,2023-08-01 08:48:27,3,Medium
8/1/2023,8:48:32,26.0,70,0,2023-08-01 08:48:32,3,Medium
8/1/2023,8:48:36,26.0,70,0,2023-08-01 08:48:36,3,Medium
8/1/2023,8:48:41,26.0,70,0,2023-08-01 08:48:41,3,Medium
8/1/2023,8:48:45,26.0,70,0,2023-08-01 08:48:45,3,Medium
8/1/2023,8:48:50,26.0,70,0,2023-08-01 08:48:50,3,Medium
8/1/2023,8:48:54,26.0,70,0,2023-08-01 08:48:54,3,Medium
8/1/2023,8:48:59,26.0,70,0,2023-08-01 08:48:59,3,Medium
8/1/2023,8:49:04,26.1,70,0,2023-08-01 08:49:04,3,Medium
8/2/2023,7:49:26,25.4,71,0,2023-08-02 07:49:26,3,Medium
8/2/2023,7:49:31,25.4,71,0,2023-08-02 07:49:31,3,Medium
8/2/2023,7:49:35,25.5,71,0,2023-08-02 07:49:35,3,Medium
8/2/2023,7:49:40,25.5,71,0,2023-08-02 07:49:40,3,Medium
8/2/2023,7:49:44,25.5,71,0,2023-08-02 07:49:44,3,Medium
8/2/2023,7:49:49,25.5,71,0,2023-08-02 07:49:49,3,Medium
8/2/2023,7:49:53,25.5,71,0,2023-08-02 07:49:53,3,Medium
8/2/2023,7:49:57,25.5,71,0,2023-08-02 07:49:57,3,Medium
8/2/2023,7:50:01,25.5,71,0,2023-08-02 07:50:01,3,Medium
8/2/2023,7:50:06,25.5,71,0,2023-08-02 07:50:06,3,Medium
8/2/2023,7:50:10,25.5,71,0,2023-08-02 07:50:10,3,Medium
8/2/2023,7:50:15,25.5,71,0,2023-08-02 07:50:15,3,Medium
8/2/2023,7:50:19,25.5,71,0,2023-08-02 07:50:19,3,Medium
8/2/2023,7:50:24,25.5,71,0,2023-08-02 07:50:24,3,Medium
8/2/2023,7:50:28,25.5,71,0,2023-08-02 07:50:28,3,Medium
8/2/2023,7:50:33,25.5,71,0,2023-08-02 07:50:33,3,Medium
8/2/2023,7:50:37,25.5,71,0,2023-08-02 07:50:37,3,Medium
8/2/2023,7:50:41,25.5,71,0,2023-08-02 07:50:41,3,Medium
8/2/2023,7:50:46,25.5,71,0,2023-08-02 07:50:46,3,Medium
8/2/2023,7:50:50,25.6,71,0,2023-08-02 07:50:50,3,Medium
8/2/2023,7:50:54,25.6,71,0,2023-08-02 07:50:54,3,Medium
8/2/2023,7:50:59,25.6,71,0,2023-08-02 07:50:59,3,Medium
8/2/2023,7:51:03,25.6,71,0,2023-08-02 07:51:03,3,Medium
8/2/2023,7:51:08,25.6,71,0,2023-08-02 07:51:08,3,Medium
8/2/2023,7:51:12,25.6,71,0,2023-08-02 07:51:12,3,Medium
8/2/2023,7:51:17,25.6,71,0,2023-08-02 07:51:17,3,Medium
8/2/2023,7:51:21,25.6,71,0,2023-08-02 07:51:21,3,Medium
8/2/2023,7:51:25,25.6,71,0,2023-08-02 07:51:25,3,Medium
8/2/2023,7:51:30,25.6,71,0,2023-08-02 07:51:30,3,Medium
8/2/2023,7:51:34,25.6,71,0,2023-08-02 07:51:34,3,Medium
8/2/2023,7:51:38,25.6,71,0,2023-08-02 07:51:38,3,Medium
8/2/2023,7:51:43,25.6,71,0,2023-08-02 07:51:43,3,Medium
8/2/2023,7:51:48,25.6,71,0,2023-08-02 07:51:48,3,Medium
8/2/2023,7:51:52,25.6,71,0,2023-08-02 07:51:52,3,Medium
8/2/2023,7:51:57,25.6,71,0,2023-08-02 07:51:57,3,Medium
8/2/2023,7:52:01,25.6,71,0,2023-08-02 07:52:01,3,Medium
8/2/2023,7:52:06,25.6,71,0,2023-08-02 07:52:06,3,Medium
8/2/2023,7:52:10,25.6,71,0,2023-08-02 07:52:10,3,Medium
8/2/2023,7:52:14,25.6,71,0,2023-08-02 07:52:14,3,Medium
8/2/2023,7:52:19,25.6,71,0,2023-08-02 07:52:19,3,Medium
8/2/2023,7:52:23,25.6,71,0,2023-08-02 07:52:23,3,Medium
8/2/2023,7:52:27,25.6,71,0,2023-08-02 07:52:27,3,Medium
8/2/2023,7:52:32,25.7,71,0,2023-08-02 07:52:32,3,Medium
8/2/2023,7:52:37,25.7,71,0,2023-08-02 07:52:37,3,Medium
8/2/2023,7:52:41,25.7,71,0,2023-08-02 07:52:41,3,Medium
8/2/2023,7:52:45,25.7,71,0,2023-08-02 07:52:45,3,Medium
8/2/2023,7:52:50,25.7,71,0,2023-08-02 07:52:50,3,Medium
8/2/2023,7:52:54,25.7,71,0,2023-08-02 07:52:54,3,Medium
8/2/2023,7:52:59,25.7,71,0,2023-08-02 07:52:59,3,Medium
8/2/2023,7:53:03,25.7,71,0,2023-08-02 07:53:03,3,Medium
8/2/2023,7:53:08,25.7,71,0,2023-08-02 07:53:08,3,Medium
8/2/2023,7:53:12,25.7,71,0,2023-08-02 07:53:12,3,Medium
8/2/2023,7:53:17,25.7,71,0,2023-08-02 07:53:17,3,Medium
8/2/2023,7:53:21,25.7,71,0,2023-08-02 07:53:21,3,Medium
8/2/2023,7:53:26,25.7,71,0,2023-08-02 07:53:26,3,Medium
8/2/2023,7:53:30,25.7,71,0,2023-08-02 07:53:30,3,Medium
8/2/2023,7:53:34,25.7,71,0,2023-08-02 07:53:34,3,Medium
8/2/2023,7:53:39,25.8,71,0,2023-08-02 07:53:39,3,Medium
8/2/2023,7:53:43,25.8,71,0,2023-08-02 07:53:43,3,Medium
8/2/2023,7:53:47,25.8,71,0,2023-08-02 07:53:47,3,Medium
8/2/2023,7:53:52,25.8,71,0,2023-08-02 07:53:52,3,Medium
8/2/2023,7:53:57,25.8,71,0,2023-08-02 07:53:57,3,Medium
8/2/2023,7:54:01,25.8,71,0,2023-08-02 07:54:01,3,Medium
8/2/2023,7:54:06,25.8,71,0,2023-08-02 07:54:06,3,Medium
8/2/2023,7:54:10,25.8,71,0,2023-08-02 07:54:10,3,Medium
8/2/2023,7:54:15,25.8,71,0,2023-08-02 07:54:15,3,Medium
8/2/2023,7:54:19,25.9,71,0,2023-08-02 07:54:19,3,Medium
8/2/2023,7:54:23,25.9,71,0,2023-08-02 07:54:23,3,Medium
8/2/2023,7:54:28,25.9,71,0,2023-08-02 07:54:28,3,Medium
8/2/2023,7:54:32,25.9,71,0,2023-08-02 07:54:32,3,Medium
8/2/2023,7:54:37,25.9,71,0,2023-08-02 07:54:37,3,Medium
8/2/2023,7:54:41,25.9,71,0,2023-08-02 07:54:41,3,Medium
8/2/2023,7:54:46,25.9,71,0,2023-08-02 07:54:46,3,Medium
8/2/2023,7:54:50,25.9,71,0,2023-08-02 07:54:50,3,Medium
8/2/2023,7:54:55,25.9,71,0,2023-08-02 07:54:55,3,Medium
8/2/2023,7:55:00,25.9,71,0,2023-08-02 07:55:00,3,Medium
8/2/2023,7:55:04,25.9,71,0,2023-08-02 07:55:04,3,Medium
8/2/2023,7:55:09,25.9,71,0,2023-08-02 07:55:09,3,Medium
8/2/2023,7:55:13,26.0,71,0,2023-08-02 07:55:13,3,Medium
8/2/2023,7:55:18,26.0,71,0,2023-08-02 07:55:18,3,Medium
8/2/2023,7:55:22,26.0,71,0,2023-08-02 07:55:22,3,Medium
8/2/2023,7:55:27,26.0,71,0,2023-08-02 07:55:27,3,Medium
8/2/2023,7:55:31,26.0,71,0,2023-08-02 07:55:31,3,Medium
8/2/2023,7:55:36,26.0,71,0,2023-08-02 07:55:36,3,Medium
8/2/2023,7:55:41,26.0,71,0,2023-08-02 07:55:41,3,Medium
8/2/2023,7:55:45,26.0,71,0,2023-08-02 07:55:45,3,Medium
8/2/2023,7:55:49,26.0,71,0,2023-08-02 07:55:49,3,Medium
8/2/2023,7:55:53,26.0,70,0,2023-08-02 07:55:53,3,Medium
8/2/2023,7:55:57,26.1,70,0,2023-08-02 07:55:57,3,Medium
8/2/2023,7:56:01,26.1,70,0,2023-08-02 07:56:01,3,Medium
8/2/2023,7:56:05,26.1,70,0,2023-08-02 07:56:05,3,Medium
8/2/2023,7:56:10,26.1,70,0,2023-08-02 07:56:10,3,Medium
8/2/2023,7:56:14,26.1,70,0,2023-08-02 07:56:14,3,Medium
8/2/2023,7:56:18,26.1,70,0,2023-08-02 07:56:18,3,Medium
8/2/2023,7:56:23,26.1,70,0,2023-08-02 07:56:23,3,Medium
8/2/2023,7:56:27,26.1,70,0,2023-08-02 07:56:27,3,Medium
8/2/2023,7:56:31,26.1,70,0,2023-08-02 07:56:31,3,Medium
8/2/2023,7:56:35,26.1,70,0,2023-08-02 07:56:35,3,Medium
8/2/2023,7:56:40,26.1,70,0,2023-08-02 07:56:40,3,Medium
8/2/2023,7:56:44,26.1,70,0,2023-08-02 07:56:44,3,Medium
8/2/2023,7:56:48,26.1,70,0,2023-08-02 07:56:48,3,Medium
8/2/2023,7:56:52,26.1,70,0,2023-08-02 07:56:52,3,Medium
8/2/2023,7:56:57,26.1,70,0,2023-08-02 07:56:57,3,Medium
8/2/2023,7:57:01,26.1,70,0,2023-08-02 07:57:01,3,Medium
8/2/2023,7:57:06,26.1,70,0,2023-08-02 07:57:06,3,Medium
8/2/2023,7:57:10,26.1,70,0,2023-08-02 07:57:10,3,Medium
8/2/2023,7:57:15,26.1,70,0,2023-08-02 07:57:15,3,Medium
8/2/2023,7:57:19,26.1,70,0,2023-08-02 07:57:19,3,Medium
8/2/2023,7:57:24,26.1,70,0,2023-08-02 07:57:24,3,Medium
8/2/2023,7:57:27,26.1,70,0,2023-08-02 07:57:27,3,Medium
8/2/2023,7:57:32,26.2,70,0,2023-08-02 07:57:32,3,Medium
8/2/2023,7:57:36,26.2,70,0,2023-08-02 07:57:36,3,Medium
8/2/2023,7:57:41,26.2,70,0,2023-08-02 07:57:41,3,Medium
8/2/2023,7:57:45,26.2,70,0,2023-08-02 07:57:45,3,Medium
8/2/2023,7:57:50,26.2,70,0,2023-08-02 07:57:50,3,Medium
8/2/2023,7:57:54,26.2,70,0,2023-08-02 07:57:54,3,Medium
8/2/2023,7:57:58,26.2,70,0,2023-08-02 07:57:58,3,Medium
8/2/2023,7:58:03,26.2,70,0,2023-08-02 07:58:03,3,Medium
8/2/2023,7:58:07,26.2,70,0,2023-08-02 07:58:07,3,Medium
8/2/2023,7:58:11,26.2,70,0,2023-08-02 07:58:11,3,Medium
8/2/2023,7:58:15,26.2,70,0,2023-08-02 07:58:15,3,Medium
8/2/2023,7:58:20,26.2,70,0,2023-08-02 07:58:20,3,Medium
8/2/2023,7:58:25,26.2,70,0,2023-08-02 07:58:25,3,Medium
8/2/2023,7:58:29,26.2,70,0,2023-08-02 07:58:29,3,Medium
8/2/2023,7:58:33,26.2,70,0,2023-08-02 07:58:33,3,Medium
8/2/2023,7:58:38,26.2,69,0,2023-08-02 07:58:38,2,Medium
8/2/2023,7:58:42,26.2,69,0,2023-08-02 07:58:42,2,Medium
8/2/2023,7:58:47,26.2,69,0,2023-08-02 07:58:47,2,Medium
8/2/2023,7:58:51,26.2,69,0,2023-08-02 07:58:51,2,Medium
8/2/2023,7:58:56,26.2,69,0,2023-08-02 07:58:56,2,Medium
8/2/2023,7:59:00,26.2,69,0,2023-08-02 07:59:00,2,Medium
8/2/2023,7:59:04,26.2,69,0,2023-08-02 07:59:04,2,Medium
8/2/2023,7:59:08,26.2,69,0,2023-08-02 07:59:08,2,Medium
8/2/2023,7:59:13,26.2,69,0,2023-08-02 07:59:13,2,Medium
8/2/2023,7:59:17,26.2,69,0,2023-08-02 07:59:17,2,Medium
8/2/2023,7:59:21,26.2,69,0,2023-08-02 07:59:21,2,Medium
8/2/2023,7:59:25,26.2,69,0,2023-08-02 07:59:25,2,Medium
8/2/2023,7:59:30,26.2,69,0,2023-08-02 07:59:30,2,Medium
8/2/2023,7:59:34,26.2,69,0,2023-08-02 07:59:34,2,Medium
8/2/2023,7:59:38,26.2,69,0,2023-08-02 07:59:38,2,Medium
8/2/2023,7:59:42,26.2,69,0,2023-08-02 07:59:42,2,Medium
8/2/2023,7:59:46,26.2,69,0,2023-08-02 07:59:46,2,Medium
8/2/2023,7:59:51,26.2,69,0,2023-08-02 07:59:51,2,Medium
8/2/2023,7:59:55,26.2,69,0,2023-08-02 07:59:55,2,Medium
8/2/2023,7:59:59,26.2,69,0,2023-08-02 07:59:59,2,Medium
8/2/2023,8:00:03,26.2,69,0,2023-08-02 08:00:03,2,Medium
8/2/2023,8:00:07,26.2,69,0,2023-08-02 08:00:07,2,Medium
8/2/2023,8:00:12,26.2,69,0,2023-08-02 08:00:12,2,Medium
8/2/2023,8:00:16,26.2,69,0,2023-08-02 08:00:16,2,Medium
8/2/2023,8:00:20,26.2,69,0,2023-08-02 08:00:20,2,Medium
8/2/2023,8:00:25,26.2,69,0,2023-08-02 08:00:25,2,Medium
8/2/2023,8:00:29,26.2,69,0,2023-08-02 08:00:29,2,Medium
8/2/2023,8:00:33,26.2,69,0,2023-08-02 08:00:33,2,Medium
8/2/2023,8:00:38,26.2,69,0,2023-08-02 08:00:38,2,Medium
8/2/2023,8:00:42,26.2,69,0,2023-08-02 08:00:42,2,Medium
8/2/2023,8:00:46,26.2,69,0,2023-08-02 08:00:46,2,Medium
8/2/2023,8:00:50,26.2,69,0,2023-08-02 08:00:50,2,Medium
8/2/2023,8:00:55,26.2,69,0,2023-08-02 08:00:55,2,Medium
8/2/2023,8:00:59,26.2,69,0,2023-08-02 08:00:59,2,Medium
8/2/2023,8:01:04,26.2,69,0,2023-08-02 08:01:04,2,Medium
8/2/2023,8:01:08,26.2,69,0,2023-08-02 08:01:08,2,Medium
8/2/2023,8:01:12,26.2,69,0,2023-08-02 08:01:12,2,Medium
8/2/2023,8:01:17,26.2,69,0,2023-08-02 08:01:17,2,Medium
8/2/2023,8:01:21,26.2,69,0,2023-08-02 08:01:21,2,Medium
8/2/2023,8:01:26,26.2,69,0,2023-08-02 08:01:26,2,Medium
8/2/2023,8:01:30,26.2,69,0,2023-08-02 08:01:30,2,Medium
8/2/2023,8:01:35,26.2,69,0,2023-08-02 08:01:35,2,Medium
8/2/2023,8:01:39,26.2,69,0,2023-08-02 08:01:39,2,Medium
8/2/2023,8:01:44,26.2,69,0,2023-08-02 08:01:44,2,Medium
8/2/2023,8:01:48,26.2,69,0,2023-08-02 08:01:48,2,Medium
8/2/2023,8:01:52,26.2,69,0,2023-08-02 08:01:52,2,Medium
8/2/2023,8:01:56,26.2,69,0,2023-08-02 08:01:56,2,Medium
8/2/2023,8:02:00,26.2,69,0,2023-08-02 08:02:00,2,Medium
8/2/2023,8:02:05,26.2,69,0,2023-08-02 08:02:05,2,Medium
8/2/2023,8:02:09,26.1,69,0,2023-08-02 08:02:09,2,Medium
8/2/2023,8:02:13,26.1,68,0,2023-08-02 08:02:13,2,Medium
8/2/2023,8:02:17,26.1,68,0,2023-08-02 08:02:17,2,Medium
8/2/2023,8:02:22,26.1,69,0,2023-08-02 08:02:22,2,Medium
8/2/2023,8:02:27,26.1,68,0,2023-08-02 08:02:27,2,Medium
8/2/2023,8:02:31,26.1,68,0,2023-08-02 08:02:31,2,Medium
8/2/2023,8:02:35,26.1,68,0,2023-08-02 08:02:35,2,Medium
8/2/2023,8:02:40,26.1,68,0,2023-08-02 08:02:40,2,Medium
8/2/2023,8:02:44,26.1,68,0,2023-08-02 08:02:44,2,Medium
8/2/2023,8:02:49,26.1,68,0,2023-08-02 08:02:49,2,Medium
8/2/2023,8:02:53,26.1,68,0,2023-08-02 08:02:53,2,Medium
8/2/2023,8:02:57,26.1,68,0,2023-08-02 08:02:57,2,Medium
8/2/2023,8:03:01,26.1,68,0,2023-08-02 08:03:01,2,Medium
8/2/2023,8:03:05,26.1,68,0,2023-08-02 08:03:05,2,Medium
8/2/2023,8:03:10,26.1,68,0,2023-08-02 08:03:10,2,Medium
8/2/2023,8:03:14,26.1,68,0,2023-08-02 08:03:14,2,Medium
8/2/2023,8:03:19,26.1,68,0,2023-08-02 08:03:19,2,Medium
8/2/2023,8:03:24,26.1,68,0,2023-08-02 08:03:24,2,Medium
8/2/2023,8:03:28,26.1,68,0,2023-08-02 08:03:28,2,Medium
8/2/2023,8:03:32,26.1,68,0,2023-08-02 08:03:32,2,Medium
8/2/2023,8:03:37,26.1,69,0,2023-08-02 08:03:37,2,Medium
8/2/2023,8:03:41,26.1,69,0,2023-08-02 08:03:41,2,Medium
8/2/2023,8:03:45,26.1,69,0,2023-08-02 08:03:45,2,Medium
8/2/2023,8:03:50,26.1,69,0,2023-08-02 08:03:50,2,Medium
8/2/2023,8:03:54,26.1,69,0,2023-08-02 08:03:54,2,Medium
8/2/2023,8:03:58,26.1,69,0,2023-08-02 08:03:58,2,Medium
8/2/2023,8:04:02,26.1,69,0,2023-08-02 08:04:02,2,Medium
8/2/2023,8:04:07,26.1,69,0,2023-08-02 08:04:07,2,Medium
8/2/2023,8:04:11,26.1,69,0,2023-08-02 08:04:11,2,Medium
8/2/2023,8:04:16,26.1,69,0,2023-08-02 08:04:16,2,Medium
8/2/2023,8:04:20,26.1,69,0,2023-08-02 08:04:20,2,Medium
8/2/2023,8:04:25,26.1,69,0,2023-08-02 08:04:25,2,Medium
8/2/2023,8:04:30,26.1,69,0,2023-08-02 08:04:30,2,Medium
8/2/2023,8:04:34,26.1,69,0,2023-08-02 08:04:34,2,Medium
8/2/2023,8:04:39,26.1,69,0,2023-08-02 08:04:39,2,Medium
8/2/2023,8:04:44,26.1,69,0,2023-08-02 08:04:44,2,Medium
8/2/2023,8:04:48,26.1,69,0,2023-08-02 08:04:48,2,Medium
8/2/2023,8:04:52,26.1,69,0,2023-08-02 08:04:52,2,Medium
8/2/2023,8:04:57,26.1,69,0,2023-08-02 08:04:57,2,Medium
8/2/2023,8:05:01,26.1,69,0,2023-08-02 08:05:01,2,Medium
8/2/2023,8:05:05,26.1,69,0,2023-08-02 08:05:05,2,Medium
8/2/2023,8:05:09,26.1,69,0,2023-08-02 08:05:09,2,Medium
8/2/2023,8:05:14,26.1,69,0,2023-08-02 08:05:14,2,Medium
8/2/2023,8:05:18,26.1,69,0,2023-08-02 08:05:18,2,Medium
8/2/2023,8:05:23,26.1,69,0,2023-08-02 08:05:23,2,Medium
8/2/2023,8:05:28,26.1,69,0,2023-08-02 08:05:28,2,Medium
8/2/2023,8:05:32,26.1,69,0,2023-08-02 08:05:32,2,Medium
8/2/2023,8:05:37,26.1,69,0,2023-08-02 08:05:37,2,Medium
8/2/2023,8:05:41,26.1,69,0,2023-08-02 08:05:41,2,Medium
8/2/2023,8:05:45,26.1,69,0,2023-08-02 08:05:45,2,Medium
8/2/2023,8:05:50,26.1,69,0,2023-08-02 08:05:50,2,Medium
8/2/2023,8:05:54,26.1,69,0,2023-08-02 08:05:54,2,Medium
8/2/2023,8:05:58,26.1,69,0,2023-08-02 08:05:58,2,Medium
8/2/2023,8:06:03,26.1,69,0,2023-08-02 08:06:03,2,Medium
8/2/2023,8:06:07,26.1,69,0,2023-08-02 08:06:07,2,Medium
8/2/2023,8:06:11,26.1,69,0,2023-08-02 08:06:11,2,Medium
8/2/2023,8:06:16,26.1,69,0,2023-08-02 08:06:16,2,Medium
8/2/2023,8:06:20,26.1,69,0,2023-08-02 08:06:20,2,Medium
8/2/2023,8:06:25,26.1,69,0,2023-08-02 08:06:25,2,Medium
8/2/2023,8:06:29,26.1,69,0,2023-08-02 08:06:29,2,Medium
8/2/2023,8:06:34,26.1,69,0,2023-08-02 08:06:34,2,Medium
8/2/2023,8:06:38,26.1,69,0,2023-08-02 08:06:38,2,Medium
8/2/2023,8:06:43,26.1,69,0,2023-08-02 08:06:43,2,Medium
8/2/2023,8:06:47,26.1,69,0,2023-08-02 08:06:47,2,Medium
8/2/2023,8:06:51,26.1,69,0,2023-08-02 08:06:51,2,Medium
8/2/2023,8:06:56,26.1,69,0,2023-08-02 08:06:56,2,Medium
8/2/2023,8:07:00,26.1,69,0,2023-08-02 08:07:00,2,Medium
8/2/2023,8:07:04,26.1,69,0,2023-08-02 08:07:04,2,Medium
8/2/2023,8:07:09,26.1,69,0,2023-08-02 08:07:09,2,Medium
8/2/2023,8:07:13,26.1,69,0,2023-08-02 08:07:13,2,Medium
8/2/2023,8:07:17,26.1,69,0,2023-08-02 08:07:17,2,Medium
8/2/2023,8:07:22,26.1,69,0,2023-08-02 08:07:22,2,Medium
8/2/2023,8:07:27,26.1,69,0,2023-08-02 08:07:27,2,Medium
8/2/2023,8:07:31,26.1,69,0,2023-08-02 08:07:31,2,Medium
8/2/2023,8:07:36,26.1,69,0,2023-08-02 08:07:36,2,Medium
8/2/2023,8:07:41,26.1,69,0,2023-08-02 08:07:41,2,Medium
8/2/2023,8:07:46,26.1,69,0,2023-08-02 08:07:46,2,Medium
8/2/2023,8:07:50,26.1,69,0,2023-08-02 08:07:50,2,Medium
8/2/2023,8:07:54,26.1,69,0,2023-08-02 08:07:54,2,Medium
8/2/2023,8:07:59,26.1,69,0,2023-08-02 08:07:59,2,Medium
8/2/2023,8:08:03,26.1,69,0,2023-08-02 08:08:03,2,Medium
8/2/2023,8:08:08,26.1,69,0,2023-08-02 08:08:08,2,Medium
8/2/2023,8:08:12,26.1,69,0,2023-08-02 08:08:12,2,Medium
8/2/2023,8:08:16,26.1,69,0,2023-08-02 08:08:16,2,Medium
8/2/2023,8:08:20,26.1,69,0,2023-08-02 08:08:20,2,Medium
8/2/2023,8:08:24,26.1,69,0,2023-08-02 08:08:24,2,Medium
8/2/2023,8:08:29,26.1,69,0,2023-08-02 08:08:29,2,Medium
8/2/2023,8:08:33,26.1,69,0,2023-08-02 08:08:33,2,Medium
8/2/2023,8:08:38,26.1,69,0,2023-08-02 08:08:38,2,Medium
8/2/2023,8:08:42,26.1,69,0,2023-08-02 08:08:42,2,Medium
8/2/2023,8:08:46,26.1,69,0,2023-08-02 08:08:46,2,Medium
8/2/2023,8:08:51,26.1,69,0,2023-08-02 08:08:51,2,Medium
8/2/2023,8:08:55,26.1,69,0,2023-08-02 08:08:55,2,Medium
8/2/2023,8:08:59,26.1,69,0,2023-08-02 08:08:59,2,Medium
8/2/2023,8:09:04,26.1,69,0,2023-08-02 08:09:04,2,Medium
8/2/2023,8:09:09,26.1,69,0,2023-08-02 08:09:09,2,Medium
8/2/2023,8:09:14,26.1,69,0,2023-08-02 08:09:14,2,Medium
8/2/2023,8:09:19,26.1,69,0,2023-08-02 08:09:19,2,Medium
8/2/2023,8:09:24,26.1,69,0,2023-08-02 08:09:24,2,Medium
8/2/2023,8:09:28,26.1,69,0,2023-08-02 08:09:28,2,Medium
8/2/2023,8:09:32,26.1,69,0,2023-08-02 08:09:32,2,Medium
8/2/2023,8:09:37,26.1,69,0,2023-08-02 08:09:37,2,Medium
8/2/2023,8:09:41,26.1,69,0,2023-08-02 08:09:41,2,Medium
8/2/2023,8:09:46,26.1,69,0,2023-08-02 08:09:46,2,Medium
8/2/2023,8:09:50,26.1,69,0,2023-08-02 08:09:50,2,Medium
8/2/2023,8:09:54,26.1,69,0,2023-08-02 08:09:54,2,Medium
8/2/2023,8:09:59,26.1,69,0,2023-08-02 08:09:59,2,Medium
8/2/2023,8:10:03,26.1,69,0,2023-08-02 08:10:03,2,Medium
8/2/2023,8:10:07,26.1,69,0,2023-08-02 08:10:07,2,Medium
8/2/2023,8:10:12,26.1,69,0,2023-08-02 08:10:12,2,Medium
8/2/2023,8:10:16,26.1,69,0,2023-08-02 08:10:16,2,Medium
8/2/2023,8:10:20,26.1,69,0,2023-08-02 08:10:20,2,Medium
8/2/2023,8:10:25,26.1,69,0,2023-08-02 08:10:25,2,Medium
8/2/2023,8:10:29,26.1,69,0,2023-08-02 08:10:29,2,Medium
8/2/2023,8:10:34,26.1,69,0,2023-08-02 08:10:34,2,Medium
8/2/2023,8:10:38,26.1,69,0,2023-08-02 08:10:38,2,Medium
8/2/2023,8:10:42,26.1,69,0,2023-08-02 08:10:42,2,Medium
8/2/2023,8:10:46,26.1,69,0,2023-08-02 08:10:46,2,Medium
8/2/2023,8:10:51,26.1,69,0,2023-08-02 08:10:51,2,Medium
8/2/2023,8:10:55,26.1,69,0,2023-08-02 08:10:55,2,Medium
8/2/2023,8:10:59,26.1,69,0,2023-08-02 08:10:59,2,Medium
8/2/2023,8:11:04,26.1,69,0,2023-08-02 08:11:04,2,Medium
8/2/2023,8:11:08,26.1,69,0,2023-08-02 08:11:08,2,Medium
8/2/2023,8:11:13,26.1,69,0,2023-08-02 08:11:13,2,Medium
8/2/2023,8:11:17,26.1,69,0,2023-08-02 08:11:17,2,Medium
8/2/2023,8:11:22,26.1,69,0,2023-08-02 08:11:22,2,Medium
8/2/2023,8:11:26,26.1,69,0,2023-08-02 08:11:26,2,Medium
8/2/2023,8:11:31,26.1,69,0,2023-08-02 08:11:31,2,Medium
8/2/2023,8:11:35,26.1,69,0,2023-08-02 08:11:35,2,Medium
8/2/2023,8:11:39,26.1,69,0,2023-08-02 08:11:39,2,Medium
8/2/2023,8:11:43,26.1,69,0,2023-08-02 08:11:43,2,Medium
8/2/2023,8:11:47,26.1,69,0,2023-08-02 08:11:47,2,Medium
8/2/2023,8:12:26,26.1,69,0,2023-08-02 08:12:26,2,Medium
8/2/2023,8:12:32,26.1,69,0,2023-08-02 08:12:32,2,Medium
8/2/2023,8:12:36,26.0,69,0,2023-08-02 08:12:36,2,Medium
8/2/2023,8:12:40,26.0,69,0,2023-08-02 08:12:40,2,Medium
8/2/2023,8:12:45,26.0,69,0,2023-08-02 08:12:45,2,Medium
8/2/2023,8:12:49,26.0,69,0,2023-08-02 08:12:49,2,Medium
8/2/2023,8:12:54,26.0,69,0,2023-08-02 08:12:54,2,Medium
8/2/2023,8:12:58,26.0,69,0,2023-08-02 08:12:58,2,Medium
8/2/2023,8:13:02,26.0,69,0,2023-08-02 08:13:02,2,Medium
8/2/2023,8:13:07,26.0,69,0,2023-08-02 08:13:07,2,Medium
8/2/2023,8:13:11,26.0,69,0,2023-08-02 08:13:11,2,Medium
8/2/2023,8:13:15,26.0,69,0,2023-08-02 08:13:15,2,Medium
8/2/2023,8:13:20,26.0,69,0,2023-08-02 08:13:20,2,Medium
8/2/2023,8:13:24,26.0,69,0,2023-08-02 08:13:24,2,Medium
8/2/2023,8:13:28,26.0,69,0,2023-08-02 08:13:28,2,Medium
8/2/2023,8:13:33,26.0,69,0,2023-08-02 08:13:33,2,Medium
8/2/2023,8:13:37,26.0,69,0,2023-08-02 08:13:37,2,Medium
8/2/2023,8:13:41,26.0,69,0,2023-08-02 08:13:41,2,Medium
8/2/2023,8:13:46,26.0,69,0,2023-08-02 08:13:46,2,Medium
8/2/2023,8:13:51,26.0,69,0,2023-08-02 08:13:51,2,Medium
8/2/2023,8:13:56,26.0,69,0,2023-08-02 08:13:56,2,Medium
8/2/2023,8:14:00,26.0,69,0,2023-08-02 08:14:00,2,Medium
8/2/2023,8:14:05,26.0,69,0,2023-08-02 08:14:05,2,Medium
8/2/2023,8:14:09,26.0,69,0,2023-08-02 08:14:09,2,Medium
8/2/2023,8:14:13,26.0,69,0,2023-08-02 08:14:13,2,Medium
8/2/2023,8:14:18,26.0,69,0,2023-08-02 08:14:18,2,Medium
8/2/2023,8:14:23,26.0,69,0,2023-08-02 08:14:23,2,Medium
8/2/2023,8:14:27,26.0,69,0,2023-08-02 08:14:27,2,Medium
8/2/2023,8:14:31,26.0,69,0,2023-08-02 08:14:31,2,Medium
8/2/2023,8:14:35,26.0,69,0,2023-08-02 08:14:35,2,Medium
8/2/2023,8:14:40,26.0,69,0,2023-08-02 08:14:40,2,Medium
8/2/2023,8:14:45,26.0,69,0,2023-08-02 08:14:45,2,Medium
8/2/2023,8:14:49,26.0,69,0,2023-08-02 08:14:49,2,Medium
8/2/2023,8:14:54,26.0,69,0,2023-08-02 08:14:54,2,Medium
8/2/2023,8:14:58,26.0,69,0,2023-08-02 08:14:58,2,Medium
8/2/2023,8:15:04,26.0,69,0,2023-08-02 08:15:04,2,Medium
8/2/2023,8:15:09,26.0,69,0,2023-08-02 08:15:09,2,Medium
8/2/2023,8:15:13,26.0,69,0,2023-08-02 08:15:13,2,Medium
8/2/2023,8:15:18,26.0,69,0,2023-08-02 08:15:18,2,Medium
8/2/2023,8:15:22,26.0,69,0,2023-08-02 08:15:22,2,Medium
8/2/2023,8:15:26,26.0,69,0,2023-08-02 08:15:26,2,Medium
8/2/2023,8:15:31,26.0,69,0,2023-08-02 08:15:31,2,Medium
8/2/2023,8:15:36,26.0,69,0,2023-08-02 08:15:36,2,Medium
8/2/2023,8:15:40,26.0,69,0,2023-08-02 08:15:40,2,Medium
8/2/2023,8:15:45,26.0,69,0,2023-08-02 08:15:45,2,Medium
8/2/2023,8:15:49,26.0,69,0,2023-08-02 08:15:49,2,Medium
8/2/2023,8:15:54,26.0,69,0,2023-08-02 08:15:54,2,Medium
8/2/2023,8:15:58,26.0,69,0,2023-08-02 08:15:58,2,Medium
8/2/2023,8:16:02,26.0,69,0,2023-08-02 08:16:02,2,Medium
8/2/2023,8:16:07,26.0,69,0,2023-08-02 08:16:07,2,Medium
8/2/2023,8:16:17,26.0,69,0,2023-08-02 08:16:17,2,Medium
8/2/2023,8:16:22,25.9,69,0,2023-08-02 08:16:22,2,Medium
8/2/2023,8:16:26,25.9,69,0,2023-08-02 08:16:26,2,Medium
8/2/2023,8:16:31,25.9,69,0,2023-08-02 08:16:31,2,Medium
8/2/2023,8:16:36,25.9,69,0,2023-08-02 08:16:36,2,Medium
8/2/2023,8:16:40,25.9,69,0,2023-08-02 08:16:40,2,Medium
8/2/2023,8:16:45,25.9,69,0,2023-08-02 08:16:45,2,Medium
8/2/2023,8:16:49,25.9,68,0,2023-08-02 08:16:49,2,Medium
8/2/2023,8:16:53,25.9,68,0,2023-08-02 08:16:53,2,Medium
8/2/2023,8:16:58,25.9,68,0,2023-08-02 08:16:58,2,Medium
8/2/2023,8:17:02,25.9,68,0,2023-08-02 08:17:02,2,Medium
8/2/2023,8:17:07,25.9,68,0,2023-08-02 08:17:07,2,Medium
8/2/2023,8:17:11,25.9,68,0,2023-08-02 08:17:11,2,Medium
8/2/2023,8:17:16,25.9,68,0,2023-08-02 08:17:16,2,Medium
8/2/2023,8:17:20,25.9,68,0,2023-08-02 08:17:20,2,Medium
8/2/2023,8:17:24,25.9,68,0,2023-08-02 08:17:24,2,Medium
8/2/2023,8:17:29,25.9,68,0,2023-08-02 08:17:29,2,Medium
8/2/2023,8:17:33,25.9,68,0,2023-08-02 08:17:33,2,Medium
8/2/2023,8:17:38,25.9,68,0,2023-08-02 08:17:38,2,Medium
8/2/2023,8:17:42,25.9,68,0,2023-08-02 08:17:42,2,Medium
8/2/2023,8:17:47,25.9,68,0,2023-08-02 08:17:47,2,Medium
8/2/2023,8:17:51,25.9,68,0,2023-08-02 08:17:51,2,Medium
8/2/2023,8:17:56,25.9,68,0,2023-08-02 08:17:56,2,Medium
8/2/2023,8:18:00,25.9,68,0,2023-08-02 08:18:00,2,Medium
8/2/2023,8:18:05,25.9,68,0,2023-08-02 08:18:05,2,Medium
8/2/2023,8:18:09,25.9,68,0,2023-08-02 08:18:09,2,Medium
8/2/2023,8:18:14,25.9,68,0,2023-08-02 08:18:14,2,Medium
8/2/2023,8:18:18,25.9,68,0,2023-08-02 08:18:18,2,Medium
8/2/2023,8:18:22,25.9,69,0,2023-08-02 08:18:22,2,Medium
8/2/2023,8:18:27,25.9,68,0,2023-08-02 08:18:27,2,Medium
8/2/2023,8:18:32,25.9,68,0,2023-08-02 08:18:32,2,Medium
8/2/2023,8:18:36,25.9,68,0,2023-08-02 08:18:36,2,Medium
8/2/2023,8:18:40,25.9,68,0,2023-08-02 08:18:40,2,Medium
8/2/2023,8:18:45,25.9,68,0,2023-08-02 08:18:45,2,Medium
8/2/2023,8:18:49,25.9,68,0,2023-08-02 08:18:49,2,Medium
8/2/2023,8:18:54,25.9,69,0,2023-08-02 08:18:54,2,Medium
8/2/2023,8:18:59,25.9,68,0,2023-08-02 08:18:59,2,Medium
8/2/2023,8:19:04,25.9,68,0,2023-08-02 08:19:04,2,Medium
8/2/2023,8:19:08,25.9,68,0,2023-08-02 08:19:08,2,Medium
8/2/2023,8:19:12,25.9,68,0,2023-08-02 08:19:12,2,Medium
8/2/2023,8:19:17,25.9,68,0,2023-08-02 08:19:17,2,Medium
8/2/2023,8:19:21,25.9,68,0,2023-08-02 08:19:21,2,Medium
8/2/2023,8:19:25,25.9,68,0,2023-08-02 08:19:25,2,Medium
8/2/2023,8:19:29,25.9,68,0,2023-08-02 08:19:29,2,Medium
8/2/2023,8:19:34,25.9,68,0,2023-08-02 08:19:34,2,Medium
8/2/2023,8:19:38,25.9,68,0,2023-08-02 08:19:38,2,Medium
8/2/2023,8:19:42,25.9,68,0,2023-08-02 08:19:42,2,Medium
8/2/2023,8:19:46,25.9,68,0,2023-08-02 08:19:46,2,Medium
8/2/2023,8:19:51,25.9,68,0,2023-08-02 08:19:51,2,Medium
8/2/2023,8:19:56,25.9,68,0,2023-08-02 08:19:56,2,Medium
8/2/2023,8:20:00,25.8,68,0,2023-08-02 08:20:00,2,Medium
8/2/2023,8:20:05,25.9,68,0,2023-08-02 08:20:05,2,Medium
8/2/2023,8:20:09,25.9,68,0,2023-08-02 08:20:09,2,Medium
8/2/2023,8:20:13,25.8,68,0,2023-08-02 08:20:13,2,Medium
8/2/2023,8:20:18,25.8,68,0,2023-08-02 08:20:18,2,Medium
8/2/2023,8:20:22,25.8,68,0,2023-08-02 08:20:22,2,Medium
8/2/2023,8:20:27,25.8,68,0,2023-08-02 08:20:27,2,Medium
8/2/2023,8:20:31,25.8,68,0,2023-08-02 08:20:31,2,Medium
8/2/2023,8:20:36,25.8,68,0,2023-08-02 08:20:36,2,Medium
8/2/2023,8:20:41,25.8,68,0,2023-08-02 08:20:41,2,Medium
8/2/2023,8:20:45,25.8,68,0,2023-08-02 08:20:45,2,Medium
8/2/2023,8:20:50,25.8,68,0,2023-08-02 08:20:50,2,Medium
8/2/2023,8:20:54,25.8,68,0,2023-08-02 08:20:54,2,Medium
8/2/2023,8:20:58,25.8,68,0,2023-08-02 08:20:58,2,Medium
8/2/2023,8:21:03,25.8,68,0,2023-08-02 08:21:03,2,Medium
8/2/2023,8:21:07,25.8,68,0,2023-08-02 08:21:07,2,Medium
8/2/2023,8:21:12,25.8,68,0,2023-08-02 08:21:12,2,Medium
8/2/2023,8:21:16,25.8,68,0,2023-08-02 08:21:16,2,Medium
8/2/2023,8:21:21,25.8,68,0,2023-08-02 08:21:21,2,Medium
8/2/2023,8:21:26,25.8,68,0,2023-08-02 08:21:26,2,Medium
8/2/2023,8:21:31,25.8,68,0,2023-08-02 08:21:31,2,Medium
8/2/2023,8:21:35,25.8,68,0,2023-08-02 08:21:35,2,Medium
8/2/2023,8:21:40,25.8,68,0,2023-08-02 08:21:40,2,Medium
8/2/2023,8:21:45,25.8,68,0,2023-08-02 08:21:45,2,Medium
8/2/2023,8:21:49,25.8,68,0,2023-08-02 08:21:49,2,Medium
8/2/2023,8:21:54,25.8,68,0,2023-08-02 08:21:54,2,Medium
8/2/2023,8:21:59,25.8,68,0,2023-08-02 08:21:59,2,Medium
8/2/2023,8:22:03,25.8,68,0,2023-08-02 08:22:03,2,Medium
8/2/2023,8:22:08,25.8,68,0,2023-08-02 08:22:08,2,Medium
8/2/2023,8:22:12,25.8,68,0,2023-08-02 08:22:12,2,Medium
8/2/2023,8:22:16,25.8,68,0,2023-08-02 08:22:16,2,Medium
8/2/2023,8:22:20,25.8,68,0,2023-08-02 08:22:20,2,Medium
8/2/2023,8:22:25,25.8,68,0,2023-08-02 08:22:25,2,Medium
8/2/2023,8:22:29,25.8,68,0,2023-08-02 08:22:29,2,Medium
8/2/2023,8:22:33,25.8,68,0,2023-08-02 08:22:33,2,Medium
8/2/2023,8:22:38,25.8,68,0,2023-08-02 08:22:38,2,Medium
8/2/2023,8:22:42,25.8,68,0,2023-08-02 08:22:42,2,Medium
8/2/2023,8:22:47,25.8,68,0,2023-08-02 08:22:47,2,Medium
8/2/2023,8:22:51,25.8,68,0,2023-08-02 08:22:51,2,Medium
8/2/2023,8:22:56,25.8,68,0,2023-08-02 08:22:56,2,Medium
8/2/2023,8:23:01,25.8,68,0,2023-08-02 08:23:01,2,Medium
8/2/2023,8:23:05,25.8,68,0,2023-08-02 08:23:05,2,Medium
8/2/2023,8:23:10,25.8,68,0,2023-08-02 08:23:10,2,Medium
8/2/2023,8:23:14,25.8,68,0,2023-08-02 08:23:14,2,Medium
8/2/2023,8:23:19,25.8,68,0,2023-08-02 08:23:19,2,Medium
8/2/2023,8:23:24,25.8,68,0,2023-08-02 08:23:24,2,Medium
8/2/2023,8:23:28,25.8,68,0,2023-08-02 08:23:28,2,Medium
8/2/2023,8:23:32,25.8,68,0,2023-08-02 08:23:32,2,Medium
8/2/2023,8:23:37,25.8,68,0,2023-08-02 08:23:37,2,Medium
8/2/2023,8:23:42,25.8,68,0,2023-08-02 08:23:42,2,Medium
8/2/2023,8:23:46,25.8,68,0,2023-08-02 08:23:46,2,Medium
8/2/2023,8:23:50,25.8,68,0,2023-08-02 08:23:50,2,Medium
8/2/2023,8:23:55,25.8,68,0,2023-08-02 08:23:55,2,Medium
8/2/2023,8:23:59,25.8,68,0,2023-08-02 08:23:59,2,Medium
8/2/2023,8:24:03,25.8,68,0,2023-08-02 08:24:03,2,Medium
8/2/2023,8:24:08,25.8,68,0,2023-08-02 08:24:08,2,Medium
8/2/2023,8:24:13,25.8,68,0,2023-08-02 08:24:13,2,Medium
8/2/2023,8:24:17,25.8,68,0,2023-08-02 08:24:17,2,Medium
8/2/2023,8:24:22,25.8,68,0,2023-08-02 08:24:22,2,Medium
8/2/2023,8:24:26,25.8,68,0,2023-08-02 08:24:26,2,Medium
8/2/2023,8:24:31,25.8,68,0,2023-08-02 08:24:31,2,Medium
8/2/2023,8:24:35,25.8,69,0,2023-08-02 08:24:35,2,Medium
8/2/2023,8:24:40,25.8,69,0,2023-08-02 08:24:40,2,Medium
8/2/2023,8:24:45,25.8,69,0,2023-08-02 08:24:45,2,Medium
8/3/2023,8:06:24,25.4,70,0,2023-08-03 08:06:24,3,Medium
8/3/2023,8:06:28,25.4,70,0,2023-08-03 08:06:28,3,Medium
8/3/2023,8:06:33,25.4,70,0,2023-08-03 08:06:33,3,Medium
8/3/2023,8:06:37,25.5,71,0,2023-08-03 08:06:37,3,Medium
8/3/2023,8:06:41,25.5,71,0,2023-08-03 08:06:41,3,Medium
8/3/2023,8:06:46,25.5,71,0,2023-08-03 08:06:46,3,Medium
8/3/2023,8:06:50,25.5,71,0,2023-08-03 08:06:50,3,Medium
8/3/2023,8:06:54,25.5,71,0,2023-08-03 08:06:54,3,Medium
8/3/2023,8:06:59,25.5,71,0,2023-08-03 08:06:59,3,Medium
8/3/2023,8:07:03,25.5,71,0,2023-08-03 08:07:03,3,Medium
8/3/2023,8:07:08,25.6,71,0,2023-08-03 08:07:08,3,Medium
8/3/2023,8:07:12,25.6,71,0,2023-08-03 08:07:12,3,Medium
8/3/2023,8:07:21,25.6,71,0,2023-08-03 08:07:21,3,Medium
8/3/2023,8:07:31,25.6,71,0,2023-08-03 08:07:31,3,Medium
8/3/2023,8:07:35,25.6,71,0,2023-08-03 08:07:35,3,Medium
8/3/2023,8:07:39,25.6,71,0,2023-08-03 08:07:39,3,Medium
8/3/2023,8:07:43,25.7,71,0,2023-08-03 08:07:43,3,Medium
8/3/2023,8:07:48,25.7,71,0,2023-08-03 08:07:48,3,Medium
8/3/2023,8:07:52,25.7,71,0,2023-08-03 08:07:52,3,Medium
8/3/2023,8:07:57,25.7,71,0,2023-08-03 08:07:57,3,Medium
8/3/2023,8:08:01,25.7,71,0,2023-08-03 08:08:01,3,Medium
8/3/2023,8:08:06,25.7,71,0,2023-08-03 08:08:06,3,Medium
8/3/2023,8:08:11,25.7,71,0,2023-08-03 08:08:11,3,Medium
8/3/2023,8:08:16,25.7,71,0,2023-08-03 08:08:16,3,Medium
8/3/2023,8:08:20,25.7,71,0,2023-08-03 08:08:20,3,Medium
8/3/2023,8:08:25,25.8,71,0,2023-08-03 08:08:25,3,Medium
8/3/2023,8:08:29,25.8,71,0,2023-08-03 08:08:29,3,Medium
8/3/2023,8:08:33,25.8,71,0,2023-08-03 08:08:33,3,Medium
8/3/2023,8:08:37,25.8,71,0,2023-08-03 08:08:37,3,Medium
8/3/2023,8:08:42,25.8,71,0,2023-08-03 08:08:42,3,Medium
8/3/2023,8:08:46,25.8,71,0,2023-08-03 08:08:46,3,Medium
8/3/2023,8:08:50,25.8,71,0,2023-08-03 08:08:50,3,Medium
8/3/2023,8:08:55,25.8,71,0,2023-08-03 08:08:55,3,Medium
8/3/2023,8:08:59,25.8,71,0,2023-08-03 08:08:59,3,Medium
8/3/2023,8:09:04,25.9,71,0,2023-08-03 08:09:04,3,Medium
8/3/2023,8:09:08,25.9,71,0,2023-08-03 08:09:08,3,Medium
8/3/2023,8:09:12,25.9,71,0,2023-08-03 08:09:12,3,Medium
8/3/2023,8:09:16,25.9,71,0,2023-08-03 08:09:16,3,Medium
8/3/2023,8:09:21,25.9,71,0,2023-08-03 08:09:21,3,Medium
8/3/2023,8:09:25,25.9,71,0,2023-08-03 08:09:25,3,Medium
8/3/2023,8:09:29,25.9,71,0,2023-08-03 08:09:29,3,Medium
8/3/2023,8:09:34,25.9,71,0,2023-08-03 08:09:34,3,Medium
8/3/2023,8:09:38,25.9,71,0,2023-08-03 08:09:38,3,Medium
8/3/2023,8:09:42,25.9,71,0,2023-08-03 08:09:42,3,Medium
8/3/2023,8:09:46,25.9,71,0,2023-08-03 08:09:46,3,Medium
8/3/2023,8:09:50,25.9,71,0,2023-08-03 08:09:50,3,Medium
8/3/2023,8:09:54,25.9,70,0,2023-08-03 08:09:54,3,Medium
8/3/2023,8:09:59,25.9,70,0,2023-08-03 08:09:59,3,Medium
8/3/2023,8:10:03,26.0,70,0,2023-08-03 08:10:03,3,Medium
8/3/2023,8:10:07,26.0,70,0,2023-08-03 08:10:07,3,Medium
8/3/2023,8:10:11,26.0,70,0,2023-08-03 08:10:11,3,Medium
8/3/2023,8:10:15,26.0,70,0,2023-08-03 08:10:15,3,Medium
8/3/2023,8:10:20,26.0,70,0,2023-08-03 08:10:20,3,Medium
8/3/2023,8:10:25,26.0,70,0,2023-08-03 08:10:25,3,Medium
8/3/2023,8:10:29,26.0,70,0,2023-08-03 08:10:29,3,Medium
8/3/2023,8:10:33,26.0,70,0,2023-08-03 08:10:33,3,Medium
8/3/2023,8:10:37,26.0,70,0,2023-08-03 08:10:37,3,Medium
8/3/2023,8:10:42,26.0,70,0,2023-08-03 08:10:42,3,Medium
8/3/2023,8:10:46,26.0,70,0,2023-08-03 08:10:46,3,Medium
8/3/2023,8:10:50,26.0,70,0,2023-08-03 08:10:50,3,Medium
8/3/2023,8:10:55,26.0,70,0,2023-08-03 08:10:55,3,Medium
8/3/2023,8:10:59,26.0,70,0,2023-08-03 08:10:59,3,Medium
8/3/2023,8:11:03,26.0,70,0,2023-08-03 08:11:03,3,Medium
8/3/2023,8:11:08,26.1,70,0,2023-08-03 08:11:08,3,Medium
8/3/2023,8:11:12,26.1,70,0,2023-08-03 08:11:12,3,Medium
8/3/2023,8:11:16,26.1,70,0,2023-08-03 08:11:16,3,Medium
8/3/2023,8:11:20,26.1,70,0,2023-08-03 08:11:20,3,Medium
8/3/2023,8:11:25,26.1,70,0,2023-08-03 08:11:25,3,Medium
8/3/2023,8:11:29,26.1,70,0,2023-08-03 08:11:29,3,Medium
8/3/2023,8:11:34,26.1,70,0,2023-08-03 08:11:34,3,Medium
8/3/2023,8:11:39,26.1,70,0,2023-08-03 08:11:39,3,Medium
8/3/2023,8:11:43,26.1,69,0,2023-08-03 08:11:43,2,Medium
8/3/2023,8:11:47,26.1,69,0,2023-08-03 08:11:47,2,Medium
8/3/2023,8:11:52,26.1,69,0,2023-08-03 08:11:52,2,Medium
8/3/2023,8:11:56,26.1,69,0,2023-08-03 08:11:56,2,Medium
8/3/2023,8:12:00,26.1,69,0,2023-08-03 08:12:00,2,Medium
8/3/2023,8:12:04,26.1,69,0,2023-08-03 08:12:04,2,Medium
8/3/2023,8:12:09,26.1,69,0,2023-08-03 08:12:09,2,Medium
8/3/2023,8:12:13,26.1,69,0,2023-08-03 08:12:13,2,Medium
8/3/2023,8:12:17,26.1,69,0,2023-08-03 08:12:17,2,Medium
8/3/2023,8:12:22,26.1,69,0,2023-08-03 08:12:22,2,Medium
8/3/2023,8:12:26,26.1,69,0,2023-08-03 08:12:26,2,Medium
8/3/2023,8:12:30,26.1,69,0,2023-08-03 08:12:30,2,Medium
8/3/2023,8:12:35,26.1,69,0,2023-08-03 08:12:35,2,Medium
8/3/2023,8:12:40,26.1,69,0,2023-08-03 08:12:40,2,Medium
8/3/2023,8:12:44,26.1,69,0,2023-08-03 08:12:44,2,Medium
8/3/2023,8:12:49,26.1,69,0,2023-08-03 08:12:49,2,Medium
8/3/2023,8:12:53,26.1,69,0,2023-08-03 08:12:53,2,Medium
8/3/2023,8:12:57,26.1,69,0,2023-08-03 08:12:57,2,Medium
8/3/2023,8:13:02,26.1,69,0,2023-08-03 08:13:02,2,Medium
8/3/2023,8:13:06,26.1,69,0,2023-08-03 08:13:06,2,Medium
8/3/2023,8:13:11,26.1,69,0,2023-08-03 08:13:11,2,Medium
8/3/2023,8:13:15,26.1,69,0,2023-08-03 08:13:15,2,Medium
8/3/2023,8:13:20,26.1,69,0,2023-08-03 08:13:20,2,Medium
8/3/2023,8:13:24,26.1,69,0,2023-08-03 08:13:24,2,Medium
8/3/2023,8:13:28,26.1,69,0,2023-08-03 08:13:28,2,Medium
8/3/2023,8:13:32,26.1,69,0,2023-08-03 08:13:32,2,Medium
8/3/2023,8:13:36,26.1,69,0,2023-08-03 08:13:36,2,Medium
8/3/2023,8:13:41,26.1,69,0,2023-08-03 08:13:41,2,Medium
8/3/2023,8:13:45,26.1,69,0,2023-08-03 08:13:45,2,Medium
8/3/2023,8:13:49,26.1,69,0,2023-08-03 08:13:49,2,Medium
8/3/2023,8:13:53,26.1,69,0,2023-08-03 08:13:53,2,Medium
8/3/2023,8:13:57,26.1,69,0,2023-08-03 08:13:57,2,Medium
8/3/2023,8:14:02,26.1,69,0,2023-08-03 08:14:02,2,Medium
8/3/2023,8:14:06,26.1,69,0,2023-08-03 08:14:06,2,Medium
8/3/2023,8:14:10,26.1,69,0,2023-08-03 08:14:10,2,Medium
8/3/2023,8:14:14,26.1,69,0,2023-08-03 08:14:14,2,Medium
8/3/2023,8:14:19,26.1,69,0,2023-08-03 08:14:19,2,Medium
8/3/2023,8:14:22,26.1,69,0,2023-08-03 08:14:22,2,Medium
8/3/2023,8:14:27,26.1,69,0,2023-08-03 08:14:27,2,Medium
8/3/2023,8:14:31,26.1,69,0,2023-08-03 08:14:31,2,Medium
8/3/2023,8:14:35,26.1,69,0,2023-08-03 08:14:35,2,Medium
8/3/2023,8:14:39,26.1,69,0,2023-08-03 08:14:39,2,Medium
8/3/2023,8:14:43,26.1,69,0,2023-08-03 08:14:43,2,Medium
8/3/2023,8:14:48,26.1,69,0,2023-08-03 08:14:48,2,Medium
8/3/2023,8:14:53,26.1,69,0,2023-08-03 08:14:53,2,Medium
8/3/2023,8:14:56,26.1,69,0,2023-08-03 08:14:56,2,Medium
8/3/2023,8:15:00,26.1,69,0,2023-08-03 08:15:00,2,Medium
8/3/2023,8:15:05,26.1,69,0,2023-08-03 08:15:05,2,Medium
8/3/2023,8:15:10,26.1,69,0,2023-08-03 08:15:10,2,Medium
8/3/2023,8:15:14,26.2,69,0,2023-08-03 08:15:14,2,Medium
8/3/2023,8:15:18,26.1,69,0,2023-08-03 08:15:18,2,Medium
8/3/2023,8:15:22,26.2,69,0,2023-08-03 08:15:22,2,Medium
8/3/2023,8:15:27,26.1,69,0,2023-08-03 08:15:27,2,Medium
8/3/2023,8:15:31,26.2,69,0,2023-08-03 08:15:31,2,Medium
8/3/2023,8:15:35,26.1,69,0,2023-08-03 08:15:35,2,Medium
8/3/2023,8:15:39,26.1,69,0,2023-08-03 08:15:39,2,Medium
8/3/2023,8:15:44,26.1,69,0,2023-08-03 08:15:44,2,Medium
8/3/2023,8:15:48,26.1,68,0,2023-08-03 08:15:48,2,Medium
8/3/2023,8:15:53,26.1,69,0,2023-08-03 08:15:53,2,Medium
8/3/2023,8:15:57,26.1,68,0,2023-08-03 08:15:57,2,Medium
8/3/2023,8:16:01,26.1,68,0,2023-08-03 08:16:01,2,Medium
8/3/2023,8:16:05,26.2,68,0,2023-08-03 08:16:05,2,Medium
8/3/2023,8:16:09,26.1,68,0,2023-08-03 08:16:09,2,Medium
8/3/2023,8:16:13,26.1,68,0,2023-08-03 08:16:13,2,Medium
8/3/2023,8:16:17,26.1,68,0,2023-08-03 08:16:17,2,Medium
8/3/2023,8:16:21,26.1,68,0,2023-08-03 08:16:21,2,Medium
8/3/2023,8:16:26,26.1,68,0,2023-08-03 08:16:26,2,Medium
8/3/2023,8:16:29,26.1,68,0,2023-08-03 08:16:29,2,Medium
8/3/2023,8:16:34,26.1,68,0,2023-08-03 08:16:34,2,Medium
8/3/2023,8:16:38,26.1,68,0,2023-08-03 08:16:38,2,Medium
8/3/2023,8:16:42,26.1,68,0,2023-08-03 08:16:42,2,Medium
8/3/2023,8:16:47,26.1,68,0,2023-08-03 08:16:47,2,Medium
8/3/2023,8:16:51,26.1,68,0,2023-08-03 08:16:51,2,Medium
8/3/2023,8:16:55,26.1,68,0,2023-08-03 08:16:55,2,Medium
8/3/2023,8:16:59,26.1,68,0,2023-08-03 08:16:59,2,Medium
8/3/2023,8:17:04,26.1,68,0,2023-08-03 08:17:04,2,Medium
8/3/2023,8:17:08,26.1,68,0,2023-08-03 08:17:08,2,Medium
8/3/2023,8:17:13,26.1,68,0,2023-08-03 08:17:13,2,Medium
8/3/2023,8:17:17,26.1,68,0,2023-08-03 08:17:17,2,Medium
8/3/2023,8:17:21,26.1,68,0,2023-08-03 08:17:21,2,Medium
8/3/2023,8:17:26,26.1,68,0,2023-08-03 08:17:26,2,Medium
8/3/2023,8:17:30,26.1,68,0,2023-08-03 08:17:30,2,Medium
8/3/2023,8:17:34,26.1,68,0,2023-08-03 08:17:34,2,Medium
8/3/2023,8:17:39,26.1,68,0,2023-08-03 08:17:39,2,Medium
8/3/2023,8:17:43,26.1,68,0,2023-08-03 08:17:43,2,Medium
8/3/2023,8:17:47,26.1,68,0,2023-08-03 08:17:47,2,Medium
8/3/2023,8:17:52,26.1,68,0,2023-08-03 08:17:52,2,Medium
8/3/2023,8:17:56,26.1,68,0,2023-08-03 08:17:56,2,Medium
8/3/2023,8:18:00,26.1,68,0,2023-08-03 08:18:00,2,Medium
8/3/2023,8:18:04,26.1,68,0,2023-08-03 08:18:04,2,Medium
8/3/2023,8:18:09,26.1,68,0,2023-08-03 08:18:09,2,Medium
8/3/2023,8:18:13,26.1,68,0,2023-08-03 08:18:13,2,Medium
8/3/2023,8:18:17,26.1,68,0,2023-08-03 08:18:17,2,Medium
8/3/2023,8:18:22,26.1,68,0,2023-08-03 08:18:22,2,Medium
8/3/2023,8:18:27,26.1,68,0,2023-08-03 08:18:27,2,Medium
8/3/2023,8:18:31,26.1,68,0,2023-08-03 08:18:31,2,Medium
8/3/2023,8:18:35,26.1,68,0,2023-08-03 08:18:35,2,Medium
8/3/2023,8:18:39,26.1,68,0,2023-08-03 08:18:39,2,Medium
8/3/2023,8:18:43,26.1,68,0,2023-08-03 08:18:43,2,Medium
8/3/2023,8:18:48,26.1,68,0,2023-08-03 08:18:48,2,Medium
8/3/2023,8:18:53,26.1,68,0,2023-08-03 08:18:53,2,Medium
8/3/2023,8:18:57,26.1,68,0,2023-08-03 08:18:57,2,Medium
8/3/2023,8:19:01,26.1,68,0,2023-08-03 08:19:01,2,Medium
8/3/2023,8:19:05,26.1,68,0,2023-08-03 08:19:05,2,Medium
8/3/2023,8:19:09,26.1,68,0,2023-08-03 08:19:09,2,Medium
8/3/2023,8:19:13,26.1,68,0,2023-08-03 08:19:13,2,Medium
8/3/2023,8:19:18,26.1,68,0,2023-08-03 08:19:18,2,Medium
8/3/2023,8:19:23,26.1,68,0,2023-08-03 08:19:23,2,Medium
8/3/2023,8:19:27,26.1,68,0,2023-08-03 08:19:27,2,Medium
8/3/2023,8:19:31,26.1,68,0,2023-08-03 08:19:31,2,Medium
8/3/2023,8:19:36,26.1,68,0,2023-08-03 08:19:36,2,Medium
8/3/2023,8:19:40,26.1,68,0,2023-08-03 08:19:40,2,Medium
8/3/2023,8:19:44,26.1,68,0,2023-08-03 08:19:44,2,Medium
8/3/2023,8:19:49,26.1,68,0,2023-08-03 08:19:49,2,Medium
8/3/2023,8:19:53,26.1,68,0,2023-08-03 08:19:53,2,Medium
8/3/2023,8:19:58,26.1,68,0,2023-08-03 08:19:58,2,Medium
8/3/2023,8:20:02,26.1,68,0,2023-08-03 08:20:02,2,Medium
8/3/2023,8:20:07,26.1,68,0,2023-08-03 08:20:07,2,Medium
8/3/2023,8:20:11,26.1,68,0,2023-08-03 08:20:11,2,Medium
8/3/2023,8:20:15,26.1,68,0,2023-08-03 08:20:15,2,Medium
8/3/2023,8:20:19,26.1,68,0,2023-08-03 08:20:19,2,Medium
8/3/2023,8:20:24,26.1,68,0,2023-08-03 08:20:24,2,Medium
8/3/2023,8:20:29,26.1,68,0,2023-08-03 08:20:29,2,Medium
8/3/2023,8:20:33,26.1,68,0,2023-08-03 08:20:33,2,Medium
8/3/2023,8:20:37,26.1,68,0,2023-08-03 08:20:37,2,Medium
8/3/2023,8:20:41,26.1,68,0,2023-08-03 08:20:41,2,Medium
8/3/2023,8:20:46,26.1,68,0,2023-08-03 08:20:46,2,Medium
8/3/2023,8:20:50,26.1,68,0,2023-08-03 08:20:50,2,Medium
8/3/2023,8:20:54,26.1,68,0,2023-08-03 08:20:54,2,Medium
8/3/2023,8:20:58,26.1,68,0,2023-08-03 08:20:58,2,Medium
8/3/2023,8:21:02,26.1,68,0,2023-08-03 08:21:02,2,Medium
8/3/2023,8:21:07,26.1,68,0,2023-08-03 08:21:07,2,Medium
8/3/2023,8:21:12,26.1,68,0,2023-08-03 08:21:12,2,Medium
8/3/2023,8:21:16,26.1,68,0,2023-08-03 08:21:16,2,Medium
8/3/2023,8:21:20,26.1,68,0,2023-08-03 08:21:20,2,Medium
8/3/2023,8:21:25,26.1,68,0,2023-08-03 08:21:25,2,Medium
8/3/2023,8:21:29,26.1,68,0,2023-08-03 08:21:29,2,Medium
8/3/2023,8:21:33,26.1,68,0,2023-08-03 08:21:33,2,Medium
8/3/2023,8:21:38,26.1,68,0,2023-08-03 08:21:38,2,Medium
8/3/2023,8:21:42,26.1,68,0,2023-08-03 08:21:42,2,Medium
8/3/2023,8:21:46,26.1,68,0,2023-08-03 08:21:46,2,Medium
8/3/2023,8:21:50,26.1,68,0,2023-08-03 08:21:50,2,Medium
8/3/2023,8:21:55,26.1,68,0,2023-08-03 08:21:55,2,Medium
8/3/2023,8:21:59,26.1,68,0,2023-08-03 08:21:59,2,Medium
8/3/2023,8:22:04,26.1,68,0,2023-08-03 08:22:04,2,Medium
8/3/2023,8:22:08,26.1,68,0,2023-08-03 08:22:08,2,Medium
8/3/2023,8:22:12,26.1,68,0,2023-08-03 08:22:12,2,Medium
8/3/2023,8:22:16,26.1,68,0,2023-08-03 08:22:16,2,Medium
8/3/2023,8:22:20,26.1,68,0,2023-08-03 08:22:20,2,Medium
8/3/2023,8:22:25,26.1,68,0,2023-08-03 08:22:25,2,Medium
8/3/2023,8:22:30,26.1,68,0,2023-08-03 08:22:30,2,Medium
8/3/2023,8:22:34,26.1,68,0,2023-08-03 08:22:34,2,Medium
8/3/2023,8:22:39,26.1,68,0,2023-08-03 08:22:39,2,Medium
8/3/2023,8:22:43,26.1,68,0,2023-08-03 08:22:43,2,Medium
8/3/2023,8:22:47,26.1,69,0,2023-08-03 08:22:47,2,Medium
8/3/2023,8:22:52,26.1,69,0,2023-08-03 08:22:52,2,Medium
8/3/2023,8:22:56,26.1,68,0,2023-08-03 08:22:56,2,Medium
8/3/2023,8:23:01,26.1,69,0,2023-08-03 08:23:01,2,Medium
8/3/2023,8:23:05,26.1,68,0,2023-08-03 08:23:05,2,Medium
8/3/2023,8:23:09,26.1,69,0,2023-08-03 08:23:09,2,Medium
8/3/2023,8:23:14,26.1,69,0,2023-08-03 08:23:14,2,Medium
8/3/2023,8:23:18,26.1,69,0,2023-08-03 08:23:18,2,Medium
8/3/2023,8:23:22,26.1,69,0,2023-08-03 08:23:22,2,Medium
8/3/2023,8:23:26,26.1,69,0,2023-08-03 08:23:26,2,Medium
8/3/2023,8:23:31,26.1,69,0,2023-08-03 08:23:31,2,Medium
8/3/2023,8:23:35,26.1,69,0,2023-08-03 08:23:35,2,Medium
8/3/2023,8:23:39,26.1,69,0,2023-08-03 08:23:39,2,Medium
8/3/2023,8:23:43,26.1,69,0,2023-08-03 08:23:43,2,Medium
8/3/2023,8:23:48,26.1,69,0,2023-08-03 08:23:48,2,Medium
8/3/2023,8:23:52,26.1,69,0,2023-08-03 08:23:52,2,Medium
8/3/2023,8:23:57,26.1,69,0,2023-08-03 08:23:57,2,Medium
8/3/2023,8:24:01,26.1,69,0,2023-08-03 08:24:01,2,Medium
8/3/2023,8:24:04,26.1,69,0,2023-08-03 08:24:04,2,Medium
8/3/2023,8:24:09,26.1,69,0,2023-08-03 08:24:09,2,Medium
8/3/2023,8:24:14,26.1,69,0,2023-08-03 08:24:14,2,Medium
8/3/2023,8:24:18,26.1,69,0,2023-08-03 08:24:18,2,Medium
8/3/2023,8:24:22,26.1,69,0,2023-08-03 08:24:22,2,Medium
8/3/2023,8:24:27,26.1,68,0,2023-08-03 08:24:27,2,Medium
8/3/2023,8:24:30,26.1,68,0,2023-08-03 08:24:30,2,Medium
8/3/2023,8:24:35,26.1,68,0,2023-08-03 08:24:35,2,Medium
8/3/2023,8:24:39,26.1,68,0,2023-08-03 08:24:39,2,Medium
8/3/2023,8:24:43,26.1,68,0,2023-08-03 08:24:43,2,Medium
8/3/2023,8:24:47,26.1,68,0,2023-08-03 08:24:47,2,Medium
8/3/2023,8:24:51,26.1,68,0,2023-08-03 08:24:51,2,Medium
8/3/2023,8:24:56,26.1,68,0,2023-08-03 08:24:56,2,Medium
8/3/2023,8:25:00,26.1,68,0,2023-08-03 08:25:00,2,Medium
8/3/2023,8:25:04,26.1,68,0,2023-08-03 08:25:04,2,Medium
8/3/2023,8:25:09,26.1,68,0,2023-08-03 08:25:09,2,Medium
8/3/2023,8:25:13,26.1,68,0,2023-08-03 08:25:13,2,Medium
8/3/2023,8:25:17,26.1,68,0,2023-08-03 08:25:17,2,Medium
8/3/2023,8:25:21,26.1,68,0,2023-08-03 08:25:21,2,Medium
8/3/2023,8:25:25,26.1,68,0,2023-08-03 08:25:25,2,Medium
8/3/2023,8:25:29,26.1,68,0,2023-08-03 08:25:29,2,Medium
8/3/2023,8:25:34,26.1,68,0,2023-08-03 08:25:34,2,Medium
8/3/2023,8:25:38,26.1,68,0,2023-08-03 08:25:38,2,Medium
8/3/2023,8:25:43,26.1,68,0,2023-08-03 08:25:43,2,Medium
8/3/2023,8:25:47,26.1,68,0,2023-08-03 08:25:47,2,Medium
8/3/2023,8:25:52,26.1,68,0,2023-08-03 08:25:52,2,Medium
8/3/2023,8:25:56,26.1,68,0,2023-08-03 08:25:56,2,Medium
8/3/2023,8:26:01,26.0,68,0,2023-08-03 08:26:01,2,Medium
8/3/2023,8:26:05,26.0,68,0,2023-08-03 08:26:05,2,Medium
8/3/2023,8:26:09,26.0,68,0,2023-08-03 08:26:09,2,Medium
8/3/2023,8:26:13,26.0,68,0,2023-08-03 08:26:13,2,Medium
8/3/2023,8:26:18,26.0,68,0,2023-08-03 08:26:18,2,Medium
8/3/2023,8:26:22,26.0,68,0,2023-08-03 08:26:22,2,Medium
8/3/2023,8:26:26,26.0,68,0,2023-08-03 08:26:26,2,Medium
8/3/2023,8:26:31,26.0,68,0,2023-08-03 08:26:31,2,Medium
8/3/2023,8:26:36,26.0,68,0,2023-08-03 08:26:36,2,Medium
8/3/2023,8:26:40,26.0,68,0,2023-08-03 08:26:40,2,Medium
8/3/2023,8:26:45,26.0,68,0,2023-08-03 08:26:45,2,Medium
8/3/2023,8:26:49,26.0,68,0,2023-08-03 08:26:49,2,Medium
8/3/2023,8:26:53,26.0,68,0,2023-08-03 08:26:53,2,Medium
8/3/2023,8:26:57,26.0,68,0,2023-08-03 08:26:57,2,Medium
8/3/2023,8:27:01,26.0,68,0,2023-08-03 08:27:01,2,Medium
8/3/2023,8:27:06,26.0,68,0,2023-08-03 08:27:06,2,Medium
8/3/2023,8:27:10,26.0,68,0,2023-08-03 08:27:10,2,Medium
8/3/2023,8:27:14,26.0,68,0,2023-08-03 08:27:14,2,Medium
8/3/2023,8:27:18,26.0,68,0,2023-08-03 08:27:18,2,Medium
8/3/2023,8:27:22,26.0,68,0,2023-08-03 08:27:22,2,Medium
8/3/2023,8:27:26,26.0,68,0,2023-08-03 08:27:26,2,Medium
8/3/2023,8:27:31,26.0,68,0,2023-08-03 08:27:31,2,Medium
8/3/2023,8:27:35,26.0,69,0,2023-08-03 08:27:35,2,Medium
8/3/2023,8:27:39,26.0,69,0,2023-08-03 08:27:39,2,Medium
8/3/2023,8:27:44,26.0,68,0,2023-08-03 08:27:44,2,Medium
8/3/2023,8:27:48,26.0,68,0,2023-08-03 08:27:48,2,Medium
8/3/2023,8:27:52,26.0,69,0,2023-08-03 08:27:52,2,Medium
8/3/2023,8:27:56,26.0,69,0,2023-08-03 08:27:56,2,Medium
8/3/2023,8:28:00,26.0,68,0,2023-08-03 08:28:00,2,Medium
8/3/2023,8:28:05,26.0,69,0,2023-08-03 08:28:05,2,Medium
8/3/2023,8:28:09,26.0,68,0,2023-08-03 08:28:09,2,Medium
8/3/2023,8:28:13,26.0,68,0,2023-08-03 08:28:13,2,Medium
8/3/2023,8:28:18,26.0,68,0,2023-08-03 08:28:18,2,Medium
8/3/2023,8:28:22,26.0,68,0,2023-08-03 08:28:22,2,Medium
8/3/2023,8:28:27,26.0,68,0,2023-08-03 08:28:27,2,Medium
8/3/2023,8:28:31,26.0,68,0,2023-08-03 08:28:31,2,Medium
8/3/2023,8:28:35,26.0,69,0,2023-08-03 08:28:35,2,Medium
8/3/2023,8:28:40,26.0,69,0,2023-08-03 08:28:40,2,Medium
8/3/2023,8:28:44,26.0,69,0,2023-08-03 08:28:44,2,Medium
8/3/2023,8:28:48,26.0,69,0,2023-08-03 08:28:48,2,Medium
8/3/2023,8:28:52,26.0,69,0,2023-08-03 08:28:52,2,Medium
8/3/2023,8:28:56,26.0,69,0,2023-08-03 08:28:56,2,Medium
8/3/2023,8:29:00,26.0,69,0,2023-08-03 08:29:00,2,Medium
8/3/2023,8:29:05,26.0,69,0,2023-08-03 08:29:05,2,Medium
8/3/2023,8:29:09,26.0,69,0,2023-08-03 08:29:09,2,Medium
8/3/2023,8:29:13,26.0,69,0,2023-08-03 08:29:13,2,Medium
8/3/2023,8:29:17,26.0,69,0,2023-08-03 08:29:17,2,Medium
8/3/2023,8:29:21,26.0,69,0,2023-08-03 08:29:21,2,Medium
8/3/2023,8:29:25,26.0,69,0,2023-08-03 08:29:25,2,Medium
8/3/2023,8:29:29,26.1,69,0,2023-08-03 08:29:29,2,Medium
8/3/2023,8:29:33,26.1,69,0,2023-08-03 08:29:33,2,Medium
8/3/2023,8:29:38,26.1,69,0,2023-08-03 08:29:38,2,Medium
8/3/2023,8:29:43,26.1,69,0,2023-08-03 08:29:43,2,Medium
8/3/2023,8:29:47,26.1,69,0,2023-08-03 08:29:47,2,Medium
8/3/2023,8:29:51,26.1,69,0,2023-08-03 08:29:51,2,Medium
8/3/2023,8:29:55,26.1,69,0,2023-08-03 08:29:55,2,Medium
8/3/2023,8:29:59,26.1,69,0,2023-08-03 08:29:59,2,Medium
8/3/2023,8:30:03,26.1,69,0,2023-08-03 08:30:03,2,Medium
8/3/2023,8:30:12,26.1,69,0,2023-08-03 08:30:12,2,Medium
8/3/2023,8:30:18,26.1,69,0,2023-08-03 08:30:18,2,Medium
8/3/2023,8:30:22,26.1,69,0,2023-08-03 08:30:22,2,Medium
8/3/2023,8:30:26,26.1,69,0,2023-08-03 08:30:26,2,Medium
8/3/2023,8:30:32,26.1,69,0,2023-08-03 08:30:32,2,Medium
8/3/2023,8:30:37,26.1,69,0,2023-08-03 08:30:37,2,Medium
8/3/2023,8:30:42,26.1,69,0,2023-08-03 08:30:42,2,Medium
8/3/2023,8:30:47,26.1,69,0,2023-08-03 08:30:47,2,Medium
8/3/2023,8:30:51,26.1,69,0,2023-08-03 08:30:51,2,Medium
8/3/2023,8:30:54,26.1,69,0,2023-08-03 08:30:54,2,Medium
8/3/2023,8:30:58,26.1,69,0,2023-08-03 08:30:58,2,Medium
8/3/2023,8:31:02,26.1,69,0,2023-08-03 08:31:02,2,Medium
8/3/2023,8:31:06,26.1,69,0,2023-08-03 08:31:06,2,Medium
8/3/2023,8:31:11,26.1,69,0,2023-08-03 08:31:11,2,Medium
8/3/2023,8:31:15,26.1,69,0,2023-08-03 08:31:15,2,Medium
8/3/2023,8:31:19,26.1,69,0,2023-08-03 08:31:19,2,Medium
8/3/2023,8:31:24,26.1,69,0,2023-08-03 08:31:24,2,Medium
8/3/2023,8:31:28,26.1,69,0,2023-08-03 08:31:28,2,Medium
8/3/2023,8:31:32,26.1,69,0,2023-08-03 08:31:32,2,Medium
8/3/2023,8:31:36,26.1,69,0,2023-08-03 08:31:36,2,Medium
8/3/2023,8:31:40,26.1,69,0,2023-08-03 08:31:40,2,Medium
8/3/2023,8:31:44,26.1,69,0,2023-08-03 08:31:44,2,Medium
8/3/2023,8:31:47,26.1,69,0,2023-08-03 08:31:47,2,Medium
8/3/2023,8:31:51,26.1,69,0,2023-08-03 08:31:51,2,Medium
8/3/2023,8:31:56,26.1,69,0,2023-08-03 08:31:56,2,Medium
8/3/2023,8:32:00,26.1,69,0,2023-08-03 08:32:00,2,Medium
8/3/2023,8:32:04,26.1,69,0,2023-08-03 08:32:04,2,Medium
8/3/2023,8:32:08,26.2,69,0,2023-08-03 08:32:08,2,Medium
8/3/2023,8:32:12,26.2,69,0,2023-08-03 08:32:12,2,Medium
8/3/2023,8:32:16,26.2,69,0,2023-08-03 08:32:16,2,Medium
8/3/2023,8:32:20,26.2,69,0,2023-08-03 08:32:20,2,Medium
8/3/2023,8:32:25,26.2,69,0,2023-08-03 08:32:25,2,Medium
8/3/2023,8:32:29,26.2,69,0,2023-08-03 08:32:29,2,Medium
8/4/2023,8:31:31,25.7,70,0,2023-08-04 08:31:31,3,Medium
8/4/2023,8:31:35,25.7,70,0,2023-08-04 08:31:35,3,Medium
8/4/2023,8:31:39,25.7,70,0,2023-08-04 08:31:39,3,Medium
8/4/2023,8:31:43,25.7,70,0,2023-08-04 08:31:43,3,Medium
8/4/2023,8:31:47,25.7,70,0,2023-08-04 08:31:47,3,Medium
8/4/2023,8:31:51,25.7,70,0,2023-08-04 08:31:51,3,Medium
8/4/2023,8:31:55,25.7,70,0,2023-08-04 08:31:55,3,Medium
8/4/2023,8:31:59,25.7,70,0,2023-08-04 08:31:59,3,Medium
8/4/2023,8:32:03,25.7,70,0,2023-08-04 08:32:03,3,Medium
8/4/2023,8:32:07,25.7,70,0,2023-08-04 08:32:07,3,Medium
8/4/2023,8:32:12,25.7,70,0,2023-08-04 08:32:12,3,Medium
8/4/2023,8:32:16,25.7,70,0,2023-08-04 08:32:16,3,Medium
8/4/2023,8:32:20,25.7,70,0,2023-08-04 08:32:20,3,Medium
8/4/2023,8:32:24,25.7,70,0,2023-08-04 08:32:24,3,Medium
8/4/2023,8:32:28,25.7,70,0,2023-08-04 08:32:28,3,Medium
8/4/2023,8:32:33,25.7,70,0,2023-08-04 08:32:33,3,Medium
8/4/2023,8:32:38,25.7,70,0,2023-08-04 08:32:38,3,Medium
8/4/2023,8:32:42,25.7,70,0,2023-08-04 08:32:42,3,Medium
8/4/2023,8:32:46,25.7,70,0,2023-08-04 08:32:46,3,Medium
8/4/2023,8:32:50,25.7,70,0,2023-08-04 08:32:50,3,Medium
8/4/2023,8:32:55,25.7,70,0,2023-08-04 08:32:55,3,Medium
8/4/2023,8:32:59,25.7,70,0,2023-08-04 08:32:59,3,Medium
8/4/2023,8:33:03,25.7,70,0,2023-08-04 08:33:03,3,Medium
8/4/2023,8:33:07,25.7,70,0,2023-08-04 08:33:07,3,Medium
8/4/2023,8:33:11,25.7,71,0,2023-08-04 08:33:11,3,Medium
8/4/2023,8:33:15,25.7,71,0,2023-08-04 08:33:15,3,Medium
8/4/2023,8:33:20,25.7,71,0,2023-08-04 08:33:20,3,Medium
8/4/2023,8:33:24,25.7,71,0,2023-08-04 08:33:24,3,Medium
8/4/2023,8:33:28,25.7,71,0,2023-08-04 08:33:28,3,Medium
8/4/2023,8:33:32,25.7,71,0,2023-08-04 08:33:32,3,Medium
8/4/2023,8:33:36,25.7,71,0,2023-08-04 08:33:36,3,Medium
8/4/2023,8:33:40,25.7,71,0,2023-08-04 08:33:40,3,Medium
8/4/2023,8:33:44,25.7,71,0,2023-08-04 08:33:44,3,Medium
8/4/2023,8:33:48,25.7,71,0,2023-08-04 08:33:48,3,Medium
8/4/2023,8:33:52,25.7,71,0,2023-08-04 08:33:52,3,Medium
8/4/2023,8:33:56,25.7,71,0,2023-08-04 08:33:56,3,Medium
8/4/2023,8:34:00,25.7,71,0,2023-08-04 08:34:00,3,Medium
8/4/2023,8:34:04,25.7,71,0,2023-08-04 08:34:04,3,Medium
8/4/2023,8:34:09,25.7,71,0,2023-08-04 08:34:09,3,Medium
8/4/2023,8:34:13,25.7,71,0,2023-08-04 08:34:13,3,Medium
8/4/2023,8:34:17,25.7,71,0,2023-08-04 08:34:17,3,Medium
8/4/2023,8:34:21,25.7,71,0,2023-08-04 08:34:21,3,Medium
8/4/2023,8:34:24,25.7,71,0,2023-08-04 08:34:24,3,Medium
8/4/2023,8:34:28,25.7,71,0,2023-08-04 08:34:28,3,Medium
8/4/2023,8:34:32,25.7,71,0,2023-08-04 08:34:32,3,Medium
8/4/2023,8:34:36,25.7,71,0,2023-08-04 08:34:36,3,Medium
8/4/2023,8:34:40,25.7,71,0,2023-08-04 08:34:40,3,Medium
8/4/2023,8:34:44,25.7,71,0,2023-08-04 08:34:44,3,Medium
8/4/2023,8:34:48,25.7,71,0,2023-08-04 08:34:48,3,Medium
8/4/2023,8:34:52,25.7,71,0,2023-08-04 08:34:52,3,Medium
8/4/2023,8:34:56,25.7,71,0,2023-08-04 08:34:56,3,Medium
8/4/2023,8:35:00,25.7,71,0,2023-08-04 08:35:00,3,Medium
8/4/2023,8:35:04,25.7,71,0,2023-08-04 08:35:04,3,Medium
8/4/2023,8:35:08,25.7,71,0,2023-08-04 08:35:08,3,Medium
8/4/2023,8:35:13,25.7,71,0,2023-08-04 08:35:13,3,Medium
8/4/2023,8:35:17,25.7,71,0,2023-08-04 08:35:17,3,Medium
8/4/2023,8:35:20,25.7,71,0,2023-08-04 08:35:20,3,Medium
8/4/2023,8:35:24,25.7,71,0,2023-08-04 08:35:24,3,Medium
8/4/2023,8:35:28,25.7,71,0,2023-08-04 08:35:28,3,Medium
8/4/2023,8:35:32,25.7,71,0,2023-08-04 08:35:32,3,Medium
8/4/2023,8:35:36,25.7,71,0,2023-08-04 08:35:36,3,Medium
8/4/2023,8:35:40,25.7,71,0,2023-08-04 08:35:40,3,Medium
8/4/2023,8:35:45,25.7,71,0,2023-08-04 08:35:45,3,Medium
8/4/2023,8:35:49,25.7,71,0,2023-08-04 08:35:49,3,Medium
8/4/2023,8:35:53,25.7,71,0,2023-08-04 08:35:53,3,Medium
8/4/2023,8:35:58,25.7,71,0,2023-08-04 08:35:58,3,Medium
8/4/2023,8:36:02,25.7,71,0,2023-08-04 08:36:02,3,Medium
8/4/2023,8:36:06,25.7,71,0,2023-08-04 08:36:06,3,Medium
8/4/2023,8:36:10,25.7,71,0,2023-08-04 08:36:10,3,Medium
8/4/2023,8:36:14,25.7,71,0,2023-08-04 08:36:14,3,Medium
8/4/2023,8:36:18,25.7,71,0,2023-08-04 08:36:18,3,Medium
8/4/2023,8:36:22,25.7,71,0,2023-08-04 08:36:22,3,Medium
8/4/2023,8:36:27,25.7,71,0,2023-08-04 08:36:27,3,Medium
8/4/2023,8:36:30,25.7,71,0,2023-08-04 08:36:30,3,Medium
8/4/2023,8:36:35,25.7,71,0,2023-08-04 08:36:35,3,Medium
8/4/2023,8:36:39,25.7,71,0,2023-08-04 08:36:39,3,Medium
8/4/2023,8:36:43,25.7,71,0,2023-08-04 08:36:43,3,Medium
8/4/2023,8:36:47,25.7,71,0,2023-08-04 08:36:47,3,Medium
8/4/2023,8:36:51,25.7,71,0,2023-08-04 08:36:51,3,Medium
8/4/2023,8:36:55,25.7,71,0,2023-08-04 08:36:55,3,Medium
8/4/2023,8:36:59,25.7,71,0,2023-08-04 08:36:59,3,Medium
8/4/2023,8:37:03,25.7,71,0,2023-08-04 08:37:03,3,Medium
8/4/2023,8:37:08,25.7,71,0,2023-08-04 08:37:08,3,Medium
8/4/2023,8:37:12,25.7,71,0,2023-08-04 08:37:12,3,Medium
8/4/2023,8:37:16,25.7,71,0,2023-08-04 08:37:16,3,Medium
8/4/2023,8:37:20,25.7,71,0,2023-08-04 08:37:20,3,Medium
8/4/2023,8:37:24,25.7,71,0,2023-08-04 08:37:24,3,Medium
8/4/2023,8:37:29,25.7,71,0,2023-08-04 08:37:29,3,Medium
8/4/2023,8:37:33,25.7,71,0,2023-08-04 08:37:33,3,Medium
8/4/2023,8:37:37,25.7,71,0,2023-08-04 08:37:37,3,Medium
8/4/2023,8:37:42,25.7,71,0,2023-08-04 08:37:42,3,Medium
8/4/2023,8:37:46,25.7,71,0,2023-08-04 08:37:46,3,Medium
8/4/2023,8:37:49,25.7,71,0,2023-08-04 08:37:49,3,Medium
8/4/2023,8:37:53,25.7,71,0,2023-08-04 08:37:53,3,Medium
8/4/2023,8:37:58,25.7,71,0,2023-08-04 08:37:58,3,Medium
8/4/2023,8:38:02,25.7,71,0,2023-08-04 08:38:02,3,Medium
8/4/2023,8:38:06,25.7,71,0,2023-08-04 08:38:06,3,Medium
8/4/2023,8:38:10,25.7,71,0,2023-08-04 08:38:10,3,Medium
8/4/2023,8:38:14,25.7,71,0,2023-08-04 08:38:14,3,Medium
8/4/2023,8:38:18,25.7,71,0,2023-08-04 08:38:18,3,Medium
8/4/2023,8:38:22,25.7,71,0,2023-08-04 08:38:22,3,Medium
8/4/2023,8:38:26,25.7,71,0,2023-08-04 08:38:26,3,Medium
8/4/2023,8:38:30,25.7,71,0,2023-08-04 08:38:30,3,Medium
8/4/2023,8:38:34,25.7,71,0,2023-08-04 08:38:34,3,Medium
8/4/2023,8:38:38,25.7,71,0,2023-08-04 08:38:38,3,Medium
8/4/2023,8:38:42,25.7,71,0,2023-08-04 08:38:42,3,Medium
8/4/2023,8:38:47,25.7,71,0,2023-08-04 08:38:47,3,Medium
8/4/2023,8:38:51,25.7,71,0,2023-08-04 08:38:51,3,Medium
8/4/2023,8:38:56,25.7,71,0,2023-08-04 08:38:56,3,Medium
8/4/2023,8:39:00,25.7,71,0,2023-08-04 08:39:00,3,Medium
8/4/2023,8:39:04,25.7,71,0,2023-08-04 08:39:04,3,Medium
8/4/2023,8:39:09,25.7,71,0,2023-08-04 08:39:09,3,Medium
8/4/2023,8:39:13,25.7,71,0,2023-08-04 08:39:13,3,Medium
8/4/2023,8:39:17,25.7,71,0,2023-08-04 08:39:17,3,Medium
8/4/2023,8:39:22,25.7,71,0,2023-08-04 08:39:22,3,Medium
8/4/2023,8:39:26,25.7,71,0,2023-08-04 08:39:26,3,Medium
8/4/2023,8:39:29,25.7,71,0,2023-08-04 08:39:29,3,Medium
8/4/2023,8:39:34,25.7,71,0,2023-08-04 08:39:34,3,Medium
8/4/2023,8:39:38,25.7,71,0,2023-08-04 08:39:38,3,Medium
8/4/2023,8:39:42,25.7,71,0,2023-08-04 08:39:42,3,Medium
8/4/2023,8:39:46,25.7,71,0,2023-08-04 08:39:46,3,Medium
8/4/2023,8:39:50,25.7,71,0,2023-08-04 08:39:50,3,Medium
8/4/2023,8:39:54,25.7,71,0,2023-08-04 08:39:54,3,Medium
8/4/2023,8:39:58,25.7,71,0,2023-08-04 08:39:58,3,Medium
8/4/2023,8:40:02,25.7,71,0,2023-08-04 08:40:02,3,Medium
8/4/2023,8:40:06,25.7,71,0,2023-08-04 08:40:06,3,Medium
8/4/2023,8:40:10,25.7,71,0,2023-08-04 08:40:10,3,Medium
8/4/2023,8:40:14,25.7,71,0,2023-08-04 08:40:14,3,Medium
8/4/2023,8:40:18,25.7,71,0,2023-08-04 08:40:18,3,Medium
8/4/2023,8:40:22,25.7,71,0,2023-08-04 08:40:22,3,Medium
8/4/2023,8:40:26,25.7,71,0,2023-08-04 08:40:26,3,Medium
8/4/2023,8:40:30,25.7,71,0,2023-08-04 08:40:30,3,Medium
8/4/2023,8:40:34,25.7,71,0,2023-08-04 08:40:34,3,Medium
8/4/2023,8:40:39,25.7,71,0,2023-08-04 08:40:39,3,Medium
8/4/2023,8:40:43,25.7,71,0,2023-08-04 08:40:43,3,Medium
8/4/2023,8:40:47,25.7,71,0,2023-08-04 08:40:47,3,Medium
8/4/2023,8:40:51,25.7,71,0,2023-08-04 08:40:51,3,Medium
8/4/2023,8:40:54,25.7,71,0,2023-08-04 08:40:54,3,Medium
8/4/2023,8:40:58,25.7,71,0,2023-08-04 08:40:58,3,Medium
8/4/2023,8:41:03,25.7,71,0,2023-08-04 08:41:03,3,Medium
8/4/2023,8:41:06,25.7,71,0,2023-08-04 08:41:06,3,Medium
8/4/2023,8:41:11,25.7,71,0,2023-08-04 08:41:11,3,Medium
8/4/2023,8:41:15,25.7,71,0,2023-08-04 08:41:15,3,Medium
8/4/2023,8:41:19,25.7,71,0,2023-08-04 08:41:19,3,Medium
8/4/2023,8:41:23,25.7,71,0,2023-08-04 08:41:23,3,Medium
8/4/2023,8:41:27,25.7,71,0,2023-08-04 08:41:27,3,Medium
8/4/2023,8:41:31,25.7,71,0,2023-08-04 08:41:31,3,Medium
8/4/2023,8:41:36,25.7,71,0,2023-08-04 08:41:36,3,Medium
8/4/2023,8:41:40,25.7,71,0,2023-08-04 08:41:40,3,Medium
8/4/2023,8:41:43,25.7,71,0,2023-08-04 08:41:43,3,Medium
8/4/2023,8:41:47,25.7,71,0,2023-08-04 08:41:47,3,Medium
8/4/2023,8:41:51,25.7,71,0,2023-08-04 08:41:51,3,Medium
8/4/2023,8:41:55,25.7,71,0,2023-08-04 08:41:55,3,Medium
8/4/2023,8:41:59,25.7,71,0,2023-08-04 08:41:59,3,Medium
8/4/2023,8:42:04,25.7,71,0,2023-08-04 08:42:04,3,Medium
8/4/2023,8:42:08,25.7,71,0,2023-08-04 08:42:08,3,Medium
8/4/2023,8:42:12,25.7,71,0,2023-08-04 08:42:12,3,Medium
8/4/2023,8:42:16,25.7,71,0,2023-08-04 08:42:16,3,Medium
8/4/2023,8:42:20,25.7,71,0,2023-08-04 08:42:20,3,Medium
8/4/2023,8:42:24,25.7,71,0,2023-08-04 08:42:24,3,Medium
8/4/2023,8:42:28,25.7,71,0,2023-08-04 08:42:28,3,Medium
8/4/2023,8:42:33,25.7,71,0,2023-08-04 08:42:33,3,Medium
8/4/2023,8:42:37,25.7,71,0,2023-08-04 08:42:37,3,Medium
8/4/2023,8:42:41,25.7,71,0,2023-08-04 08:42:41,3,Medium
8/4/2023,8:42:45,25.7,71,0,2023-08-04 08:42:45,3,Medium
8/4/2023,8:42:49,25.7,71,0,2023-08-04 08:42:49,3,Medium
8/4/2023,8:42:53,25.7,71,0,2023-08-04 08:42:53,3,Medium
8/4/2023,8:42:57,25.7,71,0,2023-08-04 08:42:57,3,Medium
8/4/2023,8:43:01,25.7,71,0,2023-08-04 08:43:01,3,Medium
8/4/2023,8:43:05,25.7,71,0,2023-08-04 08:43:05,3,Medium
8/4/2023,8:43:10,25.7,71,0,2023-08-04 08:43:10,3,Medium
8/4/2023,8:43:14,25.7,71,0,2023-08-04 08:43:14,3,Medium
8/4/2023,8:43:18,25.7,71,0,2023-08-04 08:43:18,3,Medium
8/4/2023,8:43:22,25.7,71,0,2023-08-04 08:43:22,3,Medium
8/4/2023,8:43:26,25.7,71,0,2023-08-04 08:43:26,3,Medium
8/4/2023,8:43:30,25.7,71,0,2023-08-04 08:43:30,3,Medium
8/4/2023,8:43:34,25.7,71,0,2023-08-04 08:43:34,3,Medium
8/4/2023,8:43:39,25.7,71,0,2023-08-04 08:43:39,3,Medium
8/4/2023,8:43:43,25.7,71,0,2023-08-04 08:43:43,3,Medium
8/4/2023,8:43:47,25.7,71,0,2023-08-04 08:43:47,3,Medium
8/4/2023,8:43:52,25.7,71,0,2023-08-04 08:43:52,3,Medium
8/4/2023,8:43:56,25.7,71,0,2023-08-04 08:43:56,3,Medium
8/4/2023,8:44:00,25.7,71,0,2023-08-04 08:44:00,3,Medium
8/4/2023,8:44:04,25.7,71,0,2023-08-04 08:44:04,3,Medium
8/4/2023,8:44:08,25.7,71,0,2023-08-04 08:44:08,3,Medium
8/4/2023,8:44:12,25.7,71,0,2023-08-04 08:44:12,3,Medium
8/4/2023,8:44:16,25.7,71,0,2023-08-04 08:44:16,3,Medium
8/4/2023,8:44:20,25.7,71,0,2023-08-04 08:44:20,3,Medium
8/4/2023,8:44:24,25.7,71,0,2023-08-04 08:44:24,3,Medium
8/4/2023,8:44:28,25.7,71,0,2023-08-04 08:44:28,3,Medium
8/4/2023,8:44:33,25.7,71,0,2023-08-04 08:44:33,3,Medium
8/4/2023,8:44:37,25.7,71,0,2023-08-04 08:44:37,3,Medium
8/4/2023,8:44:41,25.7,71,0,2023-08-04 08:44:41,3,Medium
8/4/2023,8:44:45,25.7,71,0,2023-08-04 08:44:45,3,Medium
8/4/2023,8:44:49,25.7,71,0,2023-08-04 08:44:49,3,Medium
8/4/2023,8:44:53,25.7,71,0,2023-08-04 08:44:53,3,Medium
8/4/2023,8:44:58,25.7,71,0,2023-08-04 08:44:58,3,Medium
8/4/2023,8:45:02,25.7,71,0,2023-08-04 08:45:02,3,Medium
8/4/2023,8:45:06,25.7,71,0,2023-08-04 08:45:06,3,Medium
8/4/2023,8:45:10,25.7,71,0,2023-08-04 08:45:10,3,Medium
8/4/2023,8:45:14,25.7,71,0,2023-08-04 08:45:14,3,Medium
8/4/2023,8:45:18,25.7,71,0,2023-08-04 08:45:18,3,Medium
8/4/2023,8:45:22,25.7,71,0,2023-08-04 08:45:22,3,Medium
8/4/2023,8:45:26,25.7,71,0,2023-08-04 08:45:26,3,Medium
8/4/2023,8:45:31,25.7,71,0,2023-08-04 08:45:31,3,Medium
8/4/2023,8:45:35,25.7,71,0,2023-08-04 08:45:35,3,Medium
8/4/2023,8:45:39,25.7,71,0,2023-08-04 08:45:39,3,Medium
8/4/2023,8:45:43,25.7,71,0,2023-08-04 08:45:43,3,Medium
8/4/2023,8:45:47,25.7,71,0,2023-08-04 08:45:47,3,Medium
8/4/2023,8:45:51,25.7,71,0,2023-08-04 08:45:51,3,Medium
8/4/2023,8:45:55,25.7,71,0,2023-08-04 08:45:55,3,Medium
8/4/2023,8:45:59,25.7,71,0,2023-08-04 08:45:59,3,Medium
8/4/2023,8:46:04,25.7,71,0,2023-08-04 08:46:04,3,Medium
8/4/2023,8:46:08,25.7,71,0,2023-08-04 08:46:08,3,Medium
8/4/2023,8:46:12,25.7,71,0,2023-08-04 08:46:12,3,Medium
8/4/2023,8:46:16,25.7,71,0,2023-08-04 08:46:16,3,Medium
8/4/2023,8:46:20,25.7,71,0,2023-08-04 08:46:20,3,Medium
8/4/2023,8:46:24,25.7,71,0,2023-08-04 08:46:24,3,Medium
8/4/2023,8:46:28,25.7,71,0,2023-08-04 08:46:28,3,Medium
8/4/2023,8:46:32,25.7,71,0,2023-08-04 08:46:32,3,Medium
8/4/2023,8:46:36,25.7,71,0,2023-08-04 08:46:36,3,Medium
8/4/2023,8:46:39,25.7,71,0,2023-08-04 08:46:39,3,Medium
8/4/2023,8:46:44,25.7,71,0,2023-08-04 08:46:44,3,Medium
8/4/2023,8:46:48,25.7,71,0,2023-08-04 08:46:48,3,Medium
8/4/2023,8:46:52,25.7,71,0,2023-08-04 08:46:52,3,Medium
8/4/2023,8:46:56,25.7,71,0,2023-08-04 08:46:56,3,Medium
8/4/2023,8:46:59,25.7,71,0,2023-08-04 08:46:59,3,Medium
8/4/2023,8:47:04,25.7,71,0,2023-08-04 08:47:04,3,Medium
8/4/2023,8:47:08,25.7,71,0,2023-08-04 08:47:08,3,Medium
8/4/2023,8:47:11,25.7,71,0,2023-08-04 08:47:11,3,Medium
8/4/2023,8:47:15,25.7,71,0,2023-08-04 08:47:15,3,Medium
8/4/2023,8:47:20,25.7,71,0,2023-08-04 08:47:20,3,Medium
8/4/2023,8:47:23,25.7,71,0,2023-08-04 08:47:23,3,Medium
8/4/2023,8:47:27,25.7,71,0,2023-08-04 08:47:27,3,Medium
8/4/2023,8:47:31,25.7,71,0,2023-08-04 08:47:31,3,Medium
8/4/2023,8:47:35,25.7,71,0,2023-08-04 08:47:35,3,Medium
8/4/2023,8:47:39,25.7,71,0,2023-08-04 08:47:39,3,Medium
8/4/2023,8:47:45,25.7,71,0,2023-08-04 08:47:45,3,Medium
8/4/2023,8:47:49,25.7,71,0,2023-08-04 08:47:49,3,Medium
8/4/2023,8:47:53,25.7,71,0,2023-08-04 08:47:53,3,Medium
8/4/2023,8:47:57,25.7,71,0,2023-08-04 08:47:57,3,Medium
8/4/2023,8:48:01,25.7,71,0,2023-08-04 08:48:01,3,Medium
8/4/2023,8:48:05,25.7,71,0,2023-08-04 08:48:05,3,Medium
8/4/2023,8:48:09,25.7,71,0,2023-08-04 08:48:09,3,Medium
8/4/2023,8:48:13,25.7,71,0,2023-08-04 08:48:13,3,Medium
8/4/2023,8:48:18,25.7,71,0,2023-08-04 08:48:18,3,Medium
8/4/2023,8:48:22,25.7,71,0,2023-08-04 08:48:22,3,Medium
8/4/2023,8:48:27,25.7,71,0,2023-08-04 08:48:27,3,Medium
8/4/2023,8:48:31,25.7,71,0,2023-08-04 08:48:31,3,Medium
8/4/2023,8:48:35,25.7,71,0,2023-08-04 08:48:35,3,Medium
8/4/2023,8:48:39,25.7,71,0,2023-08-04 08:48:39,3,Medium
8/4/2023,8:48:44,25.7,71,0,2023-08-04 08:48:44,3,Medium
8/4/2023,8:48:48,25.7,71,0,2023-08-04 08:48:48,3,Medium
8/4/2023,8:48:51,25.7,71,0,2023-08-04 08:48:51,3,Medium
8/4/2023,8:48:56,25.7,71,0,2023-08-04 08:48:56,3,Medium
8/4/2023,8:49:00,25.7,71,0,2023-08-04 08:49:00,3,Medium
8/4/2023,8:49:04,25.7,71,0,2023-08-04 08:49:04,3,Medium
8/4/2023,8:49:08,25.7,71,0,2023-08-04 08:49:08,3,Medium
8/4/2023,8:49:12,25.7,71,0,2023-08-04 08:49:12,3,Medium
8/4/2023,8:49:16,25.7,71,0,2023-08-04 08:49:16,3,Medium
8/4/2023,8:49:20,25.7,71,0,2023-08-04 08:49:20,3,Medium
8/4/2023,8:49:24,25.7,71,0,2023-08-04 08:49:24,3,Medium
8/4/2023,8:49:27,25.7,71,0,2023-08-04 08:49:27,3,Medium
8/4/2023,8:49:32,25.7,71,0,2023-08-04 08:49:32,3,Medium
8/4/2023,8:49:36,25.7,71,0,2023-08-04 08:49:36,3,Medium
8/4/2023,8:49:41,25.7,71,0,2023-08-04 08:49:41,3,Medium
8/4/2023,8:49:45,25.7,71,0,2023-08-04 08:49:45,3,Medium
8/4/2023,8:49:49,25.7,71,0,2023-08-04 08:49:49,3,Medium
8/4/2023,8:49:53,25.7,71,0,2023-08-04 08:49:53,3,Medium
8/4/2023,8:49:57,25.7,71,0,2023-08-04 08:49:57,3,Medium
8/4/2023,8:50:01,25.7,71,0,2023-08-04 08:50:01,3,Medium
8/4/2023,8:50:06,25.7,71,0,2023-08-04 08:50:06,3,Medium
8/4/2023,8:50:11,25.7,71,0,2023-08-04 08:50:11,3,Medium
8/4/2023,8:50:15,25.7,71,0,2023-08-04 08:50:15,3,Medium
8/4/2023,8:50:19,25.7,71,0,2023-08-04 08:50:19,3,Medium
8/4/2023,8:50:24,25.7,71,0,2023-08-04 08:50:24,3,Medium
8/4/2023,8:50:28,25.7,71,0,2023-08-04 08:50:28,3,Medium
8/4/2023,8:50:32,25.7,71,0,2023-08-04 08:50:32,3,Medium
8/4/2023,8:50:37,25.7,71,0,2023-08-04 08:50:37,3,Medium
8/4/2023,8:50:42,25.7,71,0,2023-08-04 08:50:42,3,Medium
8/4/2023,8:50:46,25.7,71,0,2023-08-04 08:50:46,3,Medium
8/4/2023,8:50:50,25.7,71,0,2023-08-04 08:50:50,3,Medium
8/4/2023,8:50:54,25.7,71,0,2023-08-04 08:50:54,3,Medium
8/4/2023,8:50:59,25.7,71,0,2023-08-04 08:50:59,3,Medium
8/4/2023,8:51:03,25.7,71,0,2023-08-04 08:51:03,3,Medium
8/4/2023,8:51:07,25.7,71,0,2023-08-04 08:51:07,3,Medium
8/4/2023,8:51:11,25.7,71,0,2023-08-04 08:51:11,3,Medium
8/4/2023,8:51:15,25.7,71,0,2023-08-04 08:51:15,3,Medium
8/4/2023,8:51:19,25.7,71,0,2023-08-04 08:51:19,3,Medium
8/4/2023,8:51:23,25.7,71,0,2023-08-04 08:51:23,3,Medium
8/4/2023,8:51:27,25.7,71,0,2023-08-04 08:51:27,3,Medium
8/4/2023,8:51:31,25.7,71,0,2023-08-04 08:51:31,3,Medium
8/4/2023,8:51:35,25.7,71,0,2023-08-04 08:51:35,3,Medium
8/4/2023,8:51:39,25.7,71,0,2023-08-04 08:51:39,3,Medium
8/4/2023,8:51:43,25.7,71,0,2023-08-04 08:51:43,3,Medium
8/4/2023,8:51:47,25.7,71,0,2023-08-04 08:51:47,3,Medium
8/4/2023,8:51:51,25.7,71,0,2023-08-04 08:51:51,3,Medium
8/4/2023,8:51:55,25.7,71,0,2023-08-04 08:51:55,3,Medium
8/4/2023,8:51:59,25.7,71,0,2023-08-04 08:51:59,3,Medium
8/4/2023,8:52:03,25.7,71,0,2023-08-04 08:52:03,3,Medium
8/4/2023,8:52:08,25.7,71,0,2023-08-04 08:52:08,3,Medium
8/4/2023,8:52:11,25.7,71,0,2023-08-04 08:52:11,3,Medium
8/4/2023,8:52:15,25.7,71,0,2023-08-04 08:52:15,3,Medium
8/4/2023,8:52:19,25.7,71,0,2023-08-04 08:52:19,3,Medium
8/4/2023,8:52:24,25.7,71,0,2023-08-04 08:52:24,3,Medium
8/4/2023,8:52:28,25.7,71,0,2023-08-04 08:52:28,3,Medium
8/4/2023,8:52:32,25.7,71,0,2023-08-04 08:52:32,3,Medium
8/4/2023,8:52:37,25.7,71,0,2023-08-04 08:52:37,3,Medium
8/4/2023,8:52:41,25.7,71,0,2023-08-04 08:52:41,3,Medium
8/4/2023,8:52:45,25.7,71,0,2023-08-04 08:52:45,3,Medium
8/4/2023,8:52:50,25.7,71,0,2023-08-04 08:52:50,3,Medium
8/4/2023,8:52:54,25.7,71,0,2023-08-04 08:52:54,3,Medium
8/4/2023,8:52:58,25.7,71,0,2023-08-04 08:52:58,3,Medium
8/4/2023,8:53:03,25.7,71,0,2023-08-04 08:53:03,3,Medium
8/4/2023,8:53:07,25.7,71,0,2023-08-04 08:53:07,3,Medium
8/4/2023,8:53:12,25.7,71,0,2023-08-04 08:53:12,3,Medium
8/4/2023,8:53:16,25.7,71,0,2023-08-04 08:53:16,3,Medium
8/4/2023,8:53:20,25.7,71,0,2023-08-04 08:53:20,3,Medium
8/4/2023,8:53:24,25.7,71,0,2023-08-04 08:53:24,3,Medium
8/4/2023,8:53:28,25.7,71,0,2023-08-04 08:53:28,3,Medium
8/4/2023,8:53:32,25.7,71,0,2023-08-04 08:53:32,3,Medium
8/4/2023,8:53:36,25.7,71,0,2023-08-04 08:53:36,3,Medium
8/4/2023,8:53:41,25.7,71,0,2023-08-04 08:53:41,3,Medium
8/4/2023,8:53:45,25.7,71,0,2023-08-04 08:53:45,3,Medium
8/4/2023,8:53:49,25.7,71,0,2023-08-04 08:53:49,3,Medium
8/4/2023,8:53:53,25.7,71,0,2023-08-04 08:53:53,3,Medium
8/4/2023,8:53:58,25.7,71,0,2023-08-04 08:53:58,3,Medium
8/4/2023,8:54:02,25.7,71,0,2023-08-04 08:54:02,3,Medium
8/4/2023,8:54:07,25.7,71,0,2023-08-04 08:54:07,3,Medium
8/4/2023,8:54:11,25.7,71,0,2023-08-04 08:54:11,3,Medium
8/4/2023,8:54:15,25.7,71,0,2023-08-04 08:54:15,3,Medium
8/4/2023,8:54:19,25.7,71,0,2023-08-04 08:54:19,3,Medium
8/4/2023,8:54:23,25.7,71,0,2023-08-04 08:54:23,3,Medium
8/4/2023,8:54:27,25.7,71,0,2023-08-04 08:54:27,3,Medium
8/4/2023,8:54:31,25.7,71,0,2023-08-04 08:54:31,3,Medium
8/4/2023,8:54:35,25.7,71,0,2023-08-04 08:54:35,3,Medium
8/4/2023,8:54:39,25.7,71,0,2023-08-04 08:54:39,3,Medium
8/4/2023,8:54:43,25.7,71,0,2023-08-04 08:54:43,3,Medium
8/4/2023,8:54:47,25.7,71,0,2023-08-04 08:54:47,3,Medium
8/4/2023,8:54:51,25.7,71,0,2023-08-04 08:54:51,3,Medium
8/4/2023,8:54:55,25.7,71,0,2023-08-04 08:54:55,3,Medium
8/4/2023,8:55:00,25.7,71,0,2023-08-04 08:55:00,3,Medium
8/4/2023,8:55:05,25.7,71,0,2023-08-04 08:55:05,3,Medium
8/4/2023,8:55:08,25.7,71,0,2023-08-04 08:55:08,3,Medium
8/4/2023,8:55:12,25.7,71,0,2023-08-04 08:55:12,3,Medium
8/4/2023,8:55:16,25.7,71,0,2023-08-04 08:55:16,3,Medium
8/4/2023,8:55:20,25.7,71,0,2023-08-04 08:55:20,3,Medium
8/4/2023,8:55:24,25.7,71,0,2023-08-04 08:55:24,3,Medium
8/4/2023,8:55:29,25.7,71,0,2023-08-04 08:55:29,3,Medium
8/4/2023,8:55:33,25.7,71,0,2023-08-04 08:55:33,3,Medium
8/4/2023,8:55:37,25.7,71,0,2023-08-04 08:55:37,3,Medium
8/4/2023,8:55:42,25.7,71,0,2023-08-04 08:55:42,3,Medium
8/4/2023,8:55:46,25.7,71,0,2023-08-04 08:55:46,3,Medium
8/4/2023,8:55:50,25.7,71,0,2023-08-04 08:55:50,3,Medium
8/4/2023,8:55:55,25.7,71,0,2023-08-04 08:55:55,3,Medium
8/4/2023,8:55:59,25.7,71,0,2023-08-04 08:55:59,3,Medium
8/4/2023,8:56:04,25.7,71,0,2023-08-04 08:56:04,3,Medium
8/4/2023,8:56:08,25.7,71,0,2023-08-04 08:56:08,3,Medium
8/4/2023,8:56:12,25.7,71,0,2023-08-04 08:56:12,3,Medium
8/4/2023,8:56:17,25.7,71,0,2023-08-04 08:56:17,3,Medium
8/4/2023,8:56:21,25.7,71,0,2023-08-04 08:56:21,3,Medium
8/4/2023,8:56:25,25.7,71,0,2023-08-04 08:56:25,3,Medium
8/4/2023,8:56:30,25.7,71,0,2023-08-04 08:56:30,3,Medium
8/4/2023,8:56:34,25.7,71,0,2023-08-04 08:56:34,3,Medium
8/4/2023,8:56:39,25.7,71,0,2023-08-04 08:56:39,3,Medium
8/4/2023,8:56:43,25.7,71,0,2023-08-04 08:56:43,3,Medium
8/4/2023,8:56:46,25.7,71,0,2023-08-04 08:56:46,3,Medium
8/4/2023,8:56:50,25.7,71,0,2023-08-04 08:56:50,3,Medium
8/4/2023,8:56:54,25.7,71,0,2023-08-04 08:56:54,3,Medium
8/4/2023,8:56:59,25.7,71,0,2023-08-04 08:56:59,3,Medium
8/4/2023,8:57:04,25.7,71,0,2023-08-04 08:57:04,3,Medium
8/4/2023,8:57:07,25.7,71,0,2023-08-04 08:57:07,3,Medium
8/4/2023,8:57:11,25.7,71,0,2023-08-04 08:57:11,3,Medium
8/4/2023,8:57:16,25.6,71,0,2023-08-04 08:57:16,3,Medium
8/4/2023,8:57:20,25.7,71,0,2023-08-04 08:57:20,3,Medium
8/4/2023,8:57:24,25.6,71,0,2023-08-04 08:57:24,3,Medium
8/4/2023,8:57:29,25.6,71,0,2023-08-04 08:57:29,3,Medium
8/4/2023,8:57:33,25.7,71,0,2023-08-04 08:57:33,3,Medium
8/4/2023,8:57:37,25.7,71,0,2023-08-04 08:57:37,3,Medium
8/4/2023,8:57:41,25.6,71,0,2023-08-04 08:57:41,3,Medium
8/4/2023,8:57:46,25.7,71,0,2023-08-04 08:57:46,3,Medium
8/4/2023,8:57:50,25.6,71,0,2023-08-04 08:57:50,3,Medium
8/4/2023,8:57:54,25.7,71,0,2023-08-04 08:57:54,3,Medium
8/4/2023,8:57:58,25.6,71,0,2023-08-04 08:57:58,3,Medium
8/4/2023,9:06:58,25.9,70,0,2023-08-04 09:06:58,3,Medium
8/4/2023,9:07:03,25.9,70,0,2023-08-04 09:07:03,3,Medium
8/4/2023,9:07:07,25.9,70,0,2023-08-04 09:07:07,3,Medium
8/4/2023,9:07:11,25.9,70,0,2023-08-04 09:07:11,3,Medium
8/4/2023,9:07:15,25.9,70,0,2023-08-04 09:07:15,3,Medium
8/4/2023,9:07:19,25.9,70,0,2023-08-04 09:07:19,3,Medium
8/4/2023,9:07:23,25.9,70,0,2023-08-04 09:07:23,3,Medium
8/4/2023,9:07:27,25.9,70,0,2023-08-04 09:07:27,3,Medium
8/4/2023,9:07:31,25.9,70,0,2023-08-04 09:07:31,3,Medium
8/4/2023,9:07:35,25.9,70,0,2023-08-04 09:07:35,3,Medium
8/4/2023,9:07:40,25.9,70,0,2023-08-04 09:07:40,3,Medium
8/4/2023,9:07:44,25.9,70,0,2023-08-04 09:07:44,3,Medium
8/4/2023,9:07:49,25.9,70,0,2023-08-04 09:07:49,3,Medium
8/4/2023,9:07:53,25.9,70,0,2023-08-04 09:07:53,3,Medium
8/4/2023,9:07:57,25.9,70,0,2023-08-04 09:07:57,3,Medium
8/4/2023,9:08:02,25.9,70,0,2023-08-04 09:08:02,3,Medium
8/4/2023,9:08:06,25.8,70,0,2023-08-04 09:08:06,3,Medium
8/4/2023,9:08:10,25.8,70,0,2023-08-04 09:08:10,3,Medium
8/4/2023,9:08:14,25.8,70,0,2023-08-04 09:08:14,3,Medium
8/4/2023,9:08:18,25.8,70,0,2023-08-04 09:08:18,3,Medium
8/4/2023,9:08:22,25.8,70,0,2023-08-04 09:08:22,3,Medium
8/4/2023,9:08:26,25.8,70,0,2023-08-04 09:08:26,3,Medium
8/4/2023,9:08:31,25.8,70,0,2023-08-04 09:08:31,3,Medium
8/4/2023,9:08:35,25.8,70,0,2023-08-04 09:08:35,3,Medium
8/4/2023,9:08:38,25.8,70,0,2023-08-04 09:08:38,3,Medium
8/4/2023,9:08:42,25.8,70,0,2023-08-04 09:08:42,3,Medium
8/4/2023,9:08:47,25.8,70,0,2023-08-04 09:08:47,3,Medium
8/4/2023,9:08:51,25.8,70,0,2023-08-04 09:08:51,3,Medium
8/4/2023,9:08:55,25.8,70,0,2023-08-04 09:08:55,3,Medium
8/4/2023,9:08:59,25.8,70,0,2023-08-04 09:08:59,3,Medium
8/4/2023,9:09:03,25.8,70,0,2023-08-04 09:09:03,3,Medium
8/4/2023,9:09:07,25.8,70,0,2023-08-04 09:09:07,3,Medium
8/4/2023,9:09:12,25.8,70,0,2023-08-04 09:09:12,3,Medium
8/4/2023,9:09:16,25.8,70,0,2023-08-04 09:09:16,3,Medium
8/4/2023,9:09:20,25.8,70,0,2023-08-04 09:09:20,3,Medium
8/4/2023,9:09:24,25.8,70,0,2023-08-04 09:09:24,3,Medium
8/4/2023,9:09:29,25.8,70,0,2023-08-04 09:09:29,3,Medium
8/4/2023,9:09:33,25.8,70,0,2023-08-04 09:09:33,3,Medium
8/4/2023,9:09:38,25.8,70,0,2023-08-04 09:09:38,3,Medium
8/4/2023,9:09:42,25.8,70,0,2023-08-04 09:09:42,3,Medium
8/4/2023,9:09:46,25.8,70,0,2023-08-04 09:09:46,3,Medium
8/4/2023,9:09:50,25.8,70,0,2023-08-04 09:09:50,3,Medium
8/4/2023,9:09:55,25.8,70,0,2023-08-04 09:09:55,3,Medium
8/4/2023,9:09:59,25.8,70,0,2023-08-04 09:09:59,3,Medium
8/4/2023,9:10:04,25.8,70,0,2023-08-04 09:10:04,3,Medium
8/4/2023,9:10:09,25.8,70,0,2023-08-04 09:10:09,3,Medium
8/4/2023,9:10:14,25.8,70,0,2023-08-04 09:10:14,3,Medium
8/4/2023,9:10:18,25.8,70,0,2023-08-04 09:10:18,3,Medium
8/4/2023,9:10:23,25.8,70,0,2023-08-04 09:10:23,3,Medium
8/4/2023,9:10:27,25.8,70,0,2023-08-04 09:10:27,3,Medium
8/4/2023,9:10:31,25.8,70,0,2023-08-04 09:10:31,3,Medium
8/4/2023,9:10:35,25.8,70,0,2023-08-04 09:10:35,3,Medium
8/4/2023,9:10:39,25.8,70,0,2023-08-04 09:10:39,3,Medium
8/4/2023,9:10:44,25.8,70,0,2023-08-04 09:10:44,3,Medium
8/4/2023,9:10:49,25.8,70,0,2023-08-04 09:10:49,3,Medium
8/4/2023,9:10:53,25.8,70,0,2023-08-04 09:10:53,3,Medium
8/4/2023,9:10:56,25.8,70,0,2023-08-04 09:10:56,3,Medium
8/4/2023,9:11:00,25.8,70,0,2023-08-04 09:11:00,3,Medium
8/4/2023,9:11:05,25.8,70,0,2023-08-04 09:11:05,3,Medium
8/4/2023,9:11:09,25.8,70,0,2023-08-04 09:11:09,3,Medium
8/4/2023,9:11:13,25.8,70,0,2023-08-04 09:11:13,3,Medium
8/4/2023,9:11:17,25.8,70,0,2023-08-04 09:11:17,3,Medium
8/4/2023,9:11:22,25.8,70,0,2023-08-04 09:11:22,3,Medium
8/4/2023,9:11:26,25.8,70,0,2023-08-04 09:11:26,3,Medium
8/4/2023,9:11:30,25.8,70,0,2023-08-04 09:11:30,3,Medium
8/4/2023,9:11:34,25.8,70,0,2023-08-04 09:11:34,3,Medium
8/4/2023,9:11:38,25.8,70,0,2023-08-04 09:11:38,3,Medium
8/4/2023,9:11:42,25.8,70,0,2023-08-04 09:11:42,3,Medium
8/4/2023,9:11:46,25.8,70,0,2023-08-04 09:11:46,3,Medium
8/4/2023,9:11:51,25.8,70,0,2023-08-04 09:11:51,3,Medium
8/4/2023,9:11:56,25.8,70,0,2023-08-04 09:11:56,3,Medium
8/4/2023,9:12:00,25.8,70,0,2023-08-04 09:12:00,3,Medium
8/4/2023,9:12:04,25.8,70,0,2023-08-04 09:12:04,3,Medium
8/4/2023,9:12:08,25.8,70,0,2023-08-04 09:12:08,3,Medium
8/4/2023,9:12:12,25.8,70,0,2023-08-04 09:12:12,3,Medium
8/4/2023,9:12:15,25.8,70,0,2023-08-04 09:12:15,3,Medium
8/4/2023,9:12:19,25.8,70,0,2023-08-04 09:12:19,3,Medium
8/4/2023,9:12:23,25.8,70,0,2023-08-04 09:12:23,3,Medium
8/4/2023,9:12:27,25.8,70,0,2023-08-04 09:12:27,3,Medium
8/4/2023,9:12:31,25.8,70,0,2023-08-04 09:12:31,3,Medium
8/4/2023,9:12:35,25.8,70,0,2023-08-04 09:12:35,3,Medium
8/4/2023,9:12:39,25.8,70,0,2023-08-04 09:12:39,3,Medium
8/4/2023,9:12:43,25.8,70,0,2023-08-04 09:12:43,3,Medium
8/4/2023,9:12:47,25.8,70,0,2023-08-04 09:12:47,3,Medium
8/4/2023,9:12:51,25.8,70,0,2023-08-04 09:12:51,3,Medium
8/4/2023,9:12:55,25.8,70,0,2023-08-04 09:12:55,3,Medium
8/4/2023,9:12:59,25.8,70,0,2023-08-04 09:12:59,3,Medium
8/4/2023,9:13:03,25.8,70,0,2023-08-04 09:13:03,3,Medium
8/4/2023,9:13:07,25.8,70,0,2023-08-04 09:13:07,3,Medium
8/4/2023,9:13:11,25.8,70,0,2023-08-04 09:13:11,3,Medium
8/4/2023,9:13:14,25.8,70,0,2023-08-04 09:13:14,3,Medium
8/4/2023,9:13:18,25.8,70,0,2023-08-04 09:13:18,3,Medium
8/4/2023,9:13:22,25.8,70,0,2023-08-04 09:13:22,3,Medium
8/4/2023,9:13:26,25.8,70,0,2023-08-04 09:13:26,3,Medium
8/4/2023,9:13:31,25.8,70,0,2023-08-04 09:13:31,3,Medium
8/4/2023,9:13:35,25.8,70,0,2023-08-04 09:13:35,3,Medium
8/4/2023,9:13:39,25.8,70,0,2023-08-04 09:13:39,3,Medium
8/4/2023,9:13:43,25.8,70,0,2023-08-04 09:13:43,3,Medium
8/4/2023,9:13:47,25.8,70,0,2023-08-04 09:13:47,3,Medium
8/4/2023,9:13:51,25.8,70,0,2023-08-04 09:13:51,3,Medium
8/4/2023,9:13:55,25.8,70,0,2023-08-04 09:13:55,3,Medium
8/4/2023,9:13:59,25.8,70,0,2023-08-04 09:13:59,3,Medium
8/4/2023,9:14:03,25.8,70,0,2023-08-04 09:14:03,3,Medium
8/4/2023,9:14:07,25.8,70,0,2023-08-04 09:14:07,3,Medium
8/4/2023,9:14:12,25.8,70,0,2023-08-04 09:14:12,3,Medium
8/4/2023,9:14:16,25.8,70,0,2023-08-04 09:14:16,3,Medium
8/4/2023,9:14:20,25.8,70,0,2023-08-04 09:14:20,3,Medium
8/4/2023,9:14:24,25.8,70,0,2023-08-04 09:14:24,3,Medium
8/4/2023,9:14:28,25.8,70,0,2023-08-04 09:14:28,3,Medium
8/4/2023,9:14:31,25.8,70,0,2023-08-04 09:14:31,3,Medium
8/4/2023,9:14:35,25.8,70,0,2023-08-04 09:14:35,3,Medium
8/4/2023,9:14:39,25.8,70,0,2023-08-04 09:14:39,3,Medium
8/4/2023,9:14:43,25.8,70,0,2023-08-04 09:14:43,3,Medium
8/4/2023,9:14:47,25.8,70,0,2023-08-04 09:14:47,3,Medium
8/4/2023,9:14:52,25.8,70,0,2023-08-04 09:14:52,3,Medium
8/4/2023,9:14:56,25.8,70,0,2023-08-04 09:14:56,3,Medium
8/4/2023,9:15:00,25.8,70,0,2023-08-04 09:15:00,3,Medium
8/4/2023,9:15:04,25.8,70,0,2023-08-04 09:15:04,3,Medium
8/4/2023,9:15:08,25.8,70,0,2023-08-04 09:15:08,3,Medium
8/4/2023,9:15:12,25.8,70,0,2023-08-04 09:15:12,3,Medium
8/4/2023,9:15:16,25.8,70,0,2023-08-04 09:15:16,3,Medium
8/4/2023,9:15:20,25.8,70,0,2023-08-04 09:15:20,3,Medium
8/4/2023,9:15:25,25.8,70,0,2023-08-04 09:15:25,3,Medium
8/4/2023,9:15:29,25.8,70,0,2023-08-04 09:15:29,3,Medium
8/4/2023,9:15:33,25.8,70,0,2023-08-04 09:15:33,3,Medium
8/4/2023,9:15:37,25.8,70,0,2023-08-04 09:15:37,3,Medium
8/4/2023,9:15:41,25.8,70,0,2023-08-04 09:15:41,3,Medium
8/4/2023,9:15:45,25.8,70,0,2023-08-04 09:15:45,3,Medium
8/4/2023,9:15:49,25.8,70,0,2023-08-04 09:15:49,3,Medium
8/4/2023,9:15:53,25.8,70,0,2023-08-04 09:15:53,3,Medium
8/4/2023,9:15:58,25.7,70,0,2023-08-04 09:15:58,3,Medium
8/4/2023,9:16:02,25.8,70,0,2023-08-04 09:16:02,3,Medium
8/4/2023,9:16:06,25.8,70,0,2023-08-04 09:16:06,3,Medium
8/4/2023,9:16:11,25.8,70,0,2023-08-04 09:16:11,3,Medium
8/4/2023,9:16:15,25.8,70,0,2023-08-04 09:16:15,3,Medium
8/4/2023,9:16:20,25.8,70,0,2023-08-04 09:16:20,3,Medium
8/4/2023,9:16:24,25.7,70,0,2023-08-04 09:16:24,3,Medium
8/4/2023,9:16:28,25.8,70,0,2023-08-04 09:16:28,3,Medium
8/4/2023,9:16:32,25.8,70,0,2023-08-04 09:16:32,3,Medium
8/4/2023,9:16:36,25.8,70,0,2023-08-04 09:16:36,3,Medium
8/4/2023,9:16:40,25.8,70,0,2023-08-04 09:16:40,3,Medium
8/4/2023,9:16:45,25.8,70,0,2023-08-04 09:16:45,3,Medium
8/4/2023,9:16:49,25.8,70,0,2023-08-04 09:16:49,3,Medium
8/4/2023,9:16:53,25.8,70,0,2023-08-04 09:16:53,3,Medium
8/4/2023,9:16:57,25.7,70,0,2023-08-04 09:16:57,3,Medium
8/4/2023,9:17:01,25.7,70,0,2023-08-04 09:17:01,3,Medium
8/4/2023,9:17:05,25.8,70,0,2023-08-04 09:17:05,3,Medium
8/4/2023,9:17:09,25.7,70,0,2023-08-04 09:17:09,3,Medium
8/4/2023,9:17:14,25.7,70,0,2023-08-04 09:17:14,3,Medium
8/4/2023,9:17:19,25.7,70,0,2023-08-04 09:17:19,3,Medium
8/4/2023,9:17:23,25.7,70,0,2023-08-04 09:17:23,3,Medium
8/4/2023,9:17:27,25.8,70,0,2023-08-04 09:17:27,3,Medium
8/4/2023,9:17:31,25.8,70,0,2023-08-04 09:17:31,3,Medium
8/4/2023,9:17:35,25.8,70,0,2023-08-04 09:17:35,3,Medium
8/4/2023,9:17:39,25.7,70,0,2023-08-04 09:17:39,3,Medium
8/4/2023,9:17:43,25.8,70,0,2023-08-04 09:17:43,3,Medium
8/4/2023,9:17:47,25.8,70,0,2023-08-04 09:17:47,3,Medium
8/4/2023,9:17:52,25.7,70,0,2023-08-04 09:17:52,3,Medium
8/4/2023,9:17:56,25.8,70,0,2023-08-04 09:17:56,3,Medium
8/4/2023,9:18:00,25.8,70,0,2023-08-04 09:18:00,3,Medium
8/4/2023,9:18:04,25.7,70,0,2023-08-04 09:18:04,3,Medium
8/4/2023,9:18:08,25.8,70,0,2023-08-04 09:18:08,3,Medium
8/4/2023,9:18:13,25.7,70,0,2023-08-04 09:18:13,3,Medium
8/4/2023,9:18:17,25.7,70,0,2023-08-04 09:18:17,3,Medium
8/4/2023,9:18:21,25.7,70,0,2023-08-04 09:18:21,3,Medium
8/4/2023,9:18:26,25.7,70,0,2023-08-04 09:18:26,3,Medium
8/4/2023,9:18:30,25.7,70,0,2023-08-04 09:18:30,3,Medium
8/4/2023,9:18:34,25.7,70,0,2023-08-04 09:18:34,3,Medium
8/4/2023,9:18:39,25.8,70,0,2023-08-04 09:18:39,3,Medium
8/4/2023,9:18:43,25.7,70,0,2023-08-04 09:18:43,3,Medium
8/4/2023,9:18:47,25.8,70,0,2023-08-04 09:18:47,3,Medium
8/4/2023,9:18:52,25.7,70,0,2023-08-04 09:18:52,3,Medium
8/4/2023,9:18:56,25.7,70,0,2023-08-04 09:18:56,3,Medium
8/4/2023,9:19:00,25.8,70,0,2023-08-04 09:19:00,3,Medium
8/4/2023,9:19:04,25.7,70,0,2023-08-04 09:19:04,3,Medium
8/4/2023,9:19:08,25.8,70,0,2023-08-04 09:19:08,3,Medium
8/4/2023,9:19:12,25.8,70,0,2023-08-04 09:19:12,3,Medium
8/4/2023,9:19:16,25.7,70,0,2023-08-04 09:19:16,3,Medium
8/4/2023,9:19:20,25.7,70,0,2023-08-04 09:19:20,3,Medium
8/4/2023,9:19:24,25.7,70,0,2023-08-04 09:19:24,3,Medium
8/4/2023,9:19:28,25.7,70,0,2023-08-04 09:19:28,3,Medium
8/4/2023,9:19:32,25.8,70,0,2023-08-04 09:19:32,3,Medium
8/4/2023,9:19:35,25.7,70,0,2023-08-04 09:19:35,3,Medium
8/4/2023,9:19:39,25.7,70,0,2023-08-04 09:19:39,3,Medium
8/4/2023,9:19:43,25.7,70,0,2023-08-04 09:19:43,3,Medium
8/4/2023,9:19:48,25.7,70,0,2023-08-04 09:19:48,3,Medium
8/4/2023,9:19:51,25.7,70,0,2023-08-04 09:19:51,3,Medium
8/4/2023,9:19:55,25.7,70,0,2023-08-04 09:19:55,3,Medium
8/4/2023,9:20:00,25.8,70,0,2023-08-04 09:20:00,3,Medium
8/4/2023,9:20:03,25.7,70,0,2023-08-04 09:20:03,3,Medium
8/4/2023,9:20:08,25.8,70,0,2023-08-04 09:20:08,3,Medium
8/4/2023,9:20:11,25.7,70,0,2023-08-04 09:20:11,3,Medium
8/4/2023,9:20:15,25.7,70,0,2023-08-04 09:20:15,3,Medium
8/4/2023,9:20:19,25.7,70,0,2023-08-04 09:20:19,3,Medium
8/4/2023,9:20:23,25.7,70,0,2023-08-04 09:20:23,3,Medium
8/4/2023,9:20:27,25.8,70,0,2023-08-04 09:20:27,3,Medium
8/4/2023,9:20:31,25.7,70,0,2023-08-04 09:20:31,3,Medium
8/4/2023,9:20:36,25.7,70,0,2023-08-04 09:20:36,3,Medium
8/4/2023,9:20:40,25.7,70,0,2023-08-04 09:20:40,3,Medium
8/4/2023,9:20:44,25.7,70,0,2023-08-04 09:20:44,3,Medium
8/4/2023,9:20:48,25.7,70,0,2023-08-04 09:20:48,3,Medium
8/4/2023,9:20:52,25.7,70,0,2023-08-04 09:20:52,3,Medium
8/4/2023,9:20:56,25.7,70,0,2023-08-04 09:20:56,3,Medium
8/4/2023,9:21:00,25.7,70,0,2023-08-04 09:21:00,3,Medium
8/4/2023,9:21:03,25.7,70,0,2023-08-04 09:21:03,3,Medium
8/4/2023,9:21:07,25.7,70,0,2023-08-04 09:21:07,3,Medium
8/4/2023,9:21:11,25.7,70,0,2023-08-04 09:21:11,3,Medium
8/4/2023,9:21:15,25.7,70,0,2023-08-04 09:21:15,3,Medium
8/4/2023,9:21:19,25.7,70,0,2023-08-04 09:21:19,3,Medium
8/4/2023,9:21:24,25.7,70,0,2023-08-04 09:21:24,3,Medium
8/4/2023,9:21:27,25.7,70,0,2023-08-04 09:21:27,3,Medium
8/4/2023,9:21:31,25.7,70,0,2023-08-04 09:21:31,3,Medium
8/4/2023,9:21:35,25.7,70,0,2023-08-04 09:21:35,3,Medium
8/4/2023,9:21:39,25.7,70,0,2023-08-04 09:21:39,3,Medium
8/4/2023,9:21:44,25.7,70,0,2023-08-04 09:21:44,3,Medium
8/4/2023,9:21:48,25.7,70,0,2023-08-04 09:21:48,3,Medium
8/4/2023,9:21:52,25.7,70,0,2023-08-04 09:21:52,3,Medium
8/4/2023,9:21:56,25.7,70,0,2023-08-04 09:21:56,3,Medium
8/4/2023,9:22:00,25.7,70,0,2023-08-04 09:22:00,3,Medium
8/4/2023,9:22:05,25.7,70,0,2023-08-04 09:22:05,3,Medium
8/4/2023,9:22:09,25.7,70,0,2023-08-04 09:22:09,3,Medium
8/4/2023,9:22:13,25.7,70,0,2023-08-04 09:22:13,3,Medium
8/4/2023,9:22:17,25.7,70,0,2023-08-04 09:22:17,3,Medium
8/4/2023,9:22:21,25.7,70,0,2023-08-04 09:22:21,3,Medium
8/4/2023,9:22:26,25.7,70,0,2023-08-04 09:22:26,3,Medium
8/4/2023,9:22:30,25.7,70,0,2023-08-04 09:22:30,3,Medium
8/4/2023,9:22:34,25.7,70,0,2023-08-04 09:22:34,3,Medium
8/4/2023,9:22:38,25.7,70,0,2023-08-04 09:22:38,3,Medium
8/4/2023,9:22:43,25.7,70,0,2023-08-04 09:22:43,3,Medium
8/4/2023,9:22:47,25.7,70,0,2023-08-04 09:22:47,3,Medium
8/4/2023,9:22:51,25.7,70,0,2023-08-04 09:22:51,3,Medium
8/4/2023,9:23:30,25.7,70,0,2023-08-04 09:23:30,3,Medium
8/4/2023,9:23:36,25.7,70,0,2023-08-04 09:23:36,3,Medium
8/4/2023,9:23:40,25.7,70,0,2023-08-04 09:23:40,3,Medium
8/4/2023,9:23:44,25.7,70,0,2023-08-04 09:23:44,3,Medium
8/4/2023,9:23:48,25.7,70,0,2023-08-04 09:23:48,3,Medium
8/4/2023,9:23:52,25.7,70,0,2023-08-04 09:23:52,3,Medium
8/4/2023,9:23:57,25.7,70,0,2023-08-04 09:23:57,3,Medium
8/4/2023,9:24:01,25.7,70,0,2023-08-04 09:24:01,3,Medium
8/4/2023,9:24:05,25.7,70,0,2023-08-04 09:24:05,3,Medium
8/4/2023,9:24:09,25.7,70,0,2023-08-04 09:24:09,3,Medium
8/4/2023,9:24:13,25.7,70,0,2023-08-04 09:24:13,3,Medium
8/4/2023,9:24:17,25.7,70,0,2023-08-04 09:24:17,3,Medium
8/4/2023,9:24:21,25.7,70,0,2023-08-04 09:24:21,3,Medium
8/4/2023,9:24:26,25.7,70,0,2023-08-04 09:24:26,3,Medium
8/4/2023,9:24:30,25.7,70,0,2023-08-04 09:24:30,3,Medium
8/4/2023,9:24:34,25.7,70,0,2023-08-04 09:24:34,3,Medium
8/4/2023,9:24:38,25.7,70,0,2023-08-04 09:24:38,3,Medium
8/4/2023,9:24:43,25.7,70,0,2023-08-04 09:24:43,3,Medium
8/4/2023,9:24:47,25.7,70,0,2023-08-04 09:24:47,3,Medium
8/4/2023,9:24:51,25.7,70,0,2023-08-04 09:24:51,3,Medium
8/4/2023,9:24:55,25.7,70,0,2023-08-04 09:24:55,3,Medium
8/4/2023,9:24:59,25.7,70,0,2023-08-04 09:24:59,3,Medium
8/4/2023,9:25:03,25.7,70,0,2023-08-04 09:25:03,3,Medium
8/4/2023,9:25:07,25.7,70,0,2023-08-04 09:25:07,3,Medium
8/4/2023,9:25:11,25.7,70,0,2023-08-04 09:25:11,3,Medium
8/4/2023,9:25:15,25.7,70,0,2023-08-04 09:25:15,3,Medium
8/4/2023,9:25:19,25.7,70,0,2023-08-04 09:25:19,3,Medium
8/4/2023,9:25:23,25.7,70,0,2023-08-04 09:25:23,3,Medium
8/4/2023,9:25:28,25.7,70,0,2023-08-04 09:25:28,3,Medium
8/4/2023,9:25:33,25.7,70,0,2023-08-04 09:25:33,3,Medium
8/4/2023,9:25:38,25.7,70,0,2023-08-04 09:25:38,3,Medium
8/4/2023,9:25:42,25.7,70,0,2023-08-04 09:25:42,3,Medium
8/4/2023,9:25:46,25.7,70,0,2023-08-04 09:25:46,3,Medium
8/4/2023,9:25:50,25.7,70,0,2023-08-04 09:25:50,3,Medium
8/4/2023,9:25:54,25.7,70,0,2023-08-04 09:25:54,3,Medium
8/4/2023,9:25:58,25.7,70,0,2023-08-04 09:25:58,3,Medium
8/4/2023,9:26:02,25.7,70,0,2023-08-04 09:26:02,3,Medium
8/4/2023,9:26:06,25.7,70,0,2023-08-04 09:26:06,3,Medium
8/4/2023,9:26:10,25.7,70,0,2023-08-04 09:26:10,3,Medium
8/4/2023,9:26:14,25.7,70,0,2023-08-04 09:26:14,3,Medium
8/4/2023,9:26:18,25.7,70,0,2023-08-04 09:26:18,3,Medium
8/4/2023,9:26:22,25.7,70,0,2023-08-04 09:26:22,3,Medium
8/4/2023,9:26:26,25.7,70,0,2023-08-04 09:26:26,3,Medium
8/4/2023,9:26:30,25.7,70,0,2023-08-04 09:26:30,3,Medium
8/4/2023,9:26:34,25.7,70,0,2023-08-04 09:26:34,3,Medium
8/4/2023,9:26:38,25.7,70,0,2023-08-04 09:26:38,3,Medium
8/4/2023,9:26:42,25.7,70,0,2023-08-04 09:26:42,3,Medium
8/4/2023,9:26:46,25.7,70,0,2023-08-04 09:26:46,3,Medium
8/4/2023,9:26:50,25.7,70,0,2023-08-04 09:26:50,3,Medium
8/4/2023,9:26:54,25.7,70,0,2023-08-04 09:26:54,3,Medium
8/4/2023,9:26:58,25.7,70,0,2023-08-04 09:26:58,3,Medium
8/4/2023,9:27:02,25.8,70,0,2023-08-04 09:27:02,3,Medium
8/4/2023,9:27:06,25.7,70,0,2023-08-04 09:27:06,3,Medium
8/4/2023,9:27:10,25.7,70,0,2023-08-04 09:27:10,3,Medium
8/4/2023,9:27:15,25.7,70,0,2023-08-04 09:27:15,3,Medium
8/4/2023,9:27:19,25.8,70,0,2023-08-04 09:27:19,3,Medium
8/4/2023,9:27:23,25.7,70,0,2023-08-04 09:27:23,3,Medium
8/4/2023,9:27:27,25.7,70,0,2023-08-04 09:27:27,3,Medium
8/4/2023,9:27:31,25.8,70,0,2023-08-04 09:27:31,3,Medium
8/4/2023,9:27:35,25.7,70,0,2023-08-04 09:27:35,3,Medium
8/4/2023,9:27:40,25.8,70,0,2023-08-04 09:27:40,3,Medium
8/4/2023,9:27:44,25.7,70,0,2023-08-04 09:27:44,3,Medium
8/4/2023,9:27:47,25.7,70,0,2023-08-04 09:27:47,3,Medium
8/4/2023,9:27:51,25.7,70,0,2023-08-04 09:27:51,3,Medium
8/4/2023,9:27:56,25.7,70,0,2023-08-04 09:27:56,3,Medium
8/4/2023,9:28:00,25.7,70,0,2023-08-04 09:28:00,3,Medium
8/4/2023,9:28:04,25.8,70,0,2023-08-04 09:28:04,3,Medium
8/4/2023,9:28:08,25.8,70,0,2023-08-04 09:28:08,3,Medium
8/4/2023,9:28:11,25.7,70,0,2023-08-04 09:28:11,3,Medium
8/4/2023,9:28:16,25.8,70,0,2023-08-04 09:28:16,3,Medium
8/4/2023,9:28:20,25.7,70,0,2023-08-04 09:28:20,3,Medium
8/4/2023,9:28:25,25.8,70,0,2023-08-04 09:28:25,3,Medium
8/4/2023,9:28:29,25.7,70,0,2023-08-04 09:28:29,3,Medium
8/4/2023,9:28:32,25.8,70,0,2023-08-04 09:28:32,3,Medium
8/4/2023,9:28:36,25.8,70,0,2023-08-04 09:28:36,3,Medium
8/4/2023,9:28:40,25.8,70,0,2023-08-04 09:28:40,3,Medium
8/4/2023,9:28:44,25.8,70,0,2023-08-04 09:28:44,3,Medium
8/4/2023,9:28:49,25.7,70,0,2023-08-04 09:28:49,3,Medium
8/4/2023,9:28:54,25.8,70,0,2023-08-04 09:28:54,3,Medium
8/4/2023,9:28:58,25.8,70,0,2023-08-04 09:28:58,3,Medium
8/4/2023,9:29:02,25.8,70,0,2023-08-04 09:29:02,3,Medium
8/4/2023,9:29:07,25.8,70,0,2023-08-04 09:29:07,3,Medium
8/4/2023,9:29:11,25.8,70,0,2023-08-04 09:29:11,3,Medium
8/4/2023,9:29:16,25.8,70,0,2023-08-04 09:29:16,3,Medium
8/4/2023,9:29:20,25.8,70,0,2023-08-04 09:29:20,3,Medium
8/4/2023,9:29:24,25.8,70,0,2023-08-04 09:29:24,3,Medium
8/4/2023,9:29:28,25.8,70,0,2023-08-04 09:29:28,3,Medium
8/4/2023,9:29:32,25.8,70,0,2023-08-04 09:29:32,3,Medium
8/4/2023,9:29:36,25.8,70,0,2023-08-04 09:29:36,3,Medium
8/4/2023,9:29:40,25.8,70,0,2023-08-04 09:29:40,3,Medium
8/4/2023,9:29:44,25.8,70,0,2023-08-04 09:29:44,3,Medium
8/4/2023,9:29:48,25.8,70,0,2023-08-04 09:29:48,3,Medium
8/4/2023,9:29:52,25.8,70,0,2023-08-04 09:29:52,3,Medium
8/4/2023,9:29:56,25.8,70,0,2023-08-04 09:29:56,3,Medium
8/4/2023,9:29:59,25.8,70,0,2023-08-04 09:29:59,3,Medium
8/4/2023,9:30:03,25.8,70,0,2023-08-04 09:30:03,3,Medium
8/4/2023,9:30:07,25.8,70,0,2023-08-04 09:30:07,3,Medium
8/4/2023,9:30:12,25.8,70,0,2023-08-04 09:30:12,3,Medium
8/4/2023,9:30:16,25.8,70,0,2023-08-04 09:30:16,3,Medium
8/4/2023,9:30:20,25.8,70,0,2023-08-04 09:30:20,3,Medium
8/4/2023,9:30:24,25.8,70,0,2023-08-04 09:30:24,3,Medium
8/4/2023,9:30:29,25.8,70,0,2023-08-04 09:30:29,3,Medium
8/4/2023,9:30:33,25.8,70,0,2023-08-04 09:30:33,3,Medium
8/4/2023,9:30:37,25.8,70,0,2023-08-04 09:30:37,3,Medium
8/4/2023,9:30:42,25.8,70,0,2023-08-04 09:30:42,3,Medium
8/4/2023,9:30:46,25.8,70,0,2023-08-04 09:30:46,3,Medium
8/4/2023,9:30:50,25.8,70,0,2023-08-04 09:30:50,3,Medium
8/4/2023,9:30:54,25.8,70,0,2023-08-04 09:30:54,3,Medium
8/4/2023,9:30:58,25.8,70,0,2023-08-04 09:30:58,3,Medium
8/4/2023,9:31:02,25.8,70,0,2023-08-04 09:31:02,3,Medium
8/4/2023,9:31:06,25.8,70,0,2023-08-04 09:31:06,3,Medium
8/4/2023,9:31:10,25.8,70,0,2023-08-04 09:31:10,3,Medium
8/4/2023,9:31:15,25.8,70,0,2023-08-04 09:31:15,3,Medium
8/4/2023,9:31:19,25.8,70,0,2023-08-04 09:31:19,3,Medium
8/4/2023,9:31:23,25.8,70,0,2023-08-04 09:31:23,3,Medium
8/4/2023,9:31:26,25.8,70,0,2023-08-04 09:31:26,3,Medium
8/4/2023,9:31:31,25.8,70,0,2023-08-04 09:31:31,3,Medium
8/4/2023,9:31:34,25.8,70,0,2023-08-04 09:31:34,3,Medium
8/4/2023,9:31:39,25.8,70,0,2023-08-04 09:31:39,3,Medium
8/4/2023,9:31:43,25.8,70,0,2023-08-04 09:31:43,3,Medium
8/4/2023,9:31:47,25.8,70,0,2023-08-04 09:31:47,3,Medium
8/4/2023,9:31:51,25.8,70,0,2023-08-04 09:31:51,3,Medium
8/4/2023,9:31:55,25.8,70,0,2023-08-04 09:31:55,3,Medium
8/4/2023,9:31:59,25.8,70,0,2023-08-04 09:31:59,3,Medium
8/4/2023,9:32:02,25.8,70,0,2023-08-04 09:32:02,3,Medium
8/4/2023,9:32:06,25.8,70,0,2023-08-04 09:32:06,3,Medium
8/4/2023,9:32:11,25.8,70,0,2023-08-04 09:32:11,3,Medium
8/4/2023,9:32:15,25.8,70,0,2023-08-04 09:32:15,3,Medium
8/4/2023,9:32:19,25.8,70,0,2023-08-04 09:32:19,3,Medium
8/4/2023,9:32:23,25.8,70,0,2023-08-04 09:32:23,3,Medium
8/4/2023,9:32:27,25.8,70,0,2023-08-04 09:32:27,3,Medium
8/4/2023,9:32:31,25.8,70,0,2023-08-04 09:32:31,3,Medium
8/4/2023,9:32:35,25.8,70,0,2023-08-04 09:32:35,3,Medium
8/4/2023,9:32:39,25.8,70,0,2023-08-04 09:32:39,3,Medium
8/4/2023,9:32:44,25.8,70,0,2023-08-04 09:32:44,3,Medium
8/4/2023,9:32:48,25.8,70,0,2023-08-04 09:32:48,3,Medium
8/4/2023,9:32:53,25.8,70,0,2023-08-04 09:32:53,3,Medium
8/4/2023,9:32:57,25.8,70,0,2023-08-04 09:32:57,3,Medium
8/4/2023,9:33:01,25.8,70,0,2023-08-04 09:33:01,3,Medium
8/4/2023,9:33:06,25.8,70,0,2023-08-04 09:33:06,3,Medium
8/4/2023,9:33:10,25.8,70,0,2023-08-04 09:33:10,3,Medium
8/4/2023,9:33:14,25.8,70,0,2023-08-04 09:33:14,3,Medium
8/4/2023,9:33:18,25.8,70,0,2023-08-04 09:33:18,3,Medium
8/4/2023,9:33:22,25.8,70,0,2023-08-04 09:33:22,3,Medium
8/4/2023,9:33:26,25.8,70,0,2023-08-04 09:33:26,3,Medium
8/4/2023,9:33:31,25.8,70,0,2023-08-04 09:33:31,3,Medium
8/4/2023,9:33:34,25.8,70,0,2023-08-04 09:33:34,3,Medium
8/4/2023,9:33:39,25.8,70,0,2023-08-04 09:33:39,3,Medium
8/4/2023,9:33:43,25.8,70,0,2023-08-04 09:33:43,3,Medium
8/4/2023,9:33:48,25.8,70,0,2023-08-04 09:33:48,3,Medium
8/4/2023,9:33:53,25.8,70,0,2023-08-04 09:33:53,3,Medium
8/4/2023,9:33:57,25.8,70,0,2023-08-04 09:33:57,3,Medium
8/4/2023,9:34:01,25.8,70,0,2023-08-04 09:34:01,3,Medium
8/4/2023,9:34:05,25.8,70,0,2023-08-04 09:34:05,3,Medium
8/4/2023,9:34:10,25.8,70,0,2023-08-04 09:34:10,3,Medium
8/4/2023,9:34:14,25.8,70,0,2023-08-04 09:34:14,3,Medium
8/4/2023,9:34:18,25.8,70,0,2023-08-04 09:34:18,3,Medium
8/4/2023,9:34:22,25.8,70,0,2023-08-04 09:34:22,3,Medium
8/4/2023,9:34:26,25.8,70,0,2023-08-04 09:34:26,3,Medium
8/4/2023,9:34:30,25.8,70,0,2023-08-04 09:34:30,3,Medium
8/4/2023,9:34:35,25.8,70,0,2023-08-04 09:34:35,3,Medium
8/4/2023,9:34:39,25.8,70,0,2023-08-04 09:34:39,3,Medium
8/4/2023,9:34:44,25.8,70,0,2023-08-04 09:34:44,3,Medium
8/4/2023,9:34:48,25.8,70,0,2023-08-04 09:34:48,3,Medium
8/4/2023,9:34:52,25.8,70,0,2023-08-04 09:34:52,3,Medium
8/4/2023,9:34:56,25.8,70,0,2023-08-04 09:34:56,3,Medium
8/4/2023,9:35:00,25.8,70,0,2023-08-04 09:35:00,3,Medium
8/4/2023,9:35:04,25.8,70,0,2023-08-04 09:35:04,3,Medium
8/4/2023,9:35:08,25.8,70,0,2023-08-04 09:35:08,3,Medium
8/4/2023,9:35:12,25.8,70,0,2023-08-04 09:35:12,3,Medium
8/4/2023,9:35:16,25.8,70,0,2023-08-04 09:35:16,3,Medium
8/4/2023,9:35:20,25.8,70,0,2023-08-04 09:35:20,3,Medium
8/4/2023,9:35:24,25.8,70,0,2023-08-04 09:35:24,3,Medium
8/4/2023,9:35:28,25.8,70,0,2023-08-04 09:35:28,3,Medium
8/4/2023,9:35:33,25.8,70,0,2023-08-04 09:35:33,3,Medium
8/4/2023,9:35:37,25.8,70,0,2023-08-04 09:35:37,3,Medium
8/4/2023,9:35:41,25.8,70,0,2023-08-04 09:35:41,3,Medium
8/4/2023,9:35:46,25.8,70,0,2023-08-04 09:35:46,3,Medium
8/4/2023,9:35:51,25.8,70,0,2023-08-04 09:35:51,3,Medium
8/4/2023,9:35:56,25.8,70,0,2023-08-04 09:35:56,3,Medium
8/4/2023,9:36:00,25.8,70,0,2023-08-04 09:36:00,3,Medium
8/4/2023,9:36:03,25.8,70,0,2023-08-04 09:36:03,3,Medium
8/4/2023,9:36:08,25.8,70,0,2023-08-04 09:36:08,3,Medium
8/4/2023,9:36:12,25.8,70,0,2023-08-04 09:36:12,3,Medium
8/4/2023,9:36:16,25.8,70,0,2023-08-04 09:36:16,3,Medium
8/4/2023,9:36:21,25.8,70,0,2023-08-04 09:36:21,3,Medium
8/4/2023,9:36:25,25.8,70,0,2023-08-04 09:36:25,3,Medium
8/4/2023,9:36:29,25.8,70,0,2023-08-04 09:36:29,3,Medium
8/4/2023,9:36:34,25.8,70,0,2023-08-04 09:36:34,3,Medium
8/4/2023,9:36:38,25.8,70,0,2023-08-04 09:36:38,3,Medium
8/4/2023,9:36:42,25.8,70,0,2023-08-04 09:36:42,3,Medium
8/4/2023,9:36:46,25.8,70,0,2023-08-04 09:36:46,3,Medium
8/4/2023,9:36:50,25.8,70,0,2023-08-04 09:36:50,3,Medium
8/4/2023,9:36:55,25.8,70,0,2023-08-04 09:36:55,3,Medium
8/4/2023,9:37:00,25.8,70,0,2023-08-04 09:37:00,3,Medium
8/4/2023,9:37:05,25.8,70,0,2023-08-04 09:37:05,3,Medium
8/4/2023,9:37:08,25.8,70,0,2023-08-04 09:37:08,3,Medium
8/4/2023,9:37:12,25.8,70,0,2023-08-04 09:37:12,3,Medium
8/4/2023,9:37:16,25.8,70,0,2023-08-04 09:37:16,3,Medium
8/4/2023,9:37:20,25.8,70,0,2023-08-04 09:37:20,3,Medium
8/4/2023,9:37:23,25.8,70,0,2023-08-04 09:37:23,3,Medium
8/4/2023,9:37:27,25.8,70,0,2023-08-04 09:37:27,3,Medium
8/4/2023,9:37:31,25.8,70,0,2023-08-04 09:37:31,3,Medium
8/4/2023,9:37:35,25.8,70,0,2023-08-04 09:37:35,3,Medium
8/4/2023,9:37:39,25.8,70,0,2023-08-04 09:37:39,3,Medium
8/4/2023,9:37:43,25.8,70,0,2023-08-04 09:37:43,3,Medium
8/4/2023,9:37:47,25.8,70,0,2023-08-04 09:37:47,3,Medium
8/4/2023,9:37:51,25.8,70,0,2023-08-04 09:37:51,3,Medium
8/4/2023,9:37:55,25.8,70,0,2023-08-04 09:37:55,3,Medium
8/4/2023,9:37:59,25.8,70,0,2023-08-04 09:37:59,3,Medium
8/4/2023,9:38:02,25.8,70,0,2023-08-04 09:38:02,3,Medium
8/4/2023,9:38:06,25.8,70,0,2023-08-04 09:38:06,3,Medium
8/4/2023,9:38:10,25.8,70,0,2023-08-04 09:38:10,3,Medium
8/4/2023,9:38:15,25.8,70,0,2023-08-04 09:38:15,3,Medium
8/4/2023,9:38:19,25.8,70,0,2023-08-04 09:38:19,3,Medium
8/4/2023,9:38:23,25.8,70,0,2023-08-04 09:38:23,3,Medium
8/4/2023,9:38:26,25.8,70,0,2023-08-04 09:38:26,3,Medium
8/4/2023,9:38:30,25.8,70,0,2023-08-04 09:38:30,3,Medium
8/4/2023,9:38:34,25.8,70,0,2023-08-04 09:38:34,3,Medium
8/4/2023,9:38:39,25.8,70,0,2023-08-04 09:38:39,3,Medium
8/4/2023,9:38:44,25.8,70,0,2023-08-04 09:38:44,3,Medium
8/4/2023,9:38:48,25.8,70,0,2023-08-04 09:38:48,3,Medium
8/4/2023,9:38:52,25.8,70,0,2023-08-04 09:38:52,3,Medium
8/4/2023,9:38:56,25.8,70,0,2023-08-04 09:38:56,3,Medium
8/4/2023,9:39:05,25.8,70,0,2023-08-04 09:39:05,3,Medium
8/4/2023,9:39:10,25.8,70,0,2023-08-04 09:39:10,3,Medium
8/4/2023,9:39:14,25.8,70,0,2023-08-04 09:39:14,3,Medium
8/4/2023,9:39:18,25.8,70,0,2023-08-04 09:39:18,3,Medium
8/4/2023,9:39:22,25.8,70,0,2023-08-04 09:39:22,3,Medium
8/4/2023,9:39:27,25.8,70,0,2023-08-04 09:39:27,3,Medium
8/4/2023,9:39:31,25.8,70,0,2023-08-04 09:39:31,3,Medium
8/4/2023,9:39:35,25.8,70,0,2023-08-04 09:39:35,3,Medium
8/4/2023,9:39:39,25.8,70,0,2023-08-04 09:39:39,3,Medium
8/4/2023,9:39:42,25.8,70,0,2023-08-04 09:39:42,3,Medium
8/4/2023,9:39:46,25.8,70,0,2023-08-04 09:39:46,3,Medium
8/4/2023,9:39:51,25.8,70,0,2023-08-04 09:39:51,3,Medium
8/4/2023,9:39:55,25.8,70,0,2023-08-04 09:39:55,3,Medium
8/4/2023,9:40:00,25.8,70,0,2023-08-04 09:40:00,3,Medium
8/4/2023,9:40:03,25.8,70,0,2023-08-04 09:40:03,3,Medium
8/4/2023,9:40:07,25.8,70,0,2023-08-04 09:40:07,3,Medium
8/4/2023,9:40:12,25.8,70,0,2023-08-04 09:40:12,3,Medium
8/4/2023,9:40:16,25.8,70,0,2023-08-04 09:40:16,3,Medium
8/4/2023,9:40:20,25.8,70,0,2023-08-04 09:40:20,3,Medium
8/4/2023,9:40:24,25.8,70,0,2023-08-04 09:40:24,3,Medium
8/4/2023,9:40:28,25.8,70,0,2023-08-04 09:40:28,3,Medium
8/4/2023,9:40:32,25.8,70,0,2023-08-04 09:40:32,3,Medium
8/4/2023,9:40:37,25.8,70,0,2023-08-04 09:40:37,3,Medium
8/4/2023,9:40:41,25.8,70,0,2023-08-04 09:40:41,3,Medium
8/4/2023,9:40:44,25.8,70,0,2023-08-04 09:40:44,3,Medium
8/4/2023,9:40:49,25.8,70,0,2023-08-04 09:40:49,3,Medium
8/4/2023,9:40:54,25.8,70,0,2023-08-04 09:40:54,3,Medium
8/4/2023,9:40:58,25.8,70,0,2023-08-04 09:40:58,3,Medium
8/4/2023,9:41:03,25.8,70,0,2023-08-04 09:41:03,3,Medium
8/4/2023,9:41:06,25.8,70,0,2023-08-04 09:41:06,3,Medium
8/4/2023,9:41:11,25.8,70,0,2023-08-04 09:41:11,3,Medium
8/4/2023,9:41:15,25.8,70,0,2023-08-04 09:41:15,3,Medium
8/4/2023,9:41:19,25.8,70,0,2023-08-04 09:41:19,3,Medium
8/4/2023,9:41:23,25.8,70,0,2023-08-04 09:41:23,3,Medium
8/4/2023,9:41:27,25.8,70,0,2023-08-04 09:41:27,3,Medium
8/4/2023,9:41:31,25.8,70,0,2023-08-04 09:41:31,3,Medium
8/4/2023,9:41:36,25.8,70,0,2023-08-04 09:41:36,3,Medium
8/4/2023,9:41:41,25.8,70,0,2023-08-04 09:41:41,3,Medium
8/4/2023,9:41:45,25.8,70,0,2023-08-04 09:41:45,3,Medium
8/4/2023,9:41:50,25.8,70,0,2023-08-04 09:41:50,3,Medium
8/4/2023,9:41:54,25.8,70,0,2023-08-04 09:41:54,3,Medium
8/4/2023,9:41:59,25.8,70,0,2023-08-04 09:41:59,3,Medium
8/4/2023,9:42:04,25.8,70,0,2023-08-04 09:42:04,3,Medium
8/4/2023,9:42:17,25.8,70,0,2023-08-04 09:42:17,3,Medium
8/4/2023,9:42:24,25.8,70,0,2023-08-04 09:42:24,3,Medium
8/4/2023,9:42:28,25.8,70,0,2023-08-04 09:42:28,3,Medium
8/4/2023,9:42:32,25.8,70,0,2023-08-04 09:42:32,3,Medium
8/4/2023,9:42:36,25.8,70,0,2023-08-04 09:42:36,3,Medium
8/4/2023,9:42:39,25.8,70,0,2023-08-04 09:42:39,3,Medium
8/4/2023,9:42:43,25.8,70,0,2023-08-04 09:42:43,3,Medium
8/4/2023,9:42:48,25.8,70,0,2023-08-04 09:42:48,3,Medium
8/4/2023,9:42:52,25.8,70,0,2023-08-04 09:42:52,3,Medium
8/4/2023,9:42:56,25.8,70,0,2023-08-04 09:42:56,3,Medium
8/4/2023,9:43:01,25.8,70,0,2023-08-04 09:43:01,3,Medium
8/4/2023,9:43:05,25.8,70,0,2023-08-04 09:43:05,3,Medium
8/4/2023,9:43:08,25.8,70,0,2023-08-04 09:43:08,3,Medium
8/4/2023,9:43:12,25.8,70,0,2023-08-04 09:43:12,3,Medium
8/4/2023,9:43:16,25.8,70,0,2023-08-04 09:43:16,3,Medium
8/4/2023,9:43:20,25.8,70,0,2023-08-04 09:43:20,3,Medium
8/4/2023,9:43:24,25.8,70,0,2023-08-04 09:43:24,3,Medium
8/4/2023,9:43:28,25.8,70,0,2023-08-04 09:43:28,3,Medium
8/4/2023,9:43:32,25.8,70,0,2023-08-04 09:43:32,3,Medium
8/4/2023,9:43:36,25.8,70,0,2023-08-04 09:43:36,3,Medium
8/4/2023,9:43:40,25.9,70,0,2023-08-04 09:43:40,3,Medium
8/4/2023,9:43:44,25.9,70,0,2023-08-04 09:43:44,3,Medium
8/4/2023,9:43:48,25.9,70,0,2023-08-04 09:43:48,3,Medium
8/4/2023,9:43:52,25.9,70,0,2023-08-04 09:43:52,3,Medium
8/4/2023,9:43:56,25.9,70,0,2023-08-04 09:43:56,3,Medium
8/4/2023,9:44:01,25.9,70,0,2023-08-04 09:44:01,3,Medium
8/4/2023,9:44:05,25.9,70,0,2023-08-04 09:44:05,3,Medium
8/4/2023,9:44:09,25.9,70,0,2023-08-04 09:44:09,3,Medium
8/5/2023,9:25:33,25.7,70,0,2023-08-05 09:25:33,3,Medium
8/5/2023,9:25:37,25.7,70,0,2023-08-05 09:25:37,3,Medium
8/5/2023,9:25:41,25.7,70,0,2023-08-05 09:25:41,3,Medium
8/5/2023,9:25:46,25.7,70,0,2023-08-05 09:25:46,3,Medium
8/5/2023,9:25:51,25.7,70,0,2023-08-05 09:25:51,3,Medium
8/5/2023,9:25:55,25.8,71,0,2023-08-05 09:25:55,3,Medium
8/5/2023,9:25:59,25.8,71,0,2023-08-05 09:25:59,3,Medium
8/5/2023,9:26:03,25.8,71,0,2023-08-05 09:26:03,3,Medium
8/5/2023,9:26:07,25.8,71,0,2023-08-05 09:26:07,3,Medium
8/5/2023,9:26:11,25.8,71,0,2023-08-05 09:26:11,3,Medium
8/5/2023,9:26:15,25.8,71,0,2023-08-05 09:26:15,3,Medium
8/5/2023,9:26:20,25.8,71,0,2023-08-05 09:26:20,3,Medium
8/5/2023,9:26:24,25.8,71,0,2023-08-05 09:26:24,3,Medium
8/5/2023,9:26:28,25.8,71,0,2023-08-05 09:26:28,3,Medium
8/5/2023,9:26:33,25.8,71,0,2023-08-05 09:26:33,3,Medium
8/5/2023,9:26:37,25.8,71,0,2023-08-05 09:26:37,3,Medium
8/5/2023,9:26:41,25.8,71,0,2023-08-05 09:26:41,3,Medium
8/5/2023,9:26:45,25.8,71,0,2023-08-05 09:26:45,3,Medium
8/5/2023,9:26:49,25.8,71,0,2023-08-05 09:26:49,3,Medium
8/5/2023,9:26:54,25.8,71,0,2023-08-05 09:26:54,3,Medium
8/5/2023,9:26:58,25.8,71,0,2023-08-05 09:26:58,3,Medium
8/5/2023,9:27:02,25.8,71,0,2023-08-05 09:27:02,3,Medium
8/5/2023,9:27:07,25.8,71,0,2023-08-05 09:27:07,3,Medium
8/5/2023,9:27:11,25.9,71,0,2023-08-05 09:27:11,3,Medium
8/5/2023,9:27:15,25.9,71,0,2023-08-05 09:27:15,3,Medium
8/5/2023,9:27:19,25.9,71,0,2023-08-05 09:27:19,3,Medium
8/5/2023,9:27:24,25.9,71,0,2023-08-05 09:27:24,3,Medium
8/5/2023,9:27:28,25.9,71,0,2023-08-05 09:27:28,3,Medium
8/5/2023,9:27:32,25.9,71,0,2023-08-05 09:27:32,3,Medium
8/5/2023,9:27:36,25.9,71,0,2023-08-05 09:27:36,3,Medium
8/5/2023,9:27:40,25.9,71,0,2023-08-05 09:27:40,3,Medium
8/5/2023,9:27:44,25.9,71,0,2023-08-05 09:27:44,3,Medium
8/5/2023,9:27:48,25.9,71,0,2023-08-05 09:27:48,3,Medium
8/5/2023,9:27:52,25.9,71,0,2023-08-05 09:27:52,3,Medium
8/5/2023,9:27:56,25.9,71,0,2023-08-05 09:27:56,3,Medium
8/5/2023,9:28:00,25.9,71,0,2023-08-05 09:28:00,3,Medium
8/5/2023,9:28:04,25.9,71,0,2023-08-05 09:28:04,3,Medium
8/5/2023,9:28:08,25.9,71,0,2023-08-05 09:28:08,3,Medium
8/5/2023,9:28:13,26.0,71,0,2023-08-05 09:28:13,3,Medium
8/5/2023,9:28:17,26.0,71,0,2023-08-05 09:28:17,3,Medium
8/5/2023,9:28:21,26.0,71,0,2023-08-05 09:28:21,3,Medium
8/5/2023,9:28:26,26.0,71,0,2023-08-05 09:28:26,3,Medium
8/5/2023,9:28:30,26.0,71,0,2023-08-05 09:28:30,3,Medium
8/5/2023,9:28:34,26.0,71,0,2023-08-05 09:28:34,3,Medium
8/5/2023,9:28:38,26.0,71,0,2023-08-05 09:28:38,3,Medium
8/5/2023,9:28:42,26.0,71,0,2023-08-05 09:28:42,3,Medium
8/5/2023,9:28:47,26.0,71,0,2023-08-05 09:28:47,3,Medium
8/5/2023,9:28:51,26.0,71,0,2023-08-05 09:28:51,3,Medium
8/5/2023,9:28:55,26.0,71,0,2023-08-05 09:28:55,3,Medium
8/5/2023,9:29:00,26.0,71,0,2023-08-05 09:29:00,3,Medium
8/5/2023,9:29:03,26.1,71,0,2023-08-05 09:29:03,3,Medium
8/5/2023,9:29:07,26.1,71,0,2023-08-05 09:29:07,3,Medium
8/5/2023,9:29:11,26.1,71,0,2023-08-05 09:29:11,3,Medium
8/5/2023,9:29:15,26.1,71,0,2023-08-05 09:29:15,3,Medium
8/5/2023,9:29:19,26.1,71,0,2023-08-05 09:29:19,3,Medium
8/5/2023,9:29:23,26.1,71,0,2023-08-05 09:29:23,3,Medium
8/5/2023,9:29:28,26.1,71,0,2023-08-05 09:29:28,3,Medium
8/5/2023,9:29:32,26.1,71,0,2023-08-05 09:29:32,3,Medium
8/5/2023,9:29:36,26.1,71,0,2023-08-05 09:29:36,3,Medium
8/5/2023,9:29:40,26.1,71,0,2023-08-05 09:29:40,3,Medium
8/5/2023,9:29:44,26.1,71,0,2023-08-05 09:29:44,3,Medium
8/5/2023,9:29:48,26.1,71,0,2023-08-05 09:29:48,3,Medium
8/5/2023,9:29:52,26.1,71,0,2023-08-05 09:29:52,3,Medium
8/5/2023,9:29:56,26.1,71,0,2023-08-05 09:29:56,3,Medium
8/5/2023,9:30:00,26.1,71,0,2023-08-05 09:30:00,3,Medium
8/5/2023,9:30:04,26.1,71,0,2023-08-05 09:30:04,3,Medium
8/5/2023,9:30:09,26.1,71,0,2023-08-05 09:30:09,3,Medium
8/5/2023,9:30:13,26.1,71,0,2023-08-05 09:30:13,3,Medium
8/5/2023,9:30:17,26.1,70,0,2023-08-05 09:30:17,3,Medium
8/5/2023,9:30:21,26.1,70,0,2023-08-05 09:30:21,3,Medium
8/5/2023,9:30:25,26.2,70,0,2023-08-05 09:30:25,3,Medium
8/5/2023,9:30:29,26.2,70,0,2023-08-05 09:30:29,3,Medium
8/5/2023,9:30:33,26.2,70,0,2023-08-05 09:30:33,3,Medium
8/5/2023,9:30:38,26.2,70,0,2023-08-05 09:30:38,3,Medium
8/5/2023,9:30:42,26.2,70,0,2023-08-05 09:30:42,3,Medium
8/5/2023,9:30:46,26.2,70,0,2023-08-05 09:30:46,3,Medium
8/5/2023,9:30:49,26.2,70,0,2023-08-05 09:30:49,3,Medium
8/5/2023,9:30:53,26.2,70,0,2023-08-05 09:30:53,3,Medium
8/5/2023,9:30:58,26.2,70,0,2023-08-05 09:30:58,3,Medium
8/5/2023,9:31:02,26.2,70,0,2023-08-05 09:31:02,3,Medium
8/5/2023,9:31:06,26.2,70,0,2023-08-05 09:31:06,3,Medium
8/5/2023,9:31:10,26.2,70,0,2023-08-05 09:31:10,3,Medium
8/5/2023,9:31:14,26.2,70,0,2023-08-05 09:31:14,3,Medium
8/5/2023,9:31:18,26.2,70,0,2023-08-05 09:31:18,3,Medium
8/5/2023,9:31:23,26.2,70,0,2023-08-05 09:31:23,3,Medium
8/5/2023,9:31:27,26.2,70,0,2023-08-05 09:31:27,3,Medium
8/5/2023,9:31:31,26.2,70,0,2023-08-05 09:31:31,3,Medium
8/5/2023,9:31:35,26.2,70,0,2023-08-05 09:31:35,3,Medium
8/5/2023,9:31:39,26.2,70,0,2023-08-05 09:31:39,3,Medium
8/5/2023,9:31:43,26.2,70,0,2023-08-05 09:31:43,3,Medium
8/5/2023,9:31:47,26.2,70,0,2023-08-05 09:31:47,3,Medium
8/5/2023,9:31:52,26.2,70,0,2023-08-05 09:31:52,3,Medium
8/5/2023,9:31:56,26.2,70,0,2023-08-05 09:31:56,3,Medium
8/5/2023,9:32:00,26.2,70,0,2023-08-05 09:32:00,3,Medium
8/5/2023,9:32:04,26.2,70,0,2023-08-05 09:32:04,3,Medium
8/5/2023,9:32:08,26.2,70,0,2023-08-05 09:32:08,3,Medium
8/5/2023,9:32:12,26.2,70,0,2023-08-05 09:32:12,3,Medium
8/5/2023,9:32:16,26.2,70,0,2023-08-05 09:32:16,3,Medium
8/5/2023,9:32:20,26.2,70,0,2023-08-05 09:32:20,3,Medium
8/5/2023,9:32:25,26.2,70,0,2023-08-05 09:32:25,3,Medium
8/5/2023,9:32:30,26.2,70,0,2023-08-05 09:32:30,3,Medium
8/5/2023,9:32:34,26.2,70,0,2023-08-05 09:32:34,3,Medium
8/5/2023,9:32:38,26.2,70,0,2023-08-05 09:32:38,3,Medium
8/5/2023,9:32:42,26.2,70,0,2023-08-05 09:32:42,3,Medium
8/5/2023,9:32:46,26.2,70,0,2023-08-05 09:32:46,3,Medium
8/5/2023,9:32:51,26.2,70,0,2023-08-05 09:32:51,3,Medium
8/5/2023,9:32:55,26.2,70,0,2023-08-05 09:32:55,3,Medium
8/5/2023,9:32:59,26.2,70,0,2023-08-05 09:32:59,3,Medium
8/5/2023,9:33:04,26.2,70,0,2023-08-05 09:33:04,3,Medium
8/5/2023,9:33:08,26.2,70,0,2023-08-05 09:33:08,3,Medium
8/5/2023,9:33:12,26.2,69,0,2023-08-05 09:33:12,2,Medium
8/5/2023,9:33:17,26.2,69,0,2023-08-05 09:33:17,2,Medium
8/5/2023,9:33:21,26.2,69,0,2023-08-05 09:33:21,2,Medium
8/5/2023,9:33:25,26.2,69,0,2023-08-05 09:33:25,2,Medium
8/5/2023,9:33:29,26.2,69,0,2023-08-05 09:33:29,2,Medium
8/5/2023,9:33:33,26.2,69,0,2023-08-05 09:33:33,2,Medium
8/5/2023,9:33:38,26.2,69,0,2023-08-05 09:33:38,2,Medium
8/5/2023,9:33:42,26.2,69,0,2023-08-05 09:33:42,2,Medium
8/5/2023,9:33:47,26.2,69,0,2023-08-05 09:33:47,2,Medium
8/5/2023,9:33:51,26.3,69,0,2023-08-05 09:33:51,2,Medium
8/5/2023,9:33:55,26.2,69,0,2023-08-05 09:33:55,2,Medium
8/5/2023,9:33:59,26.3,69,0,2023-08-05 09:33:59,2,Medium
8/5/2023,9:34:03,26.3,69,0,2023-08-05 09:34:03,2,Medium
8/5/2023,9:34:07,26.2,69,0,2023-08-05 09:34:07,2,Medium
8/5/2023,9:34:11,26.3,69,0,2023-08-05 09:34:11,2,Medium
8/5/2023,9:34:16,26.3,69,0,2023-08-05 09:34:16,2,Medium
8/5/2023,9:34:19,26.3,70,0,2023-08-05 09:34:19,3,Medium
8/5/2023,9:34:23,26.3,70,0,2023-08-05 09:34:23,3,Medium
8/5/2023,9:34:27,26.3,70,0,2023-08-05 09:34:27,3,Medium
8/5/2023,9:34:32,26.3,70,0,2023-08-05 09:34:32,3,Medium
8/5/2023,9:34:36,26.3,70,0,2023-08-05 09:34:36,3,Medium
8/5/2023,9:34:40,26.3,70,0,2023-08-05 09:34:40,3,Medium
8/5/2023,9:34:44,26.3,70,0,2023-08-05 09:34:44,3,Medium
8/5/2023,9:34:48,26.3,70,0,2023-08-05 09:34:48,3,Medium
8/5/2023,9:34:52,26.3,70,0,2023-08-05 09:34:52,3,Medium
8/5/2023,9:34:56,26.3,70,0,2023-08-05 09:34:56,3,Medium
8/5/2023,9:35:00,26.3,70,0,2023-08-05 09:35:00,3,Medium
8/5/2023,9:35:04,26.3,70,0,2023-08-05 09:35:04,3,Medium
8/5/2023,9:35:08,26.3,70,0,2023-08-05 09:35:08,3,Medium
8/5/2023,9:35:13,26.3,70,4,2023-08-05 09:35:13,4,High
8/5/2023,9:35:18,26.3,70,4,2023-08-05 09:35:18,4,High
8/5/2023,9:35:27,26.3,70,0,2023-08-05 09:35:27,3,Medium
8/5/2023,9:35:31,26.3,70,4,2023-08-05 09:35:31,4,High
8/5/2023,9:35:40,26.3,70,0,2023-08-05 09:35:40,3,Medium
8/5/2023,9:35:45,26.3,70,0,2023-08-05 09:35:45,3,Medium
8/5/2023,9:35:49,26.3,70,0,2023-08-05 09:35:49,3,Medium
8/5/2023,9:35:52,26.3,70,0,2023-08-05 09:35:52,3,Medium
8/5/2023,9:35:56,26.3,70,0,2023-08-05 09:35:56,3,Medium
8/5/2023,9:36:00,26.3,70,0,2023-08-05 09:36:00,3,Medium
8/5/2023,9:36:04,26.3,70,0,2023-08-05 09:36:04,3,Medium
8/5/2023,9:36:08,26.3,70,0,2023-08-05 09:36:08,3,Medium
8/5/2023,9:36:13,26.3,70,0,2023-08-05 09:36:13,3,Medium
8/5/2023,9:36:17,26.3,70,0,2023-08-05 09:36:17,3,Medium
8/5/2023,9:36:21,26.3,70,0,2023-08-05 09:36:21,3,Medium
8/5/2023,9:36:25,26.3,70,0,2023-08-05 09:36:25,3,Medium
8/5/2023,9:36:30,26.3,70,0,2023-08-05 09:36:30,3,Medium
8/5/2023,9:36:34,26.3,70,0,2023-08-05 09:36:34,3,Medium
8/5/2023,9:36:38,26.3,70,0,2023-08-05 09:36:38,3,Medium
8/5/2023,9:36:42,26.3,70,0,2023-08-05 09:36:42,3,Medium
8/5/2023,9:36:46,26.3,70,0,2023-08-05 09:36:46,3,Medium
8/5/2023,9:36:50,26.3,70,0,2023-08-05 09:36:50,3,Medium
8/5/2023,9:36:54,26.3,70,0,2023-08-05 09:36:54,3,Medium
8/5/2023,9:36:58,26.3,70,0,2023-08-05 09:36:58,3,Medium
8/5/2023,9:37:03,26.3,70,0,2023-08-05 09:37:03,3,Medium
8/5/2023,9:37:07,26.3,70,0,2023-08-05 09:37:07,3,Medium
8/5/2023,9:37:11,26.3,70,0,2023-08-05 09:37:11,3,Medium
8/5/2023,9:37:16,26.3,70,0,2023-08-05 09:37:16,3,Medium
8/5/2023,9:37:20,26.3,70,0,2023-08-05 09:37:20,3,Medium
8/5/2023,9:37:24,26.3,70,0,2023-08-05 09:37:24,3,Medium
8/5/2023,9:37:28,26.3,70,0,2023-08-05 09:37:28,3,Medium
8/5/2023,9:37:32,26.3,70,0,2023-08-05 09:37:32,3,Medium
8/5/2023,9:37:36,26.3,70,0,2023-08-05 09:37:36,3,Medium
8/5/2023,9:37:40,26.3,70,0,2023-08-05 09:37:40,3,Medium
8/5/2023,9:37:44,26.3,70,0,2023-08-05 09:37:44,3,Medium
8/5/2023,9:37:48,26.3,70,0,2023-08-05 09:37:48,3,Medium
8/5/2023,9:37:53,26.3,70,0,2023-08-05 09:37:53,3,Medium
8/5/2023,9:37:57,26.3,70,0,2023-08-05 09:37:57,3,Medium
8/5/2023,9:38:01,26.3,70,0,2023-08-05 09:38:01,3,Medium
8/5/2023,9:38:05,26.3,70,0,2023-08-05 09:38:05,3,Medium
8/5/2023,9:38:09,26.3,70,0,2023-08-05 09:38:09,3,Medium
8/5/2023,9:38:14,26.3,70,0,2023-08-05 09:38:14,3,Medium
8/5/2023,9:38:18,26.3,70,0,2023-08-05 09:38:18,3,Medium
8/5/2023,9:38:22,26.3,70,0,2023-08-05 09:38:22,3,Medium
8/5/2023,9:38:25,26.3,70,0,2023-08-05 09:38:25,3,Medium
8/5/2023,9:38:29,26.3,70,0,2023-08-05 09:38:29,3,Medium
8/5/2023,9:38:33,26.3,70,0,2023-08-05 09:38:33,3,Medium
8/5/2023,9:38:38,26.3,70,0,2023-08-05 09:38:38,3,Medium
8/5/2023,9:38:42,26.3,70,0,2023-08-05 09:38:42,3,Medium
8/5/2023,9:38:50,26.3,70,0,2023-08-05 09:38:50,3,Medium
8/5/2023,9:38:55,26.3,70,0,2023-08-05 09:38:55,3,Medium
8/5/2023,9:38:59,26.3,70,0,2023-08-05 09:38:59,3,Medium
8/5/2023,9:39:02,26.3,70,0,2023-08-05 09:39:02,3,Medium
8/5/2023,9:39:06,26.3,70,0,2023-08-05 09:39:06,3,Medium
8/5/2023,9:39:10,26.3,70,0,2023-08-05 09:39:10,3,Medium
8/5/2023,9:39:14,26.3,70,0,2023-08-05 09:39:14,3,Medium
8/5/2023,9:39:18,26.3,70,0,2023-08-05 09:39:18,3,Medium
8/5/2023,9:39:22,26.3,70,0,2023-08-05 09:39:22,3,Medium
8/5/2023,9:39:26,26.3,70,0,2023-08-05 09:39:26,3,Medium
8/5/2023,9:39:30,26.3,70,0,2023-08-05 09:39:30,3,Medium
8/5/2023,9:39:34,26.3,70,0,2023-08-05 09:39:34,3,Medium
8/5/2023,9:39:39,26.3,70,0,2023-08-05 09:39:39,3,Medium
8/5/2023,9:39:43,26.3,70,0,2023-08-05 09:39:43,3,Medium
8/5/2023,9:39:47,26.3,70,0,2023-08-05 09:39:47,3,Medium
8/5/2023,9:39:52,26.3,70,0,2023-08-05 09:39:52,3,Medium
8/5/2023,9:39:55,26.3,70,0,2023-08-05 09:39:55,3,Medium
8/5/2023,9:39:59,26.3,70,0,2023-08-05 09:39:59,3,Medium
8/5/2023,9:40:03,26.3,70,0,2023-08-05 09:40:03,3,Medium
8/5/2023,9:40:08,26.3,70,0,2023-08-05 09:40:08,3,Medium
8/5/2023,9:40:12,26.3,70,0,2023-08-05 09:40:12,3,Medium
8/5/2023,9:40:16,26.3,70,0,2023-08-05 09:40:16,3,Medium
8/5/2023,9:40:20,26.3,70,0,2023-08-05 09:40:20,3,Medium
8/5/2023,9:40:25,26.3,70,0,2023-08-05 09:40:25,3,Medium
8/5/2023,9:40:29,26.3,70,0,2023-08-05 09:40:29,3,Medium
8/5/2023,9:40:34,26.3,70,0,2023-08-05 09:40:34,3,Medium
8/5/2023,9:40:38,26.3,70,0,2023-08-05 09:40:38,3,Medium
8/5/2023,9:40:42,26.3,70,0,2023-08-05 09:40:42,3,Medium
8/5/2023,9:40:47,26.3,70,0,2023-08-05 09:40:47,3,Medium
8/5/2023,9:40:52,26.3,70,0,2023-08-05 09:40:52,3,Medium
8/5/2023,9:40:56,26.3,70,0,2023-08-05 09:40:56,3,Medium
8/5/2023,9:40:59,26.3,70,0,2023-08-05 09:40:59,3,Medium
8/5/2023,9:41:03,26.3,70,0,2023-08-05 09:41:03,3,Medium
8/5/2023,9:41:08,26.2,70,0,2023-08-05 09:41:08,3,Medium
8/5/2023,9:41:12,26.2,70,0,2023-08-05 09:41:12,3,Medium
8/5/2023,9:41:17,26.3,70,0,2023-08-05 09:41:17,3,Medium
8/5/2023,9:41:21,26.2,70,0,2023-08-05 09:41:21,3,Medium
8/5/2023,9:41:24,26.2,70,0,2023-08-05 09:41:24,3,Medium
8/5/2023,9:41:28,26.3,70,0,2023-08-05 09:41:28,3,Medium
8/5/2023,9:41:33,26.2,70,0,2023-08-05 09:41:33,3,Medium
8/5/2023,9:41:37,26.3,70,0,2023-08-05 09:41:37,3,Medium
8/5/2023,9:41:42,26.2,70,0,2023-08-05 09:41:42,3,Medium
8/5/2023,9:41:47,26.2,70,0,2023-08-05 09:41:47,3,Medium
8/5/2023,9:41:51,26.2,70,0,2023-08-05 09:41:51,3,Medium
8/5/2023,9:41:55,26.2,70,0,2023-08-05 09:41:55,3,Medium
8/5/2023,9:41:59,26.2,70,0,2023-08-05 09:41:59,3,Medium
8/5/2023,9:42:03,26.2,70,0,2023-08-05 09:42:03,3,Medium
8/5/2023,9:42:07,26.2,70,0,2023-08-05 09:42:07,3,Medium
8/5/2023,9:42:12,26.2,70,0,2023-08-05 09:42:12,3,Medium
8/5/2023,9:42:16,26.2,70,0,2023-08-05 09:42:16,3,Medium
8/5/2023,9:42:20,26.2,70,0,2023-08-05 09:42:20,3,Medium
8/5/2023,9:42:24,26.2,70,0,2023-08-05 09:42:24,3,Medium
8/5/2023,9:42:28,26.2,70,0,2023-08-05 09:42:28,3,Medium
8/5/2023,9:42:32,26.2,70,0,2023-08-05 09:42:32,3,Medium
8/5/2023,9:42:37,26.2,70,0,2023-08-05 09:42:37,3,Medium
8/5/2023,9:42:41,26.2,70,0,2023-08-05 09:42:41,3,Medium
8/5/2023,9:42:45,26.2,70,0,2023-08-05 09:42:45,3,Medium
8/5/2023,9:42:49,26.2,70,0,2023-08-05 09:42:49,3,Medium
8/5/2023,9:42:53,26.2,70,0,2023-08-05 09:42:53,3,Medium
8/5/2023,9:42:57,26.2,70,0,2023-08-05 09:42:57,3,Medium
8/5/2023,9:43:02,26.2,70,0,2023-08-05 09:43:02,3,Medium
8/5/2023,9:43:06,26.2,70,0,2023-08-05 09:43:06,3,Medium
8/5/2023,9:43:11,26.2,70,0,2023-08-05 09:43:11,3,Medium
8/5/2023,9:43:15,26.2,70,0,2023-08-05 09:43:15,3,Medium
8/5/2023,9:43:19,26.2,70,0,2023-08-05 09:43:19,3,Medium
8/5/2023,9:43:23,26.2,70,0,2023-08-05 09:43:23,3,Medium
8/5/2023,9:43:27,26.2,70,0,2023-08-05 09:43:27,3,Medium
8/5/2023,9:43:31,26.2,70,0,2023-08-05 09:43:31,3,Medium
8/5/2023,9:43:35,26.2,70,0,2023-08-05 09:43:35,3,Medium
8/5/2023,9:43:39,26.2,70,0,2023-08-05 09:43:39,3,Medium
8/5/2023,9:43:45,26.2,70,0,2023-08-05 09:43:45,3,Medium
8/5/2023,9:43:49,26.2,70,0,2023-08-05 09:43:49,3,Medium
8/5/2023,9:43:53,26.2,70,0,2023-08-05 09:43:53,3,Medium
8/5/2023,9:43:57,26.2,70,0,2023-08-05 09:43:57,3,Medium
8/5/2023,9:44:01,26.2,70,0,2023-08-05 09:44:01,3,Medium
8/5/2023,9:44:05,26.2,70,0,2023-08-05 09:44:05,3,Medium
8/5/2023,9:44:09,26.2,70,0,2023-08-05 09:44:09,3,Medium
8/5/2023,9:44:14,26.2,70,0,2023-08-05 09:44:14,3,Medium
8/5/2023,9:44:18,26.2,70,0,2023-08-05 09:44:18,3,Medium
8/5/2023,9:44:22,26.2,70,0,2023-08-05 09:44:22,3,Medium
8/5/2023,9:44:26,26.2,70,0,2023-08-05 09:44:26,3,Medium
8/5/2023,9:44:30,26.2,70,0,2023-08-05 09:44:30,3,Medium
8/5/2023,9:44:34,26.2,70,0,2023-08-05 09:44:34,3,Medium
8/5/2023,9:44:38,26.2,70,0,2023-08-05 09:44:38,3,Medium
8/5/2023,9:44:42,26.2,70,0,2023-08-05 09:44:42,3,Medium
8/5/2023,9:44:46,26.2,70,0,2023-08-05 09:44:46,3,Medium
8/5/2023,9:44:50,26.2,70,0,2023-08-05 09:44:50,3,Medium
8/5/2023,9:44:54,26.2,70,0,2023-08-05 09:44:54,3,Medium
8/5/2023,9:44:58,26.2,70,0,2023-08-05 09:44:58,3,Medium
8/5/2023,9:45:03,26.2,70,0,2023-08-05 09:45:03,3,Medium
8/5/2023,9:45:07,26.2,70,0,2023-08-05 09:45:07,3,Medium
8/5/2023,9:45:11,26.2,70,0,2023-08-05 09:45:11,3,Medium
8/5/2023,9:45:15,26.2,70,0,2023-08-05 09:45:15,3,Medium
8/5/2023,9:45:19,26.2,70,0,2023-08-05 09:45:19,3,Medium
8/5/2023,9:45:23,26.2,70,0,2023-08-05 09:45:23,3,Medium
8/5/2023,9:45:27,26.2,70,0,2023-08-05 09:45:27,3,Medium
8/5/2023,9:45:32,26.2,70,0,2023-08-05 09:45:32,3,Medium
8/5/2023,9:45:36,26.2,70,0,2023-08-05 09:45:36,3,Medium
8/5/2023,9:45:40,26.2,70,0,2023-08-05 09:45:40,3,Medium
8/5/2023,9:45:45,26.2,70,0,2023-08-05 09:45:45,3,Medium
8/5/2023,9:45:49,26.2,70,0,2023-08-05 09:45:49,3,Medium
8/5/2023,9:45:53,26.2,70,0,2023-08-05 09:45:53,3,Medium
8/5/2023,9:45:58,26.2,70,0,2023-08-05 09:45:58,3,Medium
8/5/2023,9:46:02,26.2,70,0,2023-08-05 09:46:02,3,Medium
8/5/2023,9:46:06,26.2,70,0,2023-08-05 09:46:06,3,Medium
8/5/2023,9:46:10,26.2,70,0,2023-08-05 09:46:10,3,Medium
8/5/2023,9:46:14,26.2,70,0,2023-08-05 09:46:14,3,Medium
8/5/2023,9:46:18,26.2,70,0,2023-08-05 09:46:18,3,Medium
8/5/2023,9:46:22,26.2,70,0,2023-08-05 09:46:22,3,Medium
8/5/2023,9:46:26,26.2,70,0,2023-08-05 09:46:26,3,Medium
8/5/2023,9:46:30,26.2,70,0,2023-08-05 09:46:30,3,Medium
8/5/2023,9:46:34,26.2,70,0,2023-08-05 09:46:34,3,Medium
8/5/2023,9:46:38,26.2,70,0,2023-08-05 09:46:38,3,Medium
8/5/2023,9:46:42,26.2,70,0,2023-08-05 09:46:42,3,Medium
8/5/2023,9:46:46,26.2,70,0,2023-08-05 09:46:46,3,Medium
8/5/2023,9:46:51,26.2,70,0,2023-08-05 09:46:51,3,Medium
8/5/2023,9:46:55,26.2,70,0,2023-08-05 09:46:55,3,Medium
8/5/2023,9:46:59,26.2,70,0,2023-08-05 09:46:59,3,Medium
8/5/2023,9:47:03,26.2,70,0,2023-08-05 09:47:03,3,Medium
8/5/2023,9:47:08,26.2,70,0,2023-08-05 09:47:08,3,Medium
8/5/2023,9:47:12,26.2,70,0,2023-08-05 09:47:12,3,Medium
8/5/2023,9:47:16,26.2,70,0,2023-08-05 09:47:16,3,Medium
8/5/2023,9:47:20,26.2,70,0,2023-08-05 09:47:20,3,Medium
8/5/2023,9:47:24,26.2,70,0,2023-08-05 09:47:24,3,Medium
8/5/2023,9:47:28,26.2,70,0,2023-08-05 09:47:28,3,Medium
8/5/2023,9:47:32,26.2,70,0,2023-08-05 09:47:32,3,Medium
8/5/2023,9:47:36,26.2,70,0,2023-08-05 09:47:36,3,Medium
8/5/2023,9:47:41,26.2,70,0,2023-08-05 09:47:41,3,Medium
8/5/2023,9:47:46,26.2,70,0,2023-08-05 09:47:46,3,Medium
8/5/2023,9:47:50,26.2,70,0,2023-08-05 09:47:50,3,Medium
8/5/2023,9:47:55,26.2,70,0,2023-08-05 09:47:55,3,Medium
8/5/2023,9:47:59,26.2,70,0,2023-08-05 09:47:59,3,Medium
8/5/2023,9:48:04,26.2,70,0,2023-08-05 09:48:04,3,Medium
8/5/2023,9:48:08,26.2,70,0,2023-08-05 09:48:08,3,Medium
8/5/2023,9:48:12,26.2,70,0,2023-08-05 09:48:12,3,Medium
8/5/2023,9:48:16,26.2,70,0,2023-08-05 09:48:16,3,Medium
8/5/2023,9:48:21,26.2,70,0,2023-08-05 09:48:21,3,Medium
8/5/2023,9:48:25,26.2,70,0,2023-08-05 09:48:25,3,Medium
8/5/2023,9:48:29,26.2,70,0,2023-08-05 09:48:29,3,Medium
8/5/2023,9:48:34,26.2,70,0,2023-08-05 09:48:34,3,Medium
8/5/2023,9:48:38,26.2,70,0,2023-08-05 09:48:38,3,Medium
8/5/2023,9:48:42,26.2,70,0,2023-08-05 09:48:42,3,Medium
8/5/2023,9:48:46,26.2,70,0,2023-08-05 09:48:46,3,Medium
8/5/2023,9:48:50,26.2,70,0,2023-08-05 09:48:50,3,Medium
8/5/2023,9:48:55,26.2,70,0,2023-08-05 09:48:55,3,Medium
8/5/2023,9:48:59,26.2,70,0,2023-08-05 09:48:59,3,Medium
8/5/2023,9:49:03,26.2,70,0,2023-08-05 09:49:03,3,Medium
8/5/2023,9:49:08,26.2,70,0,2023-08-05 09:49:08,3,Medium
8/5/2023,9:49:12,26.2,70,0,2023-08-05 09:49:12,3,Medium
8/5/2023,9:49:17,26.2,70,0,2023-08-05 09:49:17,3,Medium
8/5/2023,9:49:21,26.2,70,0,2023-08-05 09:49:21,3,Medium
8/5/2023,9:49:25,26.2,70,0,2023-08-05 09:49:25,3,Medium
8/5/2023,9:49:29,26.2,70,0,2023-08-05 09:49:29,3,Medium
8/5/2023,9:49:33,26.2,70,0,2023-08-05 09:49:33,3,Medium
8/5/2023,9:49:37,26.2,70,0,2023-08-05 09:49:37,3,Medium
8/5/2023,9:49:41,26.2,70,0,2023-08-05 09:49:41,3,Medium
8/5/2023,9:49:45,26.2,70,0,2023-08-05 09:49:45,3,Medium
8/5/2023,9:49:50,26.2,70,0,2023-08-05 09:49:50,3,Medium
8/5/2023,9:49:54,26.2,70,0,2023-08-05 09:49:54,3,Medium
8/5/2023,9:49:58,26.2,70,0,2023-08-05 09:49:58,3,Medium
8/5/2023,9:50:02,26.2,70,0,2023-08-05 09:50:02,3,Medium
8/5/2023,9:50:06,26.2,70,0,2023-08-05 09:50:06,3,Medium
8/5/2023,9:50:11,26.2,70,0,2023-08-05 09:50:11,3,Medium
8/5/2023,9:50:15,26.2,70,0,2023-08-05 09:50:15,3,Medium
8/5/2023,9:50:20,26.2,70,0,2023-08-05 09:50:20,3,Medium
8/5/2023,9:50:24,26.2,70,0,2023-08-05 09:50:24,3,Medium
8/5/2023,9:50:28,26.2,70,0,2023-08-05 09:50:28,3,Medium
8/5/2023,9:50:33,26.2,70,0,2023-08-05 09:50:33,3,Medium
8/5/2023,9:50:37,26.2,70,0,2023-08-05 09:50:37,3,Medium
8/5/2023,9:50:41,26.2,70,0,2023-08-05 09:50:41,3,Medium
8/5/2023,9:50:45,26.2,70,0,2023-08-05 09:50:45,3,Medium
8/5/2023,9:50:49,26.2,70,0,2023-08-05 09:50:49,3,Medium
8/5/2023,9:50:54,26.2,70,0,2023-08-05 09:50:54,3,Medium
8/5/2023,9:50:58,26.2,70,0,2023-08-05 09:50:58,3,Medium
8/5/2023,9:51:02,26.2,70,0,2023-08-05 09:51:02,3,Medium
8/5/2023,9:51:07,26.2,70,0,2023-08-05 09:51:07,3,Medium
8/5/2023,9:51:11,26.2,70,0,2023-08-05 09:51:11,3,Medium
8/5/2023,9:51:15,26.2,70,0,2023-08-05 09:51:15,3,Medium
8/5/2023,9:51:19,26.2,70,0,2023-08-05 09:51:19,3,Medium
8/5/2023,9:51:23,26.2,70,0,2023-08-05 09:51:23,3,Medium
8/5/2023,9:51:27,26.2,70,0,2023-08-05 09:51:27,3,Medium
8/5/2023,9:51:32,26.2,70,0,2023-08-05 09:51:32,3,Medium
8/5/2023,9:51:36,26.2,70,0,2023-08-05 09:51:36,3,Medium
8/5/2023,9:51:40,26.2,70,0,2023-08-05 09:51:40,3,Medium
8/5/2023,9:51:44,26.2,70,0,2023-08-05 09:51:44,3,Medium
8/5/2023,9:51:48,26.2,70,0,2023-08-05 09:51:48,3,Medium
8/5/2023,9:51:52,26.2,70,0,2023-08-05 09:51:52,3,Medium
8/5/2023,9:51:56,26.2,70,0,2023-08-05 09:51:56,3,Medium
8/5/2023,9:52:01,26.2,70,0,2023-08-05 09:52:01,3,Medium
8/5/2023,9:52:05,26.2,70,0,2023-08-05 09:52:05,3,Medium
8/5/2023,9:52:10,26.2,70,0,2023-08-05 09:52:10,3,Medium
8/5/2023,9:52:15,26.2,70,0,2023-08-05 09:52:15,3,Medium
8/5/2023,9:52:19,26.2,70,0,2023-08-05 09:52:19,3,Medium
8/5/2023,9:52:24,26.2,70,0,2023-08-05 09:52:24,3,Medium
8/5/2023,9:52:28,26.2,70,0,2023-08-05 09:52:28,3,Medium
8/5/2023,9:52:32,26.2,70,0,2023-08-05 09:52:32,3,Medium
8/5/2023,9:52:36,26.2,70,0,2023-08-05 09:52:36,3,Medium
8/5/2023,9:52:41,26.2,70,0,2023-08-05 09:52:41,3,Medium
8/5/2023,9:52:45,26.1,70,0,2023-08-05 09:52:45,3,Medium
8/5/2023,9:52:49,26.1,70,0,2023-08-05 09:52:49,3,Medium
8/5/2023,9:52:53,26.2,70,0,2023-08-05 09:52:53,3,Medium
8/5/2023,9:52:57,26.1,70,0,2023-08-05 09:52:57,3,Medium
8/5/2023,9:53:01,26.1,70,0,2023-08-05 09:53:01,3,Medium
8/5/2023,9:53:05,26.1,70,0,2023-08-05 09:53:05,3,Medium
8/5/2023,9:53:10,26.1,70,0,2023-08-05 09:53:10,3,Medium
8/5/2023,9:53:14,26.1,70,0,2023-08-05 09:53:14,3,Medium
8/5/2023,9:53:18,26.1,70,0,2023-08-05 09:53:18,3,Medium
8/5/2023,9:53:22,26.1,70,0,2023-08-05 09:53:22,3,Medium
8/5/2023,9:53:26,26.1,70,0,2023-08-05 09:53:26,3,Medium
8/5/2023,9:53:31,26.1,70,0,2023-08-05 09:53:31,3,Medium
8/5/2023,9:53:35,26.1,70,0,2023-08-05 09:53:35,3,Medium
8/5/2023,9:53:39,26.1,70,0,2023-08-05 09:53:39,3,Medium
8/5/2023,9:53:44,26.1,70,0,2023-08-05 09:53:44,3,Medium
8/5/2023,9:53:48,26.1,70,0,2023-08-05 09:53:48,3,Medium
8/5/2023,9:53:52,26.1,70,0,2023-08-05 09:53:52,3,Medium
8/5/2023,9:53:56,26.1,70,0,2023-08-05 09:53:56,3,Medium
8/5/2023,9:54:00,26.1,70,0,2023-08-05 09:54:00,3,Medium
8/5/2023,9:54:05,26.1,70,0,2023-08-05 09:54:05,3,Medium
8/5/2023,9:54:10,26.1,70,0,2023-08-05 09:54:10,3,Medium
8/5/2023,9:54:14,26.1,70,0,2023-08-05 09:54:14,3,Medium
8/5/2023,9:54:19,26.1,70,0,2023-08-05 09:54:19,3,Medium
8/5/2023,9:54:23,26.1,70,0,2023-08-05 09:54:23,3,Medium
8/5/2023,9:54:28,26.1,70,0,2023-08-05 09:54:28,3,Medium
8/5/2023,9:54:32,26.1,70,0,2023-08-05 09:54:32,3,Medium
8/5/2023,9:54:36,26.1,70,0,2023-08-05 09:54:36,3,Medium
8/5/2023,9:54:41,26.1,70,0,2023-08-05 09:54:41,3,Medium
8/5/2023,9:54:44,26.1,70,0,2023-08-05 09:54:44,3,Medium
8/5/2023,9:54:49,26.1,70,0,2023-08-05 09:54:49,3,Medium
8/5/2023,9:54:53,26.1,70,0,2023-08-05 09:54:53,3,Medium
8/5/2023,9:54:57,26.1,70,0,2023-08-05 09:54:57,3,Medium
8/5/2023,9:55:01,26.1,70,0,2023-08-05 09:55:01,3,Medium
8/5/2023,9:55:04,26.1,70,0,2023-08-05 09:55:04,3,Medium
8/5/2023,9:55:09,26.1,70,0,2023-08-05 09:55:09,3,Medium
8/5/2023,9:55:13,26.1,70,0,2023-08-05 09:55:13,3,Medium
8/5/2023,9:55:18,26.1,70,0,2023-08-05 09:55:18,3,Medium
8/5/2023,9:55:22,26.1,70,0,2023-08-05 09:55:22,3,Medium
8/5/2023,9:55:26,26.1,70,0,2023-08-05 09:55:26,3,Medium
8/5/2023,9:55:30,26.1,70,0,2023-08-05 09:55:30,3,Medium
8/5/2023,9:55:34,26.1,70,0,2023-08-05 09:55:34,3,Medium
8/5/2023,9:55:38,26.1,70,0,2023-08-05 09:55:38,3,Medium
8/5/2023,9:55:42,26.1,70,0,2023-08-05 09:55:42,3,Medium
8/5/2023,9:55:46,26.1,70,0,2023-08-05 09:55:46,3,Medium
8/5/2023,9:55:50,26.1,70,0,2023-08-05 09:55:50,3,Medium
8/5/2023,9:55:54,26.1,70,0,2023-08-05 09:55:54,3,Medium
8/5/2023,9:55:58,26.1,70,0,2023-08-05 09:55:58,3,Medium
8/5/2023,9:56:03,26.1,70,0,2023-08-05 09:56:03,3,Medium
8/5/2023,9:56:07,26.1,70,0,2023-08-05 09:56:07,3,Medium
8/5/2023,9:56:11,26.1,70,0,2023-08-05 09:56:11,3,Medium
8/5/2023,9:56:16,26.1,70,0,2023-08-05 09:56:16,3,Medium
8/5/2023,9:56:20,26.1,70,0,2023-08-05 09:56:20,3,Medium
8/5/2023,9:56:24,26.1,70,0,2023-08-05 09:56:24,3,Medium
8/5/2023,9:56:28,26.1,70,0,2023-08-05 09:56:28,3,Medium
8/5/2023,9:56:32,26.1,70,0,2023-08-05 09:56:32,3,Medium
8/5/2023,9:56:36,26.1,70,0,2023-08-05 09:56:36,3,Medium
8/5/2023,9:56:40,26.1,70,0,2023-08-05 09:56:40,3,Medium
8/5/2023,9:56:44,26.1,70,0,2023-08-05 09:56:44,3,Medium
8/5/2023,9:56:49,26.1,70,0,2023-08-05 09:56:49,3,Medium
8/5/2023,9:56:53,26.1,70,0,2023-08-05 09:56:53,3,Medium
8/5/2023,9:56:57,26.1,70,0,2023-08-05 09:56:57,3,Medium
8/5/2023,9:57:01,26.1,70,0,2023-08-05 09:57:01,3,Medium
8/5/2023,9:57:05,26.1,70,0,2023-08-05 09:57:05,3,Medium
8/5/2023,9:57:09,26.1,70,0,2023-08-05 09:57:09,3,Medium
8/5/2023,9:57:13,26.1,70,0,2023-08-05 09:57:13,3,Medium
8/5/2023,9:57:17,26.1,70,0,2023-08-05 09:57:17,3,Medium
8/5/2023,9:57:21,26.1,70,0,2023-08-05 09:57:21,3,Medium
8/5/2023,9:57:25,26.1,70,0,2023-08-05 09:57:25,3,Medium
8/5/2023,9:57:29,26.1,70,0,2023-08-05 09:57:29,3,Medium
8/5/2023,9:57:33,26.1,70,0,2023-08-05 09:57:33,3,Medium
8/5/2023,9:57:37,26.1,70,0,2023-08-05 09:57:37,3,Medium
8/5/2023,9:57:41,26.1,70,0,2023-08-05 09:57:41,3,Medium
8/5/2023,9:57:45,26.1,70,0,2023-08-05 09:57:45,3,Medium
8/5/2023,9:57:49,26.1,70,0,2023-08-05 09:57:49,3,Medium
8/5/2023,9:57:54,26.1,70,0,2023-08-05 09:57:54,3,Medium
8/5/2023,9:58:03,26.1,70,2,2023-08-05 09:58:03,4,High
8/5/2023,9:58:07,26.1,70,1,2023-08-05 09:58:07,4,High
8/5/2023,9:58:16,26.1,70,0,2023-08-05 09:58:16,3,Medium
8/5/2023,9:58:20,26.1,70,0,2023-08-05 09:58:20,3,Medium
8/5/2023,9:58:24,26.1,70,0,2023-08-05 09:58:24,3,Medium
8/5/2023,9:58:28,26.1,70,0,2023-08-05 09:58:28,3,Medium
8/5/2023,9:58:32,26.1,70,0,2023-08-05 09:58:32,3,Medium
8/5/2023,9:58:36,26.1,70,0,2023-08-05 09:58:36,3,Medium
8/5/2023,9:58:40,26.1,70,0,2023-08-05 09:58:40,3,Medium
8/5/2023,9:58:44,26.1,70,0,2023-08-05 09:58:44,3,Medium
8/5/2023,9:58:48,26.1,70,0,2023-08-05 09:58:48,3,Medium
8/5/2023,9:58:52,26.1,70,0,2023-08-05 09:58:52,3,Medium
8/5/2023,9:58:56,26.1,70,0,2023-08-05 09:58:56,3,Medium
8/5/2023,9:59:01,26.1,70,0,2023-08-05 09:59:01,3,Medium
8/5/2023,9:59:05,26.1,70,0,2023-08-05 09:59:05,3,Medium
8/5/2023,9:59:09,26.1,70,0,2023-08-05 09:59:09,3,Medium
8/5/2023,9:59:14,26.1,70,0,2023-08-05 09:59:14,3,Medium
8/5/2023,9:59:18,26.1,70,0,2023-08-05 09:59:18,3,Medium
8/5/2023,9:59:22,26.1,70,0,2023-08-05 09:59:22,3,Medium
8/5/2023,9:59:26,26.1,70,0,2023-08-05 09:59:26,3,Medium
8/5/2023,9:59:30,26.1,70,0,2023-08-05 09:59:30,3,Medium
8/5/2023,9:59:35,26.1,70,0,2023-08-05 09:59:35,3,Medium
8/5/2023,9:59:39,26.1,70,0,2023-08-05 09:59:39,3,Medium
8/5/2023,9:59:43,26.1,70,0,2023-08-05 09:59:43,3,Medium
8/5/2023,9:59:47,26.1,70,0,2023-08-05 09:59:47,3,Medium
8/5/2023,9:59:51,26.1,70,0,2023-08-05 09:59:51,3,Medium
8/5/2023,9:59:55,26.1,70,0,2023-08-05 09:59:55,3,Medium
8/5/2023,9:59:59,26.1,70,0,2023-08-05 09:59:59,3,Medium
8/5/2023,10:00:03,26.1,70,0,2023-08-05 10:00:03,3,Medium
8/5/2023,10:00:07,26.1,70,0,2023-08-05 10:00:07,3,Medium
8/5/2023,10:00:11,26.1,70,0,2023-08-05 10:00:11,3,Medium
8/5/2023,10:00:16,26.1,70,0,2023-08-05 10:00:16,3,Medium
8/5/2023,10:00:20,26.1,70,0,2023-08-05 10:00:20,3,Medium
8/5/2023,10:00:24,26.1,70,0,2023-08-05 10:00:24,3,Medium
8/5/2023,10:00:28,26.1,70,0,2023-08-05 10:00:28,3,Medium
8/5/2023,10:00:32,26.1,70,0,2023-08-05 10:00:32,3,Medium
8/5/2023,10:00:36,26.1,70,0,2023-08-05 10:00:36,3,Medium
8/5/2023,10:00:40,26.1,70,0,2023-08-05 10:00:40,3,Medium
8/5/2023,10:00:44,26.1,70,0,2023-08-05 10:00:44,3,Medium
8/5/2023,10:00:47,26.1,70,0,2023-08-05 10:00:47,3,Medium
8/5/2023,10:00:51,26.1,70,0,2023-08-05 10:00:51,3,Medium
8/5/2023,10:00:56,26.1,70,0,2023-08-05 10:00:56,3,Medium
8/5/2023,10:00:59,26.1,70,0,2023-08-05 10:00:59,3,Medium
8/5/2023,10:01:03,26.1,70,0,2023-08-05 10:01:03,3,Medium
8/5/2023,10:01:07,26.1,70,0,2023-08-05 10:01:07,3,Medium
8/5/2023,10:01:12,26.1,70,0,2023-08-05 10:01:12,3,Medium
8/5/2023,10:01:16,26.1,70,0,2023-08-05 10:01:16,3,Medium
8/5/2023,10:01:20,26.1,70,0,2023-08-05 10:01:20,3,Medium
8/5/2023,10:01:24,26.1,70,0,2023-08-05 10:01:24,3,Medium
8/5/2023,10:01:29,26.1,70,0,2023-08-05 10:01:29,3,Medium
8/5/2023,10:01:33,26.1,70,0,2023-08-05 10:01:33,3,Medium
8/5/2023,10:01:37,26.1,70,0,2023-08-05 10:01:37,3,Medium
8/5/2023,10:01:42,26.1,70,0,2023-08-05 10:01:42,3,Medium
8/5/2023,10:01:47,26.1,70,0,2023-08-05 10:01:47,3,Medium
8/5/2023,10:01:51,26.1,70,0,2023-08-05 10:01:51,3,Medium
8/5/2023,10:01:55,26.1,70,0,2023-08-05 10:01:55,3,Medium
8/5/2023,10:01:59,26.1,70,0,2023-08-05 10:01:59,3,Medium
8/5/2023,10:02:03,26.1,70,0,2023-08-05 10:02:03,3,Medium
8/5/2023,10:02:07,26.1,70,0,2023-08-05 10:02:07,3,Medium
8/5/2023,10:02:11,26.1,70,0,2023-08-05 10:02:11,3,Medium
8/5/2023,10:02:16,26.1,70,0,2023-08-05 10:02:16,3,Medium
8/5/2023,10:02:20,26.1,70,0,2023-08-05 10:02:20,3,Medium
8/5/2023,10:02:24,26.1,70,0,2023-08-05 10:02:24,3,Medium
8/5/2023,10:02:28,26.1,70,0,2023-08-05 10:02:28,3,Medium
8/5/2023,10:02:32,26.1,70,0,2023-08-05 10:02:32,3,Medium
8/5/2023,10:02:36,26.1,70,0,2023-08-05 10:02:36,3,Medium
8/5/2023,10:02:40,26.1,70,0,2023-08-05 10:02:40,3,Medium
8/5/2023,10:02:44,26.1,70,0,2023-08-05 10:02:44,3,Medium
8/5/2023,10:02:48,26.1,70,0,2023-08-05 10:02:48,3,Medium
8/5/2023,10:02:53,26.1,70,0,2023-08-05 10:02:53,3,Medium
8/5/2023,10:02:57,26.1,70,0,2023-08-05 10:02:57,3,Medium
8/5/2023,10:03:02,26.1,70,0,2023-08-05 10:03:02,3,Medium
8/5/2023,10:03:06,26.1,70,0,2023-08-05 10:03:06,3,Medium
8/5/2023,10:03:10,26.1,70,0,2023-08-05 10:03:10,3,Medium
8/5/2023,10:03:14,26.1,70,0,2023-08-05 10:03:14,3,Medium
8/5/2023,10:03:18,26.1,70,0,2023-08-05 10:03:18,3,Medium
8/5/2023,10:03:22,26.1,70,0,2023-08-05 10:03:22,3,Medium
8/5/2023,10:03:26,26.1,70,0,2023-08-05 10:03:26,3,Medium
8/5/2023,10:03:30,26.1,70,0,2023-08-05 10:03:30,3,Medium
8/5/2023,10:03:34,26.1,70,0,2023-08-05 10:03:34,3,Medium
8/5/2023,10:03:38,26.1,70,0,2023-08-05 10:03:38,3,Medium
8/5/2023,10:03:42,26.1,70,0,2023-08-05 10:03:42,3,Medium
8/5/2023,10:03:46,26.1,70,0,2023-08-05 10:03:46,3,Medium
8/5/2023,10:03:51,26.1,70,0,2023-08-05 10:03:51,3,Medium
8/5/2023,10:03:55,26.1,70,0,2023-08-05 10:03:55,3,Medium
8/5/2023,10:03:59,26.1,70,0,2023-08-05 10:03:59,3,Medium
8/5/2023,10:04:04,26.1,70,0,2023-08-05 10:04:04,3,Medium
8/5/2023,10:04:09,26.1,70,0,2023-08-05 10:04:09,3,Medium
8/5/2023,10:04:13,26.1,70,0,2023-08-05 10:04:13,3,Medium
8/5/2023,10:04:17,26.1,70,0,2023-08-05 10:04:17,3,Medium
8/5/2023,10:04:21,26.1,70,0,2023-08-05 10:04:21,3,Medium
8/5/2023,10:04:26,26.1,70,0,2023-08-05 10:04:26,3,Medium
8/5/2023,10:04:30,26.1,70,0,2023-08-05 10:04:30,3,Medium
8/5/2023,10:04:34,26.1,70,0,2023-08-05 10:04:34,3,Medium
8/5/2023,10:04:39,26.1,70,0,2023-08-05 10:04:39,3,Medium
8/5/2023,10:04:42,26.1,70,0,2023-08-05 10:04:42,3,Medium
8/5/2023,10:04:47,26.1,70,0,2023-08-05 10:04:47,3,Medium
8/5/2023,10:04:51,26.1,70,0,2023-08-05 10:04:51,3,Medium
8/5/2023,10:04:55,26.1,70,0,2023-08-05 10:04:55,3,Medium
8/5/2023,10:04:59,26.1,70,0,2023-08-05 10:04:59,3,Medium
8/5/2023,10:05:03,26.1,69,0,2023-08-05 10:05:03,2,Medium
8/5/2023,10:05:07,26.1,70,0,2023-08-05 10:05:07,3,Medium
8/5/2023,10:05:11,26.1,70,0,2023-08-05 10:05:11,3,Medium
8/5/2023,10:05:15,26.1,70,0,2023-08-05 10:05:15,3,Medium
8/5/2023,10:05:19,26.1,70,0,2023-08-05 10:05:19,3,Medium
8/5/2023,10:05:23,26.1,70,0,2023-08-05 10:05:23,3,Medium
8/5/2023,10:05:27,26.1,70,0,2023-08-05 10:05:27,3,Medium
8/5/2023,10:05:32,26.1,69,0,2023-08-05 10:05:32,2,Medium
8/5/2023,10:05:36,26.1,70,0,2023-08-05 10:05:36,3,Medium
8/5/2023,10:05:40,26.1,69,0,2023-08-05 10:05:40,2,Medium
8/5/2023,10:05:44,26.1,70,0,2023-08-05 10:05:44,3,Medium
8/5/2023,10:05:48,26.1,70,0,2023-08-05 10:05:48,3,Medium
8/5/2023,10:05:52,26.1,69,0,2023-08-05 10:05:52,2,Medium
8/5/2023,10:05:56,26.1,70,0,2023-08-05 10:05:56,3,Medium
8/5/2023,10:06:00,26.1,70,0,2023-08-05 10:06:00,3,Medium
8/5/2023,10:06:04,26.1,70,0,2023-08-05 10:06:04,3,Medium
8/5/2023,10:06:08,26.1,70,0,2023-08-05 10:06:08,3,Medium
8/5/2023,10:06:13,26.1,70,0,2023-08-05 10:06:13,3,Medium
8/5/2023,10:06:17,26.1,70,0,2023-08-05 10:06:17,3,Medium
8/5/2023,10:06:21,26.1,70,0,2023-08-05 10:06:21,3,Medium
8/5/2023,10:06:25,26.1,70,0,2023-08-05 10:06:25,3,Medium
8/5/2023,10:06:29,26.1,70,0,2023-08-05 10:06:29,3,Medium
8/5/2023,10:06:33,26.1,70,0,2023-08-05 10:06:33,3,Medium
8/5/2023,10:06:37,26.1,70,0,2023-08-05 10:06:37,3,Medium
8/5/2023,10:06:42,26.1,70,0,2023-08-05 10:06:42,3,Medium
8/5/2023,10:06:46,26.1,70,0,2023-08-05 10:06:46,3,Medium
8/5/2023,10:06:50,26.1,70,0,2023-08-05 10:06:50,3,Medium
8/5/2023,10:06:54,26.1,70,0,2023-08-05 10:06:54,3,Medium
8/5/2023,10:06:58,26.1,70,0,2023-08-05 10:06:58,3,Medium
8/5/2023,10:07:02,26.1,70,0,2023-08-05 10:07:02,3,Medium
8/5/2023,10:07:07,26.1,70,0,2023-08-05 10:07:07,3,Medium
8/5/2023,10:07:11,26.1,70,0,2023-08-05 10:07:11,3,Medium
8/5/2023,10:07:15,26.1,70,0,2023-08-05 10:07:15,3,Medium
8/5/2023,10:07:19,26.1,70,0,2023-08-05 10:07:19,3,Medium
8/5/2023,10:07:23,26.1,70,0,2023-08-05 10:07:23,3,Medium
8/5/2023,10:07:27,26.1,70,0,2023-08-05 10:07:27,3,Medium
8/5/2023,10:07:31,26.1,70,0,2023-08-05 10:07:31,3,Medium
8/5/2023,10:07:35,26.1,70,0,2023-08-05 10:07:35,3,Medium
8/5/2023,10:07:40,26.1,70,0,2023-08-05 10:07:40,3,Medium
8/5/2023,10:07:44,26.1,70,0,2023-08-05 10:07:44,3,Medium
8/5/2023,10:07:48,26.1,70,0,2023-08-05 10:07:48,3,Medium
8/5/2023,10:07:52,26.1,70,0,2023-08-05 10:07:52,3,Medium
8/5/2023,10:07:56,26.1,70,0,2023-08-05 10:07:56,3,Medium
8/5/2023,10:08:00,26.1,70,0,2023-08-05 10:08:00,3,Medium
8/5/2023,10:08:05,26.1,70,0,2023-08-05 10:08:05,3,Medium
8/5/2023,10:08:09,26.1,70,0,2023-08-05 10:08:09,3,Medium
8/5/2023,10:08:12,26.1,70,0,2023-08-05 10:08:12,3,Medium
8/5/2023,10:08:16,26.1,70,0,2023-08-05 10:08:16,3,Medium
8/5/2023,10:08:21,26.1,70,0,2023-08-05 10:08:21,3,Medium
8/5/2023,10:08:25,26.1,70,0,2023-08-05 10:08:25,3,Medium
8/5/2023,10:08:28,26.1,70,0,2023-08-05 10:08:28,3,Medium
8/5/2023,10:08:32,26.1,70,0,2023-08-05 10:08:32,3,Medium
8/5/2023,10:08:36,26.1,70,0,2023-08-05 10:08:36,3,Medium
8/5/2023,10:08:40,26.1,70,0,2023-08-05 10:08:40,3,Medium
8/5/2023,10:08:44,26.1,70,0,2023-08-05 10:08:44,3,Medium
8/5/2023,10:08:48,26.1,70,0,2023-08-05 10:08:48,3,Medium
8/5/2023,10:08:52,26.1,70,0,2023-08-05 10:08:52,3,Medium
8/5/2023,10:08:56,26.1,70,0,2023-08-05 10:08:56,3,Medium
8/5/2023,10:09:00,26.1,70,0,2023-08-05 10:09:00,3,Medium
8/5/2023,10:09:04,26.1,70,0,2023-08-05 10:09:04,3,Medium
8/5/2023,10:09:08,26.1,70,0,2023-08-05 10:09:08,3,Medium
8/5/2023,10:09:12,26.1,70,0,2023-08-05 10:09:12,3,Medium
8/5/2023,10:09:16,26.1,70,0,2023-08-05 10:09:16,3,Medium
8/5/2023,10:09:20,26.1,70,0,2023-08-05 10:09:20,3,Medium
8/5/2023,10:09:25,26.1,70,0,2023-08-05 10:09:25,3,Medium
8/5/2023,10:09:29,26.1,70,0,2023-08-05 10:09:29,3,Medium
8/5/2023,10:09:33,26.1,70,0,2023-08-05 10:09:33,3,Medium
8/5/2023,10:09:38,26.1,70,0,2023-08-05 10:09:38,3,Medium
8/5/2023,10:09:42,26.1,70,0,2023-08-05 10:09:42,3,Medium
8/5/2023,10:09:46,26.1,70,0,2023-08-05 10:09:46,3,Medium
8/5/2023,10:09:50,26.1,70,0,2023-08-05 10:09:50,3,Medium
8/5/2023,10:09:54,26.1,70,0,2023-08-05 10:09:54,3,Medium
8/5/2023,10:09:58,26.1,70,0,2023-08-05 10:09:58,3,Medium
8/5/2023,10:10:02,26.1,70,0,2023-08-05 10:10:02,3,Medium
8/5/2023,10:10:06,26.1,70,0,2023-08-05 10:10:06,3,Medium
8/5/2023,10:10:10,26.1,70,0,2023-08-05 10:10:10,3,Medium
8/5/2023,10:10:14,26.1,70,0,2023-08-05 10:10:14,3,Medium
8/5/2023,10:10:18,26.1,70,0,2023-08-05 10:10:18,3,Medium
8/5/2023,10:10:23,26.1,70,0,2023-08-05 10:10:23,3,Medium
8/5/2023,10:10:27,26.1,70,0,2023-08-05 10:10:27,3,Medium
8/5/2023,10:10:31,26.1,70,0,2023-08-05 10:10:31,3,Medium
8/5/2023,10:10:35,26.1,70,0,2023-08-05 10:10:35,3,Medium
8/5/2023,10:10:40,26.1,70,0,2023-08-05 10:10:40,3,Medium
8/5/2023,10:10:45,26.1,70,0,2023-08-05 10:10:45,3,Medium
8/5/2023,10:10:49,26.1,70,0,2023-08-05 10:10:49,3,Medium
8/5/2023,10:10:54,26.1,70,0,2023-08-05 10:10:54,3,Medium
8/5/2023,10:10:58,26.1,70,0,2023-08-05 10:10:58,3,Medium
8/5/2023,10:11:01,26.1,70,0,2023-08-05 10:11:01,3,Medium
8/5/2023,10:11:05,26.1,70,0,2023-08-05 10:11:05,3,Medium
8/5/2023,10:11:10,26.1,70,0,2023-08-05 10:11:10,3,Medium
8/5/2023,10:11:14,26.1,70,0,2023-08-05 10:11:14,3,Medium
8/5/2023,10:11:18,26.1,70,0,2023-08-05 10:11:18,3,Medium
8/5/2023,10:11:23,26.1,70,0,2023-08-05 10:11:23,3,Medium
8/5/2023,10:11:26,26.1,70,0,2023-08-05 10:11:26,3,Medium
8/5/2023,10:11:31,26.1,70,0,2023-08-05 10:11:31,3,Medium
8/5/2023,10:11:35,26.1,70,0,2023-08-05 10:11:35,3,Medium
8/5/2023,10:11:39,26.1,70,0,2023-08-05 10:11:39,3,Medium
8/5/2023,10:11:43,26.1,70,0,2023-08-05 10:11:43,3,Medium
8/5/2023,10:11:47,26.1,69,0,2023-08-05 10:11:47,2,Medium
8/5/2023,10:11:51,26.1,70,0,2023-08-05 10:11:51,3,Medium
8/5/2023,10:11:55,26.1,70,0,2023-08-05 10:11:55,3,Medium
8/5/2023,10:11:59,26.1,70,0,2023-08-05 10:11:59,3,Medium
8/5/2023,10:12:03,26.1,70,0,2023-08-05 10:12:03,3,Medium
8/5/2023,10:12:07,26.1,69,0,2023-08-05 10:12:07,2,Medium
8/5/2023,10:12:12,26.0,69,0,2023-08-05 10:12:12,2,Medium
8/5/2023,10:12:16,26.0,69,0,2023-08-05 10:12:16,2,Medium
8/5/2023,10:12:20,26.0,69,0,2023-08-05 10:12:20,2,Medium
8/5/2023,10:12:24,26.0,69,0,2023-08-05 10:12:24,2,Medium
8/5/2023,10:12:28,26.0,69,0,2023-08-05 10:12:28,2,Medium
8/5/2023,10:12:32,26.0,69,0,2023-08-05 10:12:32,2,Medium
8/5/2023,10:12:36,26.0,69,0,2023-08-05 10:12:36,2,Medium
8/5/2023,10:12:39,26.0,69,0,2023-08-05 10:12:39,2,Medium
8/5/2023,10:12:43,26.0,69,0,2023-08-05 10:12:43,2,Medium
8/5/2023,10:12:47,26.0,69,0,2023-08-05 10:12:47,2,Medium
8/5/2023,10:12:51,26.0,69,0,2023-08-05 10:12:51,2,Medium
8/5/2023,10:12:55,26.0,69,0,2023-08-05 10:12:55,2,Medium
8/5/2023,10:12:59,26.0,69,0,2023-08-05 10:12:59,2,Medium
8/5/2023,10:13:03,26.0,69,0,2023-08-05 10:13:03,2,Medium
8/5/2023,10:13:07,26.0,69,0,2023-08-05 10:13:07,2,Medium
8/5/2023,10:13:11,26.0,69,0,2023-08-05 10:13:11,2,Medium
8/5/2023,10:13:15,26.0,69,0,2023-08-05 10:13:15,2,Medium
8/5/2023,10:13:19,26.0,69,0,2023-08-05 10:13:19,2,Medium
8/5/2023,10:13:54,26.0,69,0,2023-08-05 10:13:54,2,Medium
8/5/2023,10:14:00,26.0,69,0,2023-08-05 10:14:00,2,Medium
8/5/2023,10:14:04,26.0,69,0,2023-08-05 10:14:04,2,Medium
8/5/2023,10:14:09,26.0,69,0,2023-08-05 10:14:09,2,Medium
8/5/2023,10:14:13,26.0,69,0,2023-08-05 10:14:13,2,Medium
8/5/2023,10:14:17,26.0,69,0,2023-08-05 10:14:17,2,Medium
8/5/2023,10:14:21,26.0,69,0,2023-08-05 10:14:21,2,Medium
8/5/2023,10:14:25,26.0,69,0,2023-08-05 10:14:25,2,Medium
8/5/2023,10:14:29,26.0,69,0,2023-08-05 10:14:29,2,Medium
8/5/2023,10:14:33,26.0,69,0,2023-08-05 10:14:33,2,Medium
8/5/2023,10:14:37,26.0,69,0,2023-08-05 10:14:37,2,Medium
8/5/2023,10:14:41,26.0,69,0,2023-08-05 10:14:41,2,Medium
8/5/2023,10:14:45,26.0,69,0,2023-08-05 10:14:45,2,Medium
8/5/2023,10:14:49,26.0,69,0,2023-08-05 10:14:49,2,Medium
8/5/2023,10:14:53,26.0,69,0,2023-08-05 10:14:53,2,Medium
8/5/2023,10:14:58,26.0,69,0,2023-08-05 10:14:58,2,Medium
8/5/2023,10:15:01,26.0,69,0,2023-08-05 10:15:01,2,Medium
8/5/2023,10:15:06,26.0,69,0,2023-08-05 10:15:06,2,Medium
8/5/2023,10:15:11,26.0,69,0,2023-08-05 10:15:11,2,Medium
8/5/2023,10:15:15,26.0,69,0,2023-08-05 10:15:15,2,Medium
8/5/2023,10:15:19,26.0,69,0,2023-08-05 10:15:19,2,Medium
8/5/2023,10:15:23,26.0,69,0,2023-08-05 10:15:23,2,Medium
8/5/2023,10:15:27,26.0,69,0,2023-08-05 10:15:27,2,Medium
8/5/2023,10:15:30,26.0,69,0,2023-08-05 10:15:30,2,Medium
8/5/2023,10:15:35,26.0,69,0,2023-08-05 10:15:35,2,Medium
8/5/2023,10:15:39,26.0,69,0,2023-08-05 10:15:39,2,Medium
8/5/2023,10:15:43,26.0,69,0,2023-08-05 10:15:43,2,Medium
8/5/2023,10:15:47,26.0,69,0,2023-08-05 10:15:47,2,Medium
8/5/2023,10:15:51,26.0,69,0,2023-08-05 10:15:51,2,Medium
8/5/2023,10:15:55,26.0,69,0,2023-08-05 10:15:55,2,Medium
8/5/2023,10:16:00,26.0,69,0,2023-08-05 10:16:00,2,Medium
8/5/2023,10:16:04,26.0,69,0,2023-08-05 10:16:04,2,Medium
8/5/2023,10:16:08,26.0,69,0,2023-08-05 10:16:08,2,Medium
8/5/2023,10:16:12,26.0,69,0,2023-08-05 10:16:12,2,Medium
8/5/2023,10:16:16,26.0,69,0,2023-08-05 10:16:16,2,Medium
8/5/2023,10:16:20,26.0,69,0,2023-08-05 10:16:20,2,Medium
8/5/2023,10:16:25,26.0,69,0,2023-08-05 10:16:25,2,Medium
8/5/2023,10:16:29,26.0,69,0,2023-08-05 10:16:29,2,Medium
8/5/2023,10:16:34,26.0,69,0,2023-08-05 10:16:34,2,Medium
8/5/2023,10:16:38,26.0,69,0,2023-08-05 10:16:38,2,Medium
8/5/2023,10:16:42,26.0,69,0,2023-08-05 10:16:42,2,Medium
8/5/2023,10:16:47,26.0,69,0,2023-08-05 10:16:47,2,Medium
8/5/2023,10:16:51,26.0,69,0,2023-08-05 10:16:51,2,Medium
8/5/2023,10:16:55,26.0,69,0,2023-08-05 10:16:55,2,Medium
8/5/2023,10:16:59,26.0,69,0,2023-08-05 10:16:59,2,Medium
8/5/2023,10:17:03,26.0,69,0,2023-08-05 10:17:03,2,Medium
8/5/2023,10:17:07,26.0,69,0,2023-08-05 10:17:07,2,Medium
8/5/2023,10:17:11,26.0,69,0,2023-08-05 10:17:11,2,Medium
8/5/2023,10:17:15,26.0,69,0,2023-08-05 10:17:15,2,Medium
8/5/2023,10:17:20,26.0,69,0,2023-08-05 10:17:20,2,Medium
8/5/2023,10:17:24,26.0,69,0,2023-08-05 10:17:24,2,Medium
8/5/2023,10:17:29,26.0,69,0,2023-08-05 10:17:29,2,Medium
8/5/2023,10:17:33,26.0,69,0,2023-08-05 10:17:33,2,Medium
8/5/2023,10:17:38,26.0,69,0,2023-08-05 10:17:38,2,Medium
8/5/2023,10:17:43,26.0,69,0,2023-08-05 10:17:43,2,Medium
8/5/2023,10:17:47,26.0,69,0,2023-08-05 10:17:47,2,Medium
8/5/2023,10:17:52,26.0,69,0,2023-08-05 10:17:52,2,Medium
8/5/2023,10:17:55,26.0,69,0,2023-08-05 10:17:55,2,Medium
8/5/2023,10:18:00,26.0,69,0,2023-08-05 10:18:00,2,Medium
8/5/2023,10:18:04,26.0,69,0,2023-08-05 10:18:04,2,Medium
8/5/2023,10:18:08,26.0,69,0,2023-08-05 10:18:08,2,Medium
8/5/2023,10:18:11,26.0,69,0,2023-08-05 10:18:11,2,Medium
8/5/2023,10:18:16,26.0,69,0,2023-08-05 10:18:16,2,Medium
8/5/2023,10:18:20,26.0,69,0,2023-08-05 10:18:20,2,Medium
8/5/2023,10:18:24,26.0,69,0,2023-08-05 10:18:24,2,Medium
8/5/2023,10:18:28,26.0,69,0,2023-08-05 10:18:28,2,Medium
8/5/2023,10:18:31,26.0,69,0,2023-08-05 10:18:31,2,Medium
8/5/2023,10:18:36,26.0,69,0,2023-08-05 10:18:36,2,Medium
8/5/2023,10:18:40,26.0,69,0,2023-08-05 10:18:40,2,Medium
8/5/2023,10:18:44,26.0,69,0,2023-08-05 10:18:44,2,Medium
8/5/2023,10:18:48,26.0,69,0,2023-08-05 10:18:48,2,Medium
8/5/2023,10:18:52,26.0,69,0,2023-08-05 10:18:52,2,Medium
8/5/2023,10:18:57,26.0,69,0,2023-08-05 10:18:57,2,Medium
8/5/2023,10:19:01,26.0,69,0,2023-08-05 10:19:01,2,Medium
8/5/2023,10:19:06,26.0,69,0,2023-08-05 10:19:06,2,Medium
8/5/2023,10:19:10,26.0,69,0,2023-08-05 10:19:10,2,Medium
8/5/2023,10:19:14,26.0,69,0,2023-08-05 10:19:14,2,Medium
8/5/2023,10:19:19,26.0,69,0,2023-08-05 10:19:19,2,Medium
8/5/2023,10:19:23,26.0,69,0,2023-08-05 10:19:23,2,Medium
8/5/2023,10:19:27,26.0,69,0,2023-08-05 10:19:27,2,Medium
8/5/2023,10:19:32,26.0,69,0,2023-08-05 10:19:32,2,Medium
8/5/2023,10:19:36,26.0,69,0,2023-08-05 10:19:36,2,Medium
8/5/2023,10:19:40,26.0,69,0,2023-08-05 10:19:40,2,Medium
8/5/2023,10:19:44,26.0,69,0,2023-08-05 10:19:44,2,Medium
8/5/2023,10:19:48,26.0,69,0,2023-08-05 10:19:48,2,Medium
8/5/2023,10:19:52,26.0,69,0,2023-08-05 10:19:52,2,Medium
8/5/2023,10:19:56,26.0,69,0,2023-08-05 10:19:56,2,Medium
8/5/2023,10:20:06,26.0,69,3,2023-08-05 10:20:06,3,Medium
8/5/2023,10:20:10,26.0,69,0,2023-08-05 10:20:10,2,Medium
8/5/2023,10:20:14,26.0,70,0,2023-08-05 10:20:14,3,Medium
8/5/2023,10:20:18,26.0,70,0,2023-08-05 10:20:18,3,Medium
8/5/2023,10:20:22,26.0,70,0,2023-08-05 10:20:22,3,Medium
8/5/2023,11:28:33,25.9,70,0,2023-08-05 11:28:33,3,Medium
8/5/2023,11:28:37,25.9,70,0,2023-08-05 11:28:37,3,Medium
8/5/2023,11:28:41,26.0,70,0,2023-08-05 11:28:41,3,Medium
8/5/2023,11:28:45,26.0,71,0,2023-08-05 11:28:45,3,Medium
8/5/2023,11:28:49,26.0,71,0,2023-08-05 11:28:49,3,Medium
8/5/2023,11:28:53,26.0,71,0,2023-08-05 11:28:53,3,Medium
8/5/2023,11:28:57,26.0,71,0,2023-08-05 11:28:57,3,Medium
8/5/2023,11:29:01,26.1,71,0,2023-08-05 11:29:01,3,Medium
8/5/2023,11:29:05,26.1,71,0,2023-08-05 11:29:05,3,Medium
8/5/2023,11:29:09,26.1,71,0,2023-08-05 11:29:09,3,Medium
8/5/2023,11:29:13,26.1,71,0,2023-08-05 11:29:13,3,Medium
8/5/2023,11:29:17,26.1,71,0,2023-08-05 11:29:17,3,Medium
8/5/2023,11:29:22,26.2,71,1,2023-08-05 11:29:22,4,High
8/5/2023,11:29:26,26.2,71,1,2023-08-05 11:29:26,4,High
8/5/2023,11:29:30,26.2,71,1,2023-08-05 11:29:30,4,High
8/5/2023,11:29:39,26.2,71,0,2023-08-05 11:29:39,3,Medium
8/5/2023,11:29:43,26.2,71,0,2023-08-05 11:29:43,3,Medium
8/5/2023,11:29:47,26.2,71,0,2023-08-05 11:29:47,3,Medium
8/5/2023,11:29:51,26.2,71,0,2023-08-05 11:29:51,3,Medium
8/5/2023,11:29:55,26.3,71,0,2023-08-05 11:29:55,3,Medium
8/5/2023,11:29:59,26.3,71,0,2023-08-05 11:29:59,3,Medium
8/5/2023,11:30:03,26.3,71,0,2023-08-05 11:30:03,3,Medium
8/5/2023,11:30:07,26.3,71,0,2023-08-05 11:30:07,3,Medium
8/5/2023,11:30:11,26.4,71,0,2023-08-05 11:30:11,3,Medium
8/5/2023,11:30:16,26.3,71,0,2023-08-05 11:30:16,3,Medium
8/5/2023,11:30:23,26.3,71,0,2023-08-05 11:30:23,3,Medium
8/5/2023,11:30:28,26.3,71,0,2023-08-05 11:30:28,3,Medium
8/5/2023,11:30:32,26.3,71,0,2023-08-05 11:30:32,3,Medium
8/5/2023,11:30:36,26.4,71,4,2023-08-05 11:30:36,4,High
8/5/2023,11:30:45,26.4,71,0,2023-08-05 11:30:45,3,Medium
8/5/2023,11:30:49,26.4,71,0,2023-08-05 11:30:49,3,Medium
8/5/2023,11:30:53,26.4,71,0,2023-08-05 11:30:53,3,Medium
8/5/2023,11:30:57,26.4,70,0,2023-08-05 11:30:57,3,Medium
8/5/2023,11:31:01,26.4,70,0,2023-08-05 11:31:01,3,Medium
8/5/2023,11:31:05,26.4,70,0,2023-08-05 11:31:05,3,Medium
8/5/2023,11:31:10,26.4,70,0,2023-08-05 11:31:10,3,Medium
8/5/2023,11:31:14,26.4,70,0,2023-08-05 11:31:14,3,Medium
8/5/2023,11:31:18,26.4,70,0,2023-08-05 11:31:18,3,Medium
8/5/2023,11:31:23,26.4,70,0,2023-08-05 11:31:23,3,Medium
8/5/2023,11:31:27,26.4,70,0,2023-08-05 11:31:27,3,Medium
8/5/2023,11:31:31,26.4,70,0,2023-08-05 11:31:31,3,Medium
8/5/2023,11:31:35,26.4,70,0,2023-08-05 11:31:35,3,Medium
8/5/2023,11:31:40,26.4,70,0,2023-08-05 11:31:40,3,Medium
8/5/2023,11:31:48,26.4,70,0,2023-08-05 11:31:48,3,Medium
8/5/2023,11:31:53,26.4,70,0,2023-08-05 11:31:53,3,Medium
8/5/2023,11:31:57,26.4,70,0,2023-08-05 11:31:57,3,Medium
8/5/2023,11:32:01,26.4,70,0,2023-08-05 11:32:01,3,Medium
8/5/2023,11:32:05,26.4,70,0,2023-08-05 11:32:05,3,Medium
8/5/2023,11:32:09,26.4,70,0,2023-08-05 11:32:09,3,Medium
8/5/2023,11:32:13,26.4,70,0,2023-08-05 11:32:13,3,Medium
8/5/2023,11:32:17,26.4,70,0,2023-08-05 11:32:17,3,Medium
8/5/2023,11:32:22,26.5,70,0,2023-08-05 11:32:22,3,Medium
8/5/2023,11:32:26,26.5,70,0,2023-08-05 11:32:26,3,Medium
8/5/2023,11:32:30,26.5,70,0,2023-08-05 11:32:30,3,Medium
8/5/2023,11:32:34,26.5,70,0,2023-08-05 11:32:34,3,Medium
8/5/2023,11:32:38,26.5,70,0,2023-08-05 11:32:38,3,Medium
8/5/2023,11:32:42,26.5,70,0,2023-08-05 11:32:42,3,Medium
8/5/2023,11:32:46,26.5,70,0,2023-08-05 11:32:46,3,Medium
8/5/2023,11:32:50,26.5,70,0,2023-08-05 11:32:50,3,Medium
8/5/2023,11:32:55,26.5,70,0,2023-08-05 11:32:55,3,Medium
8/5/2023,11:32:59,26.5,70,0,2023-08-05 11:32:59,3,Medium
8/5/2023,11:33:03,26.5,70,0,2023-08-05 11:33:03,3,Medium
8/5/2023,11:33:07,26.6,70,0,2023-08-05 11:33:07,3,Medium
8/5/2023,11:33:11,26.6,70,0,2023-08-05 11:33:11,3,Medium
8/5/2023,11:33:15,26.6,70,0,2023-08-05 11:33:15,3,Medium
8/5/2023,11:33:19,26.6,70,0,2023-08-05 11:33:19,3,Medium
8/5/2023,11:33:23,26.6,70,0,2023-08-05 11:33:23,3,Medium
8/5/2023,11:33:27,26.6,70,0,2023-08-05 11:33:27,3,Medium
8/5/2023,11:33:31,26.6,70,0,2023-08-05 11:33:31,3,Medium
8/5/2023,11:33:35,26.6,70,0,2023-08-05 11:33:35,3,Medium
8/5/2023,11:33:39,26.6,70,0,2023-08-05 11:33:39,3,Medium
8/5/2023,11:33:46,26.6,70,4,2023-08-05 11:33:46,4,High
8/5/2023,11:33:54,26.6,70,3,2023-08-05 11:33:54,4,High
8/5/2023,11:33:59,26.6,69,3,2023-08-05 11:33:59,3,Medium
8/5/2023,11:34:03,26.6,69,2,2023-08-05 11:34:03,3,Medium
8/5/2023,11:34:07,26.6,69,2,2023-08-05 11:34:07,3,Medium
8/5/2023,11:34:11,26.6,69,2,2023-08-05 11:34:11,3,Medium
8/5/2023,11:34:15,26.6,69,2,2023-08-05 11:34:15,3,Medium
8/5/2023,11:34:20,26.6,69,2,2023-08-05 11:34:20,3,Medium
8/5/2023,11:34:25,26.6,69,1,2023-08-05 11:34:25,3,Medium
8/5/2023,11:34:29,26.6,70,1,2023-08-05 11:34:29,4,High
8/5/2023,11:34:38,26.6,70,0,2023-08-05 11:34:38,3,Medium
8/5/2023,11:34:43,26.6,70,0,2023-08-05 11:34:43,3,Medium
8/5/2023,11:34:47,26.6,70,0,2023-08-05 11:34:47,3,Medium
8/5/2023,11:34:51,26.6,70,0,2023-08-05 11:34:51,3,Medium
8/5/2023,11:34:56,26.7,70,0,2023-08-05 11:34:56,3,Medium
8/5/2023,11:35:00,26.7,70,0,2023-08-05 11:35:00,3,Medium
8/5/2023,11:35:04,26.7,70,0,2023-08-05 11:35:04,3,Medium
8/5/2023,11:35:08,26.7,70,0,2023-08-05 11:35:08,3,Medium
8/5/2023,11:35:12,26.7,70,0,2023-08-05 11:35:12,3,Medium
8/5/2023,11:35:16,26.7,70,0,2023-08-05 11:35:16,3,Medium
8/5/2023,11:35:20,26.7,70,0,2023-08-05 11:35:20,3,Medium
8/5/2023,11:35:24,26.7,70,0,2023-08-05 11:35:24,3,Medium
8/5/2023,11:35:29,26.7,70,0,2023-08-05 11:35:29,3,Medium
8/5/2023,11:35:33,26.8,70,0,2023-08-05 11:35:33,3,Medium
8/5/2023,11:35:37,26.8,70,0,2023-08-05 11:35:37,3,Medium
8/5/2023,11:35:41,26.8,70,0,2023-08-05 11:35:41,3,Medium
8/5/2023,11:35:46,26.8,70,0,2023-08-05 11:35:46,3,Medium
8/5/2023,11:36:40,26.8,68,0,2023-08-05 11:36:40,2,Medium
8/5/2023,11:36:44,26.8,68,0,2023-08-05 11:36:44,2,Medium
8/5/2023,11:36:53,26.8,68,0,2023-08-05 11:36:53,2,Medium
8/5/2023,11:36:59,26.8,68,0,2023-08-05 11:36:59,2,Medium
8/5/2023,11:37:04,26.8,68,0,2023-08-05 11:37:04,2,Medium
8/5/2023,11:37:08,26.8,68,0,2023-08-05 11:37:08,2,Medium
8/5/2023,11:37:11,26.8,68,0,2023-08-05 11:37:11,2,Medium
8/5/2023,11:37:15,26.8,68,0,2023-08-05 11:37:15,2,Medium
8/5/2023,11:37:19,26.8,68,0,2023-08-05 11:37:19,2,Medium
8/5/2023,11:37:24,26.8,68,0,2023-08-05 11:37:24,2,Medium
8/5/2023,11:37:28,26.7,68,0,2023-08-05 11:37:28,2,Medium
8/5/2023,11:37:33,26.8,68,0,2023-08-05 11:37:33,2,Medium
8/5/2023,11:37:37,26.8,68,0,2023-08-05 11:37:37,2,Medium
8/5/2023,11:37:41,26.7,68,0,2023-08-05 11:37:41,2,Medium
8/5/2023,11:37:45,26.8,68,0,2023-08-05 11:37:45,2,Medium
8/5/2023,11:37:50,26.8,68,0,2023-08-05 11:37:50,2,Medium
8/5/2023,11:37:54,26.8,68,0,2023-08-05 11:37:54,2,Medium
8/5/2023,11:37:58,26.8,68,0,2023-08-05 11:37:58,2,Medium
8/5/2023,11:38:03,26.8,68,0,2023-08-05 11:38:03,2,Medium
8/5/2023,11:38:08,26.8,68,0,2023-08-05 11:38:08,2,Medium
8/5/2023,11:38:27,26.8,69,0,2023-08-05 11:38:27,2,Medium
8/5/2023,11:38:31,26.8,68,0,2023-08-05 11:38:31,2,Medium
8/5/2023,11:38:35,26.8,68,0,2023-08-05 11:38:35,2,Medium
8/5/2023,11:38:39,26.8,68,0,2023-08-05 11:38:39,2,Medium
8/5/2023,11:38:43,26.8,68,0,2023-08-05 11:38:43,2,Medium
8/5/2023,11:38:47,26.8,69,0,2023-08-05 11:38:47,2,Medium
8/5/2023,11:38:51,26.8,69,0,2023-08-05 11:38:51,2,Medium
8/5/2023,11:38:55,26.8,69,0,2023-08-05 11:38:55,2,Medium
8/5/2023,11:38:59,26.8,69,0,2023-08-05 11:38:59,2,Medium
8/5/2023,11:39:04,26.8,69,0,2023-08-05 11:39:04,2,Medium
8/5/2023,11:39:08,26.8,69,0,2023-08-05 11:39:08,2,Medium
8/5/2023,11:39:12,26.8,69,0,2023-08-05 11:39:12,2,Medium
8/5/2023,11:39:17,26.8,68,0,2023-08-05 11:39:17,2,Medium
8/5/2023,11:39:21,26.8,68,0,2023-08-05 11:39:21,2,Medium
8/5/2023,11:39:25,26.8,68,0,2023-08-05 11:39:25,2,Medium
8/5/2023,11:39:29,26.8,68,0,2023-08-05 11:39:29,2,Medium
8/5/2023,11:39:33,26.8,68,0,2023-08-05 11:39:33,2,Medium
8/5/2023,11:39:37,26.7,68,0,2023-08-05 11:39:37,2,Medium
8/5/2023,11:39:41,26.7,68,0,2023-08-05 11:39:41,2,Medium
8/5/2023,11:39:45,26.7,68,0,2023-08-05 11:39:45,2,Medium
8/5/2023,11:39:49,26.7,68,0,2023-08-05 11:39:49,2,Medium
8/5/2023,11:39:53,26.7,68,0,2023-08-05 11:39:53,2,Medium
8/5/2023,11:39:58,26.7,68,0,2023-08-05 11:39:58,2,Medium
8/5/2023,11:40:02,26.7,68,0,2023-08-05 11:40:02,2,Medium
8/5/2023,11:40:07,26.7,68,0,2023-08-05 11:40:07,2,Medium
8/5/2023,11:40:11,26.7,68,0,2023-08-05 11:40:11,2,Medium
8/5/2023,11:40:17,26.7,68,0,2023-08-05 11:40:17,2,Medium
8/5/2023,11:40:21,26.7,68,0,2023-08-05 11:40:21,2,Medium
8/5/2023,11:40:25,26.7,68,0,2023-08-05 11:40:25,2,Medium
8/5/2023,11:40:30,26.7,68,0,2023-08-05 11:40:30,2,Medium
8/5/2023,11:40:34,26.7,68,0,2023-08-05 11:40:34,2,Medium
8/5/2023,11:40:38,26.7,68,0,2023-08-05 11:40:38,2,Medium
8/5/2023,11:40:42,26.7,68,0,2023-08-05 11:40:42,2,Medium
8/5/2023,11:40:47,26.7,68,0,2023-08-05 11:40:47,2,Medium
8/5/2023,11:40:53,26.7,68,0,2023-08-05 11:40:53,2,Medium
8/5/2023,11:40:58,26.7,68,0,2023-08-05 11:40:58,2,Medium
8/5/2023,11:41:02,26.7,68,0,2023-08-05 11:41:02,2,Medium
8/5/2023,11:41:06,26.7,68,0,2023-08-05 11:41:06,2,Medium
8/5/2023,11:41:10,26.7,68,0,2023-08-05 11:41:10,2,Medium
8/5/2023,11:41:14,26.7,68,0,2023-08-05 11:41:14,2,Medium
8/5/2023,11:41:18,26.7,68,0,2023-08-05 11:41:18,2,Medium
8/5/2023,11:41:22,26.7,68,0,2023-08-05 11:41:22,2,Medium
8/5/2023,11:41:27,26.7,68,0,2023-08-05 11:41:27,2,Medium
8/5/2023,11:41:31,26.7,68,0,2023-08-05 11:41:31,2,Medium
8/5/2023,11:41:36,26.6,68,0,2023-08-05 11:41:36,2,Medium
8/5/2023,11:41:39,26.6,68,0,2023-08-05 11:41:39,2,Medium
8/5/2023,11:41:44,26.6,68,0,2023-08-05 11:41:44,2,Medium
8/5/2023,11:41:49,26.6,68,0,2023-08-05 11:41:49,2,Medium
8/5/2023,11:41:53,26.6,68,0,2023-08-05 11:41:53,2,Medium
8/5/2023,11:41:57,26.6,68,0,2023-08-05 11:41:57,2,Medium
8/5/2023,11:42:01,26.6,68,0,2023-08-05 11:42:01,2,Medium
8/5/2023,11:42:05,26.6,68,0,2023-08-05 11:42:05,2,Medium
8/5/2023,11:42:09,26.6,68,0,2023-08-05 11:42:09,2,Medium
8/5/2023,11:42:14,26.6,68,0,2023-08-05 11:42:14,2,Medium
8/5/2023,11:42:18,26.6,68,0,2023-08-05 11:42:18,2,Medium
8/5/2023,11:42:22,26.6,68,0,2023-08-05 11:42:22,2,Medium
8/5/2023,11:42:27,26.6,69,0,2023-08-05 11:42:27,2,Medium
8/5/2023,11:42:32,26.6,69,0,2023-08-05 11:42:32,2,Medium
8/5/2023,11:42:36,26.6,69,0,2023-08-05 11:42:36,2,Medium
8/5/2023,11:42:40,26.6,69,0,2023-08-05 11:42:40,2,Medium
8/5/2023,11:42:45,26.6,69,0,2023-08-05 11:42:45,2,Medium
8/5/2023,11:42:49,26.6,69,0,2023-08-05 11:42:49,2,Medium
8/5/2023,11:42:52,26.6,69,0,2023-08-05 11:42:52,2,Medium
8/5/2023,11:42:56,26.6,69,0,2023-08-05 11:42:56,2,Medium
8/5/2023,11:43:00,26.6,69,0,2023-08-05 11:43:00,2,Medium
8/5/2023,11:43:04,26.6,69,0,2023-08-05 11:43:04,2,Medium
8/5/2023,11:43:09,26.6,69,0,2023-08-05 11:43:09,2,Medium
8/5/2023,11:43:13,26.6,69,0,2023-08-05 11:43:13,2,Medium
8/5/2023,11:43:17,26.6,69,0,2023-08-05 11:43:17,2,Medium
8/5/2023,11:43:21,26.6,69,0,2023-08-05 11:43:21,2,Medium
8/5/2023,11:43:26,26.6,69,0,2023-08-05 11:43:26,2,Medium
8/5/2023,11:43:29,26.6,69,0,2023-08-05 11:43:29,2,Medium
8/5/2023,11:43:33,26.6,69,0,2023-08-05 11:43:33,2,Medium
8/5/2023,11:43:38,26.6,69,0,2023-08-05 11:43:38,2,Medium
8/5/2023,11:43:42,26.6,69,0,2023-08-05 11:43:42,2,Medium
8/5/2023,11:43:46,26.6,69,0,2023-08-05 11:43:46,2,Medium
8/5/2023,11:43:50,26.6,69,0,2023-08-05 11:43:50,2,Medium
8/5/2023,11:43:54,26.6,69,0,2023-08-05 11:43:54,2,Medium
8/5/2023,11:43:58,26.6,69,0,2023-08-05 11:43:58,2,Medium
8/5/2023,11:44:02,26.6,69,0,2023-08-05 11:44:02,2,Medium
8/5/2023,11:44:07,26.6,69,0,2023-08-05 11:44:07,2,Medium
8/5/2023,11:44:11,26.6,69,0,2023-08-05 11:44:11,2,Medium
8/5/2023,12:59:43,25.9,70,0,2023-08-05 12:59:43,3,Medium
8/5/2023,12:59:47,25.9,70,0,2023-08-05 12:59:47,3,Medium
8/5/2023,12:59:51,25.9,70,0,2023-08-05 12:59:51,3,Medium
8/5/2023,12:59:56,25.9,70,0,2023-08-05 12:59:56,3,Medium
8/5/2023,13:00:00,25.9,70,0,2023-08-05 13:00:00,3,Medium
8/5/2023,13:00:05,25.9,70,0,2023-08-05 13:00:05,3,Medium
8/5/2023,13:00:09,25.9,70,0,2023-08-05 13:00:09,3,Medium
8/5/2023,13:00:13,25.9,70,0,2023-08-05 13:00:13,3,Medium
8/5/2023,13:00:18,25.9,70,0,2023-08-05 13:00:18,3,Medium
8/5/2023,13:00:23,25.9,70,0,2023-08-05 13:00:23,3,Medium
8/5/2023,13:00:27,25.9,70,0,2023-08-05 13:00:27,3,Medium
8/5/2023,13:00:32,25.9,70,0,2023-08-05 13:00:32,3,Medium
8/5/2023,13:00:36,25.9,70,0,2023-08-05 13:00:36,3,Medium
8/5/2023,13:00:40,25.9,70,0,2023-08-05 13:00:40,3,Medium
8/5/2023,13:00:45,25.9,70,0,2023-08-05 13:00:45,3,Medium
8/5/2023,13:00:49,25.9,70,0,2023-08-05 13:00:49,3,Medium
8/5/2023,13:00:53,26.0,70,0,2023-08-05 13:00:53,3,Medium
8/5/2023,13:00:58,25.9,70,0,2023-08-05 13:00:58,3,Medium
8/5/2023,13:01:02,26.0,70,0,2023-08-05 13:01:02,3,Medium
8/5/2023,13:01:07,26.0,70,0,2023-08-05 13:01:07,3,Medium
8/5/2023,13:01:11,26.0,70,0,2023-08-05 13:01:11,3,Medium
8/5/2023,13:01:15,26.0,70,0,2023-08-05 13:01:15,3,Medium
8/5/2023,13:01:19,26.0,70,0,2023-08-05 13:01:19,3,Medium
8/5/2023,13:01:23,26.0,70,0,2023-08-05 13:01:23,3,Medium
8/5/2023,13:01:27,26.0,70,0,2023-08-05 13:01:27,3,Medium
8/5/2023,13:01:32,26.0,70,0,2023-08-05 13:01:32,3,Medium
8/5/2023,13:01:36,26.0,70,0,2023-08-05 13:01:36,3,Medium
8/5/2023,13:01:40,26.0,70,0,2023-08-05 13:01:40,3,Medium
8/5/2023,13:01:44,26.0,70,0,2023-08-05 13:01:44,3,Medium
8/5/2023,13:01:48,26.0,70,0,2023-08-05 13:01:48,3,Medium
8/5/2023,13:01:53,26.0,70,0,2023-08-05 13:01:53,3,Medium
8/5/2023,13:01:57,26.0,70,0,2023-08-05 13:01:57,3,Medium
8/5/2023,13:02:01,26.1,70,0,2023-08-05 13:02:01,3,Medium
8/5/2023,13:02:06,26.1,70,0,2023-08-05 13:02:06,3,Medium
8/5/2023,13:02:09,26.1,70,0,2023-08-05 13:02:09,3,Medium
8/5/2023,13:02:13,26.1,70,0,2023-08-05 13:02:13,3,Medium
8/5/2023,13:02:17,26.1,70,0,2023-08-05 13:02:17,3,Medium
8/5/2023,13:02:22,26.1,70,0,2023-08-05 13:02:22,3,Medium
8/5/2023,13:02:26,26.1,70,0,2023-08-05 13:02:26,3,Medium
8/5/2023,13:02:30,26.1,70,0,2023-08-05 13:02:30,3,Medium
8/5/2023,13:02:34,26.1,70,0,2023-08-05 13:02:34,3,Medium
8/5/2023,13:02:38,26.1,70,0,2023-08-05 13:02:38,3,Medium
8/5/2023,13:02:43,26.1,70,0,2023-08-05 13:02:43,3,Medium
8/5/2023,13:02:47,26.1,70,0,2023-08-05 13:02:47,3,Medium
8/5/2023,13:02:52,26.1,70,0,2023-08-05 13:02:52,3,Medium
8/5/2023,13:02:56,26.1,70,0,2023-08-05 13:02:56,3,Medium
8/5/2023,13:03:00,26.1,70,0,2023-08-05 13:03:00,3,Medium
8/5/2023,13:03:04,26.1,70,0,2023-08-05 13:03:04,3,Medium
8/5/2023,13:03:08,26.1,70,0,2023-08-05 13:03:08,3,Medium
8/5/2023,13:03:13,26.1,70,0,2023-08-05 13:03:13,3,Medium
8/5/2023,13:03:17,26.1,70,0,2023-08-05 13:03:17,3,Medium
8/5/2023,13:03:20,26.1,70,0,2023-08-05 13:03:20,3,Medium
8/5/2023,13:03:24,26.2,70,0,2023-08-05 13:03:24,3,Medium
8/5/2023,13:03:29,26.2,70,0,2023-08-05 13:03:29,3,Medium
8/5/2023,13:03:33,26.2,70,0,2023-08-05 13:03:33,3,Medium
8/5/2023,13:03:37,26.2,70,0,2023-08-05 13:03:37,3,Medium
8/5/2023,13:03:41,26.2,70,0,2023-08-05 13:03:41,3,Medium
8/5/2023,13:03:45,26.2,70,0,2023-08-05 13:03:45,3,Medium
8/5/2023,13:03:49,26.2,70,0,2023-08-05 13:03:49,3,Medium
8/5/2023,13:03:53,26.2,70,0,2023-08-05 13:03:53,3,Medium
8/5/2023,13:03:58,26.2,70,0,2023-08-05 13:03:58,3,Medium
8/5/2023,13:04:01,26.2,70,0,2023-08-05 13:04:01,3,Medium
8/5/2023,13:04:06,26.2,70,0,2023-08-05 13:04:06,3,Medium
8/5/2023,13:04:10,26.2,70,0,2023-08-05 13:04:10,3,Medium
8/5/2023,13:04:14,26.2,70,0,2023-08-05 13:04:14,3,Medium
8/5/2023,13:04:18,26.2,70,0,2023-08-05 13:04:18,3,Medium
8/5/2023,13:04:22,26.2,70,0,2023-08-05 13:04:22,3,Medium
8/5/2023,13:04:26,26.2,70,0,2023-08-05 13:04:26,3,Medium
8/5/2023,13:04:30,26.2,70,0,2023-08-05 13:04:30,3,Medium
8/5/2023,13:04:35,26.2,70,0,2023-08-05 13:04:35,3,Medium
8/5/2023,13:04:39,26.2,70,0,2023-08-05 13:04:39,3,Medium
8/5/2023,13:04:43,26.2,70,0,2023-08-05 13:04:43,3,Medium
8/5/2023,13:04:48,26.2,70,0,2023-08-05 13:04:48,3,Medium
8/5/2023,13:04:52,26.3,70,0,2023-08-05 13:04:52,3,Medium
8/5/2023,13:04:56,26.3,70,0,2023-08-05 13:04:56,3,Medium
8/5/2023,13:05:01,26.3,70,0,2023-08-05 13:05:01,3,Medium
8/5/2023,13:05:05,26.3,70,0,2023-08-05 13:05:05,3,Medium
8/5/2023,13:05:10,26.3,70,0,2023-08-05 13:05:10,3,Medium
8/5/2023,13:05:14,26.3,69,0,2023-08-05 13:05:14,2,Medium
8/5/2023,13:05:18,26.3,69,0,2023-08-05 13:05:18,2,Medium
8/5/2023,13:05:23,26.3,69,0,2023-08-05 13:05:23,2,Medium
8/5/2023,13:05:26,26.3,69,0,2023-08-05 13:05:26,2,Medium
8/5/2023,13:05:31,26.3,69,0,2023-08-05 13:05:31,2,Medium
8/5/2023,13:05:34,26.3,69,0,2023-08-05 13:05:34,2,Medium
8/5/2023,13:05:39,26.3,69,0,2023-08-05 13:05:39,2,Medium
8/5/2023,13:05:43,26.3,69,0,2023-08-05 13:05:43,2,Medium
8/5/2023,13:05:47,26.3,69,0,2023-08-05 13:05:47,2,Medium
8/5/2023,13:05:51,26.3,69,0,2023-08-05 13:05:51,2,Medium
8/5/2023,13:05:55,26.3,69,0,2023-08-05 13:05:55,2,Medium
8/5/2023,13:06:00,26.3,69,0,2023-08-05 13:06:00,2,Medium
8/5/2023,13:06:04,26.3,69,0,2023-08-05 13:06:04,2,Medium
8/5/2023,13:06:08,26.3,69,0,2023-08-05 13:06:08,2,Medium
8/5/2023,13:06:13,26.3,69,0,2023-08-05 13:06:13,2,Medium
8/5/2023,13:06:17,26.3,69,0,2023-08-05 13:06:17,2,Medium
8/5/2023,13:06:21,26.3,69,0,2023-08-05 13:06:21,2,Medium
8/5/2023,13:06:26,26.3,69,0,2023-08-05 13:06:26,2,Medium
8/5/2023,13:06:30,26.3,69,0,2023-08-05 13:06:30,2,Medium
8/5/2023,13:06:34,26.3,69,0,2023-08-05 13:06:34,2,Medium
8/5/2023,13:06:38,26.3,69,0,2023-08-05 13:06:38,2,Medium
8/5/2023,13:06:42,26.3,69,0,2023-08-05 13:06:42,2,Medium
8/5/2023,13:06:46,26.4,69,0,2023-08-05 13:06:46,2,Medium
8/5/2023,13:06:50,26.4,69,0,2023-08-05 13:06:50,2,Medium
8/5/2023,13:06:55,26.4,69,0,2023-08-05 13:06:55,2,Medium
8/5/2023,13:06:59,26.4,69,0,2023-08-05 13:06:59,2,Medium
8/5/2023,13:07:03,26.4,69,0,2023-08-05 13:07:03,2,Medium
8/5/2023,13:07:07,26.4,69,0,2023-08-05 13:07:07,2,Medium
8/5/2023,13:07:11,26.4,69,0,2023-08-05 13:07:11,2,Medium
8/5/2023,13:07:15,26.4,69,0,2023-08-05 13:07:15,2,Medium
8/5/2023,13:07:19,26.4,69,0,2023-08-05 13:07:19,2,Medium
8/5/2023,13:07:23,26.4,69,0,2023-08-05 13:07:23,2,Medium
8/5/2023,13:07:27,26.4,69,0,2023-08-05 13:07:27,2,Medium
8/5/2023,13:07:32,26.4,69,0,2023-08-05 13:07:32,2,Medium
8/5/2023,13:07:35,26.4,69,0,2023-08-05 13:07:35,2,Medium
8/5/2023,13:07:39,26.4,68,0,2023-08-05 13:07:39,2,Medium
8/5/2023,13:07:44,26.4,68,0,2023-08-05 13:07:44,2,Medium
8/5/2023,13:07:48,26.4,68,0,2023-08-05 13:07:48,2,Medium
8/5/2023,13:07:52,26.4,68,0,2023-08-05 13:07:52,2,Medium
8/5/2023,13:07:56,26.4,68,0,2023-08-05 13:07:56,2,Medium
8/5/2023,13:08:00,26.4,68,0,2023-08-05 13:08:00,2,Medium
8/5/2023,13:08:05,26.4,68,0,2023-08-05 13:08:05,2,Medium
8/5/2023,13:08:09,26.4,68,0,2023-08-05 13:08:09,2,Medium
8/5/2023,13:08:13,26.4,68,0,2023-08-05 13:08:13,2,Medium
8/5/2023,13:08:17,26.4,68,0,2023-08-05 13:08:17,2,Medium
8/5/2023,13:08:21,26.4,68,0,2023-08-05 13:08:21,2,Medium
8/5/2023,13:08:25,26.4,68,0,2023-08-05 13:08:25,2,Medium
8/5/2023,13:08:30,26.4,68,0,2023-08-05 13:08:30,2,Medium
8/5/2023,13:08:34,26.4,68,0,2023-08-05 13:08:34,2,Medium
8/5/2023,13:08:38,26.4,68,0,2023-08-05 13:08:38,2,Medium
8/5/2023,13:08:42,26.4,68,0,2023-08-05 13:08:42,2,Medium
8/5/2023,13:08:46,26.4,68,0,2023-08-05 13:08:46,2,Medium
8/5/2023,13:08:50,26.4,68,0,2023-08-05 13:08:50,2,Medium
8/5/2023,13:08:54,26.4,68,0,2023-08-05 13:08:54,2,Medium
8/5/2023,13:08:57,26.4,68,0,2023-08-05 13:08:57,2,Medium
8/5/2023,13:09:01,26.4,68,0,2023-08-05 13:09:01,2,Medium
8/5/2023,13:09:05,26.4,68,0,2023-08-05 13:09:05,2,Medium
8/5/2023,13:09:10,26.4,68,0,2023-08-05 13:09:10,2,Medium
8/5/2023,13:09:15,26.4,68,0,2023-08-05 13:09:15,2,Medium
8/5/2023,13:09:19,26.4,68,0,2023-08-05 13:09:19,2,Medium
8/5/2023,13:09:24,26.4,68,0,2023-08-05 13:09:24,2,Medium
8/5/2023,13:09:28,26.4,68,0,2023-08-05 13:09:28,2,Medium
8/5/2023,13:09:33,26.4,68,0,2023-08-05 13:09:33,2,Medium
8/5/2023,13:09:37,26.4,68,0,2023-08-05 13:09:37,2,Medium
8/5/2023,13:09:41,26.4,68,0,2023-08-05 13:09:41,2,Medium
8/5/2023,13:09:46,26.5,68,0,2023-08-05 13:09:46,2,Medium
8/5/2023,13:09:50,26.4,68,0,2023-08-05 13:09:50,2,Medium
8/5/2023,13:09:54,26.5,68,0,2023-08-05 13:09:54,2,Medium
8/5/2023,13:09:58,26.5,68,0,2023-08-05 13:09:58,2,Medium
8/5/2023,13:10:02,26.4,68,0,2023-08-05 13:10:02,2,Medium
8/5/2023,13:10:07,26.5,68,0,2023-08-05 13:10:07,2,Medium
8/5/2023,13:10:11,26.5,68,0,2023-08-05 13:10:11,2,Medium
8/5/2023,13:10:15,26.5,68,0,2023-08-05 13:10:15,2,Medium
8/5/2023,13:10:19,26.5,68,0,2023-08-05 13:10:19,2,Medium
8/5/2023,13:10:23,26.5,68,0,2023-08-05 13:10:23,2,Medium
8/5/2023,13:10:27,26.5,68,0,2023-08-05 13:10:27,2,Medium
8/5/2023,13:10:32,26.5,68,0,2023-08-05 13:10:32,2,Medium
8/5/2023,13:10:36,26.5,68,0,2023-08-05 13:10:36,2,Medium
8/5/2023,13:10:41,26.5,67,0,2023-08-05 13:10:41,2,Medium
8/5/2023,13:10:45,26.5,68,0,2023-08-05 13:10:45,2,Medium
8/5/2023,13:10:49,26.5,68,0,2023-08-05 13:10:49,2,Medium
8/5/2023,13:10:54,26.5,68,0,2023-08-05 13:10:54,2,Medium
8/5/2023,13:10:58,26.5,67,0,2023-08-05 13:10:58,2,Medium
8/5/2023,13:11:02,26.5,68,0,2023-08-05 13:11:02,2,Medium
8/5/2023,13:11:06,26.5,67,0,2023-08-05 13:11:06,2,Medium
8/5/2023,13:11:10,26.5,68,0,2023-08-05 13:11:10,2,Medium
8/5/2023,13:11:14,26.5,68,0,2023-08-05 13:11:14,2,Medium
8/5/2023,13:11:18,26.5,67,0,2023-08-05 13:11:18,2,Medium
8/5/2023,13:11:22,26.5,67,0,2023-08-05 13:11:22,2,Medium
8/5/2023,13:11:26,26.5,67,0,2023-08-05 13:11:26,2,Medium
8/5/2023,13:11:30,26.5,67,0,2023-08-05 13:11:30,2,Medium
8/5/2023,13:11:34,26.5,67,0,2023-08-05 13:11:34,2,Medium
8/5/2023,13:11:38,26.5,67,0,2023-08-05 13:11:38,2,Medium
8/5/2023,13:11:42,26.5,67,0,2023-08-05 13:11:42,2,Medium
8/5/2023,13:11:46,26.5,67,0,2023-08-05 13:11:46,2,Medium
8/5/2023,13:11:50,26.5,67,0,2023-08-05 13:11:50,2,Medium
8/5/2023,13:11:54,26.5,67,0,2023-08-05 13:11:54,2,Medium
8/5/2023,13:11:58,26.5,67,0,2023-08-05 13:11:58,2,Medium
8/5/2023,13:12:02,26.5,67,0,2023-08-05 13:12:02,2,Medium
8/5/2023,13:12:07,26.5,67,0,2023-08-05 13:12:07,2,Medium
8/5/2023,13:12:12,26.5,67,0,2023-08-05 13:12:12,2,Medium
8/5/2023,13:12:16,26.5,67,0,2023-08-05 13:12:16,2,Medium
8/5/2023,13:12:21,26.5,67,0,2023-08-05 13:12:21,2,Medium
8/5/2023,13:12:25,26.5,67,0,2023-08-05 13:12:25,2,Medium
8/5/2023,13:12:30,26.5,67,0,2023-08-05 13:12:30,2,Medium
8/5/2023,13:12:33,26.5,67,0,2023-08-05 13:12:33,2,Medium
8/5/2023,13:12:37,26.5,67,0,2023-08-05 13:12:37,2,Medium
8/5/2023,13:12:41,26.5,67,0,2023-08-05 13:12:41,2,Medium
8/5/2023,13:12:45,26.5,67,0,2023-08-05 13:12:45,2,Medium
8/5/2023,13:12:49,26.5,67,0,2023-08-05 13:12:49,2,Medium
8/5/2023,13:12:53,26.5,67,0,2023-08-05 13:12:53,2,Medium
8/5/2023,13:12:57,26.5,67,0,2023-08-05 13:12:57,2,Medium
8/5/2023,13:13:02,26.5,67,0,2023-08-05 13:13:02,2,Medium
8/5/2023,13:13:06,26.5,67,0,2023-08-05 13:13:06,2,Medium
8/5/2023,13:13:10,26.5,67,0,2023-08-05 13:13:10,2,Medium
8/5/2023,13:13:15,26.5,67,0,2023-08-05 13:13:15,2,Medium
8/5/2023,13:13:19,26.5,67,0,2023-08-05 13:13:19,2,Medium
8/5/2023,13:13:23,26.5,67,0,2023-08-05 13:13:23,2,Medium
8/5/2023,13:13:28,26.5,67,0,2023-08-05 13:13:28,2,Medium
8/5/2023,13:13:33,26.5,67,0,2023-08-05 13:13:33,2,Medium
8/5/2023,13:13:37,26.5,67,0,2023-08-05 13:13:37,2,Medium
8/5/2023,13:13:41,26.5,67,0,2023-08-05 13:13:41,2,Medium
8/5/2023,13:13:45,26.5,67,0,2023-08-05 13:13:45,2,Medium
8/5/2023,13:13:49,26.5,67,0,2023-08-05 13:13:49,2,Medium
8/5/2023,13:13:53,26.5,67,0,2023-08-05 13:13:53,2,Medium
8/5/2023,13:13:57,26.5,67,0,2023-08-05 13:13:57,2,Medium
8/5/2023,13:14:01,26.5,67,0,2023-08-05 13:14:01,2,Medium
8/5/2023,13:14:05,26.5,67,0,2023-08-05 13:14:05,2,Medium
8/5/2023,13:14:10,26.5,67,0,2023-08-05 13:14:10,2,Medium
8/5/2023,13:14:14,26.5,67,0,2023-08-05 13:14:14,2,Medium
8/5/2023,13:14:18,26.5,67,0,2023-08-05 13:14:18,2,Medium
8/5/2023,13:14:21,26.5,67,0,2023-08-05 13:14:21,2,Medium
8/5/2023,13:14:25,26.5,67,0,2023-08-05 13:14:25,2,Medium
8/5/2023,13:14:30,26.5,67,0,2023-08-05 13:14:30,2,Medium
8/5/2023,13:14:33,26.5,67,0,2023-08-05 13:14:33,2,Medium
8/5/2023,13:14:37,26.5,67,0,2023-08-05 13:14:37,2,Medium
8/5/2023,13:14:41,26.5,67,0,2023-08-05 13:14:41,2,Medium
8/5/2023,13:14:45,26.5,67,0,2023-08-05 13:14:45,2,Medium
8/5/2023,13:14:49,26.5,67,0,2023-08-05 13:14:49,2,Medium
8/5/2023,13:14:53,26.5,67,0,2023-08-05 13:14:53,2,Medium
8/5/2023,13:14:57,26.5,67,0,2023-08-05 13:14:57,2,Medium
8/5/2023,13:15:00,26.5,67,0,2023-08-05 13:15:00,2,Medium
8/5/2023,13:15:05,26.5,67,0,2023-08-05 13:15:05,2,Medium
8/5/2023,13:15:09,26.5,67,0,2023-08-05 13:15:09,2,Medium
8/5/2023,13:15:13,26.6,67,0,2023-08-05 13:15:13,2,Medium
8/5/2023,13:15:17,26.6,67,0,2023-08-05 13:15:17,2,Medium
8/5/2023,13:15:20,26.6,67,0,2023-08-05 13:15:20,2,Medium
8/5/2023,13:15:25,26.6,67,0,2023-08-05 13:15:25,2,Medium
8/5/2023,13:15:29,26.6,67,0,2023-08-05 13:15:29,2,Medium
8/5/2023,13:15:33,26.6,67,0,2023-08-05 13:15:33,2,Medium
8/5/2023,13:15:37,26.6,67,0,2023-08-05 13:15:37,2,Medium
8/5/2023,13:15:41,26.6,67,0,2023-08-05 13:15:41,2,Medium
8/5/2023,13:15:45,26.6,67,0,2023-08-05 13:15:45,2,Medium
8/5/2023,13:15:49,26.6,67,0,2023-08-05 13:15:49,2,Medium
8/5/2023,13:15:54,26.6,67,0,2023-08-05 13:15:54,2,Medium
8/5/2023,13:16:02,26.6,67,0,2023-08-05 13:16:02,2,Medium
8/5/2023,13:16:08,26.6,67,0,2023-08-05 13:16:08,2,Medium
8/5/2023,13:16:16,26.6,67,0,2023-08-05 13:16:16,2,Medium
8/5/2023,13:16:21,26.6,67,0,2023-08-05 13:16:21,2,Medium
8/5/2023,13:16:25,26.6,67,0,2023-08-05 13:16:25,2,Medium
8/5/2023,13:16:29,26.6,67,0,2023-08-05 13:16:29,2,Medium
8/5/2023,13:16:33,26.6,66,0,2023-08-05 13:16:33,2,Medium
8/5/2023,13:16:37,26.6,66,0,2023-08-05 13:16:37,2,Medium
8/5/2023,13:16:40,26.6,66,0,2023-08-05 13:16:40,2,Medium
8/5/2023,13:16:44,26.6,66,0,2023-08-05 13:16:44,2,Medium
8/5/2023,13:16:48,26.6,66,0,2023-08-05 13:16:48,2,Medium
8/5/2023,13:16:52,26.6,66,0,2023-08-05 13:16:52,2,Medium
8/5/2023,13:16:56,26.7,66,0,2023-08-05 13:16:56,2,Medium
8/5/2023,13:17:00,26.7,66,0,2023-08-05 13:17:00,2,Medium
8/5/2023,13:17:04,26.7,66,0,2023-08-05 13:17:04,2,Medium
8/5/2023,13:17:08,26.7,66,0,2023-08-05 13:17:08,2,Medium
8/5/2023,13:17:12,26.7,66,0,2023-08-05 13:17:12,2,Medium
8/5/2023,13:17:16,26.7,66,0,2023-08-05 13:17:16,2,Medium
8/5/2023,13:17:20,26.7,66,0,2023-08-05 13:17:20,2,Medium
8/5/2023,13:17:25,26.7,66,0,2023-08-05 13:17:25,2,Medium
8/5/2023,13:17:28,26.7,66,0,2023-08-05 13:17:28,2,Medium
8/5/2023,13:17:32,26.7,66,0,2023-08-05 13:17:32,2,Medium
8/5/2023,13:17:36,26.7,66,0,2023-08-05 13:17:36,2,Medium
8/5/2023,13:17:40,26.7,66,0,2023-08-05 13:17:40,2,Medium
8/5/2023,13:17:45,26.7,66,0,2023-08-05 13:17:45,2,Medium
8/5/2023,13:17:48,26.7,66,0,2023-08-05 13:17:48,2,Medium
8/5/2023,13:17:52,26.7,66,0,2023-08-05 13:17:52,2,Medium
8/5/2023,13:17:56,26.7,66,0,2023-08-05 13:17:56,2,Medium
8/5/2023,13:18:00,26.7,66,0,2023-08-05 13:18:00,2,Medium
8/5/2023,13:18:04,26.7,66,0,2023-08-05 13:18:04,2,Medium
8/5/2023,13:18:08,26.7,66,0,2023-08-05 13:18:08,2,Medium
8/5/2023,13:18:12,26.7,66,0,2023-08-05 13:18:12,2,Medium
8/5/2023,13:18:16,26.7,66,0,2023-08-05 13:18:16,2,Medium
8/5/2023,13:18:20,26.7,66,0,2023-08-05 13:18:20,2,Medium
8/5/2023,13:18:24,26.7,66,0,2023-08-05 13:18:24,2,Medium
8/5/2023,13:18:28,26.7,66,0,2023-08-05 13:18:28,2,Medium
8/5/2023,13:18:32,26.7,66,0,2023-08-05 13:18:32,2,Medium
8/5/2023,13:18:36,26.7,66,0,2023-08-05 13:18:36,2,Medium
8/5/2023,13:18:40,26.7,66,0,2023-08-05 13:18:40,2,Medium
8/5/2023,13:18:45,26.7,66,0,2023-08-05 13:18:45,2,Medium
8/5/2023,13:18:49,26.7,66,0,2023-08-05 13:18:49,2,Medium
8/5/2023,13:18:53,26.7,66,0,2023-08-05 13:18:53,2,Medium
8/5/2023,13:18:57,26.7,65,0,2023-08-05 13:18:57,2,Medium
8/5/2023,13:19:01,26.7,66,0,2023-08-05 13:19:01,2,Medium
8/5/2023,13:19:05,26.7,66,0,2023-08-05 13:19:05,2,Medium
8/5/2023,13:19:09,26.7,66,0,2023-08-05 13:19:09,2,Medium
8/5/2023,13:19:14,26.7,66,0,2023-08-05 13:19:14,2,Medium
8/5/2023,13:19:18,26.7,66,0,2023-08-05 13:19:18,2,Medium
8/5/2023,13:19:23,26.7,65,0,2023-08-05 13:19:23,2,Medium
8/5/2023,13:19:27,26.7,65,0,2023-08-05 13:19:27,2,Medium
8/5/2023,13:19:32,26.7,65,0,2023-08-05 13:19:32,2,Medium
8/5/2023,13:19:36,26.7,65,0,2023-08-05 13:19:36,2,Medium
8/5/2023,13:19:40,26.6,65,0,2023-08-05 13:19:40,2,Medium
8/5/2023,13:19:44,26.7,65,0,2023-08-05 13:19:44,2,Medium
8/5/2023,13:19:48,26.7,66,0,2023-08-05 13:19:48,2,Medium
8/5/2023,13:19:52,26.6,65,0,2023-08-05 13:19:52,2,Medium
8/5/2023,13:19:56,26.6,65,0,2023-08-05 13:19:56,2,Medium
8/5/2023,13:20:00,26.6,65,0,2023-08-05 13:20:00,2,Medium
8/5/2023,13:20:04,26.6,65,0,2023-08-05 13:20:04,2,Medium
8/5/2023,13:20:08,26.6,65,0,2023-08-05 13:20:08,2,Medium
8/5/2023,13:20:12,26.6,65,0,2023-08-05 13:20:12,2,Medium
8/5/2023,13:20:16,26.6,66,0,2023-08-05 13:20:16,2,Medium
8/5/2023,13:20:20,26.6,66,0,2023-08-05 13:20:20,2,Medium
8/5/2023,13:20:24,26.6,66,0,2023-08-05 13:20:24,2,Medium
8/5/2023,13:20:28,26.6,66,0,2023-08-05 13:20:28,2,Medium
8/5/2023,13:20:32,26.6,66,0,2023-08-05 13:20:32,2,Medium
8/5/2023,13:20:36,26.6,66,0,2023-08-05 13:20:36,2,Medium
8/5/2023,13:20:40,26.6,66,0,2023-08-05 13:20:40,2,Medium
8/5/2023,13:20:45,26.6,66,0,2023-08-05 13:20:45,2,Medium
8/5/2023,13:20:49,26.6,66,0,2023-08-05 13:20:49,2,Medium
8/5/2023,13:20:53,26.6,66,0,2023-08-05 13:20:53,2,Medium
8/5/2023,13:20:57,26.6,66,0,2023-08-05 13:20:57,2,Medium
8/5/2023,13:21:01,26.6,66,0,2023-08-05 13:21:01,2,Medium
8/5/2023,13:21:06,26.6,66,0,2023-08-05 13:21:06,2,Medium
8/5/2023,13:21:10,26.6,66,0,2023-08-05 13:21:10,2,Medium
8/5/2023,13:21:13,26.6,66,0,2023-08-05 13:21:13,2,Medium
8/5/2023,13:21:17,26.6,66,0,2023-08-05 13:21:17,2,Medium
8/5/2023,13:21:22,26.6,66,0,2023-08-05 13:21:22,2,Medium
8/5/2023,13:21:26,26.6,66,0,2023-08-05 13:21:26,2,Medium
8/5/2023,13:21:30,26.6,66,0,2023-08-05 13:21:30,2,Medium
8/5/2023,13:21:34,26.6,66,0,2023-08-05 13:21:34,2,Medium
8/5/2023,13:21:38,26.7,66,0,2023-08-05 13:21:38,2,Medium
8/5/2023,13:21:42,26.7,66,0,2023-08-05 13:21:42,2,Medium
8/5/2023,13:21:46,26.7,66,0,2023-08-05 13:21:46,2,Medium
8/5/2023,13:21:50,26.7,66,0,2023-08-05 13:21:50,2,Medium
8/5/2023,13:21:54,26.7,66,0,2023-08-05 13:21:54,2,Medium
8/5/2023,13:21:58,26.7,66,0,2023-08-05 13:21:58,2,Medium
8/5/2023,13:22:02,26.7,66,0,2023-08-05 13:22:02,2,Medium
8/5/2023,13:22:06,26.7,66,0,2023-08-05 13:22:06,2,Medium
8/5/2023,13:22:11,26.7,66,0,2023-08-05 13:22:11,2,Medium
8/5/2023,13:22:15,26.7,66,0,2023-08-05 13:22:15,2,Medium
8/5/2023,13:22:18,26.7,66,0,2023-08-05 13:22:18,2,Medium
8/5/2023,13:22:22,26.7,66,0,2023-08-05 13:22:22,2,Medium
8/5/2023,13:22:27,26.7,66,0,2023-08-05 13:22:27,2,Medium
8/5/2023,13:22:31,26.7,66,0,2023-08-05 13:22:31,2,Medium
8/5/2023,13:22:35,26.7,66,0,2023-08-05 13:22:35,2,Medium
8/5/2023,13:22:40,26.7,66,0,2023-08-05 13:22:40,2,Medium
8/5/2023,13:22:44,26.7,66,0,2023-08-05 13:22:44,2,Medium
8/5/2023,13:22:48,26.7,66,0,2023-08-05 13:22:48,2,Medium
8/5/2023,13:22:52,26.7,66,0,2023-08-05 13:22:52,2,Medium
8/5/2023,13:22:56,26.7,66,0,2023-08-05 13:22:56,2,Medium
8/5/2023,13:23:00,26.7,66,0,2023-08-05 13:23:00,2,Medium
8/5/2023,13:23:04,26.7,66,0,2023-08-05 13:23:04,2,Medium
8/5/2023,13:23:08,26.7,66,0,2023-08-05 13:23:08,2,Medium
8/5/2023,13:23:11,26.7,66,0,2023-08-05 13:23:11,2,Medium
8/5/2023,13:23:16,26.7,66,0,2023-08-05 13:23:16,2,Medium
8/5/2023,13:23:20,26.7,66,0,2023-08-05 13:23:20,2,Medium
8/5/2023,13:23:24,26.7,66,0,2023-08-05 13:23:24,2,Medium
8/5/2023,13:23:27,26.7,66,0,2023-08-05 13:23:27,2,Medium
8/5/2023,13:23:31,26.7,66,0,2023-08-05 13:23:31,2,Medium
8/5/2023,13:23:35,26.7,66,0,2023-08-05 13:23:35,2,Medium
8/5/2023,13:23:39,26.7,66,0,2023-08-05 13:23:39,2,Medium
8/5/2023,13:23:43,26.7,66,0,2023-08-05 13:23:43,2,Medium
8/5/2023,13:23:47,26.7,66,0,2023-08-05 13:23:47,2,Medium
8/5/2023,13:23:51,26.7,66,0,2023-08-05 13:23:51,2,Medium
8/5/2023,13:23:55,26.7,66,0,2023-08-05 13:23:55,2,Medium
8/5/2023,13:23:59,26.7,66,0,2023-08-05 13:23:59,2,Medium
8/5/2023,13:24:03,26.7,66,0,2023-08-05 13:24:03,2,Medium
8/5/2023,13:24:07,26.7,66,0,2023-08-05 13:24:07,2,Medium
8/5/2023,13:24:11,26.7,66,0,2023-08-05 13:24:11,2,Medium
8/5/2023,13:24:15,26.7,66,0,2023-08-05 13:24:15,2,Medium
8/5/2023,13:24:19,26.7,66,0,2023-08-05 13:24:19,2,Medium
8/5/2023,13:24:23,26.7,66,0,2023-08-05 13:24:23,2,Medium
8/5/2023,13:24:28,26.7,66,0,2023-08-05 13:24:28,2,Medium
8/5/2023,13:24:32,26.7,66,0,2023-08-05 13:24:32,2,Medium
8/5/2023,13:24:37,26.7,66,0,2023-08-05 13:24:37,2,Medium
8/5/2023,13:24:40,26.7,66,0,2023-08-05 13:24:40,2,Medium
8/5/2023,13:24:44,26.7,66,0,2023-08-05 13:24:44,2,Medium
8/5/2023,13:24:49,26.7,66,0,2023-08-05 13:24:49,2,Medium
8/5/2023,13:24:53,26.7,66,0,2023-08-05 13:24:53,2,Medium
8/5/2023,13:24:57,26.7,66,0,2023-08-05 13:24:57,2,Medium
8/5/2023,13:25:01,26.7,66,0,2023-08-05 13:25:01,2,Medium
8/5/2023,13:25:04,26.7,66,0,2023-08-05 13:25:04,2,Medium
8/5/2023,13:25:09,26.7,66,0,2023-08-05 13:25:09,2,Medium
8/5/2023,13:25:12,26.7,66,0,2023-08-05 13:25:12,2,Medium
8/5/2023,13:25:17,26.7,66,0,2023-08-05 13:25:17,2,Medium
8/5/2023,13:25:21,26.7,66,0,2023-08-05 13:25:21,2,Medium
8/5/2023,13:25:26,26.7,66,0,2023-08-05 13:25:26,2,Medium
8/5/2023,13:25:30,26.7,66,0,2023-08-05 13:25:30,2,Medium
8/5/2023,13:25:34,26.8,66,0,2023-08-05 13:25:34,2,Medium
8/5/2023,13:25:38,26.8,66,0,2023-08-05 13:25:38,2,Medium
8/5/2023,13:25:43,26.8,66,0,2023-08-05 13:25:43,2,Medium
8/5/2023,13:25:47,26.8,66,0,2023-08-05 13:25:47,2,Medium
8/5/2023,13:25:51,26.8,66,0,2023-08-05 13:25:51,2,Medium
8/5/2023,13:25:55,26.8,66,0,2023-08-05 13:25:55,2,Medium
8/5/2023,13:25:59,26.8,66,0,2023-08-05 13:25:59,2,Medium
8/5/2023,13:26:04,26.8,66,0,2023-08-05 13:26:04,2,Medium
8/5/2023,13:26:09,26.8,66,0,2023-08-05 13:26:09,2,Medium
8/5/2023,13:26:13,26.8,66,0,2023-08-05 13:26:13,2,Medium
8/5/2023,13:26:18,26.8,66,0,2023-08-05 13:26:18,2,Medium
8/5/2023,13:26:22,26.8,66,0,2023-08-05 13:26:22,2,Medium
8/5/2023,13:26:27,26.7,66,0,2023-08-05 13:26:27,2,Medium
8/5/2023,13:26:31,26.8,66,0,2023-08-05 13:26:31,2,Medium
8/5/2023,13:26:35,26.8,66,0,2023-08-05 13:26:35,2,Medium
8/5/2023,13:26:40,26.8,66,0,2023-08-05 13:26:40,2,Medium
8/5/2023,13:26:44,26.8,66,0,2023-08-05 13:26:44,2,Medium
8/5/2023,13:26:48,26.8,66,0,2023-08-05 13:26:48,2,Medium
8/5/2023,13:26:51,26.8,66,0,2023-08-05 13:26:51,2,Medium
8/5/2023,13:26:56,26.8,66,0,2023-08-05 13:26:56,2,Medium
8/5/2023,13:27:00,26.8,66,0,2023-08-05 13:27:00,2,Medium
8/5/2023,13:27:04,26.8,66,0,2023-08-05 13:27:04,2,Medium
8/5/2023,13:27:09,26.8,66,0,2023-08-05 13:27:09,2,Medium
8/5/2023,13:27:13,26.8,66,0,2023-08-05 13:27:13,2,Medium
8/5/2023,13:27:17,26.8,66,0,2023-08-05 13:27:17,2,Medium
8/5/2023,13:27:21,26.8,66,0,2023-08-05 13:27:21,2,Medium
8/5/2023,13:27:26,26.8,66,0,2023-08-05 13:27:26,2,Medium
8/5/2023,13:27:30,26.8,66,0,2023-08-05 13:27:30,2,Medium
8/5/2023,13:27:34,26.8,66,0,2023-08-05 13:27:34,2,Medium
8/5/2023,13:27:38,26.8,66,0,2023-08-05 13:27:38,2,Medium
8/5/2023,13:27:43,26.8,66,0,2023-08-05 13:27:43,2,Medium
8/5/2023,13:27:48,26.8,66,0,2023-08-05 13:27:48,2,Medium
8/5/2023,13:27:52,26.8,66,0,2023-08-05 13:27:52,2,Medium
8/5/2023,13:27:56,26.8,66,0,2023-08-05 13:27:56,2,Medium
8/5/2023,13:28:01,26.8,66,0,2023-08-05 13:28:01,2,Medium
8/5/2023,13:28:05,26.8,66,0,2023-08-05 13:28:05,2,Medium
8/5/2023,13:28:09,26.8,66,0,2023-08-05 13:28:09,2,Medium
8/5/2023,13:28:13,26.8,66,0,2023-08-05 13:28:13,2,Medium
8/5/2023,13:28:17,26.8,66,0,2023-08-05 13:28:17,2,Medium
8/5/2023,13:28:21,26.8,66,0,2023-08-05 13:28:21,2,Medium
8/5/2023,13:28:25,26.8,66,0,2023-08-05 13:28:25,2,Medium
8/5/2023,13:28:29,26.8,66,0,2023-08-05 13:28:29,2,Medium
8/5/2023,13:28:33,26.8,66,0,2023-08-05 13:28:33,2,Medium
8/5/2023,13:28:37,26.8,66,0,2023-08-05 13:28:37,2,Medium
8/5/2023,13:28:41,26.8,66,0,2023-08-05 13:28:41,2,Medium
8/5/2023,13:28:45,26.8,66,0,2023-08-05 13:28:45,2,Medium
8/5/2023,13:28:50,26.8,66,0,2023-08-05 13:28:50,2,Medium
8/5/2023,13:28:54,26.8,66,0,2023-08-05 13:28:54,2,Medium
8/5/2023,13:28:58,26.8,66,0,2023-08-05 13:28:58,2,Medium
8/5/2023,13:29:02,26.8,66,0,2023-08-05 13:29:02,2,Medium
8/5/2023,13:29:06,26.8,66,0,2023-08-05 13:29:06,2,Medium
8/5/2023,13:29:10,26.8,66,0,2023-08-05 13:29:10,2,Medium
8/5/2023,13:29:14,26.8,66,0,2023-08-05 13:29:14,2,Medium
8/5/2023,13:29:18,26.8,66,0,2023-08-05 13:29:18,2,Medium
8/5/2023,13:29:22,26.8,66,0,2023-08-05 13:29:22,2,Medium
8/5/2023,13:29:26,26.8,66,0,2023-08-05 13:29:26,2,Medium
8/5/2023,13:29:30,26.8,66,0,2023-08-05 13:29:30,2,Medium
8/5/2023,13:29:35,26.8,66,0,2023-08-05 13:29:35,2,Medium
8/5/2023,13:29:39,26.8,66,0,2023-08-05 13:29:39,2,Medium
8/5/2023,13:29:43,26.8,66,0,2023-08-05 13:29:43,2,Medium
8/5/2023,13:29:47,26.8,66,0,2023-08-05 13:29:47,2,Medium
8/5/2023,13:29:51,26.8,66,0,2023-08-05 13:29:51,2,Medium
8/5/2023,13:29:55,26.8,66,0,2023-08-05 13:29:55,2,Medium
8/5/2023,13:29:59,26.8,66,0,2023-08-05 13:29:59,2,Medium
8/5/2023,13:30:04,26.8,66,0,2023-08-05 13:30:04,2,Medium
8/5/2023,13:30:08,26.8,66,0,2023-08-05 13:30:08,2,Medium
8/5/2023,13:30:13,26.8,66,0,2023-08-05 13:30:13,2,Medium
8/5/2023,13:30:17,26.8,66,0,2023-08-05 13:30:17,2,Medium
8/5/2023,13:30:21,26.8,66,0,2023-08-05 13:30:21,2,Medium
8/5/2023,13:30:25,26.8,66,0,2023-08-05 13:30:25,2,Medium
8/5/2023,13:30:29,26.8,66,0,2023-08-05 13:30:29,2,Medium
8/5/2023,13:30:33,26.8,66,0,2023-08-05 13:30:33,2,Medium
8/5/2023,13:30:38,26.8,66,0,2023-08-05 13:30:38,2,Medium
8/5/2023,13:30:42,26.8,66,0,2023-08-05 13:30:42,2,Medium
8/5/2023,13:30:46,26.8,66,0,2023-08-05 13:30:46,2,Medium
8/5/2023,13:30:50,26.8,66,0,2023-08-05 13:30:50,2,Medium
8/5/2023,13:30:54,26.8,66,0,2023-08-05 13:30:54,2,Medium
8/5/2023,13:30:58,26.8,66,0,2023-08-05 13:30:58,2,Medium
8/5/2023,13:31:03,26.8,66,0,2023-08-05 13:31:03,2,Medium
8/5/2023,13:31:07,26.8,66,0,2023-08-05 13:31:07,2,Medium
8/5/2023,13:31:11,26.8,66,0,2023-08-05 13:31:11,2,Medium
8/5/2023,13:31:15,26.8,66,0,2023-08-05 13:31:15,2,Medium
8/5/2023,13:31:20,26.8,66,0,2023-08-05 13:31:20,2,Medium
8/5/2023,13:31:25,26.8,66,0,2023-08-05 13:31:25,2,Medium
8/5/2023,13:31:29,26.8,66,0,2023-08-05 13:31:29,2,Medium
8/5/2023,13:31:33,26.8,66,0,2023-08-05 13:31:33,2,Medium
8/5/2023,13:31:37,26.8,66,0,2023-08-05 13:31:37,2,Medium
8/5/2023,13:31:41,26.8,66,0,2023-08-05 13:31:41,2,Medium
8/5/2023,13:31:45,26.8,66,0,2023-08-05 13:31:45,2,Medium
8/5/2023,13:31:49,26.8,66,0,2023-08-05 13:31:49,2,Medium
8/5/2023,13:31:54,26.8,66,0,2023-08-05 13:31:54,2,Medium
8/5/2023,13:31:58,26.8,66,0,2023-08-05 13:31:58,2,Medium
8/5/2023,13:32:02,26.8,66,0,2023-08-05 13:32:02,2,Medium
8/5/2023,13:32:07,26.8,66,0,2023-08-05 13:32:07,2,Medium
8/5/2023,13:32:11,26.8,66,0,2023-08-05 13:32:11,2,Medium
8/5/2023,13:32:15,26.8,66,0,2023-08-05 13:32:15,2,Medium
8/5/2023,13:32:19,26.8,66,0,2023-08-05 13:32:19,2,Medium
8/5/2023,13:32:24,26.8,66,0,2023-08-05 13:32:24,2,Medium
8/5/2023,13:32:28,26.8,66,0,2023-08-05 13:32:28,2,Medium
8/5/2023,13:32:32,26.8,66,0,2023-08-05 13:32:32,2,Medium
8/5/2023,13:32:36,26.8,66,0,2023-08-05 13:32:36,2,Medium
8/5/2023,13:32:40,26.8,66,0,2023-08-05 13:32:40,2,Medium
8/5/2023,13:32:44,26.8,66,0,2023-08-05 13:32:44,2,Medium
8/5/2023,13:32:49,26.8,66,0,2023-08-05 13:32:49,2,Medium
8/5/2023,13:32:54,26.8,66,0,2023-08-05 13:32:54,2,Medium
8/5/2023,13:32:58,26.8,66,0,2023-08-05 13:32:58,2,Medium
8/5/2023,13:33:03,26.8,66,0,2023-08-05 13:33:03,2,Medium
8/5/2023,13:33:07,26.8,66,0,2023-08-05 13:33:07,2,Medium
8/5/2023,13:33:11,26.8,66,0,2023-08-05 13:33:11,2,Medium
8/5/2023,13:33:15,26.8,66,0,2023-08-05 13:33:15,2,Medium
8/5/2023,13:33:19,26.8,66,0,2023-08-05 13:33:19,2,Medium
8/5/2023,13:33:24,26.9,66,0,2023-08-05 13:33:24,2,Medium
8/5/2023,13:33:28,26.9,66,0,2023-08-05 13:33:28,2,Medium
8/5/2023,13:33:31,26.9,66,0,2023-08-05 13:33:31,2,Medium
8/5/2023,13:33:36,26.9,66,0,2023-08-05 13:33:36,2,Medium
8/5/2023,13:33:41,26.9,66,0,2023-08-05 13:33:41,2,Medium
8/5/2023,13:33:46,26.9,66,0,2023-08-05 13:33:46,2,Medium
8/5/2023,13:33:50,26.9,66,0,2023-08-05 13:33:50,2,Medium
8/5/2023,13:33:54,26.9,66,0,2023-08-05 13:33:54,2,Medium
8/5/2023,13:33:58,26.9,66,0,2023-08-05 13:33:58,2,Medium
8/5/2023,13:34:03,26.9,66,0,2023-08-05 13:34:03,2,Medium
8/5/2023,13:34:07,26.9,66,0,2023-08-05 13:34:07,2,Medium
8/5/2023,13:34:11,26.9,66,0,2023-08-05 13:34:11,2,Medium
8/5/2023,13:34:15,26.9,66,0,2023-08-05 13:34:15,2,Medium
8/5/2023,13:34:20,26.9,66,0,2023-08-05 13:34:20,2,Medium
8/5/2023,13:34:24,26.9,66,0,2023-08-05 13:34:24,2,Medium
8/5/2023,13:34:28,26.9,66,0,2023-08-05 13:34:28,2,Medium
8/5/2023,13:34:32,26.9,66,0,2023-08-05 13:34:32,2,Medium
8/5/2023,13:34:36,26.9,66,0,2023-08-05 13:34:36,2,Medium
8/5/2023,13:34:40,26.9,66,0,2023-08-05 13:34:40,2,Medium
8/5/2023,13:34:45,26.9,66,0,2023-08-05 13:34:45,2,Medium
8/5/2023,13:34:49,26.9,66,0,2023-08-05 13:34:49,2,Medium
8/5/2023,13:34:53,26.9,66,0,2023-08-05 13:34:53,2,Medium
8/5/2023,13:34:57,26.9,66,0,2023-08-05 13:34:57,2,Medium
8/5/2023,13:35:02,26.9,66,0,2023-08-05 13:35:02,2,Medium
8/5/2023,13:35:06,26.9,66,0,2023-08-05 13:35:06,2,Medium
8/5/2023,13:35:10,26.9,66,0,2023-08-05 13:35:10,2,Medium
8/5/2023,13:35:14,26.9,66,0,2023-08-05 13:35:14,2,Medium
8/5/2023,13:35:19,26.9,66,0,2023-08-05 13:35:19,2,Medium
8/5/2023,13:35:24,26.9,66,0,2023-08-05 13:35:24,2,Medium
8/5/2023,13:35:28,26.9,66,0,2023-08-05 13:35:28,2,Medium
8/5/2023,13:35:31,26.9,66,0,2023-08-05 13:35:31,2,Medium
8/5/2023,13:35:36,27.0,66,0,2023-08-05 13:35:36,2,Medium
8/5/2023,13:35:40,27.0,66,0,2023-08-05 13:35:40,2,Medium
8/5/2023,13:35:44,27.0,66,0,2023-08-05 13:35:44,2,Medium
8/5/2023,13:35:48,27.0,66,0,2023-08-05 13:35:48,2,Medium
8/5/2023,13:35:52,27.0,66,0,2023-08-05 13:35:52,2,Medium
8/5/2023,13:35:57,27.0,66,0,2023-08-05 13:35:57,2,Medium
8/5/2023,13:36:01,27.0,66,0,2023-08-05 13:36:01,2,Medium
8/5/2023,13:36:05,27.0,66,0,2023-08-05 13:36:05,2,Medium
8/5/2023,13:36:09,27.0,66,0,2023-08-05 13:36:09,2,Medium
8/5/2023,13:36:13,27.0,66,0,2023-08-05 13:36:13,2,Medium
8/5/2023,13:36:17,27.0,66,0,2023-08-05 13:36:17,2,Medium
8/5/2023,13:36:22,27.0,66,0,2023-08-05 13:36:22,2,Medium
8/5/2023,13:36:26,27.0,66,0,2023-08-05 13:36:26,2,Medium
8/5/2023,13:36:30,27.0,66,0,2023-08-05 13:36:30,2,Medium
8/5/2023,13:36:35,27.0,66,0,2023-08-05 13:36:35,2,Medium
8/5/2023,13:36:41,27.0,66,0,2023-08-05 13:36:41,2,Medium
8/5/2023,13:36:45,27.0,66,0,2023-08-05 13:36:45,2,Medium
8/5/2023,13:36:49,27.0,66,0,2023-08-05 13:36:49,2,Medium
8/5/2023,13:36:52,27.0,66,0,2023-08-05 13:36:52,2,Medium
8/5/2023,13:36:57,27.0,66,0,2023-08-05 13:36:57,2,Medium
8/5/2023,13:37:01,27.0,66,0,2023-08-05 13:37:01,2,Medium
8/5/2023,13:37:05,27.0,66,0,2023-08-05 13:37:05,2,Medium
8/5/2023,13:37:10,27.0,66,0,2023-08-05 13:37:10,2,Medium
8/5/2023,13:37:14,27.0,66,0,2023-08-05 13:37:14,2,Medium
8/5/2023,13:37:21,27.0,66,0,2023-08-05 13:37:21,2,Medium
8/5/2023,13:37:25,27.1,66,0,2023-08-05 13:37:25,2,Medium
8/5/2023,13:37:30,27.1,66,0,2023-08-05 13:37:30,2,Medium
8/5/2023,13:37:34,27.1,66,0,2023-08-05 13:37:34,2,Medium
8/5/2023,13:37:39,27.1,66,0,2023-08-05 13:37:39,2,Medium
8/5/2023,13:37:43,27.1,66,0,2023-08-05 13:37:43,2,Medium
8/5/2023,13:37:48,27.1,66,0,2023-08-05 13:37:48,2,Medium
8/5/2023,13:37:52,27.1,66,0,2023-08-05 13:37:52,2,Medium
8/5/2023,13:38:00,27.0,66,0,2023-08-05 13:38:00,2,Medium
8/5/2023,13:38:04,27.0,66,0,2023-08-05 13:38:04,2,Medium
8/5/2023,13:38:09,27.0,66,0,2023-08-05 13:38:09,2,Medium
8/5/2023,13:38:14,27.0,66,0,2023-08-05 13:38:14,2,Medium
8/5/2023,13:38:18,27.0,66,0,2023-08-05 13:38:18,2,Medium
8/5/2023,13:38:21,27.0,66,0,2023-08-05 13:38:21,2,Medium
8/5/2023,13:38:25,27.0,66,0,2023-08-05 13:38:25,2,Medium
8/5/2023,13:38:30,27.0,66,0,2023-08-05 13:38:30,2,Medium
8/5/2023,13:38:34,27.0,66,0,2023-08-05 13:38:34,2,Medium
8/5/2023,13:38:39,27.0,66,0,2023-08-05 13:38:39,2,Medium
8/5/2023,13:38:43,27.0,66,0,2023-08-05 13:38:43,2,Medium
8/5/2023,13:38:47,27.0,66,0,2023-08-05 13:38:47,2,Medium
8/5/2023,13:38:51,27.0,66,0,2023-08-05 13:38:51,2,Medium
8/5/2023,13:38:55,27.0,66,0,2023-08-05 13:38:55,2,Medium
8/5/2023,13:38:59,27.0,66,0,2023-08-05 13:38:59,2,Medium
8/5/2023,13:39:03,27.0,66,0,2023-08-05 13:39:03,2,Medium
8/5/2023,13:39:07,27.0,66,0,2023-08-05 13:39:07,2,Medium
8/5/2023,13:39:11,27.0,66,0,2023-08-05 13:39:11,2,Medium
8/5/2023,13:39:16,27.0,66,0,2023-08-05 13:39:16,2,Medium
8/5/2023,13:39:20,27.0,66,0,2023-08-05 13:39:20,2,Medium
8/5/2023,13:39:24,27.0,66,0,2023-08-05 13:39:24,2,Medium
8/5/2023,13:39:28,27.0,66,0,2023-08-05 13:39:28,2,Medium
8/5/2023,13:39:32,27.0,66,0,2023-08-05 13:39:32,2,Medium
8/5/2023,13:39:36,27.0,66,0,2023-08-05 13:39:36,2,Medium
8/5/2023,13:39:40,27.0,66,0,2023-08-05 13:39:40,2,Medium
8/5/2023,13:39:44,27.0,66,0,2023-08-05 13:39:44,2,Medium
8/5/2023,13:39:48,27.0,66,0,2023-08-05 13:39:48,2,Medium
8/5/2023,13:39:52,27.0,66,0,2023-08-05 13:39:52,2,Medium
8/5/2023,13:39:56,27.0,66,0,2023-08-05 13:39:56,2,Medium
8/5/2023,13:40:00,27.0,66,0,2023-08-05 13:40:00,2,Medium
8/5/2023,13:40:04,27.0,66,0,2023-08-05 13:40:04,2,Medium
8/5/2023,13:40:08,27.0,66,0,2023-08-05 13:40:08,2,Medium
8/5/2023,13:40:16,27.0,66,0,2023-08-05 13:40:16,2,Medium
8/5/2023,13:40:21,27.0,66,0,2023-08-05 13:40:21,2,Medium
8/5/2023,13:40:25,27.0,67,0,2023-08-05 13:40:25,2,Medium
8/5/2023,13:40:29,27.0,67,0,2023-08-05 13:40:29,2,Medium
8/5/2023,13:40:33,27.0,67,0,2023-08-05 13:40:33,2,Medium
8/5/2023,13:40:38,27.0,67,0,2023-08-05 13:40:38,2,Medium
8/5/2023,13:40:42,27.0,67,0,2023-08-05 13:40:42,2,Medium
8/5/2023,13:40:47,27.0,67,0,2023-08-05 13:40:47,2,Medium
8/5/2023,13:40:51,27.0,67,0,2023-08-05 13:40:51,2,Medium
8/5/2023,13:40:55,27.0,67,0,2023-08-05 13:40:55,2,Medium
8/5/2023,13:40:59,27.0,67,0,2023-08-05 13:40:59,2,Medium
8/5/2023,13:41:03,27.0,67,0,2023-08-05 13:41:03,2,Medium
8/5/2023,13:41:08,27.0,67,0,2023-08-05 13:41:08,2,Medium
8/5/2023,13:41:12,27.0,67,0,2023-08-05 13:41:12,2,Medium
8/5/2023,13:41:16,27.0,67,0,2023-08-05 13:41:16,2,Medium
8/5/2023,13:41:20,27.0,67,0,2023-08-05 13:41:20,2,Medium
8/5/2023,13:41:24,27.0,67,0,2023-08-05 13:41:24,2,Medium
8/5/2023,13:41:28,27.0,67,0,2023-08-05 13:41:28,2,Medium
8/5/2023,13:41:32,27.0,67,0,2023-08-05 13:41:32,2,Medium
8/5/2023,13:41:36,27.0,67,0,2023-08-05 13:41:36,2,Medium
8/5/2023,13:41:41,27.0,67,0,2023-08-05 13:41:41,2,Medium
8/5/2023,13:41:45,27.0,67,0,2023-08-05 13:41:45,2,Medium
8/5/2023,13:41:49,27.0,67,0,2023-08-05 13:41:49,2,Medium
8/5/2023,13:41:54,27.0,67,0,2023-08-05 13:41:54,2,Medium
8/5/2023,13:41:59,27.1,67,0,2023-08-05 13:41:59,2,Medium
8/5/2023,13:42:03,27.1,67,0,2023-08-05 13:42:03,2,Medium
8/5/2023,13:42:08,27.1,67,0,2023-08-05 13:42:08,2,Medium
8/5/2023,13:42:13,27.1,67,0,2023-08-05 13:42:13,2,Medium
8/5/2023,13:42:17,27.1,67,0,2023-08-05 13:42:17,2,Medium
8/5/2023,13:42:22,27.1,67,0,2023-08-05 13:42:22,2,Medium
8/5/2023,13:42:25,27.1,67,0,2023-08-05 13:42:25,2,Medium
8/5/2023,13:42:30,27.1,67,0,2023-08-05 13:42:30,2,Medium
8/5/2023,13:42:34,27.1,67,0,2023-08-05 13:42:34,2,Medium
8/5/2023,13:42:38,27.1,67,0,2023-08-05 13:42:38,2,Medium
8/5/2023,13:42:42,27.1,66,0,2023-08-05 13:42:42,2,Medium
8/5/2023,13:42:46,27.1,66,0,2023-08-05 13:42:46,2,Medium
8/5/2023,13:42:50,27.1,67,0,2023-08-05 13:42:50,2,Medium
8/5/2023,13:42:55,27.1,66,0,2023-08-05 13:42:55,2,Medium
8/5/2023,13:43:00,27.1,67,0,2023-08-05 13:43:00,2,Medium
8/5/2023,13:43:04,27.1,66,0,2023-08-05 13:43:04,2,Medium
8/5/2023,13:43:08,27.1,66,0,2023-08-05 13:43:08,2,Medium
8/5/2023,13:43:11,27.1,66,0,2023-08-05 13:43:11,2,Medium
8/5/2023,13:43:16,27.1,66,0,2023-08-05 13:43:16,2,Medium
8/5/2023,13:43:20,27.1,66,0,2023-08-05 13:43:20,2,Medium
8/5/2023,13:43:24,27.1,66,0,2023-08-05 13:43:24,2,Medium
8/5/2023,13:43:28,27.1,66,0,2023-08-05 13:43:28,2,Medium
8/5/2023,13:43:32,27.1,66,0,2023-08-05 13:43:32,2,Medium
8/5/2023,13:43:36,27.1,66,0,2023-08-05 13:43:36,2,Medium
8/5/2023,13:43:40,27.1,66,0,2023-08-05 13:43:40,2,Medium
8/5/2023,13:43:44,27.1,66,0,2023-08-05 13:43:44,2,Medium
8/5/2023,13:43:48,27.1,66,0,2023-08-05 13:43:48,2,Medium
8/5/2023,13:43:52,27.1,66,0,2023-08-05 13:43:52,2,Medium
8/5/2023,13:43:56,27.1,66,0,2023-08-05 13:43:56,2,Medium
8/5/2023,13:44:00,27.1,66,0,2023-08-05 13:44:00,2,Medium
8/5/2023,13:44:04,27.1,66,0,2023-08-05 13:44:04,2,Medium
8/5/2023,13:44:08,27.1,66,0,2023-08-05 13:44:08,2,Medium
8/5/2023,13:44:12,27.1,66,0,2023-08-05 13:44:12,2,Medium
8/5/2023,13:44:17,27.1,66,0,2023-08-05 13:44:17,2,Medium
8/5/2023,13:44:22,27.1,66,0,2023-08-05 13:44:22,2,Medium
8/5/2023,13:44:31,27.0,66,0,2023-08-05 13:44:31,2,Medium
8/5/2023,13:44:35,27.0,66,0,2023-08-05 13:44:35,2,Medium
8/5/2023,13:44:39,27.0,66,0,2023-08-05 13:44:39,2,Medium
8/5/2023,13:44:43,27.0,66,0,2023-08-05 13:44:43,2,Medium
8/5/2023,13:44:47,27.0,66,0,2023-08-05 13:44:47,2,Medium
8/5/2023,13:44:52,27.0,66,0,2023-08-05 13:44:52,2,Medium
8/5/2023,13:44:56,27.0,66,0,2023-08-05 13:44:56,2,Medium
8/5/2023,13:45:01,27.0,66,0,2023-08-05 13:45:01,2,Medium
8/5/2023,13:45:05,27.0,66,0,2023-08-05 13:45:05,2,Medium
8/5/2023,13:45:10,27.0,66,0,2023-08-05 13:45:10,2,Medium
8/5/2023,13:45:14,27.0,67,0,2023-08-05 13:45:14,2,Medium
8/5/2023,13:45:19,27.0,67,0,2023-08-05 13:45:19,2,Medium
8/5/2023,13:45:23,27.0,67,0,2023-08-05 13:45:23,2,Medium
8/5/2023,13:45:27,27.0,67,0,2023-08-05 13:45:27,2,Medium
8/5/2023,13:45:31,27.0,67,0,2023-08-05 13:45:31,2,Medium
8/5/2023,13:45:35,27.0,67,0,2023-08-05 13:45:35,2,Medium
8/5/2023,13:45:39,27.0,67,0,2023-08-05 13:45:39,2,Medium
8/5/2023,13:45:44,26.9,67,0,2023-08-05 13:45:44,2,Medium
8/5/2023,13:45:48,26.9,67,0,2023-08-05 13:45:48,2,Medium
8/5/2023,13:45:52,26.9,67,0,2023-08-05 13:45:52,2,Medium
8/5/2023,13:45:56,26.9,67,0,2023-08-05 13:45:56,2,Medium
8/5/2023,13:46:00,26.9,67,0,2023-08-05 13:46:00,2,Medium
8/5/2023,13:46:04,26.9,67,0,2023-08-05 13:46:04,2,Medium
8/5/2023,13:46:08,26.9,67,0,2023-08-05 13:46:08,2,Medium
8/5/2023,13:46:12,26.9,67,0,2023-08-05 13:46:12,2,Medium
8/5/2023,13:46:17,26.9,67,0,2023-08-05 13:46:17,2,Medium
8/5/2023,13:46:21,26.9,67,0,2023-08-05 13:46:21,2,Medium
8/5/2023,13:46:25,26.9,67,0,2023-08-05 13:46:25,2,Medium
8/5/2023,13:46:30,26.9,67,0,2023-08-05 13:46:30,2,Medium
8/5/2023,13:46:34,26.9,67,0,2023-08-05 13:46:34,2,Medium
8/5/2023,13:46:37,26.9,67,0,2023-08-05 13:46:37,2,Medium
8/5/2023,13:46:42,26.9,67,0,2023-08-05 13:46:42,2,Medium
8/5/2023,13:46:46,26.9,67,0,2023-08-05 13:46:46,2,Medium
8/5/2023,13:46:50,26.9,67,0,2023-08-05 13:46:50,2,Medium
8/5/2023,13:46:54,26.9,67,0,2023-08-05 13:46:54,2,Medium
8/5/2023,13:46:58,26.9,67,0,2023-08-05 13:46:58,2,Medium
8/5/2023,13:47:02,26.9,67,0,2023-08-05 13:47:02,2,Medium
8/5/2023,13:47:06,26.9,67,0,2023-08-05 13:47:06,2,Medium
8/5/2023,13:47:10,26.9,67,0,2023-08-05 13:47:10,2,Medium
8/5/2023,13:47:15,26.9,67,0,2023-08-05 13:47:15,2,Medium
8/5/2023,13:47:19,26.9,67,0,2023-08-05 13:47:19,2,Medium
8/5/2023,13:47:23,26.9,67,0,2023-08-05 13:47:23,2,Medium
8/5/2023,13:47:27,26.9,67,0,2023-08-05 13:47:27,2,Medium
8/5/2023,13:47:31,26.9,67,0,2023-08-05 13:47:31,2,Medium
8/5/2023,13:47:35,26.9,67,0,2023-08-05 13:47:35,2,Medium
8/5/2023,13:47:39,26.9,67,0,2023-08-05 13:47:39,2,Medium
8/5/2023,13:47:43,26.9,67,0,2023-08-05 13:47:43,2,Medium
8/5/2023,13:47:48,26.9,67,0,2023-08-05 13:47:48,2,Medium
8/5/2023,13:47:52,26.9,68,0,2023-08-05 13:47:52,2,Medium
8/5/2023,13:47:56,26.9,68,0,2023-08-05 13:47:56,2,Medium
8/5/2023,13:48:00,26.8,68,0,2023-08-05 13:48:00,2,Medium
8/5/2023,13:48:04,26.8,68,0,2023-08-05 13:48:04,2,Medium
8/5/2023,13:48:08,26.9,68,0,2023-08-05 13:48:08,2,Medium
8/5/2023,13:48:13,26.9,68,0,2023-08-05 13:48:13,2,Medium
8/5/2023,13:48:17,26.8,68,0,2023-08-05 13:48:17,2,Medium
8/5/2023,13:48:21,26.8,68,0,2023-08-05 13:48:21,2,Medium
8/5/2023,13:48:25,26.9,68,0,2023-08-05 13:48:25,2,Medium
8/5/2023,13:48:30,26.8,68,0,2023-08-05 13:48:30,2,Medium
8/5/2023,13:48:34,26.8,68,0,2023-08-05 13:48:34,2,Medium
8/5/2023,13:48:38,26.8,68,0,2023-08-05 13:48:38,2,Medium
8/5/2023,13:48:42,26.9,68,0,2023-08-05 13:48:42,2,Medium
8/5/2023,13:48:47,26.9,68,0,2023-08-05 13:48:47,2,Medium
8/5/2023,13:48:51,26.9,68,0,2023-08-05 13:48:51,2,Medium
8/5/2023,13:48:55,26.9,68,0,2023-08-05 13:48:55,2,Medium
8/5/2023,13:48:59,26.9,68,0,2023-08-05 13:48:59,2,Medium
8/5/2023,13:49:04,26.9,68,0,2023-08-05 13:49:04,2,Medium
8/5/2023,13:49:08,26.9,68,0,2023-08-05 13:49:08,2,Medium
8/5/2023,13:49:12,26.9,68,0,2023-08-05 13:49:12,2,Medium
8/5/2023,13:49:16,26.9,68,0,2023-08-05 13:49:16,2,Medium
8/5/2023,13:49:20,26.9,68,0,2023-08-05 13:49:20,2,Medium
8/5/2023,13:49:25,26.9,68,0,2023-08-05 13:49:25,2,Medium
8/5/2023,13:49:29,26.9,68,0,2023-08-05 13:49:29,2,Medium
8/5/2023,13:49:33,26.9,68,0,2023-08-05 13:49:33,2,Medium
8/5/2023,13:49:37,26.9,68,0,2023-08-05 13:49:37,2,Medium
8/5/2023,13:49:41,26.9,68,0,2023-08-05 13:49:41,2,Medium
8/5/2023,13:49:45,26.9,68,0,2023-08-05 13:49:45,2,Medium
8/5/2023,13:49:49,26.9,68,0,2023-08-05 13:49:49,2,Medium
8/5/2023,13:49:54,26.9,68,0,2023-08-05 13:49:54,2,Medium
8/5/2023,13:49:58,26.9,68,0,2023-08-05 13:49:58,2,Medium
8/5/2023,13:50:02,26.9,68,0,2023-08-05 13:50:02,2,Medium
8/5/2023,13:50:06,26.9,68,0,2023-08-05 13:50:06,2,Medium
8/5/2023,13:50:11,26.9,68,0,2023-08-05 13:50:11,2,Medium
8/5/2023,13:50:15,26.9,68,0,2023-08-05 13:50:15,2,Medium
8/5/2023,13:50:19,26.9,68,0,2023-08-05 13:50:19,2,Medium
8/5/2023,13:50:23,26.9,68,0,2023-08-05 13:50:23,2,Medium
8/5/2023,13:50:28,26.9,68,0,2023-08-05 13:50:28,2,Medium
8/5/2023,13:50:33,26.9,68,0,2023-08-05 13:50:33,2,Medium
8/5/2023,13:50:37,26.9,68,0,2023-08-05 13:50:37,2,Medium
8/5/2023,13:50:41,26.9,68,0,2023-08-05 13:50:41,2,Medium
8/5/2023,13:50:45,26.9,68,0,2023-08-05 13:50:45,2,Medium
8/5/2023,13:50:49,26.9,68,0,2023-08-05 13:50:49,2,Medium
8/5/2023,13:50:53,26.8,68,0,2023-08-05 13:50:53,2,Medium
8/5/2023,13:50:57,26.9,68,0,2023-08-05 13:50:57,2,Medium
8/5/2023,13:51:01,26.8,68,0,2023-08-05 13:51:01,2,Medium
8/5/2023,13:51:05,26.8,68,0,2023-08-05 13:51:05,2,Medium
8/5/2023,13:51:09,26.8,68,0,2023-08-05 13:51:09,2,Medium
8/5/2023,13:51:13,26.8,68,0,2023-08-05 13:51:13,2,Medium
